customer_id,rank,product_id,recommended_channel,recommended_time,marketing_script
C000010,1,P026,app_push,工作日09:00-12:00,专属推荐：混合026号（R2·混合），业绩比较基准3.1%，180天，1000元起投，T+1 次日赎回。理财非存款，产品有风险，投资须谨慎。
C000010,2,P019,app_push,工作日12:00-14:00,专属推荐：定开019号（R2·定开），业绩比较基准3.3%，灵活存续，1000元起投，T+0 随时赎回。理财非存款，产品有风险，投资须谨慎。
C000010,3,P030,app_push,周末09:00-12:00,专属推荐：固定期限030号（R2·固定期限），业绩比较基准3.1%，730天，1000元起投，T+0 随时赎回。理财非存款，产品有风险，投资须谨慎。
C000012,1,P014,app_push,工作日09:00-12:00,专属推荐：混合014号（R1·混合），业绩比较基准2.3%，90天，10000元起投，T+1 次日赎回。理财非存款，产品有风险，投资须谨慎。
C000012,2,P012,app_push,工作日18:00-21:00,专属推荐：混合012号（R2·混合），业绩比较基准3.7%，90天，10000元起投，T+1 次日赎回。该产品风险等级高于您的风险偏好，请谨慎选择。理财非存款，产品有风险，投资须谨慎。
C000012,3,P013,app_push,周末14:00-18:00,专属推荐：定开013号（R2·定开），业绩比较基准3.5%，灵活存续，10000元起投，T+0 随时赎回。该产品风险等级高于您的风险偏好，请谨慎选择。理财非存款，产品有风险，投资须谨慎。
C000013,1,P019,app_push,工作日09:00-12:00,专属推荐：定开019号（R2·定开），业绩比较基准3.3%，灵活存续，1000元起投，T+0 随时赎回。该产品风险等级高于您的风险偏好，请谨慎选择。理财非存款，产品有风险，投资须谨慎。
C000013,2,P013,app_push,工作日12:00-14:00,专属推荐：定开013号（R2·定开），业绩比较基准3.5%，灵活存续，10000元起投，T+0 随时赎回。该产品风险等级高于您的风险偏好，请谨慎选择。理财非存款，产品有风险，投资须谨慎。
C000013,3,P022,app_push,周末09:00-12:00,专属推荐：定开022号（R2·定开），业绩比较基准3.0%，730天，10000元起投，T+1 次日赎回。该产品风险等级高于您的风险偏好，请谨慎选择。理财非存款，产品有风险，投资须谨慎。
C000014,1,P002,app_push,工作日09:00-12:00,专属推荐：固定期限002号（R5·固定期限），业绩比较基准11.3%，366天，1000元起投，T+0 随时赎回。理财非存款，产品有风险，投资须谨慎。
C000014,2,P023,app_push,工作日12:00-14:00,专属推荐：固定期限023号（R5·固定期限），业绩比较基准9.8%，灵活存续，1000元起投，T+1 次日赎回。理财非存款，产品有风险，投资须谨慎。
C000014,3,P004,app_push,周末09:00-12:00,专属推荐：现金管理004号（R5·现金管理），业绩比较基准8.6%，灵活存续，1000元起投，封闭运作。理财非存款，产品有风险，投资须谨慎。
C000019,1,P012,app_push,工作日09:00-12:00,专属推荐：混合012号（R2·混合），业绩比较基准3.7%，90天，10000元起投，T+1 次日赎回。理财非存款，产品有风险，投资须谨慎。
C000019,2,P014,app_push,工作日12:00-14:00,专属推荐：混合014号（R1·混合），业绩比较基准2.3%，90天，10000元起投，T+1 次日赎回。理财非存款，产品有风险，投资须谨慎。
C000019,3,P026,app_push,工作日18:00-21:00,专属推荐：混合026号（R2·混合），业绩比较基准3.1%，180天，1000元起投，T+1 次日赎回。理财非存款，产品有风险，投资须谨慎。
C000025,1,P004,call,工作日12:00-14:00,您好，我是您的专属理财顾问，为您介绍：现金管理004号（R5·现金管理），业绩比较基准8.6%，灵活存续，1000元起投，封闭运作。该产品风险等级高于您的风险偏好，请谨慎选择。理财非存款，产品有风险，投资须谨慎。
C000025,2,P017,call,工作日18:00-21:00,您好，我是您的专属理财顾问，为您介绍：现金管理017号（R3·现金管理），业绩比较基准4.3%，180天，1000元起投，T+1 次日赎回。理财非存款，产品有风险，投资须谨慎。
C000025,3,P002,call,周末14:00-18:00,您好，我是您的专属理财顾问，为您介绍：固定期限002号（R5·固定期限），业绩比较基准11.3%，366天，1000元起投，T+0 随时赎回。该产品风险等级高于您的风险偏好，请谨慎选择。理财非存款，产品有风险，投资须谨慎。
C000026,1,P014,app_push,工作日09:00-12:00,专属推荐：混合014号（R1·混合），业绩比较基准2.3%，90天，10000元起投，T+1 次日赎回。理财非存款，产品有风险，投资须谨慎。
C000026,2,P012,app_push,工作日12:00-14:00,专属推荐：混合012号（R2·混合），业绩比较基准3.7%，90天，10000元起投，T+1 次日赎回。该产品风险等级高于您的风险偏好，请谨慎选择。理财非存款，产品有风险，投资须谨慎。
C000026,3,P019,app_push,周末09:00-12:00,专属推荐：定开019号（R2·定开），业绩比较基准3.3%，灵活存续，1000元起投，T+0 随时赎回。该产品风险等级高于您的风险偏好，请谨慎选择。理财非存款，产品有风险，投资须谨慎。
C000031,1,P030,app_push,工作日18:00-21:00,专属推荐：固定期限030号（R2·固定期限），业绩比较基准3.1%，730天，1000元起投，T+0 随时赎回。该产品风险等级高于您的风险偏好，请谨慎选择。理财非存款，产品有风险，投资须谨慎。
C000031,2,P011,app_push,周末09:00-12:00,专属推荐：固定期限011号（R2·固定期限），业绩比较基准3.3%，90天，10000元起投，T+0 随时赎回。该产品风险等级高于您的风险偏好，请谨慎选择。理财非存款，产品有风险，投资须谨慎。
C000031,3,P018,app_push,周末14:00-18:00,专属推荐：现金管理018号（R2·现金管理），业绩比较基准3.6%，730天，10000元起投，T+0 随时赎回。该产品风险等级高于您的风险偏好，请谨慎选择。理财非存款，产品有风险，投资须谨慎。
C000033,1,P002,app_push,工作日12:00-14:00,专属推荐：固定期限002号（R5·固定期限），业绩比较基准11.3%，366天，1000元起投，T+0 随时赎回。理财非存款，产品有风险，投资须谨慎。
C000033,2,P023,app_push,工作日18:00-21:00,专属推荐：固定期限023号（R5·固定期限），业绩比较基准9.8%，灵活存续，1000元起投，T+1 次日赎回。理财非存款，产品有风险，投资须谨慎。
C000033,3,P004,app_push,周末14:00-18:00,专属推荐：现金管理004号（R5·现金管理），业绩比较基准8.6%，灵活存续，1000元起投，封闭运作。理财非存款，产品有风险，投资须谨慎。
C000034,1,P026,app_push,工作日12:00-14:00,专属推荐：混合026号（R2·混合），业绩比较基准3.1%，180天，1000元起投，T+1 次日赎回。理财非存款，产品有风险，投资须谨慎。
C000034,2,P013,app_push,周末14:00-18:00,专属推荐：定开013号（R2·定开），业绩比较基准3.5%，灵活存续，10000元起投，T+0 随时赎回。理财非存款，产品有风险，投资须谨慎。
C000034,3,P012,app_push,工作日18:00-21:00,专属推荐：混合012号（R2·混合），业绩比较基准3.7%，90天，10000元起投，T+1 次日赎回。理财非存款，产品有风险，投资须谨慎。
C000035,1,P002,call,工作日12:00-14:00,您好，我是您的专属理财顾问，为您介绍：固定期限002号（R5·固定期限），业绩比较基准11.3%，366天，1000元起投，T+0 随时赎回。该产品风险等级高于您的风险偏好，请谨慎选择。理财非存款，产品有风险，投资须谨慎。
C000035,2,P029,call,周末14:00-18:00,您好，我是您的专属理财顾问，为您介绍：固定期限029号（R4·固定期限），业绩比较基准7.8%，灵活存续，10000元起投，封闭运作。理财非存款，产品有风险，投资须谨慎。
C000035,3,P023,call,工作日18:00-21:00,您好，我是您的专属理财顾问，为您介绍：固定期限023号（R5·固定期限），业绩比较基准9.8%，灵活存续，1000元起投，T+1 次日赎回。该产品风险等级高于您的风险偏好，请谨慎选择。理财非存款，产品有风险，投资须谨慎。
C000036,1,P012,call,工作日09:00-12:00,您好，我是您的专属理财顾问，为您介绍：混合012号（R2·混合），业绩比较基准3.7%，90天，10000元起投，T+1 次日赎回。理财非存款，产品有风险，投资须谨慎。
C000036,2,P013,call,工作日12:00-14:00,您好，我是您的专属理财顾问，为您介绍：定开013号（R2·定开），业绩比较基准3.5%，灵活存续，10000元起投，T+0 随时赎回。理财非存款，产品有风险，投资须谨慎。
C000036,3,P009,call,工作日18:00-21:00,您好，我是您的专属理财顾问，为您介绍：现金管理009号（R2·现金管理），业绩比较基准4.0%，730天，50000元起投，T+0 随时赎回。理财非存款，产品有风险，投资须谨慎。
C000038,1,P012,app_push,工作日12:00-14:00,专属推荐：混合012号（R2·混合），业绩比较基准3.7%，90天，10000元起投，T+1 次日赎回。理财非存款，产品有风险，投资须谨慎。
C000038,2,P025,app_push,工作日18:00-21:00,专属推荐：定开025号（R3·定开），业绩比较基准5.2%，366天，1000元起投，T+0 随时赎回。理财非存款，产品有风险，投资须谨慎。
C000038,3,P026,app_push,周末14:00-18:00,专属推荐：混合026号（R2·混合），业绩比较基准3.1%，180天，1000元起投，T+1 次日赎回。理财非存款，产品有风险，投资须谨慎。
C000043,1,P014,app_push,工作日09:00-12:00,专属推荐：混合014号（R1·混合），业绩比较基准2.3%，90天，10000元起投，T+1 次日赎回。理财非存款，产品有风险，投资须谨慎。
C000043,2,P010,app_push,工作日12:00-14:00,专属推荐：现金管理010号（R1·现金管理），业绩比较基准2.8%，366天，50000元起投，T+0 随时赎回。理财非存款，产品有风险，投资须谨慎。
C000043,3,P012,app_push,周末09:00-12:00,专属推荐：混合012号（R2·混合），业绩比较基准3.7%，90天，10000元起投，T+1 次日赎回。该产品风险等级高于您的风险偏好，请谨慎选择。理财非存款，产品有风险，投资须谨慎。
C000045,1,P017,call,工作日09:00-12:00,您好，我是您的专属理财顾问，为您介绍：现金管理017号（R3·现金管理），业绩比较基准4.3%，180天，1000元起投，T+1 次日赎回。理财非存款，产品有风险，投资须谨慎。
C000045,2,P025,call,工作日12:00-14:00,您好，我是您的专属理财顾问，为您介绍：定开025号（R3·定开），业绩比较基准5.2%，366天，1000元起投，T+0 随时赎回。理财非存款，产品有风险，投资须谨慎。
C000045,3,P024,call,工作日18:00-21:00,您好，我是您的专属理财顾问，为您介绍：定开024号（R3·定开），业绩比较基准4.7%，90天，1000元起投，T+1 次日赎回。理财非存款，产品有风险，投资须谨慎。
C000047,1,P001,app_push,工作日12:00-14:00,专属推荐：混合001号（R3·混合），业绩比较基准5.5%，730天，50000元起投，封闭运作。理财非存款，产品有风险，投资须谨慎。
C000047,2,P006,app_push,工作日18:00-21:00,专属推荐：混合006号（R3·混合），业绩比较基准5.1%，灵活存续，50000元起投，T+1 次日赎回。理财非存款，产品有风险，投资须谨慎。
C000047,3,P025,app_push,周末14:00-18:00,专属推荐：定开025号（R3·定开），业绩比较基准5.2%，366天，1000元起投，T+0 随时赎回。理财非存款，产品有风险，投资须谨慎。
C000053,1,P025,manager,工作日09:00-12:00,钻石贵宾专享：定开025号（R3·定开），业绩比较基准5.2%，366天，1000元起投，T+0 随时赎回，可为您预约专属认购。理财非存款，产品有风险，投资须谨慎。
C000053,2,P017,manager,工作日12:00-14:00,钻石贵宾专享：现金管理017号（R3·现金管理），业绩比较基准4.3%，180天，1000元起投，T+1 次日赎回，可为您预约专属认购。理财非存款，产品有风险，投资须谨慎。
C000053,3,P024,manager,工作日18:00-21:00,钻石贵宾专享：定开024号（R3·定开），业绩比较基准4.7%，90天，1000元起投，T+1 次日赎回，可为您预约专属认购。理财非存款，产品有风险，投资须谨慎。
C000060,1,P025,manager,工作日09:00-12:00,金卡贵宾专享：定开025号（R3·定开），业绩比较基准5.2%，366天，1000元起投，T+0 随时赎回，可为您预约专属认购。理财非存款，产品有风险，投资须谨慎。
C000060,2,P008,manager,工作日12:00-14:00,金卡贵宾专享：定开008号（R3·定开），业绩比较基准5.1%，366天，10000元起投，封闭运作，可为您预约专属认购。理财非存款，产品有风险，投资须谨慎。
C000060,3,P029,manager,周末09:00-12:00,金卡贵宾专享：固定期限029号（R4·固定期限），业绩比较基准7.8%，灵活存续，10000元起投，封闭运作，可为您预约专属认购。该产品风险等级高于您的风险偏好，请谨慎选择。理财非存款，产品有风险，投资须谨慎。
C000062,1,P026,call,工作日09:00-12:00,您好，我是您的专属理财顾问，为您介绍：混合026号（R2·混合），业绩比较基准3.1%，180天，1000元起投，T+1 次日赎回。理财非存款，产品有风险，投资须谨慎。
C000062,2,P012,call,工作日12:00-14:00,您好，我是您的专属理财顾问，为您介绍：混合012号（R2·混合），业绩比较基准3.7%，90天，10000元起投，T+1 次日赎回。理财非存款，产品有风险，投资须谨慎。
C000062,3,P018,call,工作日18:00-21:00,您好，我是您的专属理财顾问，为您介绍：现金管理018号（R2·现金管理），业绩比较基准3.6%，730天，10000元起投，T+0 随时赎回。理财非存款，产品有风险，投资须谨慎。
C000063,1,P018,call,工作日18:00-21:00,您好，我是您的专属理财顾问，为您介绍：现金管理018号（R2·现金管理），业绩比较基准3.6%，730天，10000元起投，T+0 随时赎回。理财非存款，产品有风险，投资须谨慎。
C000063,2,P020,call,周末14:00-18:00,您好，我是您的专属理财顾问，为您介绍：现金管理020号（R2·现金管理），业绩比较基准3.6%，366天，10000元起投，T+1 次日赎回。理财非存款，产品有风险，投资须谨慎。
C000063,3,P017,call,周末09:00-12:00,您好，我是您的专属理财顾问，为您介绍：现金管理017号（R3·现金管理），业绩比较基准4.3%，180天，1000元起投，T+1 次日赎回。该产品风险等级高于您的风险偏好，请谨慎选择。理财非存款，产品有风险，投资须谨慎。
C000067,1,P030,app_push,工作日12:00-14:00,专属推荐：固定期限030号（R2·固定期限），业绩比较基准3.1%，730天，1000元起投，T+0 随时赎回。理财非存款，产品有风险，投资须谨慎。
C000067,2,P019,app_push,周末14:00-18:00,专属推荐：定开019号（R2·定开），业绩比较基准3.3%，灵活存续，1000元起投，T+0 随时赎回。理财非存款，产品有风险，投资须谨慎。
C000067,3,P026,app_push,工作日18:00-21:00,专属推荐：混合026号（R2·混合），业绩比较基准3.1%，180天，1000元起投，T+1 次日赎回。理财非存款，产品有风险，投资须谨慎。
C000070,1,P009,app_push,工作日12:00-14:00,专属推荐：现金管理009号（R2·现金管理），业绩比较基准4.0%，730天，50000元起投，T+0 随时赎回。理财非存款，产品有风险，投资须谨慎。
C000070,2,P012,app_push,工作日18:00-21:00,专属推荐：混合012号（R2·混合），业绩比较基准3.7%，90天，10000元起投，T+1 次日赎回。理财非存款，产品有风险，投资须谨慎。
C000070,3,P026,app_push,周末14:00-18:00,专属推荐：混合026号（R2·混合），业绩比较基准3.1%，180天，1000元起投，T+1 次日赎回。理财非存款，产品有风险，投资须谨慎。
C000076,1,P029,app_push,工作日09:00-12:00,专属推荐：固定期限029号（R4·固定期限），业绩比较基准7.8%，灵活存续，10000元起投，封闭运作。该产品风险等级高于您的风险偏好，请谨慎选择。理财非存款，产品有风险，投资须谨慎。
C000076,2,P017,app_push,工作日12:00-14:00,专属推荐：现金管理017号（R3·现金管理），业绩比较基准4.3%，180天，1000元起投，T+1 次日赎回。理财非存款，产品有风险，投资须谨慎。
C000076,3,P025,app_push,周末09:00-12:00,专属推荐：定开025号（R3·定开），业绩比较基准5.2%，366天，1000元起投，T+0 随时赎回。理财非存款，产品有风险，投资须谨慎。
C000080,1,P017,app_push,工作日09:00-12:00,专属推荐：现金管理017号（R3·现金管理），业绩比较基准4.3%，180天，1000元起投，T+1 次日赎回。理财非存款，产品有风险，投资须谨慎。
C000080,2,P027,app_push,工作日12:00-14:00,专属推荐：现金管理027号（R4·现金管理），业绩比较基准7.7%，366天，100000元起投，T+1 次日赎回。该产品风险等级高于您的风险偏好，请谨慎选择。理财非存款，产品有风险，投资须谨慎。
C000080,3,P025,app_push,周末09:00-12:00,专属推荐：定开025号（R3·定开），业绩比较基准5.2%，366天，1000元起投，T+0 随时赎回。理财非存款，产品有风险，投资须谨慎。
C000083,1,P030,app_push,工作日09:00-12:00,专属推荐：固定期限030号（R2·固定期限），业绩比较基准3.1%，730天，1000元起投，T+0 随时赎回。理财非存款，产品有风险，投资须谨慎。
C000083,2,P024,app_push,工作日12:00-14:00,专属推荐：定开024号（R3·定开），业绩比较基准4.7%，90天，1000元起投，T+1 次日赎回。理财非存款，产品有风险，投资须谨慎。
C000083,3,P025,app_push,工作日18:00-21:00,专属推荐：定开025号（R3·定开），业绩比较基准5.2%，366天，1000元起投，T+0 随时赎回。理财非存款，产品有风险，投资须谨慎。
C000084,1,P022,app_push,工作日12:00-14:00,专属推荐：定开022号（R2·定开），业绩比较基准3.0%，730天，10000元起投，T+1 次日赎回。理财非存款，产品有风险，投资须谨慎。
C000084,2,P013,app_push,工作日18:00-21:00,专属推荐：定开013号（R2·定开），业绩比较基准3.5%，灵活存续，10000元起投，T+0 随时赎回。理财非存款，产品有风险，投资须谨慎。
C000084,3,P019,app_push,周末14:00-18:00,专属推荐：定开019号（R2·定开），业绩比较基准3.3%，灵活存续，1000元起投，T+0 随时赎回。理财非存款，产品有风险，投资须谨慎。
C000090,1,P025,app_push,工作日09:00-12:00,专属推荐：定开025号（R3·定开），业绩比较基准5.2%，366天，1000元起投，T+0 随时赎回。理财非存款，产品有风险，投资须谨慎。
C000090,2,P024,app_push,工作日12:00-14:00,专属推荐：定开024号（R3·定开），业绩比较基准4.7%，90天，1000元起投，T+1 次日赎回。理财非存款，产品有风险，投资须谨慎。
C000090,3,P017,app_push,工作日18:00-21:00,专属推荐：现金管理017号（R3·现金管理），业绩比较基准4.3%，180天，1000元起投，T+1 次日赎回。理财非存款，产品有风险，投资须谨慎。
C000096,1,P013,app_push,工作日18:00-21:00,专属推荐：定开013号（R2·定开），业绩比较基准3.5%，灵活存续，10000元起投，T+0 随时赎回。理财非存款，产品有风险，投资须谨慎。
C000096,2,P020,app_push,周末09:00-12:00,专属推荐：现金管理020号（R2·现金管理），业绩比较基准3.6%，366天，10000元起投，T+1 次日赎回。理财非存款，产品有风险，投资须谨慎。
C000096,3,P009,app_push,周末14:00-18:00,专属推荐：现金管理009号（R2·现金管理），业绩比较基准4.0%，730天，50000元起投，T+0 随时赎回。理财非存款，产品有风险，投资须谨慎。
C000100,1,P014,manager,工作日09:00-12:00,普通贵宾专享：混合014号（R1·混合），业绩比较基准2.3%，90天，10000元起投，T+1 次日赎回，可为您预约专属认购。理财非存款，产品有风险，投资须谨慎。
C000100,2,P026,manager,工作日18:00-21:00,普通贵宾专享：混合026号（R2·混合），业绩比较基准3.1%，180天，1000元起投，T+1 次日赎回，可为您预约专属认购。该产品风险等级高于您的风险偏好，请谨慎选择。理财非存款，产品有风险，投资须谨慎。
C000100,3,P010,manager,周末14:00-18:00,普通贵宾专享：现金管理010号（R1·现金管理），业绩比较基准2.8%，366天，50000元起投，T+0 随时赎回，可为您预约专属认购。理财非存款，产品有风险，投资须谨慎。
C000104,1,P002,app_push,工作日09:00-12:00,专属推荐：固定期限002号（R5·固定期限），业绩比较基准11.3%，366天，1000元起投，T+0 随时赎回。理财非存款，产品有风险，投资须谨慎。
C000104,2,P023,app_push,工作日12:00-14:00,专属推荐：固定期限023号（R5·固定期限），业绩比较基准9.8%，灵活存续，1000元起投，T+1 次日赎回。理财非存款，产品有风险，投资须谨慎。
C000104,3,P004,app_push,工作日18:00-21:00,专属推荐：现金管理004号（R5·现金管理），业绩比较基准8.6%，灵活存续，1000元起投，封闭运作。理财非存款，产品有风险，投资须谨慎。
C000109,1,P011,app_push,工作日18:00-21:00,专属推荐：固定期限011号（R2·固定期限），业绩比较基准3.3%，90天，10000元起投，T+0 随时赎回。理财非存款，产品有风险，投资须谨慎。
C000109,2,P030,app_push,周末09:00-12:00,专属推荐：固定期限030号（R2·固定期限），业绩比较基准3.1%，730天，1000元起投，T+0 随时赎回。理财非存款，产品有风险，投资须谨慎。
C000109,3,P012,app_push,周末14:00-18:00,专属推荐：混合012号（R2·混合），业绩比较基准3.7%，90天，10000元起投，T+1 次日赎回。理财非存款，产品有风险，投资须谨慎。
C000116,1,P027,manager,工作日09:00-12:00,钻石贵宾专享：现金管理027号（R4·现金管理），业绩比较基准7.7%，366天，100000元起投，T+1 次日赎回，可为您预约专属认购。理财非存款，产品有风险，投资须谨慎。
C000116,2,P005,manager,工作日12:00-14:00,钻石贵宾专享：现金管理005号（R5·现金管理），业绩比较基准11.0%，灵活存续，100000元起投，T+0 随时赎回，可为您预约专属认购。该产品风险等级高于您的风险偏好，请谨慎选择。理财非存款，产品有风险，投资须谨慎。
C000116,3,P006,manager,工作日18:00-21:00,钻石贵宾专享：混合006号（R3·混合），业绩比较基准5.1%，灵活存续，50000元起投，T+1 次日赎回，可为您预约专属认购。理财非存款，产品有风险，投资须谨慎。
C000122,1,P029,manager,工作日09:00-12:00,钻石贵宾专享：固定期限029号（R4·固定期限），业绩比较基准7.8%，灵活存续，10000元起投，封闭运作，可为您预约专属认购。该产品风险等级高于您的风险偏好，请谨慎选择。理财非存款，产品有风险，投资须谨慎。
C000122,2,P011,manager,工作日12:00-14:00,钻石贵宾专享：固定期限011号（R2·固定期限），业绩比较基准3.3%，90天，10000元起投，T+0 随时赎回，可为您预约专属认购。理财非存款，产品有风险，投资须谨慎。
C000122,3,P018,manager,工作日18:00-21:00,钻石贵宾专享：现金管理018号（R2·现金管理），业绩比较基准3.6%，730天，10000元起投，T+0 随时赎回，可为您预约专属认购。理财非存款，产品有风险，投资须谨慎。
C000127,1,P025,app_push,工作日09:00-12:00,专属推荐：定开025号（R3·定开），业绩比较基准5.2%，366天，1000元起投，T+0 随时赎回。理财非存款，产品有风险，投资须谨慎。
C000127,2,P008,app_push,工作日12:00-14:00,专属推荐：定开008号（R3·定开），业绩比较基准5.1%，366天，10000元起投，封闭运作。理财非存款，产品有风险，投资须谨慎。
C000127,3,P024,app_push,工作日18:00-21:00,专属推荐：定开024号（R3·定开），业绩比较基准4.7%，90天，1000元起投，T+1 次日赎回。理财非存款，产品有风险，投资须谨慎。
C000131,1,P014,app_push,工作日18:00-21:00,专属推荐：混合014号（R1·混合），业绩比较基准2.3%，90天，10000元起投，T+1 次日赎回。理财非存款，产品有风险，投资须谨慎。
C000131,2,P012,app_push,周末09:00-12:00,专属推荐：混合012号（R2·混合），业绩比较基准3.7%，90天，10000元起投，T+1 次日赎回。该产品风险等级高于您的风险偏好，请谨慎选择。理财非存款，产品有风险，投资须谨慎。
C000131,3,P010,app_push,周末14:00-18:00,专属推荐：现金管理010号（R1·现金管理），业绩比较基准2.8%，366天，50000元起投，T+0 随时赎回。理财非存款，产品有风险，投资须谨慎。
C000137,1,P029,app_push,工作日09:00-12:00,专属推荐：固定期限029号（R4·固定期限），业绩比较基准7.8%，灵活存续，10000元起投，封闭运作。该产品风险等级高于您的风险偏好，请谨慎选择。理财非存款，产品有风险，投资须谨慎。
C000137,2,P011,app_push,工作日12:00-14:00,专属推荐：固定期限011号（R2·固定期限），业绩比较基准3.3%，90天，10000元起投，T+0 随时赎回。理财非存款，产品有风险，投资须谨慎。
C000137,3,P030,app_push,工作日18:00-21:00,专属推荐：固定期限030号（R2·固定期限），业绩比较基准3.1%，730天，1000元起投，T+0 随时赎回。理财非存款，产品有风险，投资须谨慎。
C000139,1,P002,call,工作日09:00-12:00,您好，我是您的专属理财顾问，为您介绍：固定期限002号（R5·固定期限），业绩比较基准11.3%，366天，1000元起投，T+0 随时赎回。理财非存款，产品有风险，投资须谨慎。
C000139,2,P023,call,工作日12:00-14:00,您好，我是您的专属理财顾问，为您介绍：固定期限023号（R5·固定期限），业绩比较基准9.8%，灵活存续，1000元起投，T+1 次日赎回。理财非存款，产品有风险，投资须谨慎。
C000139,3,P004,call,周末14:00-18:00,您好，我是您的专属理财顾问，为您介绍：现金管理004号（R5·现金管理），业绩比较基准8.6%，灵活存续，1000元起投，封闭运作。理财非存款，产品有风险，投资须谨慎。
C000141,1,P025,app_push,工作日18:00-21:00,专属推荐：定开025号（R3·定开），业绩比较基准5.2%，366天，1000元起投，T+0 随时赎回。理财非存款，产品有风险，投资须谨慎。
C000141,2,P024,app_push,周末09:00-12:00,专属推荐：定开024号（R3·定开），业绩比较基准4.7%，90天，1000元起投，T+1 次日赎回。理财非存款，产品有风险，投资须谨慎。
C000141,3,P017,app_push,周末14:00-18:00,专属推荐：现金管理017号（R3·现金管理），业绩比较基准4.3%，180天，1000元起投，T+1 次日赎回。理财非存款，产品有风险，投资须谨慎。
C000144,1,P029,call,工作日18:00-21:00,您好，我是您的专属理财顾问，为您介绍：固定期限029号（R4·固定期限），业绩比较基准7.8%，灵活存续，10000元起投，封闭运作。理财非存款，产品有风险，投资须谨慎。
C000144,2,P002,call,周末14:00-18:00,您好，我是您的专属理财顾问，为您介绍：固定期限002号（R5·固定期限），业绩比较基准11.3%，366天，1000元起投，T+0 随时赎回。该产品风险等级高于您的风险偏好，请谨慎选择。理财非存款，产品有风险，投资须谨慎。
C000144,3,P023,call,周末09:00-12:00,您好，我是您的专属理财顾问，为您介绍：固定期限023号（R5·固定期限），业绩比较基准9.8%，灵活存续，1000元起投，T+1 次日赎回。该产品风险等级高于您的风险偏好，请谨慎选择。理财非存款，产品有风险，投资须谨慎。
C000145,1,P014,call,工作日12:00-14:00,您好，我是您的专属理财顾问，为您介绍：混合014号（R1·混合），业绩比较基准2.3%，90天，10000元起投，T+1 次日赎回。理财非存款，产品有风险，投资须谨慎。
C000145,2,P026,call,周末14:00-18:00,您好，我是您的专属理财顾问，为您介绍：混合026号（R2·混合），业绩比较基准3.1%，180天，1000元起投，T+1 次日赎回。该产品风险等级高于您的风险偏好，请谨慎选择。理财非存款，产品有风险，投资须谨慎。
C000145,3,P012,call,工作日18:00-21:00,您好，我是您的专属理财顾问，为您介绍：混合012号（R2·混合），业绩比较基准3.7%，90天，10000元起投，T+1 次日赎回。该产品风险等级高于您的风险偏好，请谨慎选择。理财非存款，产品有风险，投资须谨慎。
C000155,1,P029,app_push,工作日12:00-14:00,专属推荐：固定期限029号（R4·固定期限），业绩比较基准7.8%，灵活存续，10000元起投，封闭运作。理财非存款，产品有风险，投资须谨慎。
C000155,2,P002,app_push,工作日18:00-21:00,专属推荐：固定期限002号（R5·固定期限），业绩比较基准11.3%，366天，1000元起投，T+0 随时赎回。该产品风险等级高于您的风险偏好，请谨慎选择。理财非存款，产品有风险，投资须谨慎。
C000155,3,P023,app_push,周末14:00-18:00,专属推荐：固定期限023号（R5·固定期限），业绩比较基准9.8%，灵活存续，1000元起投，T+1 次日赎回。该产品风险等级高于您的风险偏好，请谨慎选择。理财非存款，产品有风险，投资须谨慎。
C000158,1,P019,app_push,工作日18:00-21:00,专属推荐：定开019号（R2·定开），业绩比较基准3.3%，灵活存续，1000元起投，T+0 随时赎回。该产品风险等级高于您的风险偏好，请谨慎选择。理财非存款，产品有风险，投资须谨慎。
C000158,2,P013,app_push,周末09:00-12:00,专属推荐：定开013号（R2·定开），业绩比较基准3.5%，灵活存续，10000元起投，T+0 随时赎回。该产品风险等级高于您的风险偏好，请谨慎选择。理财非存款，产品有风险，投资须谨慎。
C000158,3,P022,app_push,周末14:00-18:00,专属推荐：定开022号（R2·定开），业绩比较基准3.0%，730天，10000元起投，T+1 次日赎回。该产品风险等级高于您的风险偏好，请谨慎选择。理财非存款，产品有风险，投资须谨慎。
C000161,1,P014,call,工作日12:00-14:00,您好，我是您的专属理财顾问，为您介绍：混合014号（R1·混合），业绩比较基准2.3%，90天，10000元起投，T+1 次日赎回。理财非存款，产品有风险，投资须谨慎。
C000161,2,P012,call,周末14:00-18:00,您好，我是您的专属理财顾问，为您介绍：混合012号（R2·混合），业绩比较基准3.7%，90天，10000元起投，T+1 次日赎回。该产品风险等级高于您的风险偏好，请谨慎选择。理财非存款，产品有风险，投资须谨慎。
C000161,3,P013,call,工作日18:00-21:00,您好，我是您的专属理财顾问，为您介绍：定开013号（R2·定开），业绩比较基准3.5%，灵活存续，10000元起投，T+0 随时赎回。该产品风险等级高于您的风险偏好，请谨慎选择。理财非存款，产品有风险，投资须谨慎。
C000162,1,P024,app_push,工作日09:00-12:00,专属推荐：定开024号（R3·定开），业绩比较基准4.7%，90天，1000元起投，T+1 次日赎回。理财非存款，产品有风险，投资须谨慎。
C000162,2,P025,app_push,工作日18:00-21:00,专属推荐：定开025号（R3·定开），业绩比较基准5.2%，366天，1000元起投，T+0 随时赎回。理财非存款，产品有风险，投资须谨慎。
C000162,3,P017,app_push,周末09:00-12:00,专属推荐：现金管理017号（R3·现金管理），业绩比较基准4.3%，180天，1000元起投，T+1 次日赎回。理财非存款，产品有风险，投资须谨慎。
C000164,1,P026,app_push,工作日12:00-14:00,专属推荐：混合026号（R2·混合），业绩比较基准3.1%，180天，1000元起投，T+1 次日赎回。该产品风险等级高于您的风险偏好，请谨慎选择。理财非存款，产品有风险，投资须谨慎。
C000164,2,P019,app_push,周末14:00-18:00,专属推荐：定开019号（R2·定开），业绩比较基准3.3%，灵活存续，1000元起投，T+0 随时赎回。该产品风险等级高于您的风险偏好，请谨慎选择。理财非存款，产品有风险，投资须谨慎。
C000164,3,P030,app_push,工作日18:00-21:00,专属推荐：固定期限030号（R2·固定期限），业绩比较基准3.1%，730天，1000元起投，T+0 随时赎回。该产品风险等级高于您的风险偏好，请谨慎选择。理财非存款，产品有风险，投资须谨慎。
C000179,1,P026,app_push,工作日09:00-12:00,专属推荐：混合026号（R2·混合），业绩比较基准3.1%，180天，1000元起投，T+1 次日赎回。理财非存款，产品有风险，投资须谨慎。
C000179,2,P012,app_push,工作日12:00-14:00,专属推荐：混合012号（R2·混合），业绩比较基准3.7%，90天，10000元起投，T+1 次日赎回。理财非存款，产品有风险，投资须谨慎。
C000179,3,P019,app_push,周末14:00-18:00,专属推荐：定开019号（R2·定开），业绩比较基准3.3%，灵活存续，1000元起投，T+0 随时赎回。理财非存款，产品有风险，投资须谨慎。
C000180,1,P025,app_push,工作日09:00-12:00,专属推荐：定开025号（R3·定开），业绩比较基准5.2%，366天，1000元起投，T+0 随时赎回。理财非存款，产品有风险，投资须谨慎。
C000180,2,P024,app_push,工作日12:00-14:00,专属推荐：定开024号（R3·定开），业绩比较基准4.7%，90天，1000元起投，T+1 次日赎回。理财非存款，产品有风险，投资须谨慎。
C000180,3,P008,app_push,周末09:00-12:00,专属推荐：定开008号（R3·定开），业绩比较基准5.1%，366天，10000元起投，封闭运作。理财非存款，产品有风险，投资须谨慎。
C000185,1,P029,app_push,工作日12:00-14:00,专属推荐：固定期限029号（R4·固定期限），业绩比较基准7.8%，灵活存续，10000元起投，封闭运作。该产品风险等级高于您的风险偏好，请谨慎选择。理财非存款，产品有风险，投资须谨慎。
C000185,2,P011,app_push,工作日18:00-21:00,专属推荐：固定期限011号（R2·固定期限），业绩比较基准3.3%，90天，10000元起投，T+0 随时赎回。理财非存款，产品有风险，投资须谨慎。
C000185,3,P025,app_push,周末14:00-18:00,专属推荐：定开025号（R3·定开），业绩比较基准5.2%，366天，1000元起投，T+0 随时赎回。理财非存款，产品有风险，投资须谨慎。
C000186,1,P002,app_push,工作日09:00-12:00,专属推荐：固定期限002号（R5·固定期限），业绩比较基准11.3%，366天，1000元起投，T+0 随时赎回。该产品风险等级高于您的风险偏好，请谨慎选择。理财非存款，产品有风险，投资须谨慎。
C000186,2,P029,app_push,工作日12:00-14:00,专属推荐：固定期限029号（R4·固定期限），业绩比较基准7.8%，灵活存续，10000元起投，封闭运作。理财非存款，产品有风险，投资须谨慎。
C000186,3,P015,app_push,周末09:00-12:00,专属推荐：固定期限015号（R4·固定期限），业绩比较基准6.7%，366天，50000元起投，封闭运作。理财非存款，产品有风险，投资须谨慎。
C000190,1,P029,manager,工作日18:00-21:00,钻石贵宾专享：固定期限029号（R4·固定期限），业绩比较基准7.8%，灵活存续，10000元起投，封闭运作，可为您预约专属认购。理财非存款，产品有风险，投资须谨慎。
C000190,2,P002,manager,周末09:00-12:00,钻石贵宾专享：固定期限002号（R5·固定期限），业绩比较基准11.3%，366天，1000元起投，T+0 随时赎回，可为您预约专属认购。该产品风险等级高于您的风险偏好，请谨慎选择。理财非存款，产品有风险，投资须谨慎。
C000190,3,P023,manager,周末14:00-18:00,钻石贵宾专享：固定期限023号（R5·固定期限），业绩比较基准9.8%，灵活存续，1000元起投，T+1 次日赎回，可为您预约专属认购。该产品风险等级高于您的风险偏好，请谨慎选择。理财非存款，产品有风险，投资须谨慎。
C000199,1,P011,app_push,工作日09:00-12:00,专属推荐：固定期限011号（R2·固定期限），业绩比较基准3.3%，90天，10000元起投，T+0 随时赎回。理财非存款，产品有风险，投资须谨慎。
C000199,2,P030,app_push,工作日12:00-14:00,专属推荐：固定期限030号（R2·固定期限），业绩比较基准3.1%，730天，1000元起投，T+0 随时赎回。理财非存款，产品有风险，投资须谨慎。
C000199,3,P012,app_push,工作日18:00-21:00,专属推荐：混合012号（R2·混合），业绩比较基准3.7%，90天，10000元起投，T+1 次日赎回。理财非存款，产品有风险，投资须谨慎。
C000204,1,P013,call,工作日12:00-14:00,您好，我是您的专属理财顾问，为您介绍：定开013号（R2·定开），业绩比较基准3.5%，灵活存续，10000元起投，T+0 随时赎回。该产品风险等级高于您的风险偏好，请谨慎选择。理财非存款，产品有风险，投资须谨慎。
C000204,2,P022,call,周末14:00-18:00,您好，我是您的专属理财顾问，为您介绍：定开022号（R2·定开），业绩比较基准3.0%，730天，10000元起投，T+1 次日赎回。该产品风险等级高于您的风险偏好，请谨慎选择。理财非存款，产品有风险，投资须谨慎。
C000204,3,P019,call,工作日18:00-21:00,您好，我是您的专属理财顾问，为您介绍：定开019号（R2·定开），业绩比较基准3.3%，灵活存续，1000元起投，T+0 随时赎回。该产品风险等级高于您的风险偏好，请谨慎选择。理财非存款，产品有风险，投资须谨慎。
C000214,1,P012,call,工作日09:00-12:00,您好，我是您的专属理财顾问，为您介绍：混合012号（R2·混合），业绩比较基准3.7%，90天，10000元起投，T+1 次日赎回。理财非存款，产品有风险，投资须谨慎。
C000214,2,P011,call,工作日18:00-21:00,您好，我是您的专属理财顾问，为您介绍：固定期限011号（R2·固定期限），业绩比较基准3.3%，90天，10000元起投，T+0 随时赎回。理财非存款，产品有风险，投资须谨慎。
C000214,3,P013,call,周末09:00-12:00,您好，我是您的专属理财顾问，为您介绍：定开013号（R2·定开），业绩比较基准3.5%，灵活存续，10000元起投，T+0 随时赎回。理财非存款，产品有风险，投资须谨慎。
C000217,1,P010,app_push,工作日18:00-21:00,专属推荐：现金管理010号（R1·现金管理），业绩比较基准2.8%，366天，50000元起投，T+0 随时赎回。理财非存款，产品有风险，投资须谨慎。
C000217,2,P011,app_push,周末14:00-18:00,专属推荐：固定期限011号（R2·固定期限），业绩比较基准3.3%，90天，10000元起投，T+0 随时赎回。该产品风险等级高于您的风险偏好，请谨慎选择。理财非存款，产品有风险，投资须谨慎。
C000217,3,P020,app_push,周末09:00-12:00,专属推荐：现金管理020号（R2·现金管理），业绩比较基准3.6%，366天，10000元起投，T+1 次日赎回。该产品风险等级高于您的风险偏好，请谨慎选择。理财非存款，产品有风险，投资须谨慎。
C000220,1,P014,app_push,工作日09:00-12:00,专属推荐：混合014号（R1·混合），业绩比较基准2.3%，90天，10000元起投，T+1 次日赎回。理财非存款，产品有风险，投资须谨慎。
C000220,2,P026,app_push,工作日12:00-14:00,专属推荐：混合026号（R2·混合），业绩比较基准3.1%，180天，1000元起投，T+1 次日赎回。该产品风险等级高于您的风险偏好，请谨慎选择。理财非存款，产品有风险，投资须谨慎。
C000220,3,P012,app_push,工作日18:00-21:00,专属推荐：混合012号（R2·混合），业绩比较基准3.7%，90天，10000元起投，T+1 次日赎回。该产品风险等级高于您的风险偏好，请谨慎选择。理财非存款，产品有风险，投资须谨慎。
C000227,1,P025,app_push,工作日09:00-12:00,专属推荐：定开025号（R3·定开），业绩比较基准5.2%，366天，1000元起投，T+0 随时赎回。理财非存款，产品有风险，投资须谨慎。
C000227,2,P024,app_push,工作日12:00-14:00,专属推荐：定开024号（R3·定开），业绩比较基准4.7%，90天，1000元起投，T+1 次日赎回。理财非存款，产品有风险，投资须谨慎。
C000227,3,P008,app_push,周末09:00-12:00,专属推荐：定开008号（R3·定开），业绩比较基准5.1%，366天，10000元起投，封闭运作。理财非存款，产品有风险，投资须谨慎。
C000228,1,P002,app_push,工作日09:00-12:00,专属推荐：固定期限002号（R5·固定期限），业绩比较基准11.3%，366天，1000元起投，T+0 随时赎回。理财非存款，产品有风险，投资须谨慎。
C000228,2,P023,app_push,工作日12:00-14:00,专属推荐：固定期限023号（R5·固定期限），业绩比较基准9.8%，灵活存续，1000元起投，T+1 次日赎回。理财非存款，产品有风险，投资须谨慎。
C000228,3,P004,app_push,工作日18:00-21:00,专属推荐：现金管理004号（R5·现金管理），业绩比较基准8.6%，灵活存续，1000元起投，封闭运作。理财非存款，产品有风险，投资须谨慎。
C000235,1,P013,app_push,工作日09:00-12:00,专属推荐：定开013号（R2·定开），业绩比较基准3.5%，灵活存续，10000元起投，T+0 随时赎回。该产品风险等级高于您的风险偏好，请谨慎选择。理财非存款，产品有风险，投资须谨慎。
C000235,2,P022,app_push,工作日18:00-21:00,专属推荐：定开022号（R2·定开），业绩比较基准3.0%，730天，10000元起投，T+1 次日赎回。该产品风险等级高于您的风险偏好，请谨慎选择。理财非存款，产品有风险，投资须谨慎。
C000235,3,P019,app_push,周末14:00-18:00,专属推荐：定开019号（R2·定开），业绩比较基准3.3%，灵活存续，1000元起投，T+0 随时赎回。该产品风险等级高于您的风险偏好，请谨慎选择。理财非存款，产品有风险，投资须谨慎。
C000236,1,P002,app_push,工作日09:00-12:00,专属推荐：固定期限002号（R5·固定期限），业绩比较基准11.3%，366天，1000元起投，T+0 随时赎回。该产品风险等级高于您的风险偏好，请谨慎选择。理财非存款，产品有风险，投资须谨慎。
C000236,2,P023,app_push,工作日18:00-21:00,专属推荐：固定期限023号（R5·固定期限），业绩比较基准9.8%，灵活存续，1000元起投，T+1 次日赎回。该产品风险等级高于您的风险偏好，请谨慎选择。理财非存款，产品有风险，投资须谨慎。
C000236,3,P024,app_push,周末14:00-18:00,专属推荐：定开024号（R3·定开），业绩比较基准4.7%，90天，1000元起投，T+1 次日赎回。理财非存款，产品有风险，投资须谨慎。
C000237,1,P027,app_push,工作日09:00-12:00,专属推荐：现金管理027号（R4·现金管理），业绩比较基准7.7%，366天，100000元起投，T+1 次日赎回。理财非存款，产品有风险，投资须谨慎。
C000237,2,P029,app_push,工作日12:00-14:00,专属推荐：固定期限029号（R4·固定期限），业绩比较基准7.8%，灵活存续，10000元起投，封闭运作。理财非存款，产品有风险，投资须谨慎。
C000237,3,P015,app_push,周末09:00-12:00,专属推荐：固定期限015号（R4·固定期限），业绩比较基准6.7%，366天，50000元起投，封闭运作。理财非存款，产品有风险，投资须谨慎。
C000238,1,P025,app_push,工作日09:00-12:00,专属推荐：定开025号（R3·定开），业绩比较基准5.2%，366天，1000元起投，T+0 随时赎回。理财非存款，产品有风险，投资须谨慎。
C000238,2,P024,app_push,工作日12:00-14:00,专属推荐：定开024号（R3·定开），业绩比较基准4.7%，90天，1000元起投，T+1 次日赎回。理财非存款，产品有风险，投资须谨慎。
C000238,3,P017,app_push,周末14:00-18:00,专属推荐：现金管理017号（R3·现金管理），业绩比较基准4.3%，180天，1000元起投，T+1 次日赎回。理财非存款，产品有风险，投资须谨慎。
C000239,1,P018,app_push,工作日09:00-12:00,专属推荐：现金管理018号（R2·现金管理），业绩比较基准3.6%，730天，10000元起投，T+0 随时赎回。理财非存款，产品有风险，投资须谨慎。
C000239,2,P020,app_push,工作日12:00-14:00,专属推荐：现金管理020号（R2·现金管理），业绩比较基准3.6%，366天，10000元起投，T+1 次日赎回。理财非存款，产品有风险，投资须谨慎。
C000239,3,P017,app_push,周末09:00-12:00,专属推荐：现金管理017号（R3·现金管理），业绩比较基准4.3%，180天，1000元起投，T+1 次日赎回。该产品风险等级高于您的风险偏好，请谨慎选择。理财非存款，产品有风险，投资须谨慎。
C000248,1,P004,app_push,工作日18:00-21:00,专属推荐：现金管理004号（R5·现金管理），业绩比较基准8.6%，灵活存续，1000元起投，封闭运作。该产品风险等级高于您的风险偏好，请谨慎选择。理财非存款，产品有风险，投资须谨慎。
C000248,2,P025,app_push,周末14:00-18:00,专属推荐：定开025号（R3·定开），业绩比较基准5.2%，366天，1000元起投，T+0 随时赎回。理财非存款，产品有风险，投资须谨慎。
C000248,3,P017,app_push,周末09:00-12:00,专属推荐：现金管理017号（R3·现金管理），业绩比较基准4.3%，180天，1000元起投，T+1 次日赎回。理财非存款，产品有风险，投资须谨慎。
C000252,1,P019,app_push,工作日09:00-12:00,专属推荐：定开019号（R2·定开），业绩比较基准3.3%，灵活存续，1000元起投，T+0 随时赎回。理财非存款，产品有风险，投资须谨慎。
C000252,2,P024,app_push,工作日18:00-21:00,专属推荐：定开024号（R3·定开），业绩比较基准4.7%，90天，1000元起投，T+1 次日赎回。该产品风险等级高于您的风险偏好，请谨慎选择。理财非存款，产品有风险，投资须谨慎。
C000252,3,P025,app_push,周末09:00-12:00,专属推荐：定开025号（R3·定开），业绩比较基准5.2%，366天，1000元起投，T+0 随时赎回。该产品风险等级高于您的风险偏好，请谨慎选择。理财非存款，产品有风险，投资须谨慎。
C000261,1,P014,app_push,工作日12:00-14:00,专属推荐：混合014号（R1·混合），业绩比较基准2.3%，90天，10000元起投，T+1 次日赎回。理财非存款，产品有风险，投资须谨慎。
C000261,2,P012,app_push,周末14:00-18:00,专属推荐：混合012号（R2·混合），业绩比较基准3.7%，90天，10000元起投，T+1 次日赎回。该产品风险等级高于您的风险偏好，请谨慎选择。理财非存款，产品有风险，投资须谨慎。
C000261,3,P026,app_push,工作日18:00-21:00,专属推荐：混合026号（R2·混合），业绩比较基准3.1%，180天，1000元起投，T+1 次日赎回。该产品风险等级高于您的风险偏好，请谨慎选择。理财非存款，产品有风险，投资须谨慎。
C000266,1,P017,app_push,工作日09:00-12:00,专属推荐：现金管理017号（R3·现金管理），业绩比较基准4.3%，180天，1000元起投，T+1 次日赎回。理财非存款，产品有风险，投资须谨慎。
C000266,2,P027,app_push,工作日12:00-14:00,专属推荐：现金管理027号（R4·现金管理），业绩比较基准7.7%，366天，100000元起投，T+1 次日赎回。该产品风险等级高于您的风险偏好，请谨慎选择。理财非存款，产品有风险，投资须谨慎。
C000266,3,P006,app_push,工作日18:00-21:00,专属推荐：混合006号（R3·混合），业绩比较基准5.1%，灵活存续，50000元起投，T+1 次日赎回。理财非存款，产品有风险，投资须谨慎。
C000267,1,P030,manager,工作日12:00-14:00,普通贵宾专享：固定期限030号（R2·固定期限），业绩比较基准3.1%，730天，1000元起投，T+0 随时赎回，可为您预约专属认购。该产品风险等级高于您的风险偏好，请谨慎选择。理财非存款，产品有风险，投资须谨慎。
C000267,2,P011,manager,工作日18:00-21:00,普通贵宾专享：固定期限011号（R2·固定期限），业绩比较基准3.3%，90天，10000元起投，T+0 随时赎回，可为您预约专属认购。该产品风险等级高于您的风险偏好，请谨慎选择。理财非存款，产品有风险，投资须谨慎。
C000267,3,P014,manager,周末14:00-18:00,普通贵宾专享：混合014号（R1·混合），业绩比较基准2.3%，90天，10000元起投，T+1 次日赎回，可为您预约专属认购。理财非存款，产品有风险，投资须谨慎。
C000269,1,P011,app_push,工作日18:00-21:00,专属推荐：固定期限011号（R2·固定期限），业绩比较基准3.3%，90天，10000元起投，T+0 随时赎回。理财非存款，产品有风险，投资须谨慎。
C000269,2,P009,app_push,周末09:00-12:00,专属推荐：现金管理009号（R2·现金管理），业绩比较基准4.0%，730天，50000元起投，T+0 随时赎回。理财非存款，产品有风险，投资须谨慎。
C000269,3,P030,app_push,周末14:00-18:00,专属推荐：固定期限030号（R2·固定期限），业绩比较基准3.1%，730天，1000元起投，T+0 随时赎回。理财非存款，产品有风险，投资须谨慎。
C000271,1,P029,app_push,工作日09:00-12:00,专属推荐：固定期限029号（R4·固定期限），业绩比较基准7.8%，灵活存续，10000元起投，封闭运作。该产品风险等级高于您的风险偏好，请谨慎选择。理财非存款，产品有风险，投资须谨慎。
C000271,2,P011,app_push,工作日12:00-14:00,专属推荐：固定期限011号（R2·固定期限），业绩比较基准3.3%，90天，10000元起投，T+0 随时赎回。理财非存款，产品有风险，投资须谨慎。
C000271,3,P030,app_push,工作日18:00-21:00,专属推荐：固定期限030号（R2·固定期限），业绩比较基准3.1%，730天，1000元起投，T+0 随时赎回。理财非存款，产品有风险，投资须谨慎。
C000276,1,P029,app_push,工作日18:00-21:00,专属推荐：固定期限029号（R4·固定期限），业绩比较基准7.8%，灵活存续，10000元起投，封闭运作。理财非存款，产品有风险，投资须谨慎。
C000276,2,P002,app_push,周末09:00-12:00,专属推荐：固定期限002号（R5·固定期限），业绩比较基准11.3%，366天，1000元起投，T+0 随时赎回。该产品风险等级高于您的风险偏好，请谨慎选择。理财非存款，产品有风险，投资须谨慎。
C000276,3,P023,app_push,周末14:00-18:00,专属推荐：固定期限023号（R5·固定期限），业绩比较基准9.8%，灵活存续，1000元起投，T+1 次日赎回。该产品风险等级高于您的风险偏好，请谨慎选择。理财非存款，产品有风险，投资须谨慎。
C000286,1,P002,app_push,工作日09:00-12:00,专属推荐：固定期限002号（R5·固定期限），业绩比较基准11.3%，366天，1000元起投，T+0 随时赎回。该产品风险等级高于您的风险偏好，请谨慎选择。理财非存款，产品有风险，投资须谨慎。
C000286,2,P023,app_push,工作日12:00-14:00,专属推荐：固定期限023号（R5·固定期限），业绩比较基准9.8%，灵活存续，1000元起投，T+1 次日赎回。该产品风险等级高于您的风险偏好，请谨慎选择。理财非存款，产品有风险，投资须谨慎。
C000286,3,P004,app_push,周末09:00-12:00,专属推荐：现金管理004号（R5·现金管理），业绩比较基准8.6%，灵活存续，1000元起投，封闭运作。该产品风险等级高于您的风险偏好，请谨慎选择。理财非存款，产品有风险，投资须谨慎。
C000287,1,P025,call,工作日09:00-12:00,您好，我是您的专属理财顾问，为您介绍：定开025号（R3·定开），业绩比较基准5.2%，366天，1000元起投，T+0 随时赎回。理财非存款，产品有风险，投资须谨慎。
C000287,2,P024,call,工作日12:00-14:00,您好，我是您的专属理财顾问，为您介绍：定开024号（R3·定开），业绩比较基准4.7%，90天，1000元起投，T+1 次日赎回。理财非存款，产品有风险，投资须谨慎。
C000287,3,P008,call,周末09:00-12:00,您好，我是您的专属理财顾问，为您介绍：定开008号（R3·定开），业绩比较基准5.1%，366天，10000元起投，封闭运作。理财非存款，产品有风险，投资须谨慎。
C000290,1,P019,app_push,工作日12:00-14:00,专属推荐：定开019号（R2·定开），业绩比较基准3.3%，灵活存续，1000元起投，T+0 随时赎回。理财非存款，产品有风险，投资须谨慎。
C000290,2,P025,app_push,工作日18:00-21:00,专属推荐：定开025号（R3·定开），业绩比较基准5.2%，366天，1000元起投，T+0 随时赎回。该产品风险等级高于您的风险偏好，请谨慎选择。理财非存款，产品有风险，投资须谨慎。
C000290,3,P024,app_push,周末14:00-18:00,专属推荐：定开024号（R3·定开），业绩比较基准4.7%，90天，1000元起投，T+1 次日赎回。该产品风险等级高于您的风险偏好，请谨慎选择。理财非存款，产品有风险，投资须谨慎。
C000293,1,P012,app_push,工作日09:00-12:00,专属推荐：混合012号（R2·混合），业绩比较基准3.7%，90天，10000元起投，T+1 次日赎回。理财非存款，产品有风险，投资须谨慎。
C000293,2,P025,app_push,工作日12:00-14:00,专属推荐：定开025号（R3·定开），业绩比较基准5.2%，366天，1000元起投，T+0 随时赎回。理财非存款，产品有风险，投资须谨慎。
C000293,3,P026,app_push,周末09:00-12:00,专属推荐：混合026号（R2·混合），业绩比较基准3.1%，180天，1000元起投，T+1 次日赎回。理财非存款，产品有风险，投资须谨慎。
C000295,1,P002,manager,工作日09:00-12:00,钻石贵宾专享：固定期限002号（R5·固定期限），业绩比较基准11.3%，366天，1000元起投，T+0 随时赎回，可为您预约专属认购。该产品风险等级高于您的风险偏好，请谨慎选择。理财非存款，产品有风险，投资须谨慎。
C000295,2,P023,manager,工作日18:00-21:00,钻石贵宾专享：固定期限023号（R5·固定期限），业绩比较基准9.8%，灵活存续，1000元起投，T+1 次日赎回，可为您预约专属认购。该产品风险等级高于您的风险偏好，请谨慎选择。理财非存款，产品有风险，投资须谨慎。
C000295,3,P029,manager,周末09:00-12:00,钻石贵宾专享：固定期限029号（R4·固定期限），业绩比较基准7.8%，灵活存续，10000元起投，封闭运作，可为您预约专属认购。理财非存款，产品有风险，投资须谨慎。
C000297,1,P024,call,工作日09:00-12:00,您好，我是您的专属理财顾问，为您介绍：定开024号（R3·定开），业绩比较基准4.7%，90天，1000元起投，T+1 次日赎回。理财非存款，产品有风险，投资须谨慎。
C000297,2,P025,call,工作日12:00-14:00,您好，我是您的专属理财顾问，为您介绍：定开025号（R3·定开），业绩比较基准5.2%，366天，1000元起投，T+0 随时赎回。理财非存款，产品有风险，投资须谨慎。
C000297,3,P008,call,周末14:00-18:00,您好，我是您的专属理财顾问，为您介绍：定开008号（R3·定开），业绩比较基准5.1%，366天，10000元起投，封闭运作。理财非存款，产品有风险，投资须谨慎。
C000301,1,P006,app_push,工作日09:00-12:00,专属推荐：混合006号（R3·混合），业绩比较基准5.1%，灵活存续，50000元起投，T+1 次日赎回。理财非存款，产品有风险，投资须谨慎。
C000301,2,P001,app_push,工作日12:00-14:00,专属推荐：混合001号（R3·混合），业绩比较基准5.5%，730天，50000元起投，封闭运作。理财非存款，产品有风险，投资须谨慎。
C000301,3,P017,app_push,周末09:00-12:00,专属推荐：现金管理017号（R3·现金管理），业绩比较基准4.3%，180天，1000元起投，T+1 次日赎回。理财非存款，产品有风险，投资须谨慎。
C000307,1,P013,app_push,工作日12:00-14:00,专属推荐：定开013号（R2·定开），业绩比较基准3.5%，灵活存续，10000元起投，T+0 随时赎回。理财非存款，产品有风险，投资须谨慎。
C000307,2,P011,app_push,工作日18:00-21:00,专属推荐：固定期限011号（R2·固定期限），业绩比较基准3.3%，90天，10000元起投，T+0 随时赎回。理财非存款，产品有风险，投资须谨慎。
C000307,3,P022,app_push,周末14:00-18:00,专属推荐：定开022号（R2·定开），业绩比较基准3.0%，730天，10000元起投，T+1 次日赎回。理财非存款，产品有风险，投资须谨慎。
C000318,1,P025,app_push,工作日12:00-14:00,专属推荐：定开025号（R3·定开），业绩比较基准5.2%，366天，1000元起投，T+0 随时赎回。理财非存款，产品有风险，投资须谨慎。
C000318,2,P024,app_push,周末14:00-18:00,专属推荐：定开024号（R3·定开），业绩比较基准4.7%，90天，1000元起投，T+1 次日赎回。理财非存款，产品有风险，投资须谨慎。
C000318,3,P008,app_push,工作日18:00-21:00,专属推荐：定开008号（R3·定开），业绩比较基准5.1%，366天，10000元起投，封闭运作。理财非存款，产品有风险，投资须谨慎。
C000324,1,P006,app_push,工作日18:00-21:00,专属推荐：混合006号（R3·混合），业绩比较基准5.1%，灵活存续，50000元起投，T+1 次日赎回。该产品风险等级高于您的风险偏好，请谨慎选择。理财非存款，产品有风险，投资须谨慎。
C000324,2,P012,app_push,周末14:00-18:00,专属推荐：混合012号（R2·混合），业绩比较基准3.7%，90天，10000元起投，T+1 次日赎回。理财非存款，产品有风险，投资须谨慎。
C000324,3,P026,app_push,周末09:00-12:00,专属推荐：混合026号（R2·混合），业绩比较基准3.1%，180天，1000元起投，T+1 次日赎回。理财非存款，产品有风险，投资须谨慎。
C000336,1,P029,call,工作日18:00-21:00,您好，我是您的专属理财顾问，为您介绍：固定期限029号（R4·固定期限），业绩比较基准7.8%，灵活存续，10000元起投，封闭运作。理财非存款，产品有风险，投资须谨慎。
C000336,2,P002,call,周末09:00-12:00,您好，我是您的专属理财顾问，为您介绍：固定期限002号（R5·固定期限），业绩比较基准11.3%，366天，1000元起投，T+0 随时赎回。该产品风险等级高于您的风险偏好，请谨慎选择。理财非存款，产品有风险，投资须谨慎。
C000336,3,P023,call,周末14:00-18:00,您好，我是您的专属理财顾问，为您介绍：固定期限023号（R5·固定期限），业绩比较基准9.8%，灵活存续，1000元起投，T+1 次日赎回。该产品风险等级高于您的风险偏好，请谨慎选择。理财非存款，产品有风险，投资须谨慎。
C000340,1,P027,manager,工作日09:00-12:00,金卡贵宾专享：现金管理027号（R4·现金管理），业绩比较基准7.7%，366天，100000元起投，T+1 次日赎回，可为您预约专属认购。理财非存款，产品有风险，投资须谨慎。
C000340,2,P005,manager,工作日12:00-14:00,金卡贵宾专享：现金管理005号（R5·现金管理），业绩比较基准11.0%，灵活存续，100000元起投，T+0 随时赎回，可为您预约专属认购。该产品风险等级高于您的风险偏好，请谨慎选择。理财非存款，产品有风险，投资须谨慎。
C000340,3,P004,manager,工作日18:00-21:00,金卡贵宾专享：现金管理004号（R5·现金管理），业绩比较基准8.6%，灵活存续，1000元起投，封闭运作，可为您预约专属认购。该产品风险等级高于您的风险偏好，请谨慎选择。理财非存款，产品有风险，投资须谨慎。
C000343,1,P012,manager,工作日09:00-12:00,金卡贵宾专享：混合012号（R2·混合），业绩比较基准3.7%，90天，10000元起投，T+1 次日赎回，可为您预约专属认购。理财非存款，产品有风险，投资须谨慎。
C000343,2,P014,manager,工作日12:00-14:00,金卡贵宾专享：混合014号（R1·混合），业绩比较基准2.3%，90天，10000元起投，T+1 次日赎回，可为您预约专属认购。理财非存款，产品有风险，投资须谨慎。
C000343,3,P011,manager,周末09:00-12:00,金卡贵宾专享：固定期限011号（R2·固定期限），业绩比较基准3.3%，90天，10000元起投，T+0 随时赎回，可为您预约专属认购。理财非存款，产品有风险，投资须谨慎。
C000350,1,P002,app_push,工作日09:00-12:00,专属推荐：固定期限002号（R5·固定期限），业绩比较基准11.3%，366天，1000元起投，T+0 随时赎回。该产品风险等级高于您的风险偏好，请谨慎选择。理财非存款，产品有风险，投资须谨慎。
C000350,2,P023,app_push,工作日12:00-14:00,专属推荐：固定期限023号（R5·固定期限），业绩比较基准9.8%，灵活存续，1000元起投，T+1 次日赎回。该产品风险等级高于您的风险偏好，请谨慎选择。理财非存款，产品有风险，投资须谨慎。
C000350,3,P030,app_push,工作日18:00-21:00,专属推荐：固定期限030号（R2·固定期限），业绩比较基准3.1%，730天，1000元起投，T+0 随时赎回。理财非存款，产品有风险，投资须谨慎。
C000353,1,P025,call,工作日18:00-21:00,您好，我是您的专属理财顾问，为您介绍：定开025号（R3·定开），业绩比较基准5.2%，366天，1000元起投，T+0 随时赎回。理财非存款，产品有风险，投资须谨慎。
C000353,2,P008,call,周末09:00-12:00,您好，我是您的专属理财顾问，为您介绍：定开008号（R3·定开），业绩比较基准5.1%，366天，10000元起投，封闭运作。理财非存款，产品有风险，投资须谨慎。
C000353,3,P024,call,周末14:00-18:00,您好，我是您的专属理财顾问，为您介绍：定开024号（R3·定开），业绩比较基准4.7%，90天，1000元起投，T+1 次日赎回。理财非存款，产品有风险，投资须谨慎。
C000354,1,P026,app_push,工作日09:00-12:00,专属推荐：混合026号（R2·混合），业绩比较基准3.1%，180天，1000元起投，T+1 次日赎回。理财非存款，产品有风险，投资须谨慎。
C000354,2,P030,app_push,工作日12:00-14:00,专属推荐：固定期限030号（R2·固定期限），业绩比较基准3.1%，730天，1000元起投，T+0 随时赎回。理财非存款，产品有风险，投资须谨慎。
C000354,3,P019,app_push,周末09:00-12:00,专属推荐：定开019号（R2·定开），业绩比较基准3.3%，灵活存续，1000元起投，T+0 随时赎回。理财非存款，产品有风险，投资须谨慎。
C000355,1,P025,call,工作日18:00-21:00,您好，我是您的专属理财顾问，为您介绍：定开025号（R3·定开），业绩比较基准5.2%，366天，1000元起投，T+0 随时赎回。理财非存款，产品有风险，投资须谨慎。
C000355,2,P029,call,周末14:00-18:00,您好，我是您的专属理财顾问，为您介绍：固定期限029号（R4·固定期限），业绩比较基准7.8%，灵活存续，10000元起投，封闭运作。该产品风险等级高于您的风险偏好，请谨慎选择。理财非存款，产品有风险，投资须谨慎。
C000355,3,P008,call,周末09:00-12:00,您好，我是您的专属理财顾问，为您介绍：定开008号（R3·定开），业绩比较基准5.1%，366天，10000元起投，封闭运作。理财非存款，产品有风险，投资须谨慎。
C000357,1,P025,app_push,工作日18:00-21:00,专属推荐：定开025号（R3·定开），业绩比较基准5.2%，366天，1000元起投，T+0 随时赎回。理财非存款，产品有风险，投资须谨慎。
C000357,2,P008,app_push,周末09:00-12:00,专属推荐：定开008号（R3·定开），业绩比较基准5.1%，366天，10000元起投，封闭运作。理财非存款，产品有风险，投资须谨慎。
C000357,3,P024,app_push,周末14:00-18:00,专属推荐：定开024号（R3·定开），业绩比较基准4.7%，90天，1000元起投，T+1 次日赎回。理财非存款，产品有风险，投资须谨慎。
C000359,1,P011,app_push,工作日12:00-14:00,专属推荐：固定期限011号（R2·固定期限），业绩比较基准3.3%，90天，10000元起投，T+0 随时赎回。理财非存款，产品有风险，投资须谨慎。
C000359,2,P030,app_push,周末14:00-18:00,专属推荐：固定期限030号（R2·固定期限），业绩比较基准3.1%，730天，1000元起投，T+0 随时赎回。理财非存款，产品有风险，投资须谨慎。
C000359,3,P012,app_push,工作日18:00-21:00,专属推荐：混合012号（R2·混合），业绩比较基准3.7%，90天，10000元起投，T+1 次日赎回。理财非存款，产品有风险，投资须谨慎。
C000363,1,P012,app_push,工作日18:00-21:00,专属推荐：混合012号（R2·混合），业绩比较基准3.7%，90天，10000元起投，T+1 次日赎回。理财非存款，产品有风险，投资须谨慎。
C000363,2,P026,app_push,周末09:00-12:00,专属推荐：混合026号（R2·混合），业绩比较基准3.1%，180天，1000元起投，T+1 次日赎回。理财非存款，产品有风险，投资须谨慎。
C000363,3,P013,app_push,周末14:00-18:00,专属推荐：定开013号（R2·定开），业绩比较基准3.5%，灵活存续，10000元起投，T+0 随时赎回。理财非存款，产品有风险，投资须谨慎。
C000364,1,P025,app_push,工作日12:00-14:00,专属推荐：定开025号（R3·定开），业绩比较基准5.2%，366天，1000元起投，T+0 随时赎回。理财非存款，产品有风险，投资须谨慎。
C000364,2,P008,app_push,工作日18:00-21:00,专属推荐：定开008号（R3·定开），业绩比较基准5.1%，366天，10000元起投，封闭运作。理财非存款，产品有风险，投资须谨慎。
C000364,3,P024,app_push,周末14:00-18:00,专属推荐：定开024号（R3·定开），业绩比较基准4.7%，90天，1000元起投，T+1 次日赎回。理财非存款，产品有风险，投资须谨慎。
C000366,1,P026,app_push,工作日12:00-14:00,专属推荐：混合026号（R2·混合），业绩比较基准3.1%，180天，1000元起投，T+1 次日赎回。理财非存款，产品有风险，投资须谨慎。
C000366,2,P019,app_push,工作日18:00-21:00,专属推荐：定开019号（R2·定开），业绩比较基准3.3%，灵活存续，1000元起投，T+0 随时赎回。理财非存款，产品有风险，投资须谨慎。
C000366,3,P030,app_push,周末14:00-18:00,专属推荐：固定期限030号（R2·固定期限），业绩比较基准3.1%，730天，1000元起投，T+0 随时赎回。理财非存款，产品有风险，投资须谨慎。
C000376,1,P025,call,工作日18:00-21:00,您好，我是您的专属理财顾问，为您介绍：定开025号（R3·定开），业绩比较基准5.2%，366天，1000元起投，T+0 随时赎回。理财非存款，产品有风险，投资须谨慎。
C000376,2,P024,call,周末09:00-12:00,您好，我是您的专属理财顾问，为您介绍：定开024号（R3·定开），业绩比较基准4.7%，90天，1000元起投，T+1 次日赎回。理财非存款，产品有风险，投资须谨慎。
C000376,3,P017,call,周末14:00-18:00,您好，我是您的专属理财顾问，为您介绍：现金管理017号（R3·现金管理），业绩比较基准4.3%，180天，1000元起投，T+1 次日赎回。理财非存款，产品有风险，投资须谨慎。
C000381,1,P013,app_push,工作日18:00-21:00,专属推荐：定开013号（R2·定开），业绩比较基准3.5%，灵活存续，10000元起投，T+0 随时赎回。该产品风险等级高于您的风险偏好，请谨慎选择。理财非存款，产品有风险，投资须谨慎。
C000381,2,P014,app_push,周末14:00-18:00,专属推荐：混合014号（R1·混合），业绩比较基准2.3%，90天，10000元起投，T+1 次日赎回。理财非存款，产品有风险，投资须谨慎。
C000381,3,P022,app_push,周末09:00-12:00,专属推荐：定开022号（R2·定开），业绩比较基准3.0%，730天，10000元起投，T+1 次日赎回。该产品风险等级高于您的风险偏好，请谨慎选择。理财非存款，产品有风险，投资须谨慎。
C000382,1,P002,app_push,工作日09:00-12:00,专属推荐：固定期限002号（R5·固定期限），业绩比较基准11.3%，366天，1000元起投，T+0 随时赎回。理财非存款，产品有风险，投资须谨慎。
C000382,2,P023,app_push,工作日18:00-21:00,专属推荐：固定期限023号（R5·固定期限），业绩比较基准9.8%，灵活存续，1000元起投，T+1 次日赎回。理财非存款，产品有风险，投资须谨慎。
C000382,3,P004,app_push,周末09:00-12:00,专属推荐：现金管理004号（R5·现金管理），业绩比较基准8.6%，灵活存续，1000元起投，封闭运作。理财非存款，产品有风险，投资须谨慎。
C000386,1,P002,app_push,工作日09:00-12:00,专属推荐：固定期限002号（R5·固定期限），业绩比较基准11.3%，366天，1000元起投，T+0 随时赎回。理财非存款，产品有风险，投资须谨慎。
C000386,2,P023,app_push,工作日12:00-14:00,专属推荐：固定期限023号（R5·固定期限），业绩比较基准9.8%，灵活存续，1000元起投，T+1 次日赎回。理财非存款，产品有风险，投资须谨慎。
C000386,3,P004,app_push,工作日18:00-21:00,专属推荐：现金管理004号（R5·现金管理），业绩比较基准8.6%，灵活存续，1000元起投，封闭运作。理财非存款，产品有风险，投资须谨慎。
C000387,1,P012,app_push,工作日09:00-12:00,专属推荐：混合012号（R2·混合），业绩比较基准3.7%，90天，10000元起投，T+1 次日赎回。理财非存款，产品有风险，投资须谨慎。
C000387,2,P006,app_push,工作日12:00-14:00,专属推荐：混合006号（R3·混合），业绩比较基准5.1%，灵活存续，50000元起投，T+1 次日赎回。该产品风险等级高于您的风险偏好，请谨慎选择。理财非存款，产品有风险，投资须谨慎。
C000387,3,P026,app_push,周末09:00-12:00,专属推荐：混合026号（R2·混合），业绩比较基准3.1%，180天，1000元起投，T+1 次日赎回。理财非存款，产品有风险，投资须谨慎。
C000391,1,P029,app_push,工作日09:00-12:00,专属推荐：固定期限029号（R4·固定期限），业绩比较基准7.8%，灵活存续，10000元起投，封闭运作。理财非存款，产品有风险，投资须谨慎。
C000391,2,P002,app_push,工作日12:00-14:00,专属推荐：固定期限002号（R5·固定期限），业绩比较基准11.3%，366天，1000元起投，T+0 随时赎回。该产品风险等级高于您的风险偏好，请谨慎选择。理财非存款，产品有风险，投资须谨慎。
C000391,3,P023,app_push,工作日18:00-21:00,专属推荐：固定期限023号（R5·固定期限），业绩比较基准9.8%，灵活存续，1000元起投，T+1 次日赎回。该产品风险等级高于您的风险偏好，请谨慎选择。理财非存款，产品有风险，投资须谨慎。
C000393,1,P014,app_push,工作日18:00-21:00,专属推荐：混合014号（R1·混合），业绩比较基准2.3%，90天，10000元起投，T+1 次日赎回。理财非存款，产品有风险，投资须谨慎。
C000393,2,P012,app_push,周末09:00-12:00,专属推荐：混合012号（R2·混合），业绩比较基准3.7%，90天，10000元起投，T+1 次日赎回。该产品风险等级高于您的风险偏好，请谨慎选择。理财非存款，产品有风险，投资须谨慎。
C000393,3,P011,app_push,周末14:00-18:00,专属推荐：固定期限011号（R2·固定期限），业绩比较基准3.3%，90天，10000元起投，T+0 随时赎回。该产品风险等级高于您的风险偏好，请谨慎选择。理财非存款，产品有风险，投资须谨慎。
C000398,1,P025,app_push,工作日18:00-21:00,专属推荐：定开025号（R3·定开），业绩比较基准5.2%，366天，1000元起投，T+0 随时赎回。理财非存款，产品有风险，投资须谨慎。
C000398,2,P008,app_push,周末14:00-18:00,专属推荐：定开008号（R3·定开），业绩比较基准5.1%，366天，10000元起投，封闭运作。理财非存款，产品有风险，投资须谨慎。
C000398,3,P024,app_push,周末09:00-12:00,专属推荐：定开024号（R3·定开），业绩比较基准4.7%，90天，1000元起投，T+1 次日赎回。理财非存款，产品有风险，投资须谨慎。
C000400,1,P002,app_push,工作日12:00-14:00,专属推荐：固定期限002号（R5·固定期限），业绩比较基准11.3%，366天，1000元起投，T+0 随时赎回。理财非存款，产品有风险，投资须谨慎。
C000400,2,P023,app_push,工作日18:00-21:00,专属推荐：固定期限023号（R5·固定期限），业绩比较基准9.8%，灵活存续，1000元起投，T+1 次日赎回。理财非存款，产品有风险，投资须谨慎。
C000400,3,P004,app_push,周末14:00-18:00,专属推荐：现金管理004号（R5·现金管理），业绩比较基准8.6%，灵活存续，1000元起投，封闭运作。理财非存款，产品有风险，投资须谨慎。
C000401,1,P012,app_push,工作日12:00-14:00,专属推荐：混合012号（R2·混合），业绩比较基准3.7%，90天，10000元起投，T+1 次日赎回。理财非存款，产品有风险，投资须谨慎。
C000401,2,P026,app_push,周末14:00-18:00,专属推荐：混合026号（R2·混合），业绩比较基准3.1%，180天，1000元起投，T+1 次日赎回。理财非存款，产品有风险，投资须谨慎。
C000401,3,P013,app_push,工作日18:00-21:00,专属推荐：定开013号（R2·定开），业绩比较基准3.5%，灵活存续，10000元起投，T+0 随时赎回。理财非存款，产品有风险，投资须谨慎。
C000405,1,P011,call,工作日09:00-12:00,您好，我是您的专属理财顾问，为您介绍：固定期限011号（R2·固定期限），业绩比较基准3.3%，90天，10000元起投，T+0 随时赎回。理财非存款，产品有风险，投资须谨慎。
C000405,2,P012,call,工作日12:00-14:00,您好，我是您的专属理财顾问，为您介绍：混合012号（R2·混合），业绩比较基准3.7%，90天，10000元起投，T+1 次日赎回。理财非存款，产品有风险，投资须谨慎。
C000405,3,P009,call,周末09:00-12:00,您好，我是您的专属理财顾问，为您介绍：现金管理009号（R2·现金管理），业绩比较基准4.0%，730天，50000元起投，T+0 随时赎回。理财非存款，产品有风险，投资须谨慎。
C000408,1,P025,app_push,工作日09:00-12:00,专属推荐：定开025号（R3·定开），业绩比较基准5.2%，366天，1000元起投，T+0 随时赎回。理财非存款，产品有风险，投资须谨慎。
C000408,2,P024,app_push,工作日12:00-14:00,专属推荐：定开024号（R3·定开），业绩比较基准4.7%，90天，1000元起投，T+1 次日赎回。理财非存款，产品有风险，投资须谨慎。
C000408,3,P006,app_push,周末09:00-12:00,专属推荐：混合006号（R3·混合），业绩比较基准5.1%，灵活存续，50000元起投，T+1 次日赎回。理财非存款，产品有风险，投资须谨慎。
C000411,1,P025,call,工作日09:00-12:00,您好，我是您的专属理财顾问，为您介绍：定开025号（R3·定开），业绩比较基准5.2%，366天，1000元起投，T+0 随时赎回。理财非存款，产品有风险，投资须谨慎。
C000411,2,P024,call,工作日12:00-14:00,您好，我是您的专属理财顾问，为您介绍：定开024号（R3·定开），业绩比较基准4.7%，90天，1000元起投，T+1 次日赎回。理财非存款，产品有风险，投资须谨慎。
C000411,3,P008,call,周末09:00-12:00,您好，我是您的专属理财顾问，为您介绍：定开008号（R3·定开），业绩比较基准5.1%，366天，10000元起投，封闭运作。理财非存款，产品有风险，投资须谨慎。
C000415,1,P014,manager,工作日18:00-21:00,钻石贵宾专享：混合014号（R1·混合），业绩比较基准2.3%，90天，10000元起投，T+1 次日赎回，可为您预约专属认购。理财非存款，产品有风险，投资须谨慎。
C000415,2,P011,manager,周末14:00-18:00,钻石贵宾专享：固定期限011号（R2·固定期限），业绩比较基准3.3%，90天，10000元起投，T+0 随时赎回，可为您预约专属认购。该产品风险等级高于您的风险偏好，请谨慎选择。理财非存款，产品有风险，投资须谨慎。
C000415,3,P013,manager,周末09:00-12:00,钻石贵宾专享：定开013号（R2·定开），业绩比较基准3.5%，灵活存续，10000元起投，T+0 随时赎回，可为您预约专属认购。该产品风险等级高于您的风险偏好，请谨慎选择。理财非存款，产品有风险，投资须谨慎。
C000432,1,P014,app_push,工作日09:00-12:00,专属推荐：混合014号（R1·混合），业绩比较基准2.3%，90天，10000元起投，T+1 次日赎回。理财非存款，产品有风险，投资须谨慎。
C000432,2,P026,app_push,工作日12:00-14:00,专属推荐：混合026号（R2·混合），业绩比较基准3.1%，180天，1000元起投，T+1 次日赎回。该产品风险等级高于您的风险偏好，请谨慎选择。理财非存款，产品有风险，投资须谨慎。
C000432,3,P019,app_push,工作日18:00-21:00,专属推荐：定开019号（R2·定开），业绩比较基准3.3%，灵活存续，1000元起投，T+0 随时赎回。该产品风险等级高于您的风险偏好，请谨慎选择。理财非存款，产品有风险，投资须谨慎。
C000433,1,P013,app_push,工作日09:00-12:00,专属推荐：定开013号（R2·定开），业绩比较基准3.5%，灵活存续，10000元起投，T+0 随时赎回。理财非存款，产品有风险，投资须谨慎。
C000433,2,P022,app_push,工作日12:00-14:00,专属推荐：定开022号（R2·定开），业绩比较基准3.0%，730天，10000元起投，T+1 次日赎回。理财非存款，产品有风险，投资须谨慎。
C000433,3,P025,app_push,工作日18:00-21:00,专属推荐：定开025号（R3·定开），业绩比较基准5.2%，366天，1000元起投，T+0 随时赎回。该产品风险等级高于您的风险偏好，请谨慎选择。理财非存款，产品有风险，投资须谨慎。
C000434,1,P029,app_push,工作日09:00-12:00,专属推荐：固定期限029号（R4·固定期限），业绩比较基准7.8%，灵活存续，10000元起投，封闭运作。理财非存款，产品有风险，投资须谨慎。
C000434,2,P002,app_push,工作日18:00-21:00,专属推荐：固定期限002号（R5·固定期限），业绩比较基准11.3%，366天，1000元起投，T+0 随时赎回。该产品风险等级高于您的风险偏好，请谨慎选择。理财非存款，产品有风险，投资须谨慎。
C000434,3,P023,app_push,周末14:00-18:00,专属推荐：固定期限023号（R5·固定期限），业绩比较基准9.8%，灵活存续，1000元起投，T+1 次日赎回。该产品风险等级高于您的风险偏好，请谨慎选择。理财非存款，产品有风险，投资须谨慎。
C000444,1,P029,app_push,工作日12:00-14:00,专属推荐：固定期限029号（R4·固定期限），业绩比较基准7.8%，灵活存续，10000元起投，封闭运作。该产品风险等级高于您的风险偏好，请谨慎选择。理财非存款，产品有风险，投资须谨慎。
C000444,2,P011,app_push,周末14:00-18:00,专属推荐：固定期限011号（R2·固定期限），业绩比较基准3.3%，90天，10000元起投，T+0 随时赎回。理财非存款，产品有风险，投资须谨慎。
C000444,3,P025,app_push,工作日18:00-21:00,专属推荐：定开025号（R3·定开），业绩比较基准5.2%，366天，1000元起投，T+0 随时赎回。理财非存款，产品有风险，投资须谨慎。
C000446,1,P019,app_push,工作日12:00-14:00,专属推荐：定开019号（R2·定开），业绩比较基准3.3%，灵活存续，1000元起投，T+0 随时赎回。该产品风险等级高于您的风险偏好，请谨慎选择。理财非存款，产品有风险，投资须谨慎。
C000446,2,P026,app_push,工作日18:00-21:00,专属推荐：混合026号（R2·混合），业绩比较基准3.1%，180天，1000元起投，T+1 次日赎回。该产品风险等级高于您的风险偏好，请谨慎选择。理财非存款，产品有风险，投资须谨慎。
C000446,3,P030,app_push,周末14:00-18:00,专属推荐：固定期限030号（R2·固定期限），业绩比较基准3.1%，730天，1000元起投，T+0 随时赎回。该产品风险等级高于您的风险偏好，请谨慎选择。理财非存款，产品有风险，投资须谨慎。
C000450,1,P009,call,工作日18:00-21:00,您好，我是您的专属理财顾问，为您介绍：现金管理009号（R2·现金管理），业绩比较基准4.0%，730天，50000元起投，T+0 随时赎回。理财非存款，产品有风险，投资须谨慎。
C000450,2,P022,call,周末14:00-18:00,您好，我是您的专属理财顾问，为您介绍：定开022号（R2·定开），业绩比较基准3.0%，730天，10000元起投，T+1 次日赎回。理财非存款，产品有风险，投资须谨慎。
C000450,3,P013,call,周末09:00-12:00,您好，我是您的专属理财顾问，为您介绍：定开013号（R2·定开），业绩比较基准3.5%，灵活存续，10000元起投，T+0 随时赎回。理财非存款，产品有风险，投资须谨慎。
C000453,1,P030,app_push,工作日12:00-14:00,专属推荐：固定期限030号（R2·固定期限），业绩比较基准3.1%，730天，1000元起投，T+0 随时赎回。该产品风险等级高于您的风险偏好，请谨慎选择。理财非存款，产品有风险，投资须谨慎。
C000453,2,P026,app_push,周末14:00-18:00,专属推荐：混合026号（R2·混合），业绩比较基准3.1%，180天，1000元起投，T+1 次日赎回。该产品风险等级高于您的风险偏好，请谨慎选择。理财非存款，产品有风险，投资须谨慎。
C000453,3,P019,app_push,工作日18:00-21:00,专属推荐：定开019号（R2·定开），业绩比较基准3.3%，灵活存续，1000元起投，T+0 随时赎回。该产品风险等级高于您的风险偏好，请谨慎选择。理财非存款，产品有风险，投资须谨慎。
C000456,1,P025,call,工作日18:00-21:00,您好，我是您的专属理财顾问，为您介绍：定开025号（R3·定开），业绩比较基准5.2%，366天，1000元起投，T+0 随时赎回。理财非存款，产品有风险，投资须谨慎。
C000456,2,P024,call,周末09:00-12:00,您好，我是您的专属理财顾问，为您介绍：定开024号（R3·定开），业绩比较基准4.7%，90天，1000元起投，T+1 次日赎回。理财非存款，产品有风险，投资须谨慎。
C000456,3,P017,call,周末14:00-18:00,您好，我是您的专属理财顾问，为您介绍：现金管理017号（R3·现金管理），业绩比较基准4.3%，180天，1000元起投，T+1 次日赎回。理财非存款，产品有风险，投资须谨慎。
C000459,1,P029,app_push,工作日09:00-12:00,专属推荐：固定期限029号（R4·固定期限），业绩比较基准7.8%，灵活存续，10000元起投，封闭运作。理财非存款，产品有风险，投资须谨慎。
C000459,2,P002,app_push,工作日18:00-21:00,专属推荐：固定期限002号（R5·固定期限），业绩比较基准11.3%，366天，1000元起投，T+0 随时赎回。该产品风险等级高于您的风险偏好，请谨慎选择。理财非存款，产品有风险，投资须谨慎。
C000459,3,P023,app_push,周末09:00-12:00,专属推荐：固定期限023号（R5·固定期限），业绩比较基准9.8%，灵活存续，1000元起投，T+1 次日赎回。该产品风险等级高于您的风险偏好，请谨慎选择。理财非存款，产品有风险，投资须谨慎。
C000464,1,P011,app_push,工作日18:00-21:00,专属推荐：固定期限011号（R2·固定期限），业绩比较基准3.3%，90天，10000元起投，T+0 随时赎回。理财非存款，产品有风险，投资须谨慎。
C000464,2,P009,app_push,周末14:00-18:00,专属推荐：现金管理009号（R2·现金管理），业绩比较基准4.0%，730天，50000元起投，T+0 随时赎回。理财非存款，产品有风险，投资须谨慎。
C000464,3,P030,app_push,周末09:00-12:00,专属推荐：固定期限030号（R2·固定期限），业绩比较基准3.1%，730天，1000元起投，T+0 随时赎回。理财非存款，产品有风险，投资须谨慎。
C000469,1,P029,call,工作日09:00-12:00,您好，我是您的专属理财顾问，为您介绍：固定期限029号（R4·固定期限），业绩比较基准7.8%，灵活存续，10000元起投，封闭运作。理财非存款，产品有风险，投资须谨慎。
C000469,2,P008,call,工作日12:00-14:00,您好，我是您的专属理财顾问，为您介绍：定开008号（R3·定开），业绩比较基准5.1%，366天，10000元起投，封闭运作。理财非存款，产品有风险，投资须谨慎。
C000469,3,P025,call,工作日18:00-21:00,您好，我是您的专属理财顾问，为您介绍：定开025号（R3·定开），业绩比较基准5.2%，366天，1000元起投，T+0 随时赎回。理财非存款，产品有风险，投资须谨慎。
C000483,1,P006,app_push,工作日09:00-12:00,专属推荐：混合006号（R3·混合），业绩比较基准5.1%，灵活存续，50000元起投，T+1 次日赎回。理财非存款，产品有风险，投资须谨慎。
C000483,2,P025,app_push,工作日12:00-14:00,专属推荐：定开025号（R3·定开），业绩比较基准5.2%，366天，1000元起投，T+0 随时赎回。理财非存款，产品有风险，投资须谨慎。
C000483,3,P001,app_push,周末09:00-12:00,专属推荐：混合001号（R3·混合），业绩比较基准5.5%，730天，50000元起投，封闭运作。理财非存款，产品有风险，投资须谨慎。
C000485,1,P029,app_push,工作日09:00-12:00,专属推荐：固定期限029号（R4·固定期限），业绩比较基准7.8%，灵活存续，10000元起投，封闭运作。理财非存款，产品有风险，投资须谨慎。
C000485,2,P002,app_push,工作日12:00-14:00,专属推荐：固定期限002号（R5·固定期限），业绩比较基准11.3%，366天，1000元起投，T+0 随时赎回。该产品风险等级高于您的风险偏好，请谨慎选择。理财非存款，产品有风险，投资须谨慎。
C000485,3,P023,app_push,工作日18:00-21:00,专属推荐：固定期限023号（R5·固定期限），业绩比较基准9.8%，灵活存续，1000元起投，T+1 次日赎回。该产品风险等级高于您的风险偏好，请谨慎选择。理财非存款，产品有风险，投资须谨慎。
C000486,1,P030,app_push,工作日18:00-21:00,专属推荐：固定期限030号（R2·固定期限），业绩比较基准3.1%，730天，1000元起投，T+0 随时赎回。理财非存款，产品有风险，投资须谨慎。
C000486,2,P028,app_push,周末09:00-12:00,专属推荐：定开028号（R2·定开），业绩比较基准3.6%，366天，100000元起投，T+1 次日赎回。理财非存款，产品有风险，投资须谨慎。
C000486,3,P018,app_push,周末14:00-18:00,专属推荐：现金管理018号（R2·现金管理），业绩比较基准3.6%，730天，10000元起投，T+0 随时赎回。理财非存款，产品有风险，投资须谨慎。
C000489,1,P006,manager,工作日09:00-12:00,钻石贵宾专享：混合006号（R3·混合），业绩比较基准5.1%，灵活存续，50000元起投，T+1 次日赎回，可为您预约专属认购。理财非存款，产品有风险，投资须谨慎。
C000489,2,P001,manager,工作日12:00-14:00,钻石贵宾专享：混合001号（R3·混合），业绩比较基准5.5%，730天，50000元起投，封闭运作，可为您预约专属认购。理财非存款，产品有风险，投资须谨慎。
C000489,3,P008,manager,工作日18:00-21:00,钻石贵宾专享：定开008号（R3·定开），业绩比较基准5.1%，366天，10000元起投，封闭运作，可为您预约专属认购。理财非存款，产品有风险，投资须谨慎。
C000493,1,P014,app_push,工作日09:00-12:00,专属推荐：混合014号（R1·混合），业绩比较基准2.3%，90天，10000元起投，T+1 次日赎回。理财非存款，产品有风险，投资须谨慎。
C000493,2,P012,app_push,工作日12:00-14:00,专属推荐：混合012号（R2·混合），业绩比较基准3.7%，90天，10000元起投，T+1 次日赎回。该产品风险等级高于您的风险偏好，请谨慎选择。理财非存款，产品有风险，投资须谨慎。
C000493,3,P011,app_push,工作日18:00-21:00,专属推荐：固定期限011号（R2·固定期限），业绩比较基准3.3%，90天，10000元起投，T+0 随时赎回。该产品风险等级高于您的风险偏好，请谨慎选择。理财非存款，产品有风险，投资须谨慎。
C000495,1,P020,app_push,工作日09:00-12:00,专属推荐：现金管理020号（R2·现金管理），业绩比较基准3.6%，366天，10000元起投，T+1 次日赎回。理财非存款，产品有风险，投资须谨慎。
C000495,2,P013,app_push,工作日18:00-21:00,专属推荐：定开013号（R2·定开），业绩比较基准3.5%，灵活存续，10000元起投，T+0 随时赎回。理财非存款，产品有风险，投资须谨慎。
C000495,3,P022,app_push,周末14:00-18:00,专属推荐：定开022号（R2·定开），业绩比较基准3.0%，730天，10000元起投，T+1 次日赎回。理财非存款，产品有风险，投资须谨慎。
C000506,1,P019,app_push,工作日09:00-12:00,专属推荐：定开019号（R2·定开），业绩比较基准3.3%，灵活存续，1000元起投，T+0 随时赎回。该产品风险等级高于您的风险偏好，请谨慎选择。理财非存款，产品有风险，投资须谨慎。
C000506,2,P026,app_push,工作日12:00-14:00,专属推荐：混合026号（R2·混合），业绩比较基准3.1%，180天，1000元起投，T+1 次日赎回。该产品风险等级高于您的风险偏好，请谨慎选择。理财非存款，产品有风险，投资须谨慎。
C000506,3,P030,app_push,周末09:00-12:00,专属推荐：固定期限030号（R2·固定期限），业绩比较基准3.1%，730天，1000元起投，T+0 随时赎回。该产品风险等级高于您的风险偏好，请谨慎选择。理财非存款，产品有风险，投资须谨慎。
C000517,1,P025,call,工作日09:00-12:00,您好，我是您的专属理财顾问，为您介绍：定开025号（R3·定开），业绩比较基准5.2%，366天，1000元起投，T+0 随时赎回。理财非存款，产品有风险，投资须谨慎。
C000517,2,P024,call,工作日12:00-14:00,您好，我是您的专属理财顾问，为您介绍：定开024号（R3·定开），业绩比较基准4.7%，90天，1000元起投，T+1 次日赎回。理财非存款，产品有风险，投资须谨慎。
C000517,3,P019,call,周末09:00-12:00,您好，我是您的专属理财顾问，为您介绍：定开019号（R2·定开），业绩比较基准3.3%，灵活存续，1000元起投，T+0 随时赎回。理财非存款，产品有风险，投资须谨慎。
C000520,1,P026,app_push,工作日09:00-12:00,专属推荐：混合026号（R2·混合），业绩比较基准3.1%，180天，1000元起投，T+1 次日赎回。该产品风险等级高于您的风险偏好，请谨慎选择。理财非存款，产品有风险，投资须谨慎。
C000520,2,P019,app_push,工作日18:00-21:00,专属推荐：定开019号（R2·定开），业绩比较基准3.3%，灵活存续，1000元起投，T+0 随时赎回。该产品风险等级高于您的风险偏好，请谨慎选择。理财非存款，产品有风险，投资须谨慎。
C000520,3,P030,app_push,周末09:00-12:00,专属推荐：固定期限030号（R2·固定期限），业绩比较基准3.1%，730天，1000元起投，T+0 随时赎回。该产品风险等级高于您的风险偏好，请谨慎选择。理财非存款，产品有风险，投资须谨慎。
C000521,1,P014,call,工作日09:00-12:00,您好，我是您的专属理财顾问，为您介绍：混合014号（R1·混合），业绩比较基准2.3%，90天，10000元起投，T+1 次日赎回。理财非存款，产品有风险，投资须谨慎。
C000521,2,P026,call,工作日12:00-14:00,您好，我是您的专属理财顾问，为您介绍：混合026号（R2·混合），业绩比较基准3.1%，180天，1000元起投，T+1 次日赎回。该产品风险等级高于您的风险偏好，请谨慎选择。理财非存款，产品有风险，投资须谨慎。
C000521,3,P019,call,工作日18:00-21:00,您好，我是您的专属理财顾问，为您介绍：定开019号（R2·定开），业绩比较基准3.3%，灵活存续，1000元起投，T+0 随时赎回。该产品风险等级高于您的风险偏好，请谨慎选择。理财非存款，产品有风险，投资须谨慎。
C000526,1,P014,call,工作日09:00-12:00,您好，我是您的专属理财顾问，为您介绍：混合014号（R1·混合），业绩比较基准2.3%，90天，10000元起投，T+1 次日赎回。理财非存款，产品有风险，投资须谨慎。
C000526,2,P010,call,工作日12:00-14:00,您好，我是您的专属理财顾问，为您介绍：现金管理010号（R1·现金管理），业绩比较基准2.8%，366天，50000元起投，T+0 随时赎回。理财非存款，产品有风险，投资须谨慎。
C000526,3,P012,call,工作日18:00-21:00,您好，我是您的专属理财顾问，为您介绍：混合012号（R2·混合），业绩比较基准3.7%，90天，10000元起投，T+1 次日赎回。该产品风险等级高于您的风险偏好，请谨慎选择。理财非存款，产品有风险，投资须谨慎。
C000528,1,P012,app_push,工作日09:00-12:00,专属推荐：混合012号（R2·混合），业绩比较基准3.7%，90天，10000元起投，T+1 次日赎回。理财非存款，产品有风险，投资须谨慎。
C000528,2,P011,app_push,工作日12:00-14:00,专属推荐：固定期限011号（R2·固定期限），业绩比较基准3.3%，90天，10000元起投，T+0 随时赎回。理财非存款，产品有风险，投资须谨慎。
C000528,3,P026,app_push,工作日18:00-21:00,专属推荐：混合026号（R2·混合），业绩比较基准3.1%，180天，1000元起投，T+1 次日赎回。理财非存款，产品有风险，投资须谨慎。
C000536,1,P017,call,工作日12:00-14:00,您好，我是您的专属理财顾问，为您介绍：现金管理017号（R3·现金管理），业绩比较基准4.3%，180天，1000元起投，T+1 次日赎回。理财非存款，产品有风险，投资须谨慎。
C000536,2,P025,call,工作日18:00-21:00,您好，我是您的专属理财顾问，为您介绍：定开025号（R3·定开），业绩比较基准5.2%，366天，1000元起投，T+0 随时赎回。理财非存款，产品有风险，投资须谨慎。
C000536,3,P024,call,周末14:00-18:00,您好，我是您的专属理财顾问，为您介绍：定开024号（R3·定开），业绩比较基准4.7%，90天，1000元起投，T+1 次日赎回。理财非存款，产品有风险，投资须谨慎。
C000537,1,P026,app_push,工作日09:00-12:00,专属推荐：混合026号（R2·混合），业绩比较基准3.1%，180天，1000元起投，T+1 次日赎回。该产品风险等级高于您的风险偏好，请谨慎选择。理财非存款，产品有风险，投资须谨慎。
C000537,2,P019,app_push,工作日12:00-14:00,专属推荐：定开019号（R2·定开），业绩比较基准3.3%，灵活存续，1000元起投，T+0 随时赎回。该产品风险等级高于您的风险偏好，请谨慎选择。理财非存款，产品有风险，投资须谨慎。
C000537,3,P030,app_push,周末09:00-12:00,专属推荐：固定期限030号（R2·固定期限），业绩比较基准3.1%，730天，1000元起投，T+0 随时赎回。该产品风险等级高于您的风险偏好，请谨慎选择。理财非存款，产品有风险，投资须谨慎。
C000541,1,P002,call,工作日09:00-12:00,您好，我是您的专属理财顾问，为您介绍：固定期限002号（R5·固定期限），业绩比较基准11.3%，366天，1000元起投，T+0 随时赎回。该产品风险等级高于您的风险偏好，请谨慎选择。理财非存款，产品有风险，投资须谨慎。
C000541,2,P023,call,工作日18:00-21:00,您好，我是您的专属理财顾问，为您介绍：固定期限023号（R5·固定期限），业绩比较基准9.8%，灵活存续，1000元起投，T+1 次日赎回。该产品风险等级高于您的风险偏好，请谨慎选择。理财非存款，产品有风险，投资须谨慎。
C000541,3,P029,call,周末14:00-18:00,您好，我是您的专属理财顾问，为您介绍：固定期限029号（R4·固定期限），业绩比较基准7.8%，灵活存续，10000元起投，封闭运作。理财非存款，产品有风险，投资须谨慎。
C000543,1,P025,app_push,工作日09:00-12:00,专属推荐：定开025号（R3·定开），业绩比较基准5.2%，366天，1000元起投，T+0 随时赎回。理财非存款，产品有风险，投资须谨慎。
C000543,2,P024,app_push,工作日12:00-14:00,专属推荐：定开024号（R3·定开），业绩比较基准4.7%，90天，1000元起投，T+1 次日赎回。理财非存款，产品有风险，投资须谨慎。
C000543,3,P017,app_push,周末09:00-12:00,专属推荐：现金管理017号（R3·现金管理），业绩比较基准4.3%，180天，1000元起投，T+1 次日赎回。理财非存款，产品有风险，投资须谨慎。
C000544,1,P024,manager,工作日09:00-12:00,金卡贵宾专享：定开024号（R3·定开），业绩比较基准4.7%，90天，1000元起投，T+1 次日赎回，可为您预约专属认购。理财非存款，产品有风险，投资须谨慎。
C000544,2,P025,manager,工作日18:00-21:00,金卡贵宾专享：定开025号（R3·定开），业绩比较基准5.2%，366天，1000元起投，T+0 随时赎回，可为您预约专属认购。理财非存款，产品有风险，投资须谨慎。
C000544,3,P008,manager,周末14:00-18:00,金卡贵宾专享：定开008号（R3·定开），业绩比较基准5.1%，366天，10000元起投，封闭运作，可为您预约专属认购。理财非存款，产品有风险，投资须谨慎。
C000546,1,P025,app_push,工作日09:00-12:00,专属推荐：定开025号（R3·定开），业绩比较基准5.2%，366天，1000元起投，T+0 随时赎回。理财非存款，产品有风险，投资须谨慎。
C000546,2,P024,app_push,工作日12:00-14:00,专属推荐：定开024号（R3·定开），业绩比较基准4.7%，90天，1000元起投，T+1 次日赎回。理财非存款，产品有风险，投资须谨慎。
C000546,3,P017,app_push,工作日18:00-21:00,专属推荐：现金管理017号（R3·现金管理），业绩比较基准4.3%，180天，1000元起投，T+1 次日赎回。理财非存款，产品有风险，投资须谨慎。
C000556,1,P017,app_push,工作日09:00-12:00,专属推荐：现金管理017号（R3·现金管理），业绩比较基准4.3%，180天，1000元起投，T+1 次日赎回。理财非存款，产品有风险，投资须谨慎。
C000556,2,P025,app_push,工作日12:00-14:00,专属推荐：定开025号（R3·定开），业绩比较基准5.2%，366天，1000元起投，T+0 随时赎回。理财非存款，产品有风险，投资须谨慎。
C000556,3,P024,app_push,工作日18:00-21:00,专属推荐：定开024号（R3·定开），业绩比较基准4.7%，90天，1000元起投，T+1 次日赎回。理财非存款，产品有风险，投资须谨慎。
C000563,1,P006,app_push,工作日09:00-12:00,专属推荐：混合006号（R3·混合），业绩比较基准5.1%，灵活存续，50000元起投，T+1 次日赎回。理财非存款，产品有风险，投资须谨慎。
C000563,2,P025,app_push,工作日12:00-14:00,专属推荐：定开025号（R3·定开），业绩比较基准5.2%，366天，1000元起投，T+0 随时赎回。理财非存款，产品有风险，投资须谨慎。
C000563,3,P024,app_push,周末09:00-12:00,专属推荐：定开024号（R3·定开），业绩比较基准4.7%，90天，1000元起投，T+1 次日赎回。理财非存款，产品有风险，投资须谨慎。
C000565,1,P014,manager,工作日12:00-14:00,金卡贵宾专享：混合014号（R1·混合），业绩比较基准2.3%，90天，10000元起投，T+1 次日赎回，可为您预约专属认购。理财非存款，产品有风险，投资须谨慎。
C000565,2,P012,manager,工作日18:00-21:00,金卡贵宾专享：混合012号（R2·混合），业绩比较基准3.7%，90天，10000元起投，T+1 次日赎回，可为您预约专属认购。该产品风险等级高于您的风险偏好，请谨慎选择。理财非存款，产品有风险，投资须谨慎。
C000565,3,P011,manager,周末14:00-18:00,金卡贵宾专享：固定期限011号（R2·固定期限），业绩比较基准3.3%，90天，10000元起投，T+0 随时赎回，可为您预约专属认购。该产品风险等级高于您的风险偏好，请谨慎选择。理财非存款，产品有风险，投资须谨慎。
C000567,1,P012,app_push,工作日09:00-12:00,专属推荐：混合012号（R2·混合），业绩比较基准3.7%，90天，10000元起投，T+1 次日赎回。理财非存款，产品有风险，投资须谨慎。
C000567,2,P026,app_push,工作日12:00-14:00,专属推荐：混合026号（R2·混合），业绩比较基准3.1%，180天，1000元起投，T+1 次日赎回。理财非存款，产品有风险，投资须谨慎。
C000567,3,P011,app_push,周末09:00-12:00,专属推荐：固定期限011号（R2·固定期限），业绩比较基准3.3%，90天，10000元起投，T+0 随时赎回。理财非存款，产品有风险，投资须谨慎。
C000569,1,P030,app_push,工作日18:00-21:00,专属推荐：固定期限030号（R2·固定期限），业绩比较基准3.1%，730天，1000元起投，T+0 随时赎回。该产品风险等级高于您的风险偏好，请谨慎选择。理财非存款，产品有风险，投资须谨慎。
C000569,2,P011,app_push,周末14:00-18:00,专属推荐：固定期限011号（R2·固定期限），业绩比较基准3.3%，90天，10000元起投，T+0 随时赎回。该产品风险等级高于您的风险偏好，请谨慎选择。理财非存款，产品有风险，投资须谨慎。
C000569,3,P014,app_push,周末09:00-12:00,专属推荐：混合014号（R1·混合），业绩比较基准2.3%，90天，10000元起投，T+1 次日赎回。理财非存款，产品有风险，投资须谨慎。
C000571,1,P025,app_push,工作日12:00-14:00,专属推荐：定开025号（R3·定开），业绩比较基准5.2%，366天，1000元起投，T+0 随时赎回。理财非存款，产品有风险，投资须谨慎。
C000571,2,P008,app_push,周末14:00-18:00,专属推荐：定开008号（R3·定开），业绩比较基准5.1%，366天，10000元起投，封闭运作。理财非存款，产品有风险，投资须谨慎。
C000571,3,P024,app_push,工作日18:00-21:00,专属推荐：定开024号（R3·定开），业绩比较基准4.7%，90天，1000元起投，T+1 次日赎回。理财非存款，产品有风险，投资须谨慎。
C000579,1,P014,app_push,工作日09:00-12:00,专属推荐：混合014号（R1·混合），业绩比较基准2.3%，90天，10000元起投，T+1 次日赎回。理财非存款，产品有风险，投资须谨慎。
C000579,2,P012,app_push,工作日12:00-14:00,专属推荐：混合012号（R2·混合），业绩比较基准3.7%，90天，10000元起投，T+1 次日赎回。该产品风险等级高于您的风险偏好，请谨慎选择。理财非存款，产品有风险，投资须谨慎。
C000579,3,P011,app_push,工作日18:00-21:00,专属推荐：固定期限011号（R2·固定期限），业绩比较基准3.3%，90天，10000元起投，T+0 随时赎回。该产品风险等级高于您的风险偏好，请谨慎选择。理财非存款，产品有风险，投资须谨慎。
C000583,1,P018,manager,工作日12:00-14:00,钻石贵宾专享：现金管理018号（R2·现金管理），业绩比较基准3.6%，730天，10000元起投，T+0 随时赎回，可为您预约专属认购。该产品风险等级高于您的风险偏好，请谨慎选择。理财非存款，产品有风险，投资须谨慎。
C000583,2,P020,manager,周末14:00-18:00,钻石贵宾专享：现金管理020号（R2·现金管理），业绩比较基准3.6%，366天，10000元起投，T+1 次日赎回，可为您预约专属认购。该产品风险等级高于您的风险偏好，请谨慎选择。理财非存款，产品有风险，投资须谨慎。
C000583,3,P014,manager,工作日18:00-21:00,钻石贵宾专享：混合014号（R1·混合），业绩比较基准2.3%，90天，10000元起投，T+1 次日赎回，可为您预约专属认购。理财非存款，产品有风险，投资须谨慎。
C000588,1,P018,app_push,工作日12:00-14:00,专属推荐：现金管理018号（R2·现金管理），业绩比较基准3.6%，730天，10000元起投，T+0 随时赎回。该产品风险等级高于您的风险偏好，请谨慎选择。理财非存款，产品有风险，投资须谨慎。
C000588,2,P020,app_push,周末14:00-18:00,专属推荐：现金管理020号（R2·现金管理），业绩比较基准3.6%，366天，10000元起投，T+1 次日赎回。该产品风险等级高于您的风险偏好，请谨慎选择。理财非存款，产品有风险，投资须谨慎。
C000588,3,P010,app_push,工作日18:00-21:00,专属推荐：现金管理010号（R1·现金管理），业绩比较基准2.8%，366天，50000元起投，T+0 随时赎回。理财非存款，产品有风险，投资须谨慎。
C000591,1,P029,call,工作日09:00-12:00,您好，我是您的专属理财顾问，为您介绍：固定期限029号（R4·固定期限），业绩比较基准7.8%，灵活存续，10000元起投，封闭运作。理财非存款，产品有风险，投资须谨慎。
C000591,2,P002,call,工作日12:00-14:00,您好，我是您的专属理财顾问，为您介绍：固定期限002号（R5·固定期限），业绩比较基准11.3%，366天，1000元起投，T+0 随时赎回。该产品风险等级高于您的风险偏好，请谨慎选择。理财非存款，产品有风险，投资须谨慎。
C000591,3,P023,call,工作日18:00-21:00,您好，我是您的专属理财顾问，为您介绍：固定期限023号（R5·固定期限），业绩比较基准9.8%，灵活存续，1000元起投，T+1 次日赎回。该产品风险等级高于您的风险偏好，请谨慎选择。理财非存款，产品有风险，投资须谨慎。
C000592,1,P026,app_push,工作日12:00-14:00,专属推荐：混合026号（R2·混合），业绩比较基准3.1%，180天，1000元起投，T+1 次日赎回。理财非存款，产品有风险，投资须谨慎。
C000592,2,P019,app_push,周末14:00-18:00,专属推荐：定开019号（R2·定开），业绩比较基准3.3%，灵活存续，1000元起投，T+0 随时赎回。理财非存款，产品有风险，投资须谨慎。
C000592,3,P030,app_push,工作日18:00-21:00,专属推荐：固定期限030号（R2·固定期限），业绩比较基准3.1%，730天，1000元起投，T+0 随时赎回。理财非存款，产品有风险，投资须谨慎。
C000593,1,P011,app_push,工作日18:00-21:00,专属推荐：固定期限011号（R2·固定期限），业绩比较基准3.3%，90天，10000元起投，T+0 随时赎回。该产品风险等级高于您的风险偏好，请谨慎选择。理财非存款，产品有风险，投资须谨慎。
C000593,2,P030,app_push,周末09:00-12:00,专属推荐：固定期限030号（R2·固定期限），业绩比较基准3.1%，730天，1000元起投，T+0 随时赎回。该产品风险等级高于您的风险偏好，请谨慎选择。理财非存款，产品有风险，投资须谨慎。
C000593,3,P014,app_push,周末14:00-18:00,专属推荐：混合014号（R1·混合），业绩比较基准2.3%，90天，10000元起投，T+1 次日赎回。理财非存款，产品有风险，投资须谨慎。
C000600,1,P019,app_push,工作日18:00-21:00,专属推荐：定开019号（R2·定开），业绩比较基准3.3%，灵活存续，1000元起投，T+0 随时赎回。该产品风险等级高于您的风险偏好，请谨慎选择。理财非存款，产品有风险，投资须谨慎。
C000600,2,P013,app_push,周末09:00-12:00,专属推荐：定开013号（R2·定开），业绩比较基准3.5%，灵活存续，10000元起投，T+0 随时赎回。该产品风险等级高于您的风险偏好，请谨慎选择。理财非存款，产品有风险，投资须谨慎。
C000600,3,P022,app_push,周末14:00-18:00,专属推荐：定开022号（R2·定开），业绩比较基准3.0%，730天，10000元起投，T+1 次日赎回。该产品风险等级高于您的风险偏好，请谨慎选择。理财非存款，产品有风险，投资须谨慎。
C000602,1,P025,app_push,工作日09:00-12:00,专属推荐：定开025号（R3·定开），业绩比较基准5.2%，366天，1000元起投，T+0 随时赎回。理财非存款，产品有风险，投资须谨慎。
C000602,2,P024,app_push,工作日12:00-14:00,专属推荐：定开024号（R3·定开），业绩比较基准4.7%，90天，1000元起投，T+1 次日赎回。理财非存款，产品有风险，投资须谨慎。
C000602,3,P019,app_push,工作日18:00-21:00,专属推荐：定开019号（R2·定开），业绩比较基准3.3%，灵活存续，1000元起投，T+0 随时赎回。理财非存款，产品有风险，投资须谨慎。
C000603,1,P019,app_push,工作日09:00-12:00,专属推荐：定开019号（R2·定开），业绩比较基准3.3%，灵活存续，1000元起投，T+0 随时赎回。该产品风险等级高于您的风险偏好，请谨慎选择。理财非存款，产品有风险，投资须谨慎。
C000603,2,P013,app_push,工作日18:00-21:00,专属推荐：定开013号（R2·定开），业绩比较基准3.5%，灵活存续，10000元起投，T+0 随时赎回。该产品风险等级高于您的风险偏好，请谨慎选择。理财非存款，产品有风险，投资须谨慎。
C000603,3,P022,app_push,周末14:00-18:00,专属推荐：定开022号（R2·定开），业绩比较基准3.0%，730天，10000元起投，T+1 次日赎回。该产品风险等级高于您的风险偏好，请谨慎选择。理财非存款，产品有风险，投资须谨慎。
C000604,1,P014,manager,工作日18:00-21:00,银卡贵宾专享：混合014号（R1·混合），业绩比较基准2.3%，90天，10000元起投，T+1 次日赎回，可为您预约专属认购。理财非存款，产品有风险，投资须谨慎。
C000604,2,P010,manager,周末14:00-18:00,银卡贵宾专享：现金管理010号（R1·现金管理），业绩比较基准2.8%，366天，50000元起投，T+0 随时赎回，可为您预约专属认购。理财非存款，产品有风险，投资须谨慎。
C000604,3,P012,manager,周末09:00-12:00,银卡贵宾专享：混合012号（R2·混合），业绩比较基准3.7%，90天，10000元起投，T+1 次日赎回，可为您预约专属认购。该产品风险等级高于您的风险偏好，请谨慎选择。理财非存款，产品有风险，投资须谨慎。
C000607,1,P026,call,工作日09:00-12:00,您好，我是您的专属理财顾问，为您介绍：混合026号（R2·混合），业绩比较基准3.1%，180天，1000元起投，T+1 次日赎回。理财非存款，产品有风险，投资须谨慎。
C000607,2,P019,call,工作日18:00-21:00,您好，我是您的专属理财顾问，为您介绍：定开019号（R2·定开），业绩比较基准3.3%，灵活存续，1000元起投，T+0 随时赎回。理财非存款，产品有风险，投资须谨慎。
C000607,3,P030,call,周末09:00-12:00,您好，我是您的专属理财顾问，为您介绍：固定期限030号（R2·固定期限），业绩比较基准3.1%，730天，1000元起投，T+0 随时赎回。理财非存款，产品有风险，投资须谨慎。
C000615,1,P014,call,工作日12:00-14:00,您好，我是您的专属理财顾问，为您介绍：混合014号（R1·混合），业绩比较基准2.3%，90天，10000元起投，T+1 次日赎回。理财非存款，产品有风险，投资须谨慎。
C000615,2,P026,call,周末14:00-18:00,您好，我是您的专属理财顾问，为您介绍：混合026号（R2·混合），业绩比较基准3.1%，180天，1000元起投，T+1 次日赎回。该产品风险等级高于您的风险偏好，请谨慎选择。理财非存款，产品有风险，投资须谨慎。
C000615,3,P019,call,工作日18:00-21:00,您好，我是您的专属理财顾问，为您介绍：定开019号（R2·定开），业绩比较基准3.3%，灵活存续，1000元起投，T+0 随时赎回。该产品风险等级高于您的风险偏好，请谨慎选择。理财非存款，产品有风险，投资须谨慎。
C000616,1,P018,app_push,工作日09:00-12:00,专属推荐：现金管理018号（R2·现金管理），业绩比较基准3.6%，730天，10000元起投，T+0 随时赎回。理财非存款，产品有风险，投资须谨慎。
C000616,2,P012,app_push,工作日12:00-14:00,专属推荐：混合012号（R2·混合），业绩比较基准3.7%，90天，10000元起投，T+1 次日赎回。理财非存款，产品有风险，投资须谨慎。
C000616,3,P026,app_push,工作日18:00-21:00,专属推荐：混合026号（R2·混合），业绩比较基准3.1%，180天，1000元起投，T+1 次日赎回。理财非存款，产品有风险，投资须谨慎。
C000618,1,P029,call,工作日12:00-14:00,您好，我是您的专属理财顾问，为您介绍：固定期限029号（R4·固定期限），业绩比较基准7.8%，灵活存续，10000元起投，封闭运作。理财非存款，产品有风险，投资须谨慎。
C000618,2,P002,call,周末14:00-18:00,您好，我是您的专属理财顾问，为您介绍：固定期限002号（R5·固定期限），业绩比较基准11.3%，366天，1000元起投，T+0 随时赎回。该产品风险等级高于您的风险偏好，请谨慎选择。理财非存款，产品有风险，投资须谨慎。
C000618,3,P023,call,工作日18:00-21:00,您好，我是您的专属理财顾问，为您介绍：固定期限023号（R5·固定期限），业绩比较基准9.8%，灵活存续，1000元起投，T+1 次日赎回。该产品风险等级高于您的风险偏好，请谨慎选择。理财非存款，产品有风险，投资须谨慎。
C000622,1,P002,app_push,工作日18:00-21:00,专属推荐：固定期限002号（R5·固定期限），业绩比较基准11.3%，366天，1000元起投，T+0 随时赎回。理财非存款，产品有风险，投资须谨慎。
C000622,2,P023,app_push,周末09:00-12:00,专属推荐：固定期限023号（R5·固定期限），业绩比较基准9.8%，灵活存续，1000元起投，T+1 次日赎回。理财非存款，产品有风险，投资须谨慎。
C000622,3,P004,app_push,周末14:00-18:00,专属推荐：现金管理004号（R5·现金管理），业绩比较基准8.6%，灵活存续，1000元起投，封闭运作。理财非存款，产品有风险，投资须谨慎。
C000634,1,P017,app_push,工作日18:00-21:00,专属推荐：现金管理017号（R3·现金管理），业绩比较基准4.3%，180天，1000元起投，T+1 次日赎回。理财非存款，产品有风险，投资须谨慎。
C000634,2,P018,app_push,周末09:00-12:00,专属推荐：现金管理018号（R2·现金管理），业绩比较基准3.6%，730天，10000元起投，T+0 随时赎回。理财非存款，产品有风险，投资须谨慎。
C000634,3,P020,app_push,周末14:00-18:00,专属推荐：现金管理020号（R2·现金管理），业绩比较基准3.6%，366天，10000元起投，T+1 次日赎回。理财非存款，产品有风险，投资须谨慎。
C000635,1,P026,app_push,工作日18:00-21:00,专属推荐：混合026号（R2·混合），业绩比较基准3.1%，180天，1000元起投，T+1 次日赎回。理财非存款，产品有风险，投资须谨慎。
C000635,2,P019,app_push,周末09:00-12:00,专属推荐：定开019号（R2·定开），业绩比较基准3.3%，灵活存续，1000元起投，T+0 随时赎回。理财非存款，产品有风险，投资须谨慎。
C000635,3,P030,app_push,周末14:00-18:00,专属推荐：固定期限030号（R2·固定期限），业绩比较基准3.1%，730天，1000元起投，T+0 随时赎回。理财非存款，产品有风险，投资须谨慎。
C000637,1,P019,app_push,工作日18:00-21:00,专属推荐：定开019号（R2·定开），业绩比较基准3.3%，灵活存续，1000元起投，T+0 随时赎回。该产品风险等级高于您的风险偏好，请谨慎选择。理财非存款，产品有风险，投资须谨慎。
C000637,2,P026,app_push,周末09:00-12:00,专属推荐：混合026号（R2·混合），业绩比较基准3.1%，180天，1000元起投，T+1 次日赎回。该产品风险等级高于您的风险偏好，请谨慎选择。理财非存款，产品有风险，投资须谨慎。
C000637,3,P030,app_push,周末14:00-18:00,专属推荐：固定期限030号（R2·固定期限），业绩比较基准3.1%，730天，1000元起投，T+0 随时赎回。该产品风险等级高于您的风险偏好，请谨慎选择。理财非存款，产品有风险，投资须谨慎。
C000643,1,P030,app_push,工作日12:00-14:00,专属推荐：固定期限030号（R2·固定期限），业绩比较基准3.1%，730天，1000元起投，T+0 随时赎回。该产品风险等级高于您的风险偏好，请谨慎选择。理财非存款，产品有风险，投资须谨慎。
C000643,2,P011,app_push,工作日18:00-21:00,专属推荐：固定期限011号（R2·固定期限），业绩比较基准3.3%，90天，10000元起投，T+0 随时赎回。该产品风险等级高于您的风险偏好，请谨慎选择。理财非存款，产品有风险，投资须谨慎。
C000643,3,P014,app_push,周末14:00-18:00,专属推荐：混合014号（R1·混合），业绩比较基准2.3%，90天，10000元起投，T+1 次日赎回。理财非存款，产品有风险，投资须谨慎。
C000648,1,P025,app_push,工作日12:00-14:00,专属推荐：定开025号（R3·定开），业绩比较基准5.2%，366天，1000元起投，T+0 随时赎回。理财非存款，产品有风险，投资须谨慎。
C000648,2,P024,app_push,周末14:00-18:00,专属推荐：定开024号（R3·定开），业绩比较基准4.7%，90天，1000元起投，T+1 次日赎回。理财非存款，产品有风险，投资须谨慎。
C000648,3,P008,app_push,工作日18:00-21:00,专属推荐：定开008号（R3·定开），业绩比较基准5.1%，366天，10000元起投，封闭运作。理财非存款，产品有风险，投资须谨慎。
C000650,1,P025,app_push,工作日09:00-12:00,专属推荐：定开025号（R3·定开），业绩比较基准5.2%，366天，1000元起投，T+0 随时赎回。理财非存款，产品有风险，投资须谨慎。
C000650,2,P008,app_push,工作日12:00-14:00,专属推荐：定开008号（R3·定开），业绩比较基准5.1%，366天，10000元起投，封闭运作。理财非存款，产品有风险，投资须谨慎。
C000650,3,P024,app_push,工作日18:00-21:00,专属推荐：定开024号（R3·定开），业绩比较基准4.7%，90天，1000元起投，T+1 次日赎回。理财非存款，产品有风险，投资须谨慎。
C000653,1,P022,manager,工作日18:00-21:00,金卡贵宾专享：定开022号（R2·定开），业绩比较基准3.0%，730天，10000元起投，T+1 次日赎回，可为您预约专属认购。理财非存款，产品有风险，投资须谨慎。
C000653,2,P025,manager,周末14:00-18:00,金卡贵宾专享：定开025号（R3·定开），业绩比较基准5.2%，366天，1000元起投，T+0 随时赎回，可为您预约专属认购。该产品风险等级高于您的风险偏好，请谨慎选择。理财非存款，产品有风险，投资须谨慎。
C000653,3,P019,manager,周末09:00-12:00,金卡贵宾专享：定开019号（R2·定开），业绩比较基准3.3%，灵活存续，1000元起投，T+0 随时赎回，可为您预约专属认购。理财非存款，产品有风险，投资须谨慎。
C000656,1,P014,app_push,工作日12:00-14:00,专属推荐：混合014号（R1·混合），业绩比较基准2.3%，90天，10000元起投，T+1 次日赎回。理财非存款，产品有风险，投资须谨慎。
C000656,2,P030,app_push,周末14:00-18:00,专属推荐：固定期限030号（R2·固定期限），业绩比较基准3.1%，730天，1000元起投，T+0 随时赎回。该产品风险等级高于您的风险偏好，请谨慎选择。理财非存款，产品有风险，投资须谨慎。
C000656,3,P026,app_push,工作日18:00-21:00,专属推荐：混合026号（R2·混合），业绩比较基准3.1%，180天，1000元起投，T+1 次日赎回。该产品风险等级高于您的风险偏好，请谨慎选择。理财非存款，产品有风险，投资须谨慎。
C000665,1,P002,app_push,工作日12:00-14:00,专属推荐：固定期限002号（R5·固定期限），业绩比较基准11.3%，366天，1000元起投，T+0 随时赎回。该产品风险等级高于您的风险偏好，请谨慎选择。理财非存款，产品有风险，投资须谨慎。
C000665,2,P029,app_push,工作日18:00-21:00,专属推荐：固定期限029号（R4·固定期限），业绩比较基准7.8%，灵活存续，10000元起投，封闭运作。理财非存款，产品有风险，投资须谨慎。
C000665,3,P023,app_push,周末14:00-18:00,专属推荐：固定期限023号（R5·固定期限），业绩比较基准9.8%，灵活存续，1000元起投，T+1 次日赎回。该产品风险等级高于您的风险偏好，请谨慎选择。理财非存款，产品有风险，投资须谨慎。
C000670,1,P001,call,工作日12:00-14:00,您好，我是您的专属理财顾问，为您介绍：混合001号（R3·混合），业绩比较基准5.5%，730天，50000元起投，封闭运作。理财非存款，产品有风险，投资须谨慎。
C000670,2,P006,call,工作日18:00-21:00,您好，我是您的专属理财顾问，为您介绍：混合006号（R3·混合），业绩比较基准5.1%，灵活存续，50000元起投，T+1 次日赎回。理财非存款，产品有风险，投资须谨慎。
C000670,3,P025,call,周末14:00-18:00,您好，我是您的专属理财顾问，为您介绍：定开025号（R3·定开），业绩比较基准5.2%，366天，1000元起投，T+0 随时赎回。理财非存款，产品有风险，投资须谨慎。
C000671,1,P025,app_push,工作日12:00-14:00,专属推荐：定开025号（R3·定开），业绩比较基准5.2%，366天，1000元起投，T+0 随时赎回。理财非存款，产品有风险，投资须谨慎。
C000671,2,P024,app_push,周末14:00-18:00,专属推荐：定开024号（R3·定开），业绩比较基准4.7%，90天，1000元起投，T+1 次日赎回。理财非存款，产品有风险，投资须谨慎。
C000671,3,P017,app_push,工作日18:00-21:00,专属推荐：现金管理017号（R3·现金管理），业绩比较基准4.3%，180天，1000元起投，T+1 次日赎回。理财非存款，产品有风险，投资须谨慎。
C000677,1,P014,app_push,工作日09:00-12:00,专属推荐：混合014号（R1·混合），业绩比较基准2.3%，90天，10000元起投，T+1 次日赎回。理财非存款，产品有风险，投资须谨慎。
C000677,2,P012,app_push,工作日12:00-14:00,专属推荐：混合012号（R2·混合），业绩比较基准3.7%，90天，10000元起投，T+1 次日赎回。该产品风险等级高于您的风险偏好，请谨慎选择。理财非存款，产品有风险，投资须谨慎。
C000677,3,P026,app_push,周末14:00-18:00,专属推荐：混合026号（R2·混合），业绩比较基准3.1%，180天，1000元起投，T+1 次日赎回。该产品风险等级高于您的风险偏好，请谨慎选择。理财非存款，产品有风险，投资须谨慎。
C000682,1,P004,app_push,工作日12:00-14:00,专属推荐：现金管理004号（R5·现金管理），业绩比较基准8.6%，灵活存续，1000元起投，封闭运作。该产品风险等级高于您的风险偏好，请谨慎选择。理财非存款，产品有风险，投资须谨慎。
C000682,2,P029,app_push,工作日18:00-21:00,专属推荐：固定期限029号（R4·固定期限），业绩比较基准7.8%，灵活存续，10000元起投，封闭运作。理财非存款，产品有风险，投资须谨慎。
C000682,3,P008,app_push,周末14:00-18:00,专属推荐：定开008号（R3·定开），业绩比较基准5.1%，366天，10000元起投，封闭运作。理财非存款，产品有风险，投资须谨慎。
C000685,1,P030,app_push,工作日18:00-21:00,专属推荐：固定期限030号（R2·固定期限），业绩比较基准3.1%，730天，1000元起投，T+0 随时赎回。理财非存款，产品有风险，投资须谨慎。
C000685,2,P019,app_push,周末14:00-18:00,专属推荐：定开019号（R2·定开），业绩比较基准3.3%，灵活存续，1000元起投，T+0 随时赎回。理财非存款，产品有风险，投资须谨慎。
C000685,3,P026,app_push,周末09:00-12:00,专属推荐：混合026号（R2·混合），业绩比较基准3.1%，180天，1000元起投，T+1 次日赎回。理财非存款，产品有风险，投资须谨慎。
C000686,1,P025,app_push,工作日18:00-21:00,专属推荐：定开025号（R3·定开），业绩比较基准5.2%，366天，1000元起投，T+0 随时赎回。理财非存款，产品有风险，投资须谨慎。
C000686,2,P024,app_push,周末14:00-18:00,专属推荐：定开024号（R3·定开），业绩比较基准4.7%，90天，1000元起投，T+1 次日赎回。理财非存款，产品有风险，投资须谨慎。
C000686,3,P017,app_push,周末09:00-12:00,专属推荐：现金管理017号（R3·现金管理），业绩比较基准4.3%，180天，1000元起投，T+1 次日赎回。理财非存款，产品有风险，投资须谨慎。
C000689,1,P026,call,工作日09:00-12:00,您好，我是您的专属理财顾问，为您介绍：混合026号（R2·混合），业绩比较基准3.1%，180天，1000元起投，T+1 次日赎回。理财非存款，产品有风险，投资须谨慎。
C000689,2,P019,call,工作日12:00-14:00,您好，我是您的专属理财顾问，为您介绍：定开019号（R2·定开），业绩比较基准3.3%，灵活存续，1000元起投，T+0 随时赎回。理财非存款，产品有风险，投资须谨慎。
C000689,3,P030,call,工作日18:00-21:00,您好，我是您的专属理财顾问，为您介绍：固定期限030号（R2·固定期限），业绩比较基准3.1%，730天，1000元起投，T+0 随时赎回。理财非存款，产品有风险，投资须谨慎。
C000696,1,P013,app_push,工作日09:00-12:00,专属推荐：定开013号（R2·定开），业绩比较基准3.5%，灵活存续，10000元起投，T+0 随时赎回。理财非存款，产品有风险，投资须谨慎。
C000696,2,P026,app_push,工作日12:00-14:00,专属推荐：混合026号（R2·混合），业绩比较基准3.1%，180天，1000元起投，T+1 次日赎回。理财非存款，产品有风险，投资须谨慎。
C000696,3,P012,app_push,工作日18:00-21:00,专属推荐：混合012号（R2·混合），业绩比较基准3.7%，90天，10000元起投，T+1 次日赎回。理财非存款，产品有风险，投资须谨慎。
C000701,1,P017,app_push,工作日18:00-21:00,专属推荐：现金管理017号（R3·现金管理），业绩比较基准4.3%，180天，1000元起投，T+1 次日赎回。该产品风险等级高于您的风险偏好，请谨慎选择。理财非存款，产品有风险，投资须谨慎。
C000701,2,P026,app_push,周末09:00-12:00,专属推荐：混合026号（R2·混合），业绩比较基准3.1%，180天，1000元起投，T+1 次日赎回。理财非存款，产品有风险，投资须谨慎。
C000701,3,P019,app_push,周末14:00-18:00,专属推荐：定开019号（R2·定开），业绩比较基准3.3%，灵活存续，1000元起投，T+0 随时赎回。理财非存款，产品有风险，投资须谨慎。
C000702,1,P002,app_push,工作日09:00-12:00,专属推荐：固定期限002号（R5·固定期限），业绩比较基准11.3%，366天，1000元起投，T+0 随时赎回。理财非存款，产品有风险，投资须谨慎。
C000702,2,P023,app_push,工作日12:00-14:00,专属推荐：固定期限023号（R5·固定期限），业绩比较基准9.8%，灵活存续，1000元起投，T+1 次日赎回。理财非存款，产品有风险，投资须谨慎。
C000702,3,P004,app_push,周末09:00-12:00,专属推荐：现金管理004号（R5·现金管理），业绩比较基准8.6%，灵活存续，1000元起投，封闭运作。理财非存款，产品有风险，投资须谨慎。
C000703,1,P029,call,工作日18:00-21:00,您好，我是您的专属理财顾问，为您介绍：固定期限029号（R4·固定期限），业绩比较基准7.8%，灵活存续，10000元起投，封闭运作。理财非存款，产品有风险，投资须谨慎。
C000703,2,P002,call,周末14:00-18:00,您好，我是您的专属理财顾问，为您介绍：固定期限002号（R5·固定期限），业绩比较基准11.3%，366天，1000元起投，T+0 随时赎回。该产品风险等级高于您的风险偏好，请谨慎选择。理财非存款，产品有风险，投资须谨慎。
C000703,3,P023,call,周末09:00-12:00,您好，我是您的专属理财顾问，为您介绍：固定期限023号（R5·固定期限），业绩比较基准9.8%，灵活存续，1000元起投，T+1 次日赎回。该产品风险等级高于您的风险偏好，请谨慎选择。理财非存款，产品有风险，投资须谨慎。
C000708,1,P013,call,工作日09:00-12:00,您好，我是您的专属理财顾问，为您介绍：定开013号（R2·定开），业绩比较基准3.5%，灵活存续，10000元起投，T+0 随时赎回。理财非存款，产品有风险，投资须谨慎。
C000708,2,P012,call,工作日18:00-21:00,您好，我是您的专属理财顾问，为您介绍：混合012号（R2·混合），业绩比较基准3.7%，90天，10000元起投，T+1 次日赎回。理财非存款，产品有风险，投资须谨慎。
C000708,3,P026,call,周末09:00-12:00,您好，我是您的专属理财顾问，为您介绍：混合026号（R2·混合），业绩比较基准3.1%，180天，1000元起投，T+1 次日赎回。理财非存款，产品有风险，投资须谨慎。
C000710,1,P025,call,工作日09:00-12:00,您好，我是您的专属理财顾问，为您介绍：定开025号（R3·定开），业绩比较基准5.2%，366天，1000元起投，T+0 随时赎回。理财非存款，产品有风险，投资须谨慎。
C000710,2,P008,call,工作日12:00-14:00,您好，我是您的专属理财顾问，为您介绍：定开008号（R3·定开），业绩比较基准5.1%，366天，10000元起投，封闭运作。理财非存款，产品有风险，投资须谨慎。
C000710,3,P024,call,工作日18:00-21:00,您好，我是您的专属理财顾问，为您介绍：定开024号（R3·定开），业绩比较基准4.7%，90天，1000元起投，T+1 次日赎回。理财非存款，产品有风险，投资须谨慎。
C000724,1,P014,app_push,工作日09:00-12:00,专属推荐：混合014号（R1·混合），业绩比较基准2.3%，90天，10000元起投，T+1 次日赎回。理财非存款，产品有风险，投资须谨慎。
C000724,2,P012,app_push,工作日12:00-14:00,专属推荐：混合012号（R2·混合），业绩比较基准3.7%，90天，10000元起投，T+1 次日赎回。该产品风险等级高于您的风险偏好，请谨慎选择。理财非存款，产品有风险，投资须谨慎。
C000724,3,P011,app_push,周末09:00-12:00,专属推荐：固定期限011号（R2·固定期限），业绩比较基准3.3%，90天，10000元起投，T+0 随时赎回。该产品风险等级高于您的风险偏好，请谨慎选择。理财非存款，产品有风险，投资须谨慎。
C000726,1,P006,manager,工作日18:00-21:00,金卡贵宾专享：混合006号（R3·混合），业绩比较基准5.1%，灵活存续，50000元起投，T+1 次日赎回，可为您预约专属认购。理财非存款，产品有风险，投资须谨慎。
C000726,2,P025,manager,周末14:00-18:00,金卡贵宾专享：定开025号（R3·定开），业绩比较基准5.2%，366天，1000元起投，T+0 随时赎回，可为您预约专属认购。理财非存款，产品有风险，投资须谨慎。
C000726,3,P001,manager,周末09:00-12:00,金卡贵宾专享：混合001号（R3·混合），业绩比较基准5.5%，730天，50000元起投，封闭运作，可为您预约专属认购。理财非存款，产品有风险，投资须谨慎。
C000732,1,P014,app_push,工作日12:00-14:00,专属推荐：混合014号（R1·混合），业绩比较基准2.3%，90天，10000元起投，T+1 次日赎回。理财非存款，产品有风险，投资须谨慎。
C000732,2,P010,app_push,周末14:00-18:00,专属推荐：现金管理010号（R1·现金管理），业绩比较基准2.8%，366天，50000元起投，T+0 随时赎回。理财非存款，产品有风险，投资须谨慎。
C000732,3,P011,app_push,工作日18:00-21:00,专属推荐：固定期限011号（R2·固定期限），业绩比较基准3.3%，90天，10000元起投，T+0 随时赎回。该产品风险等级高于您的风险偏好，请谨慎选择。理财非存款，产品有风险，投资须谨慎。
C000739,1,P011,call,工作日18:00-21:00,您好，我是您的专属理财顾问，为您介绍：固定期限011号（R2·固定期限），业绩比较基准3.3%，90天，10000元起投，T+0 随时赎回。理财非存款，产品有风险，投资须谨慎。
C000739,2,P012,call,周末14:00-18:00,您好，我是您的专属理财顾问，为您介绍：混合012号（R2·混合），业绩比较基准3.7%，90天，10000元起投，T+1 次日赎回。理财非存款，产品有风险，投资须谨慎。
C000739,3,P013,call,周末09:00-12:00,您好，我是您的专属理财顾问，为您介绍：定开013号（R2·定开），业绩比较基准3.5%，灵活存续，10000元起投，T+0 随时赎回。理财非存款，产品有风险，投资须谨慎。
C000740,1,P012,call,工作日18:00-21:00,您好，我是您的专属理财顾问，为您介绍：混合012号（R2·混合），业绩比较基准3.7%，90天，10000元起投，T+1 次日赎回。理财非存款，产品有风险，投资须谨慎。
C000740,2,P026,call,周末14:00-18:00,您好，我是您的专属理财顾问，为您介绍：混合026号（R2·混合），业绩比较基准3.1%，180天，1000元起投，T+1 次日赎回。理财非存款，产品有风险，投资须谨慎。
C000740,3,P014,call,周末09:00-12:00,您好，我是您的专属理财顾问，为您介绍：混合014号（R1·混合），业绩比较基准2.3%，90天，10000元起投，T+1 次日赎回。理财非存款，产品有风险，投资须谨慎。
C000743,1,P024,app_push,工作日09:00-12:00,专属推荐：定开024号（R3·定开），业绩比较基准4.7%，90天，1000元起投，T+1 次日赎回。理财非存款，产品有风险，投资须谨慎。
C000743,2,P025,app_push,工作日12:00-14:00,专属推荐：定开025号（R3·定开），业绩比较基准5.2%，366天，1000元起投，T+0 随时赎回。理财非存款，产品有风险，投资须谨慎。
C000743,3,P019,app_push,工作日18:00-21:00,专属推荐：定开019号（R2·定开），业绩比较基准3.3%，灵活存续，1000元起投，T+0 随时赎回。理财非存款，产品有风险，投资须谨慎。
C000751,1,P014,app_push,工作日12:00-14:00,专属推荐：混合014号（R1·混合），业绩比较基准2.3%，90天，10000元起投，T+1 次日赎回。理财非存款，产品有风险，投资须谨慎。
C000751,2,P010,app_push,工作日18:00-21:00,专属推荐：现金管理010号（R1·现金管理），业绩比较基准2.8%，366天，50000元起投，T+0 随时赎回。理财非存款，产品有风险，投资须谨慎。
C000751,3,P012,app_push,周末14:00-18:00,专属推荐：混合012号（R2·混合），业绩比较基准3.7%，90天，10000元起投，T+1 次日赎回。该产品风险等级高于您的风险偏好，请谨慎选择。理财非存款，产品有风险，投资须谨慎。
C000753,1,P025,manager,工作日18:00-21:00,金卡贵宾专享：定开025号（R3·定开），业绩比较基准5.2%，366天，1000元起投，T+0 随时赎回，可为您预约专属认购。理财非存款，产品有风险，投资须谨慎。
C000753,2,P008,manager,周末09:00-12:00,金卡贵宾专享：定开008号（R3·定开），业绩比较基准5.1%，366天，10000元起投，封闭运作，可为您预约专属认购。理财非存款，产品有风险，投资须谨慎。
C000753,3,P024,manager,周末14:00-18:00,金卡贵宾专享：定开024号（R3·定开），业绩比较基准4.7%，90天，1000元起投，T+1 次日赎回，可为您预约专属认购。理财非存款，产品有风险，投资须谨慎。
C000756,1,P030,app_push,工作日18:00-21:00,专属推荐：固定期限030号（R2·固定期限），业绩比较基准3.1%，730天，1000元起投，T+0 随时赎回。该产品风险等级高于您的风险偏好，请谨慎选择。理财非存款，产品有风险，投资须谨慎。
C000756,2,P011,app_push,周末14:00-18:00,专属推荐：固定期限011号（R2·固定期限），业绩比较基准3.3%，90天，10000元起投，T+0 随时赎回。该产品风险等级高于您的风险偏好，请谨慎选择。理财非存款，产品有风险，投资须谨慎。
C000756,3,P014,app_push,周末09:00-12:00,专属推荐：混合014号（R1·混合），业绩比较基准2.3%，90天，10000元起投，T+1 次日赎回。理财非存款，产品有风险，投资须谨慎。
C000758,1,P002,app_push,工作日09:00-12:00,专属推荐：固定期限002号（R5·固定期限），业绩比较基准11.3%，366天，1000元起投，T+0 随时赎回。理财非存款，产品有风险，投资须谨慎。
C000758,2,P023,app_push,工作日18:00-21:00,专属推荐：固定期限023号（R5·固定期限），业绩比较基准9.8%，灵活存续，1000元起投，T+1 次日赎回。理财非存款，产品有风险，投资须谨慎。
C000758,3,P004,app_push,周末09:00-12:00,专属推荐：现金管理004号（R5·现金管理），业绩比较基准8.6%，灵活存续，1000元起投，封闭运作。理财非存款，产品有风险，投资须谨慎。
C000759,1,P011,manager,工作日09:00-12:00,钻石贵宾专享：固定期限011号（R2·固定期限），业绩比较基准3.3%，90天，10000元起投，T+0 随时赎回，可为您预约专属认购。理财非存款，产品有风险，投资须谨慎。
C000759,2,P030,manager,工作日12:00-14:00,钻石贵宾专享：固定期限030号（R2·固定期限），业绩比较基准3.1%，730天，1000元起投，T+0 随时赎回，可为您预约专属认购。理财非存款，产品有风险，投资须谨慎。
C000759,3,P012,manager,周末09:00-12:00,钻石贵宾专享：混合012号（R2·混合），业绩比较基准3.7%，90天，10000元起投，T+1 次日赎回，可为您预约专属认购。理财非存款，产品有风险，投资须谨慎。
C000761,1,P029,app_push,工作日09:00-12:00,专属推荐：固定期限029号（R4·固定期限），业绩比较基准7.8%，灵活存续，10000元起投，封闭运作。理财非存款，产品有风险，投资须谨慎。
C000761,2,P002,app_push,工作日12:00-14:00,专属推荐：固定期限002号（R5·固定期限），业绩比较基准11.3%，366天，1000元起投，T+0 随时赎回。该产品风险等级高于您的风险偏好，请谨慎选择。理财非存款，产品有风险，投资须谨慎。
C000761,3,P023,app_push,周末09:00-12:00,专属推荐：固定期限023号（R5·固定期限），业绩比较基准9.8%，灵活存续，1000元起投，T+1 次日赎回。该产品风险等级高于您的风险偏好，请谨慎选择。理财非存款，产品有风险，投资须谨慎。
C000768,1,P027,app_push,工作日12:00-14:00,专属推荐：现金管理027号（R4·现金管理），业绩比较基准7.7%，366天，100000元起投，T+1 次日赎回。理财非存款，产品有风险，投资须谨慎。
C000768,2,P029,app_push,工作日18:00-21:00,专属推荐：固定期限029号（R4·固定期限），业绩比较基准7.8%，灵活存续，10000元起投，封闭运作。理财非存款，产品有风险，投资须谨慎。
C000768,3,P015,app_push,周末14:00-18:00,专属推荐：固定期限015号（R4·固定期限），业绩比较基准6.7%，366天，50000元起投，封闭运作。理财非存款，产品有风险，投资须谨慎。
C000771,1,P026,call,工作日09:00-12:00,您好，我是您的专属理财顾问，为您介绍：混合026号（R2·混合），业绩比较基准3.1%，180天，1000元起投，T+1 次日赎回。该产品风险等级高于您的风险偏好，请谨慎选择。理财非存款，产品有风险，投资须谨慎。
C000771,2,P019,call,工作日12:00-14:00,您好，我是您的专属理财顾问，为您介绍：定开019号（R2·定开），业绩比较基准3.3%，灵活存续，1000元起投，T+0 随时赎回。该产品风险等级高于您的风险偏好，请谨慎选择。理财非存款，产品有风险，投资须谨慎。
C000771,3,P030,call,周末09:00-12:00,您好，我是您的专属理财顾问，为您介绍：固定期限030号（R2·固定期限），业绩比较基准3.1%，730天，1000元起投，T+0 随时赎回。该产品风险等级高于您的风险偏好，请谨慎选择。理财非存款，产品有风险，投资须谨慎。
C000773,1,P014,call,工作日18:00-21:00,您好，我是您的专属理财顾问，为您介绍：混合014号（R1·混合），业绩比较基准2.3%，90天，10000元起投，T+1 次日赎回。理财非存款，产品有风险，投资须谨慎。
C000773,2,P010,call,周末14:00-18:00,您好，我是您的专属理财顾问，为您介绍：现金管理010号（R1·现金管理），业绩比较基准2.8%，366天，50000元起投，T+0 随时赎回。理财非存款，产品有风险，投资须谨慎。
C000773,3,P012,call,周末09:00-12:00,您好，我是您的专属理财顾问，为您介绍：混合012号（R2·混合），业绩比较基准3.7%，90天，10000元起投，T+1 次日赎回。该产品风险等级高于您的风险偏好，请谨慎选择。理财非存款，产品有风险，投资须谨慎。
C000776,1,P002,app_push,工作日09:00-12:00,专属推荐：固定期限002号（R5·固定期限），业绩比较基准11.3%，366天，1000元起投，T+0 随时赎回。理财非存款，产品有风险，投资须谨慎。
C000776,2,P023,app_push,工作日12:00-14:00,专属推荐：固定期限023号（R5·固定期限），业绩比较基准9.8%，灵活存续，1000元起投，T+1 次日赎回。理财非存款，产品有风险，投资须谨慎。
C000776,3,P004,app_push,工作日18:00-21:00,专属推荐：现金管理004号（R5·现金管理），业绩比较基准8.6%，灵活存续，1000元起投，封闭运作。理财非存款，产品有风险，投资须谨慎。
C000778,1,P011,manager,工作日12:00-14:00,金卡贵宾专享：固定期限011号（R2·固定期限），业绩比较基准3.3%，90天，10000元起投，T+0 随时赎回，可为您预约专属认购。理财非存款，产品有风险，投资须谨慎。
C000778,2,P003,manager,工作日18:00-21:00,金卡贵宾专享：固定期限003号（R3·固定期限），业绩比较基准4.5%，730天，50000元起投，封闭运作，可为您预约专属认购。该产品风险等级高于您的风险偏好，请谨慎选择。理财非存款，产品有风险，投资须谨慎。
C000778,3,P009,manager,周末14:00-18:00,金卡贵宾专享：现金管理009号（R2·现金管理），业绩比较基准4.0%，730天，50000元起投，T+0 随时赎回，可为您预约专属认购。理财非存款，产品有风险，投资须谨慎。
C000782,1,P024,app_push,工作日09:00-12:00,专属推荐：定开024号（R3·定开），业绩比较基准4.7%，90天，1000元起投，T+1 次日赎回。理财非存款，产品有风险，投资须谨慎。
C000782,2,P025,app_push,工作日18:00-21:00,专属推荐：定开025号（R3·定开），业绩比较基准5.2%，366天，1000元起投，T+0 随时赎回。理财非存款，产品有风险，投资须谨慎。
C000782,3,P017,app_push,周末14:00-18:00,专属推荐：现金管理017号（R3·现金管理），业绩比较基准4.3%，180天，1000元起投，T+1 次日赎回。理财非存款，产品有风险，投资须谨慎。
C000784,1,P019,app_push,工作日09:00-12:00,专属推荐：定开019号（R2·定开），业绩比较基准3.3%，灵活存续，1000元起投，T+0 随时赎回。该产品风险等级高于您的风险偏好，请谨慎选择。理财非存款，产品有风险，投资须谨慎。
C000784,2,P026,app_push,工作日12:00-14:00,专属推荐：混合026号（R2·混合），业绩比较基准3.1%，180天，1000元起投，T+1 次日赎回。该产品风险等级高于您的风险偏好，请谨慎选择。理财非存款，产品有风险，投资须谨慎。
C000784,3,P030,app_push,周末09:00-12:00,专属推荐：固定期限030号（R2·固定期限），业绩比较基准3.1%，730天，1000元起投，T+0 随时赎回。该产品风险等级高于您的风险偏好，请谨慎选择。理财非存款，产品有风险，投资须谨慎。
C000788,1,P013,call,工作日12:00-14:00,您好，我是您的专属理财顾问，为您介绍：定开013号（R2·定开），业绩比较基准3.5%，灵活存续，10000元起投，T+0 随时赎回。该产品风险等级高于您的风险偏好，请谨慎选择。理财非存款，产品有风险，投资须谨慎。
C000788,2,P019,call,工作日18:00-21:00,您好，我是您的专属理财顾问，为您介绍：定开019号（R2·定开），业绩比较基准3.3%，灵活存续，1000元起投，T+0 随时赎回。该产品风险等级高于您的风险偏好，请谨慎选择。理财非存款，产品有风险，投资须谨慎。
C000788,3,P022,call,周末14:00-18:00,您好，我是您的专属理财顾问，为您介绍：定开022号（R2·定开），业绩比较基准3.0%，730天，10000元起投，T+1 次日赎回。该产品风险等级高于您的风险偏好，请谨慎选择。理财非存款，产品有风险，投资须谨慎。
C000790,1,P025,call,工作日09:00-12:00,您好，我是您的专属理财顾问，为您介绍：定开025号（R3·定开），业绩比较基准5.2%，366天，1000元起投，T+0 随时赎回。理财非存款，产品有风险，投资须谨慎。
C000790,2,P008,call,工作日12:00-14:00,您好，我是您的专属理财顾问，为您介绍：定开008号（R3·定开），业绩比较基准5.1%，366天，10000元起投，封闭运作。理财非存款，产品有风险，投资须谨慎。
C000790,3,P024,call,工作日18:00-21:00,您好，我是您的专属理财顾问，为您介绍：定开024号（R3·定开），业绩比较基准4.7%，90天，1000元起投，T+1 次日赎回。理财非存款，产品有风险，投资须谨慎。
C000792,1,P006,app_push,工作日09:00-12:00,专属推荐：混合006号（R3·混合），业绩比较基准5.1%，灵活存续，50000元起投，T+1 次日赎回。理财非存款，产品有风险，投资须谨慎。
C000792,2,P025,app_push,工作日12:00-14:00,专属推荐：定开025号（R3·定开），业绩比较基准5.2%，366天，1000元起投，T+0 随时赎回。理财非存款，产品有风险，投资须谨慎。
C000792,3,P001,app_push,周末09:00-12:00,专属推荐：混合001号（R3·混合），业绩比较基准5.5%，730天，50000元起投，封闭运作。理财非存款，产品有风险，投资须谨慎。
C000794,1,P014,call,工作日09:00-12:00,您好，我是您的专属理财顾问，为您介绍：混合014号（R1·混合），业绩比较基准2.3%，90天，10000元起投，T+1 次日赎回。理财非存款，产品有风险，投资须谨慎。
C000794,2,P010,call,工作日12:00-14:00,您好，我是您的专属理财顾问，为您介绍：现金管理010号（R1·现金管理），业绩比较基准2.8%，366天，50000元起投，T+0 随时赎回。理财非存款，产品有风险，投资须谨慎。
C000794,3,P012,call,工作日18:00-21:00,您好，我是您的专属理财顾问，为您介绍：混合012号（R2·混合），业绩比较基准3.7%，90天，10000元起投，T+1 次日赎回。该产品风险等级高于您的风险偏好，请谨慎选择。理财非存款，产品有风险，投资须谨慎。
C000795,1,P002,app_push,工作日18:00-21:00,专属推荐：固定期限002号（R5·固定期限），业绩比较基准11.3%，366天，1000元起投，T+0 随时赎回。该产品风险等级高于您的风险偏好，请谨慎选择。理财非存款，产品有风险，投资须谨慎。
C000795,2,P029,app_push,周末14:00-18:00,专属推荐：固定期限029号（R4·固定期限），业绩比较基准7.8%，灵活存续，10000元起投，封闭运作。理财非存款，产品有风险，投资须谨慎。
C000795,3,P023,app_push,周末09:00-12:00,专属推荐：固定期限023号（R5·固定期限），业绩比较基准9.8%，灵活存续，1000元起投，T+1 次日赎回。该产品风险等级高于您的风险偏好，请谨慎选择。理财非存款，产品有风险，投资须谨慎。
C000797,1,P011,call,工作日09:00-12:00,您好，我是您的专属理财顾问，为您介绍：固定期限011号（R2·固定期限），业绩比较基准3.3%，90天，10000元起投，T+0 随时赎回。理财非存款，产品有风险，投资须谨慎。
C000797,2,P030,call,工作日12:00-14:00,您好，我是您的专属理财顾问，为您介绍：固定期限030号（R2·固定期限），业绩比较基准3.1%，730天，1000元起投，T+0 随时赎回。理财非存款，产品有风险，投资须谨慎。
C000797,3,P012,call,周末09:00-12:00,您好，我是您的专属理财顾问，为您介绍：混合012号（R2·混合），业绩比较基准3.7%，90天，10000元起投，T+1 次日赎回。理财非存款，产品有风险，投资须谨慎。
C000804,1,P025,app_push,工作日09:00-12:00,专属推荐：定开025号（R3·定开），业绩比较基准5.2%，366天，1000元起投，T+0 随时赎回。理财非存款，产品有风险，投资须谨慎。
C000804,2,P024,app_push,工作日12:00-14:00,专属推荐：定开024号（R3·定开），业绩比较基准4.7%，90天，1000元起投，T+1 次日赎回。理财非存款，产品有风险，投资须谨慎。
C000804,3,P008,app_push,工作日18:00-21:00,专属推荐：定开008号（R3·定开），业绩比较基准5.1%，366天，10000元起投，封闭运作。理财非存款，产品有风险，投资须谨慎。
C000806,1,P011,app_push,工作日12:00-14:00,专属推荐：固定期限011号（R2·固定期限），业绩比较基准3.3%，90天，10000元起投，T+0 随时赎回。理财非存款，产品有风险，投资须谨慎。
C000806,2,P029,app_push,工作日18:00-21:00,专属推荐：固定期限029号（R4·固定期限），业绩比较基准7.8%，灵活存续，10000元起投，封闭运作。该产品风险等级高于您的风险偏好，请谨慎选择。理财非存款，产品有风险，投资须谨慎。
C000806,3,P025,app_push,周末14:00-18:00,专属推荐：定开025号（R3·定开），业绩比较基准5.2%，366天，1000元起投，T+0 随时赎回。理财非存款，产品有风险，投资须谨慎。
C000809,1,P021,app_push,工作日09:00-12:00,专属推荐：混合021号（R3·混合），业绩比较基准5.4%，730天，100000元起投，封闭运作。理财非存款，产品有风险，投资须谨慎。
C000809,2,P001,app_push,工作日12:00-14:00,专属推荐：混合001号（R3·混合），业绩比较基准5.5%，730天，50000元起投，封闭运作。理财非存款，产品有风险，投资须谨慎。
C000809,3,P006,app_push,工作日18:00-21:00,专属推荐：混合006号（R3·混合），业绩比较基准5.1%，灵活存续，50000元起投，T+1 次日赎回。理财非存款，产品有风险，投资须谨慎。
C000814,1,P006,manager,工作日12:00-14:00,金卡贵宾专享：混合006号（R3·混合），业绩比较基准5.1%，灵活存续，50000元起投，T+1 次日赎回，可为您预约专属认购。理财非存款，产品有风险，投资须谨慎。
C000814,2,P025,manager,周末14:00-18:00,金卡贵宾专享：定开025号（R3·定开），业绩比较基准5.2%，366天，1000元起投，T+0 随时赎回，可为您预约专属认购。理财非存款，产品有风险，投资须谨慎。
C000814,3,P001,manager,工作日18:00-21:00,金卡贵宾专享：混合001号（R3·混合），业绩比较基准5.5%，730天，50000元起投，封闭运作，可为您预约专属认购。理财非存款，产品有风险，投资须谨慎。
C000824,1,P012,app_push,工作日12:00-14:00,专属推荐：混合012号（R2·混合），业绩比较基准3.7%，90天，10000元起投，T+1 次日赎回。理财非存款，产品有风险，投资须谨慎。
C000824,2,P013,app_push,工作日18:00-21:00,专属推荐：定开013号（R2·定开），业绩比较基准3.5%，灵活存续，10000元起投，T+0 随时赎回。理财非存款，产品有风险，投资须谨慎。
C000824,3,P011,app_push,周末14:00-18:00,专属推荐：固定期限011号（R2·固定期限），业绩比较基准3.3%，90天，10000元起投，T+0 随时赎回。理财非存款，产品有风险，投资须谨慎。
C000826,1,P014,call,工作日12:00-14:00,您好，我是您的专属理财顾问，为您介绍：混合014号（R1·混合），业绩比较基准2.3%，90天，10000元起投，T+1 次日赎回。理财非存款，产品有风险，投资须谨慎。
C000826,2,P010,call,工作日18:00-21:00,您好，我是您的专属理财顾问，为您介绍：现金管理010号（R1·现金管理），业绩比较基准2.8%，366天，50000元起投，T+0 随时赎回。理财非存款，产品有风险，投资须谨慎。
C000826,3,P012,call,周末14:00-18:00,您好，我是您的专属理财顾问，为您介绍：混合012号（R2·混合），业绩比较基准3.7%，90天，10000元起投，T+1 次日赎回。该产品风险等级高于您的风险偏好，请谨慎选择。理财非存款，产品有风险，投资须谨慎。
C000828,1,P002,app_push,工作日09:00-12:00,专属推荐：固定期限002号（R5·固定期限），业绩比较基准11.3%，366天，1000元起投，T+0 随时赎回。理财非存款，产品有风险，投资须谨慎。
C000828,2,P023,app_push,工作日12:00-14:00,专属推荐：固定期限023号（R5·固定期限），业绩比较基准9.8%，灵活存续，1000元起投，T+1 次日赎回。理财非存款，产品有风险，投资须谨慎。
C000828,3,P004,app_push,工作日18:00-21:00,专属推荐：现金管理004号（R5·现金管理），业绩比较基准8.6%，灵活存续，1000元起投，封闭运作。理财非存款，产品有风险，投资须谨慎。
C000829,1,P002,call,工作日09:00-12:00,您好，我是您的专属理财顾问，为您介绍：固定期限002号（R5·固定期限），业绩比较基准11.3%，366天，1000元起投，T+0 随时赎回。理财非存款，产品有风险，投资须谨慎。
C000829,2,P023,call,工作日12:00-14:00,您好，我是您的专属理财顾问，为您介绍：固定期限023号（R5·固定期限），业绩比较基准9.8%，灵活存续，1000元起投，T+1 次日赎回。理财非存款，产品有风险，投资须谨慎。
C000829,3,P004,call,工作日18:00-21:00,您好，我是您的专属理财顾问，为您介绍：现金管理004号（R5·现金管理），业绩比较基准8.6%，灵活存续，1000元起投，封闭运作。理财非存款，产品有风险，投资须谨慎。
C000832,1,P025,call,工作日09:00-12:00,您好，我是您的专属理财顾问，为您介绍：定开025号（R3·定开），业绩比较基准5.2%，366天，1000元起投，T+0 随时赎回。理财非存款，产品有风险，投资须谨慎。
C000832,2,P024,call,工作日12:00-14:00,您好，我是您的专属理财顾问，为您介绍：定开024号（R3·定开），业绩比较基准4.7%，90天，1000元起投，T+1 次日赎回。理财非存款，产品有风险，投资须谨慎。
C000832,3,P008,call,工作日18:00-21:00,您好，我是您的专属理财顾问，为您介绍：定开008号（R3·定开），业绩比较基准5.1%，366天，10000元起投，封闭运作。理财非存款，产品有风险，投资须谨慎。
C000833,1,P025,app_push,工作日18:00-21:00,专属推荐：定开025号（R3·定开），业绩比较基准5.2%，366天，1000元起投，T+0 随时赎回。理财非存款，产品有风险，投资须谨慎。
C000833,2,P024,app_push,周末14:00-18:00,专属推荐：定开024号（R3·定开），业绩比较基准4.7%，90天，1000元起投，T+1 次日赎回。理财非存款，产品有风险，投资须谨慎。
C000833,3,P017,app_push,周末09:00-12:00,专属推荐：现金管理017号（R3·现金管理），业绩比较基准4.3%，180天，1000元起投，T+1 次日赎回。理财非存款，产品有风险，投资须谨慎。
C000834,1,P014,app_push,工作日12:00-14:00,专属推荐：混合014号（R1·混合），业绩比较基准2.3%，90天，10000元起投，T+1 次日赎回。理财非存款，产品有风险，投资须谨慎。
C000834,2,P026,app_push,周末14:00-18:00,专属推荐：混合026号（R2·混合），业绩比较基准3.1%，180天，1000元起投，T+1 次日赎回。该产品风险等级高于您的风险偏好，请谨慎选择。理财非存款，产品有风险，投资须谨慎。
C000834,3,P012,app_push,工作日18:00-21:00,专属推荐：混合012号（R2·混合），业绩比较基准3.7%，90天，10000元起投，T+1 次日赎回。该产品风险等级高于您的风险偏好，请谨慎选择。理财非存款，产品有风险，投资须谨慎。
C000838,1,P026,app_push,工作日09:00-12:00,专属推荐：混合026号（R2·混合），业绩比较基准3.1%，180天，1000元起投，T+1 次日赎回。理财非存款，产品有风险，投资须谨慎。
C000838,2,P020,app_push,工作日12:00-14:00,专属推荐：现金管理020号（R2·现金管理），业绩比较基准3.6%，366天，10000元起投，T+1 次日赎回。理财非存款，产品有风险，投资须谨慎。
C000838,3,P012,app_push,周末09:00-12:00,专属推荐：混合012号（R2·混合），业绩比较基准3.7%，90天，10000元起投，T+1 次日赎回。理财非存款，产品有风险，投资须谨慎。
C000839,1,P030,call,工作日18:00-21:00,您好，我是您的专属理财顾问，为您介绍：固定期限030号（R2·固定期限），业绩比较基准3.1%，730天，1000元起投，T+0 随时赎回。该产品风险等级高于您的风险偏好，请谨慎选择。理财非存款，产品有风险，投资须谨慎。
C000839,2,P011,call,周末14:00-18:00,您好，我是您的专属理财顾问，为您介绍：固定期限011号（R2·固定期限），业绩比较基准3.3%，90天，10000元起投，T+0 随时赎回。该产品风险等级高于您的风险偏好，请谨慎选择。理财非存款，产品有风险，投资须谨慎。
C000839,3,P014,call,周末09:00-12:00,您好，我是您的专属理财顾问，为您介绍：混合014号（R1·混合），业绩比较基准2.3%，90天，10000元起投，T+1 次日赎回。理财非存款，产品有风险，投资须谨慎。
C000844,1,P029,app_push,工作日12:00-14:00,专属推荐：固定期限029号（R4·固定期限），业绩比较基准7.8%，灵活存续，10000元起投，封闭运作。该产品风险等级高于您的风险偏好，请谨慎选择。理财非存款，产品有风险，投资须谨慎。
C000844,2,P011,app_push,周末14:00-18:00,专属推荐：固定期限011号（R2·固定期限），业绩比较基准3.3%，90天，10000元起投，T+0 随时赎回。理财非存款，产品有风险，投资须谨慎。
C000844,3,P030,app_push,工作日18:00-21:00,专属推荐：固定期限030号（R2·固定期限），业绩比较基准3.1%，730天，1000元起投，T+0 随时赎回。理财非存款，产品有风险，投资须谨慎。
C000846,1,P012,app_push,工作日09:00-12:00,专属推荐：混合012号（R2·混合），业绩比较基准3.7%，90天，10000元起投，T+1 次日赎回。理财非存款，产品有风险，投资须谨慎。
C000846,2,P013,app_push,工作日12:00-14:00,专属推荐：定开013号（R2·定开），业绩比较基准3.5%，灵活存续，10000元起投，T+0 随时赎回。理财非存款，产品有风险，投资须谨慎。
C000846,3,P019,app_push,周末14:00-18:00,专属推荐：定开019号（R2·定开），业绩比较基准3.3%，灵活存续，1000元起投，T+0 随时赎回。理财非存款，产品有风险，投资须谨慎。
C000852,1,P025,call,工作日18:00-21:00,您好，我是您的专属理财顾问，为您介绍：定开025号（R3·定开），业绩比较基准5.2%，366天，1000元起投，T+0 随时赎回。理财非存款，产品有风险，投资须谨慎。
C000852,2,P024,call,周末14:00-18:00,您好，我是您的专属理财顾问，为您介绍：定开024号（R3·定开），业绩比较基准4.7%，90天，1000元起投，T+1 次日赎回。理财非存款，产品有风险，投资须谨慎。
C000852,3,P017,call,周末09:00-12:00,您好，我是您的专属理财顾问，为您介绍：现金管理017号（R3·现金管理），业绩比较基准4.3%，180天，1000元起投，T+1 次日赎回。理财非存款，产品有风险，投资须谨慎。
C000853,1,P024,call,工作日09:00-12:00,您好，我是您的专属理财顾问，为您介绍：定开024号（R3·定开），业绩比较基准4.7%，90天，1000元起投，T+1 次日赎回。理财非存款，产品有风险，投资须谨慎。
C000853,2,P025,call,工作日18:00-21:00,您好，我是您的专属理财顾问，为您介绍：定开025号（R3·定开），业绩比较基准5.2%，366天，1000元起投，T+0 随时赎回。理财非存款，产品有风险，投资须谨慎。
C000853,3,P017,call,周末14:00-18:00,您好，我是您的专属理财顾问，为您介绍：现金管理017号（R3·现金管理），业绩比较基准4.3%，180天，1000元起投，T+1 次日赎回。理财非存款，产品有风险，投资须谨慎。
C000856,1,P019,app_push,工作日12:00-14:00,专属推荐：定开019号（R2·定开），业绩比较基准3.3%，灵活存续，1000元起投，T+0 随时赎回。理财非存款，产品有风险，投资须谨慎。
C000856,2,P026,app_push,周末14:00-18:00,专属推荐：混合026号（R2·混合），业绩比较基准3.1%，180天，1000元起投，T+1 次日赎回。理财非存款，产品有风险，投资须谨慎。
C000856,3,P030,app_push,工作日18:00-21:00,专属推荐：固定期限030号（R2·固定期限），业绩比较基准3.1%，730天，1000元起投，T+0 随时赎回。理财非存款，产品有风险，投资须谨慎。
C000857,1,P010,call,工作日09:00-12:00,您好，我是您的专属理财顾问，为您介绍：现金管理010号（R1·现金管理），业绩比较基准2.8%，366天，50000元起投，T+0 随时赎回。理财非存款，产品有风险，投资须谨慎。
C000857,2,P014,call,工作日12:00-14:00,您好，我是您的专属理财顾问，为您介绍：混合014号（R1·混合），业绩比较基准2.3%，90天，10000元起投，T+1 次日赎回。理财非存款，产品有风险，投资须谨慎。
C000857,3,P009,call,周末09:00-12:00,您好，我是您的专属理财顾问，为您介绍：现金管理009号（R2·现金管理），业绩比较基准4.0%，730天，50000元起投，T+0 随时赎回。该产品风险等级高于您的风险偏好，请谨慎选择。理财非存款，产品有风险，投资须谨慎。
C000859,1,P019,app_push,工作日18:00-21:00,专属推荐：定开019号（R2·定开），业绩比较基准3.3%，灵活存续，1000元起投，T+0 随时赎回。该产品风险等级高于您的风险偏好，请谨慎选择。理财非存款，产品有风险，投资须谨慎。
C000859,2,P013,app_push,周末14:00-18:00,专属推荐：定开013号（R2·定开），业绩比较基准3.5%，灵活存续，10000元起投，T+0 随时赎回。该产品风险等级高于您的风险偏好，请谨慎选择。理财非存款，产品有风险，投资须谨慎。
C000859,3,P022,app_push,周末09:00-12:00,专属推荐：定开022号（R2·定开），业绩比较基准3.0%，730天，10000元起投，T+1 次日赎回。该产品风险等级高于您的风险偏好，请谨慎选择。理财非存款，产品有风险，投资须谨慎。
C000861,1,P026,app_push,工作日18:00-21:00,专属推荐：混合026号（R2·混合），业绩比较基准3.1%，180天，1000元起投，T+1 次日赎回。理财非存款，产品有风险，投资须谨慎。
C000861,2,P019,app_push,周末09:00-12:00,专属推荐：定开019号（R2·定开），业绩比较基准3.3%，灵活存续，1000元起投，T+0 随时赎回。理财非存款，产品有风险，投资须谨慎。
C000861,3,P030,app_push,周末14:00-18:00,专属推荐：固定期限030号（R2·固定期限），业绩比较基准3.1%，730天，1000元起投，T+0 随时赎回。理财非存款，产品有风险，投资须谨慎。
C000865,1,P025,app_push,工作日09:00-12:00,专属推荐：定开025号（R3·定开），业绩比较基准5.2%，366天，1000元起投，T+0 随时赎回。理财非存款，产品有风险，投资须谨慎。
C000865,2,P024,app_push,工作日12:00-14:00,专属推荐：定开024号（R3·定开），业绩比较基准4.7%，90天，1000元起投，T+1 次日赎回。理财非存款，产品有风险，投资须谨慎。
C000865,3,P002,app_push,周末09:00-12:00,专属推荐：固定期限002号（R5·固定期限），业绩比较基准11.3%，366天，1000元起投，T+0 随时赎回。该产品风险等级高于您的风险偏好，请谨慎选择。理财非存款，产品有风险，投资须谨慎。
C000866,1,P018,call,工作日09:00-12:00,您好，我是您的专属理财顾问，为您介绍：现金管理018号（R2·现金管理），业绩比较基准3.6%，730天，10000元起投，T+0 随时赎回。理财非存款，产品有风险，投资须谨慎。
C000866,2,P030,call,工作日18:00-21:00,您好，我是您的专属理财顾问，为您介绍：固定期限030号（R2·固定期限），业绩比较基准3.1%，730天，1000元起投，T+0 随时赎回。理财非存款，产品有风险，投资须谨慎。
C000866,3,P011,call,周末09:00-12:00,您好，我是您的专属理财顾问，为您介绍：固定期限011号（R2·固定期限），业绩比较基准3.3%，90天，10000元起投，T+0 随时赎回。理财非存款，产品有风险，投资须谨慎。
C000868,1,P014,call,工作日09:00-12:00,您好，我是您的专属理财顾问，为您介绍：混合014号（R1·混合），业绩比较基准2.3%，90天，10000元起投，T+1 次日赎回。理财非存款，产品有风险，投资须谨慎。
C000868,2,P012,call,工作日18:00-21:00,您好，我是您的专属理财顾问，为您介绍：混合012号（R2·混合），业绩比较基准3.7%，90天，10000元起投，T+1 次日赎回。该产品风险等级高于您的风险偏好，请谨慎选择。理财非存款，产品有风险，投资须谨慎。
C000868,3,P011,call,周末09:00-12:00,您好，我是您的专属理财顾问，为您介绍：固定期限011号（R2·固定期限），业绩比较基准3.3%，90天，10000元起投，T+0 随时赎回。该产品风险等级高于您的风险偏好，请谨慎选择。理财非存款，产品有风险，投资须谨慎。
C000874,1,P014,app_push,工作日12:00-14:00,专属推荐：混合014号（R1·混合），业绩比较基准2.3%，90天，10000元起投，T+1 次日赎回。理财非存款，产品有风险，投资须谨慎。
C000874,2,P012,app_push,周末14:00-18:00,专属推荐：混合012号（R2·混合），业绩比较基准3.7%，90天，10000元起投，T+1 次日赎回。该产品风险等级高于您的风险偏好，请谨慎选择。理财非存款，产品有风险，投资须谨慎。
C000874,3,P010,app_push,工作日18:00-21:00,专属推荐：现金管理010号（R1·现金管理），业绩比较基准2.8%，366天，50000元起投，T+0 随时赎回。理财非存款，产品有风险，投资须谨慎。
C000876,1,P029,call,工作日09:00-12:00,您好，我是您的专属理财顾问，为您介绍：固定期限029号（R4·固定期限），业绩比较基准7.8%，灵活存续，10000元起投，封闭运作。理财非存款，产品有风险，投资须谨慎。
C000876,2,P002,call,工作日12:00-14:00,您好，我是您的专属理财顾问，为您介绍：固定期限002号（R5·固定期限），业绩比较基准11.3%，366天，1000元起投，T+0 随时赎回。该产品风险等级高于您的风险偏好，请谨慎选择。理财非存款，产品有风险，投资须谨慎。
C000876,3,P023,call,周末14:00-18:00,您好，我是您的专属理财顾问，为您介绍：固定期限023号（R5·固定期限），业绩比较基准9.8%，灵活存续，1000元起投，T+1 次日赎回。该产品风险等级高于您的风险偏好，请谨慎选择。理财非存款，产品有风险，投资须谨慎。
C000877,1,P006,app_push,工作日12:00-14:00,专属推荐：混合006号（R3·混合），业绩比较基准5.1%，灵活存续，50000元起投，T+1 次日赎回。理财非存款，产品有风险，投资须谨慎。
C000877,2,P025,app_push,周末14:00-18:00,专属推荐：定开025号（R3·定开），业绩比较基准5.2%，366天，1000元起投，T+0 随时赎回。理财非存款，产品有风险，投资须谨慎。
C000877,3,P001,app_push,工作日18:00-21:00,专属推荐：混合001号（R3·混合），业绩比较基准5.5%，730天，50000元起投，封闭运作。理财非存款，产品有风险，投资须谨慎。
C000882,1,P030,call,工作日18:00-21:00,您好，我是您的专属理财顾问，为您介绍：固定期限030号（R2·固定期限），业绩比较基准3.1%，730天，1000元起投，T+0 随时赎回。该产品风险等级高于您的风险偏好，请谨慎选择。理财非存款，产品有风险，投资须谨慎。
C000882,2,P014,call,周末14:00-18:00,您好，我是您的专属理财顾问，为您介绍：混合014号（R1·混合），业绩比较基准2.3%，90天，10000元起投，T+1 次日赎回。理财非存款，产品有风险，投资须谨慎。
C000882,3,P010,call,周末09:00-12:00,您好，我是您的专属理财顾问，为您介绍：现金管理010号（R1·现金管理），业绩比较基准2.8%，366天，50000元起投，T+0 随时赎回。理财非存款，产品有风险，投资须谨慎。
C000885,1,P029,call,工作日12:00-14:00,您好，我是您的专属理财顾问，为您介绍：固定期限029号（R4·固定期限），业绩比较基准7.8%，灵活存续，10000元起投，封闭运作。理财非存款，产品有风险，投资须谨慎。
C000885,2,P002,call,工作日18:00-21:00,您好，我是您的专属理财顾问，为您介绍：固定期限002号（R5·固定期限），业绩比较基准11.3%，366天，1000元起投，T+0 随时赎回。该产品风险等级高于您的风险偏好，请谨慎选择。理财非存款，产品有风险，投资须谨慎。
C000885,3,P023,call,周末14:00-18:00,您好，我是您的专属理财顾问，为您介绍：固定期限023号（R5·固定期限），业绩比较基准9.8%，灵活存续，1000元起投，T+1 次日赎回。该产品风险等级高于您的风险偏好，请谨慎选择。理财非存款，产品有风险，投资须谨慎。
C000889,1,P004,app_push,工作日18:00-21:00,专属推荐：现金管理004号（R5·现金管理），业绩比较基准8.6%，灵活存续，1000元起投，封闭运作。理财非存款，产品有风险，投资须谨慎。
C000889,2,P005,app_push,周末09:00-12:00,专属推荐：现金管理005号（R5·现金管理），业绩比较基准11.0%，灵活存续，100000元起投，T+0 随时赎回。理财非存款，产品有风险，投资须谨慎。
C000889,3,P002,app_push,周末14:00-18:00,专属推荐：固定期限002号（R5·固定期限），业绩比较基准11.3%，366天，1000元起投，T+0 随时赎回。理财非存款，产品有风险，投资须谨慎。
C000895,1,P014,app_push,工作日12:00-14:00,专属推荐：混合014号（R1·混合），业绩比较基准2.3%，90天，10000元起投，T+1 次日赎回。理财非存款，产品有风险，投资须谨慎。
C000895,2,P011,app_push,周末14:00-18:00,专属推荐：固定期限011号（R2·固定期限），业绩比较基准3.3%，90天，10000元起投，T+0 随时赎回。该产品风险等级高于您的风险偏好，请谨慎选择。理财非存款，产品有风险，投资须谨慎。
C000895,3,P012,app_push,工作日18:00-21:00,专属推荐：混合012号（R2·混合），业绩比较基准3.7%，90天，10000元起投，T+1 次日赎回。该产品风险等级高于您的风险偏好，请谨慎选择。理财非存款，产品有风险，投资须谨慎。
C000897,1,P030,app_push,工作日09:00-12:00,专属推荐：固定期限030号（R2·固定期限），业绩比较基准3.1%，730天，1000元起投，T+0 随时赎回。该产品风险等级高于您的风险偏好，请谨慎选择。理财非存款，产品有风险，投资须谨慎。
C000897,2,P011,app_push,工作日12:00-14:00,专属推荐：固定期限011号（R2·固定期限），业绩比较基准3.3%，90天，10000元起投，T+0 随时赎回。该产品风险等级高于您的风险偏好，请谨慎选择。理财非存款，产品有风险，投资须谨慎。
C000897,3,P014,app_push,周末09:00-12:00,专属推荐：混合014号（R1·混合），业绩比较基准2.3%，90天，10000元起投，T+1 次日赎回。理财非存款，产品有风险，投资须谨慎。
C000899,1,P020,app_push,工作日18:00-21:00,专属推荐：现金管理020号（R2·现金管理），业绩比较基准3.6%，366天，10000元起投，T+1 次日赎回。理财非存款，产品有风险，投资须谨慎。
C000899,2,P018,app_push,周末09:00-12:00,专属推荐：现金管理018号（R2·现金管理），业绩比较基准3.6%，730天，10000元起投，T+0 随时赎回。理财非存款，产品有风险，投资须谨慎。
C000899,3,P012,app_push,周末14:00-18:00,专属推荐：混合012号（R2·混合），业绩比较基准3.7%，90天，10000元起投，T+1 次日赎回。理财非存款，产品有风险，投资须谨慎。
C000905,1,P014,app_push,工作日09:00-12:00,专属推荐：混合014号（R1·混合），业绩比较基准2.3%，90天，10000元起投，T+1 次日赎回。理财非存款，产品有风险，投资须谨慎。
C000905,2,P010,app_push,工作日18:00-21:00,专属推荐：现金管理010号（R1·现金管理），业绩比较基准2.8%，366天，50000元起投，T+0 随时赎回。理财非存款，产品有风险，投资须谨慎。
C000905,3,P026,app_push,周末09:00-12:00,专属推荐：混合026号（R2·混合），业绩比较基准3.1%，180天，1000元起投，T+1 次日赎回。该产品风险等级高于您的风险偏好，请谨慎选择。理财非存款，产品有风险，投资须谨慎。
C000907,1,P025,app_push,工作日18:00-21:00,专属推荐：定开025号（R3·定开），业绩比较基准5.2%，366天，1000元起投，T+0 随时赎回。理财非存款，产品有风险，投资须谨慎。
C000907,2,P008,app_push,周末14:00-18:00,专属推荐：定开008号（R3·定开），业绩比较基准5.1%，366天，10000元起投，封闭运作。理财非存款，产品有风险，投资须谨慎。
C000907,3,P024,app_push,周末09:00-12:00,专属推荐：定开024号（R3·定开），业绩比较基准4.7%，90天，1000元起投，T+1 次日赎回。理财非存款，产品有风险，投资须谨慎。
C000919,1,P014,call,工作日12:00-14:00,您好，我是您的专属理财顾问，为您介绍：混合014号（R1·混合），业绩比较基准2.3%，90天，10000元起投，T+1 次日赎回。理财非存款，产品有风险，投资须谨慎。
C000919,2,P010,call,周末14:00-18:00,您好，我是您的专属理财顾问，为您介绍：现金管理010号（R1·现金管理），业绩比较基准2.8%，366天，50000元起投，T+0 随时赎回。理财非存款，产品有风险，投资须谨慎。
C000919,3,P012,call,工作日18:00-21:00,您好，我是您的专属理财顾问，为您介绍：混合012号（R2·混合），业绩比较基准3.7%，90天，10000元起投，T+1 次日赎回。该产品风险等级高于您的风险偏好，请谨慎选择。理财非存款，产品有风险，投资须谨慎。
C000923,1,P025,app_push,工作日12:00-14:00,专属推荐：定开025号（R3·定开），业绩比较基准5.2%，366天，1000元起投，T+0 随时赎回。理财非存款，产品有风险，投资须谨慎。
C000923,2,P024,app_push,工作日18:00-21:00,专属推荐：定开024号（R3·定开），业绩比较基准4.7%，90天，1000元起投，T+1 次日赎回。理财非存款，产品有风险，投资须谨慎。
C000923,3,P017,app_push,周末14:00-18:00,专属推荐：现金管理017号（R3·现金管理），业绩比较基准4.3%，180天，1000元起投，T+1 次日赎回。理财非存款，产品有风险，投资须谨慎。
C000925,1,P026,app_push,工作日12:00-14:00,专属推荐：混合026号（R2·混合），业绩比较基准3.1%，180天，1000元起投，T+1 次日赎回。理财非存款，产品有风险，投资须谨慎。
C000925,2,P019,app_push,周末14:00-18:00,专属推荐：定开019号（R2·定开），业绩比较基准3.3%，灵活存续，1000元起投，T+0 随时赎回。理财非存款，产品有风险，投资须谨慎。
C000925,3,P030,app_push,工作日18:00-21:00,专属推荐：固定期限030号（R2·固定期限），业绩比较基准3.1%，730天，1000元起投，T+0 随时赎回。理财非存款，产品有风险，投资须谨慎。
C000926,1,P011,app_push,工作日12:00-14:00,专属推荐：固定期限011号（R2·固定期限），业绩比较基准3.3%，90天，10000元起投，T+0 随时赎回。理财非存款，产品有风险，投资须谨慎。
C000926,2,P030,app_push,周末14:00-18:00,专属推荐：固定期限030号（R2·固定期限），业绩比较基准3.1%，730天，1000元起投，T+0 随时赎回。理财非存款，产品有风险，投资须谨慎。
C000926,3,P012,app_push,工作日18:00-21:00,专属推荐：混合012号（R2·混合），业绩比较基准3.7%，90天，10000元起投，T+1 次日赎回。理财非存款，产品有风险，投资须谨慎。
C000932,1,P030,app_push,工作日09:00-12:00,专属推荐：固定期限030号（R2·固定期限），业绩比较基准3.1%，730天，1000元起投，T+0 随时赎回。理财非存款，产品有风险，投资须谨慎。
C000932,2,P011,app_push,工作日12:00-14:00,专属推荐：固定期限011号（R2·固定期限），业绩比较基准3.3%，90天，10000元起投，T+0 随时赎回。理财非存款，产品有风险，投资须谨慎。
C000932,3,P019,app_push,周末09:00-12:00,专属推荐：定开019号（R2·定开），业绩比较基准3.3%，灵活存续，1000元起投，T+0 随时赎回。理财非存款，产品有风险，投资须谨慎。
C000935,1,P002,app_push,工作日12:00-14:00,专属推荐：固定期限002号（R5·固定期限），业绩比较基准11.3%，366天，1000元起投，T+0 随时赎回。理财非存款，产品有风险，投资须谨慎。
C000935,2,P023,app_push,周末14:00-18:00,专属推荐：固定期限023号（R5·固定期限），业绩比较基准9.8%，灵活存续，1000元起投，T+1 次日赎回。理财非存款，产品有风险，投资须谨慎。
C000935,3,P004,app_push,工作日18:00-21:00,专属推荐：现金管理004号（R5·现金管理），业绩比较基准8.6%，灵活存续，1000元起投，封闭运作。理财非存款，产品有风险，投资须谨慎。
C000936,1,P012,app_push,工作日09:00-12:00,专属推荐：混合012号（R2·混合），业绩比较基准3.7%，90天，10000元起投，T+1 次日赎回。理财非存款，产品有风险，投资须谨慎。
C000936,2,P011,app_push,工作日12:00-14:00,专属推荐：固定期限011号（R2·固定期限），业绩比较基准3.3%，90天，10000元起投，T+0 随时赎回。理财非存款，产品有风险，投资须谨慎。
C000936,3,P026,app_push,工作日18:00-21:00,专属推荐：混合026号（R2·混合），业绩比较基准3.1%，180天，1000元起投，T+1 次日赎回。理财非存款，产品有风险，投资须谨慎。
C000940,1,P025,app_push,工作日12:00-14:00,专属推荐：定开025号（R3·定开），业绩比较基准5.2%，366天，1000元起投，T+0 随时赎回。理财非存款，产品有风险，投资须谨慎。
C000940,2,P006,app_push,周末14:00-18:00,专属推荐：混合006号（R3·混合），业绩比较基准5.1%，灵活存续，50000元起投，T+1 次日赎回。理财非存款，产品有风险，投资须谨慎。
C000940,3,P001,app_push,工作日18:00-21:00,专属推荐：混合001号（R3·混合），业绩比较基准5.5%，730天，50000元起投，封闭运作。理财非存款，产品有风险，投资须谨慎。
C000942,1,P026,app_push,工作日09:00-12:00,专属推荐：混合026号（R2·混合），业绩比较基准3.1%，180天，1000元起投，T+1 次日赎回。理财非存款，产品有风险，投资须谨慎。
C000942,2,P019,app_push,工作日12:00-14:00,专属推荐：定开019号（R2·定开），业绩比较基准3.3%，灵活存续，1000元起投，T+0 随时赎回。理财非存款，产品有风险，投资须谨慎。
C000942,3,P012,app_push,周末14:00-18:00,专属推荐：混合012号（R2·混合），业绩比较基准3.7%，90天，10000元起投，T+1 次日赎回。理财非存款，产品有风险，投资须谨慎。
C000945,1,P024,call,工作日12:00-14:00,您好，我是您的专属理财顾问，为您介绍：定开024号（R3·定开），业绩比较基准4.7%，90天，1000元起投，T+1 次日赎回。理财非存款，产品有风险，投资须谨慎。
C000945,2,P025,call,工作日18:00-21:00,您好，我是您的专属理财顾问，为您介绍：定开025号（R3·定开），业绩比较基准5.2%，366天，1000元起投，T+0 随时赎回。理财非存款，产品有风险，投资须谨慎。
C000945,3,P008,call,周末14:00-18:00,您好，我是您的专属理财顾问，为您介绍：定开008号（R3·定开），业绩比较基准5.1%，366天，10000元起投，封闭运作。理财非存款，产品有风险，投资须谨慎。
C000946,1,P011,app_push,工作日18:00-21:00,专属推荐：固定期限011号（R2·固定期限），业绩比较基准3.3%，90天，10000元起投，T+0 随时赎回。理财非存款，产品有风险，投资须谨慎。
C000946,2,P020,app_push,周末14:00-18:00,专属推荐：现金管理020号（R2·现金管理），业绩比较基准3.6%，366天，10000元起投，T+1 次日赎回。理财非存款，产品有风险，投资须谨慎。
C000946,3,P013,app_push,周末09:00-12:00,专属推荐：定开013号（R2·定开），业绩比较基准3.5%，灵活存续，10000元起投，T+0 随时赎回。理财非存款，产品有风险，投资须谨慎。
C000948,1,P010,app_push,工作日09:00-12:00,专属推荐：现金管理010号（R1·现金管理），业绩比较基准2.8%，366天，50000元起投，T+0 随时赎回。理财非存款，产品有风险，投资须谨慎。
C000948,2,P019,app_push,工作日12:00-14:00,专属推荐：定开019号（R2·定开），业绩比较基准3.3%，灵活存续，1000元起投，T+0 随时赎回。该产品风险等级高于您的风险偏好，请谨慎选择。理财非存款，产品有风险，投资须谨慎。
C000948,3,P014,app_push,周末14:00-18:00,专属推荐：混合014号（R1·混合），业绩比较基准2.3%，90天，10000元起投，T+1 次日赎回。理财非存款，产品有风险，投资须谨慎。
C000951,1,P002,app_push,工作日12:00-14:00,专属推荐：固定期限002号（R5·固定期限），业绩比较基准11.3%，366天，1000元起投，T+0 随时赎回。该产品风险等级高于您的风险偏好，请谨慎选择。理财非存款，产品有风险，投资须谨慎。
C000951,2,P029,app_push,周末14:00-18:00,专属推荐：固定期限029号（R4·固定期限），业绩比较基准7.8%，灵活存续，10000元起投，封闭运作。理财非存款，产品有风险，投资须谨慎。
C000951,3,P023,app_push,工作日18:00-21:00,专属推荐：固定期限023号（R5·固定期限），业绩比较基准9.8%，灵活存续，1000元起投，T+1 次日赎回。该产品风险等级高于您的风险偏好，请谨慎选择。理财非存款，产品有风险，投资须谨慎。
C000954,1,P014,call,工作日12:00-14:00,您好，我是您的专属理财顾问，为您介绍：混合014号（R1·混合），业绩比较基准2.3%，90天，10000元起投，T+1 次日赎回。理财非存款，产品有风险，投资须谨慎。
C000954,2,P010,call,工作日18:00-21:00,您好，我是您的专属理财顾问，为您介绍：现金管理010号（R1·现金管理），业绩比较基准2.8%，366天，50000元起投，T+0 随时赎回。理财非存款，产品有风险，投资须谨慎。
C000954,3,P026,call,周末14:00-18:00,您好，我是您的专属理财顾问，为您介绍：混合026号（R2·混合），业绩比较基准3.1%，180天，1000元起投，T+1 次日赎回。该产品风险等级高于您的风险偏好，请谨慎选择。理财非存款，产品有风险，投资须谨慎。
C000957,1,P025,app_push,工作日18:00-21:00,专属推荐：定开025号（R3·定开），业绩比较基准5.2%，366天，1000元起投，T+0 随时赎回。理财非存款，产品有风险，投资须谨慎。
C000957,2,P024,app_push,周末09:00-12:00,专属推荐：定开024号（R3·定开），业绩比较基准4.7%，90天，1000元起投，T+1 次日赎回。理财非存款，产品有风险，投资须谨慎。
C000957,3,P008,app_push,周末14:00-18:00,专属推荐：定开008号（R3·定开），业绩比较基准5.1%，366天，10000元起投，封闭运作。理财非存款，产品有风险，投资须谨慎。
C000960,1,P012,app_push,工作日18:00-21:00,专属推荐：混合012号（R2·混合），业绩比较基准3.7%，90天，10000元起投，T+1 次日赎回。理财非存款，产品有风险，投资须谨慎。
C000960,2,P013,app_push,周末09:00-12:00,专属推荐：定开013号（R2·定开），业绩比较基准3.5%，灵活存续，10000元起投，T+0 随时赎回。理财非存款，产品有风险，投资须谨慎。
C000960,3,P026,app_push,周末14:00-18:00,专属推荐：混合026号（R2·混合），业绩比较基准3.1%，180天，1000元起投，T+1 次日赎回。理财非存款，产品有风险，投资须谨慎。
C000964,1,P025,app_push,工作日12:00-14:00,专属推荐：定开025号（R3·定开），业绩比较基准5.2%，366天，1000元起投，T+0 随时赎回。理财非存款，产品有风险，投资须谨慎。
C000964,2,P024,app_push,工作日18:00-21:00,专属推荐：定开024号（R3·定开），业绩比较基准4.7%，90天，1000元起投，T+1 次日赎回。理财非存款，产品有风险，投资须谨慎。
C000964,3,P008,app_push,周末14:00-18:00,专属推荐：定开008号（R3·定开），业绩比较基准5.1%，366天，10000元起投，封闭运作。理财非存款，产品有风险，投资须谨慎。
C000969,1,P012,app_push,工作日12:00-14:00,专属推荐：混合012号（R2·混合），业绩比较基准3.7%，90天，10000元起投，T+1 次日赎回。理财非存款，产品有风险，投资须谨慎。
C000969,2,P013,app_push,周末14:00-18:00,专属推荐：定开013号（R2·定开），业绩比较基准3.5%，灵活存续，10000元起投，T+0 随时赎回。理财非存款，产品有风险，投资须谨慎。
C000969,3,P026,app_push,工作日18:00-21:00,专属推荐：混合026号（R2·混合），业绩比较基准3.1%，180天，1000元起投，T+1 次日赎回。理财非存款，产品有风险，投资须谨慎。
C000978,1,P009,app_push,工作日12:00-14:00,专属推荐：现金管理009号（R2·现金管理），业绩比较基准4.0%，730天，50000元起投，T+0 随时赎回。理财非存款，产品有风险，投资须谨慎。
C000978,2,P016,app_push,周末14:00-18:00,专属推荐：现金管理016号（R2·现金管理），业绩比较基准3.1%，180天，100000元起投，T+0 随时赎回。理财非存款，产品有风险，投资须谨慎。
C000978,3,P018,app_push,工作日18:00-21:00,专属推荐：现金管理018号（R2·现金管理），业绩比较基准3.6%，730天，10000元起投，T+0 随时赎回。理财非存款，产品有风险，投资须谨慎。
C000980,1,P017,call,工作日18:00-21:00,您好，我是您的专属理财顾问，为您介绍：现金管理017号（R3·现金管理），业绩比较基准4.3%，180天，1000元起投，T+1 次日赎回。理财非存款，产品有风险，投资须谨慎。
C000980,2,P025,call,周末09:00-12:00,您好，我是您的专属理财顾问，为您介绍：定开025号（R3·定开），业绩比较基准5.2%，366天，1000元起投，T+0 随时赎回。理财非存款，产品有风险，投资须谨慎。
C000980,3,P012,call,周末14:00-18:00,您好，我是您的专属理财顾问，为您介绍：混合012号（R2·混合），业绩比较基准3.7%，90天，10000元起投，T+1 次日赎回。理财非存款，产品有风险，投资须谨慎。
C000989,1,P025,app_push,工作日12:00-14:00,专属推荐：定开025号（R3·定开），业绩比较基准5.2%，366天，1000元起投，T+0 随时赎回。理财非存款，产品有风险，投资须谨慎。
C000989,2,P024,app_push,工作日18:00-21:00,专属推荐：定开024号（R3·定开），业绩比较基准4.7%，90天，1000元起投，T+1 次日赎回。理财非存款，产品有风险，投资须谨慎。
C000989,3,P017,app_push,周末14:00-18:00,专属推荐：现金管理017号（R3·现金管理），业绩比较基准4.3%，180天，1000元起投，T+1 次日赎回。理财非存款，产品有风险，投资须谨慎。
C000997,1,P022,app_push,工作日18:00-21:00,专属推荐：定开022号（R2·定开），业绩比较基准3.0%，730天，10000元起投，T+1 次日赎回。理财非存款，产品有风险，投资须谨慎。
C000997,2,P009,app_push,周末14:00-18:00,专属推荐：现金管理009号（R2·现金管理），业绩比较基准4.0%，730天，50000元起投，T+0 随时赎回。理财非存款，产品有风险，投资须谨慎。
C000997,3,P011,app_push,周末09:00-12:00,专属推荐：固定期限011号（R2·固定期限），业绩比较基准3.3%，90天，10000元起投，T+0 随时赎回。理财非存款，产品有风险，投资须谨慎。
C000998,1,P014,call,工作日12:00-14:00,您好，我是您的专属理财顾问，为您介绍：混合014号（R1·混合），业绩比较基准2.3%，90天，10000元起投，T+1 次日赎回。理财非存款，产品有风险，投资须谨慎。
C000998,2,P012,call,工作日18:00-21:00,您好，我是您的专属理财顾问，为您介绍：混合012号（R2·混合），业绩比较基准3.7%，90天，10000元起投，T+1 次日赎回。该产品风险等级高于您的风险偏好，请谨慎选择。理财非存款，产品有风险，投资须谨慎。
C000998,3,P013,call,周末14:00-18:00,您好，我是您的专属理财顾问，为您介绍：定开013号（R2·定开），业绩比较基准3.5%，灵活存续，10000元起投，T+0 随时赎回。该产品风险等级高于您的风险偏好，请谨慎选择。理财非存款，产品有风险，投资须谨慎。
C000999,1,P020,manager,工作日09:00-12:00,金卡贵宾专享：现金管理020号（R2·现金管理），业绩比较基准3.6%，366天，10000元起投，T+1 次日赎回，可为您预约专属认购。理财非存款，产品有风险，投资须谨慎。
C000999,2,P009,manager,工作日12:00-14:00,金卡贵宾专享：现金管理009号（R2·现金管理），业绩比较基准4.0%，730天，50000元起投，T+0 随时赎回，可为您预约专属认购。理财非存款，产品有风险，投资须谨慎。
C000999,3,P011,manager,周末14:00-18:00,金卡贵宾专享：固定期限011号（R2·固定期限），业绩比较基准3.3%，90天，10000元起投，T+0 随时赎回，可为您预约专属认购。理财非存款，产品有风险，投资须谨慎。
C001004,1,P026,call,工作日09:00-12:00,您好，我是您的专属理财顾问，为您介绍：混合026号（R2·混合），业绩比较基准3.1%，180天，1000元起投，T+1 次日赎回。理财非存款，产品有风险，投资须谨慎。
C001004,2,P025,call,工作日12:00-14:00,您好，我是您的专属理财顾问，为您介绍：定开025号（R3·定开），业绩比较基准5.2%，366天，1000元起投，T+0 随时赎回。理财非存款，产品有风险，投资须谨慎。
C001004,3,P024,call,工作日18:00-21:00,您好，我是您的专属理财顾问，为您介绍：定开024号（R3·定开），业绩比较基准4.7%，90天，1000元起投，T+1 次日赎回。理财非存款，产品有风险，投资须谨慎。
C001005,1,P014,call,工作日09:00-12:00,您好，我是您的专属理财顾问，为您介绍：混合014号（R1·混合），业绩比较基准2.3%，90天，10000元起投，T+1 次日赎回。理财非存款，产品有风险，投资须谨慎。
C001005,2,P026,call,工作日12:00-14:00,您好，我是您的专属理财顾问，为您介绍：混合026号（R2·混合），业绩比较基准3.1%，180天，1000元起投，T+1 次日赎回。该产品风险等级高于您的风险偏好，请谨慎选择。理财非存款，产品有风险，投资须谨慎。
C001005,3,P019,call,周末09:00-12:00,您好，我是您的专属理财顾问，为您介绍：定开019号（R2·定开），业绩比较基准3.3%，灵活存续，1000元起投，T+0 随时赎回。该产品风险等级高于您的风险偏好，请谨慎选择。理财非存款，产品有风险，投资须谨慎。
C001010,1,P030,app_push,工作日12:00-14:00,专属推荐：固定期限030号（R2·固定期限），业绩比较基准3.1%，730天，1000元起投，T+0 随时赎回。该产品风险等级高于您的风险偏好，请谨慎选择。理财非存款，产品有风险，投资须谨慎。
C001010,2,P011,app_push,工作日18:00-21:00,专属推荐：固定期限011号（R2·固定期限），业绩比较基准3.3%，90天，10000元起投，T+0 随时赎回。该产品风险等级高于您的风险偏好，请谨慎选择。理财非存款，产品有风险，投资须谨慎。
C001010,3,P014,app_push,周末14:00-18:00,专属推荐：混合014号（R1·混合），业绩比较基准2.3%，90天，10000元起投，T+1 次日赎回。理财非存款，产品有风险，投资须谨慎。
C001013,1,P029,manager,工作日12:00-14:00,钻石贵宾专享：固定期限029号（R4·固定期限），业绩比较基准7.8%，灵活存续，10000元起投，封闭运作，可为您预约专属认购。理财非存款，产品有风险，投资须谨慎。
C001013,2,P002,manager,工作日18:00-21:00,钻石贵宾专享：固定期限002号（R5·固定期限），业绩比较基准11.3%，366天，1000元起投，T+0 随时赎回，可为您预约专属认购。该产品风险等级高于您的风险偏好，请谨慎选择。理财非存款，产品有风险，投资须谨慎。
C001013,3,P023,manager,周末14:00-18:00,钻石贵宾专享：固定期限023号（R5·固定期限），业绩比较基准9.8%，灵活存续，1000元起投，T+1 次日赎回，可为您预约专属认购。该产品风险等级高于您的风险偏好，请谨慎选择。理财非存款，产品有风险，投资须谨慎。
C001018,1,P014,app_push,工作日09:00-12:00,专属推荐：混合014号（R1·混合），业绩比较基准2.3%，90天，10000元起投，T+1 次日赎回。理财非存款，产品有风险，投资须谨慎。
C001018,2,P012,app_push,工作日18:00-21:00,专属推荐：混合012号（R2·混合），业绩比较基准3.7%，90天，10000元起投，T+1 次日赎回。该产品风险等级高于您的风险偏好，请谨慎选择。理财非存款，产品有风险，投资须谨慎。
C001018,3,P026,app_push,周末09:00-12:00,专属推荐：混合026号（R2·混合），业绩比较基准3.1%，180天，1000元起投，T+1 次日赎回。该产品风险等级高于您的风险偏好，请谨慎选择。理财非存款，产品有风险，投资须谨慎。
C001019,1,P010,app_push,工作日12:00-14:00,专属推荐：现金管理010号（R1·现金管理），业绩比较基准2.8%，366天，50000元起投，T+0 随时赎回。理财非存款，产品有风险，投资须谨慎。
C001019,2,P020,app_push,周末14:00-18:00,专属推荐：现金管理020号（R2·现金管理），业绩比较基准3.6%，366天，10000元起投，T+1 次日赎回。该产品风险等级高于您的风险偏好，请谨慎选择。理财非存款，产品有风险，投资须谨慎。
C001019,3,P014,app_push,工作日18:00-21:00,专属推荐：混合014号（R1·混合），业绩比较基准2.3%，90天，10000元起投，T+1 次日赎回。理财非存款，产品有风险，投资须谨慎。
C001020,1,P014,app_push,工作日18:00-21:00,专属推荐：混合014号（R1·混合），业绩比较基准2.3%，90天，10000元起投，T+1 次日赎回。理财非存款，产品有风险，投资须谨慎。
C001020,2,P012,app_push,周末14:00-18:00,专属推荐：混合012号（R2·混合），业绩比较基准3.7%，90天，10000元起投，T+1 次日赎回。该产品风险等级高于您的风险偏好，请谨慎选择。理财非存款，产品有风险，投资须谨慎。
C001020,3,P013,app_push,周末09:00-12:00,专属推荐：定开013号（R2·定开），业绩比较基准3.5%，灵活存续，10000元起投，T+0 随时赎回。该产品风险等级高于您的风险偏好，请谨慎选择。理财非存款，产品有风险，投资须谨慎。
C001024,1,P020,call,工作日12:00-14:00,您好，我是您的专属理财顾问，为您介绍：现金管理020号（R2·现金管理），业绩比较基准3.6%，366天，10000元起投，T+1 次日赎回。理财非存款，产品有风险，投资须谨慎。
C001024,2,P012,call,工作日18:00-21:00,您好，我是您的专属理财顾问，为您介绍：混合012号（R2·混合），业绩比较基准3.7%，90天，10000元起投，T+1 次日赎回。理财非存款，产品有风险，投资须谨慎。
C001024,3,P018,call,周末14:00-18:00,您好，我是您的专属理财顾问，为您介绍：现金管理018号（R2·现金管理），业绩比较基准3.6%，730天，10000元起投，T+0 随时赎回。理财非存款，产品有风险，投资须谨慎。
C001029,1,P002,app_push,工作日18:00-21:00,专属推荐：固定期限002号（R5·固定期限），业绩比较基准11.3%，366天，1000元起投，T+0 随时赎回。该产品风险等级高于您的风险偏好，请谨慎选择。理财非存款，产品有风险，投资须谨慎。
C001029,2,P023,app_push,周末14:00-18:00,专属推荐：固定期限023号（R5·固定期限），业绩比较基准9.8%，灵活存续，1000元起投，T+1 次日赎回。该产品风险等级高于您的风险偏好，请谨慎选择。理财非存款，产品有风险，投资须谨慎。
C001029,3,P004,app_push,周末09:00-12:00,专属推荐：现金管理004号（R5·现金管理），业绩比较基准8.6%，灵活存续，1000元起投，封闭运作。该产品风险等级高于您的风险偏好，请谨慎选择。理财非存款，产品有风险，投资须谨慎。
C001030,1,P017,app_push,工作日18:00-21:00,专属推荐：现金管理017号（R3·现金管理），业绩比较基准4.3%，180天，1000元起投，T+1 次日赎回。理财非存款，产品有风险，投资须谨慎。
C001030,2,P025,app_push,周末14:00-18:00,专属推荐：定开025号（R3·定开），业绩比较基准5.2%，366天，1000元起投，T+0 随时赎回。理财非存款，产品有风险，投资须谨慎。
C001030,3,P024,app_push,周末09:00-12:00,专属推荐：定开024号（R3·定开），业绩比较基准4.7%，90天，1000元起投，T+1 次日赎回。理财非存款，产品有风险，投资须谨慎。
C001032,1,P025,app_push,工作日18:00-21:00,专属推荐：定开025号（R3·定开），业绩比较基准5.2%，366天，1000元起投，T+0 随时赎回。理财非存款，产品有风险，投资须谨慎。
C001032,2,P006,app_push,周末14:00-18:00,专属推荐：混合006号（R3·混合），业绩比较基准5.1%，灵活存续，50000元起投，T+1 次日赎回。理财非存款，产品有风险，投资须谨慎。
C001032,3,P001,app_push,周末09:00-12:00,专属推荐：混合001号（R3·混合），业绩比较基准5.5%，730天，50000元起投，封闭运作。理财非存款，产品有风险，投资须谨慎。
C001040,1,P026,call,工作日12:00-14:00,您好，我是您的专属理财顾问，为您介绍：混合026号（R2·混合），业绩比较基准3.1%，180天，1000元起投，T+1 次日赎回。理财非存款，产品有风险，投资须谨慎。
C001040,2,P018,call,工作日18:00-21:00,您好，我是您的专属理财顾问，为您介绍：现金管理018号（R2·现金管理），业绩比较基准3.6%，730天，10000元起投，T+0 随时赎回。理财非存款，产品有风险，投资须谨慎。
C001040,3,P020,call,周末14:00-18:00,您好，我是您的专属理财顾问，为您介绍：现金管理020号（R2·现金管理），业绩比较基准3.6%，366天，10000元起投，T+1 次日赎回。理财非存款，产品有风险，投资须谨慎。
C001041,1,P012,call,工作日09:00-12:00,您好，我是您的专属理财顾问，为您介绍：混合012号（R2·混合），业绩比较基准3.7%，90天，10000元起投，T+1 次日赎回。理财非存款，产品有风险，投资须谨慎。
C001041,2,P011,call,工作日12:00-14:00,您好，我是您的专属理财顾问，为您介绍：固定期限011号（R2·固定期限），业绩比较基准3.3%，90天，10000元起投，T+0 随时赎回。理财非存款，产品有风险，投资须谨慎。
C001041,3,P026,call,工作日18:00-21:00,您好，我是您的专属理财顾问，为您介绍：混合026号（R2·混合），业绩比较基准3.1%，180天，1000元起投，T+1 次日赎回。理财非存款，产品有风险，投资须谨慎。
C001045,1,P025,app_push,工作日12:00-14:00,专属推荐：定开025号（R3·定开），业绩比较基准5.2%，366天，1000元起投，T+0 随时赎回。理财非存款，产品有风险，投资须谨慎。
C001045,2,P008,app_push,周末14:00-18:00,专属推荐：定开008号（R3·定开），业绩比较基准5.1%，366天，10000元起投，封闭运作。理财非存款，产品有风险，投资须谨慎。
C001045,3,P024,app_push,工作日18:00-21:00,专属推荐：定开024号（R3·定开），业绩比较基准4.7%，90天，1000元起投，T+1 次日赎回。理财非存款，产品有风险，投资须谨慎。
C001046,1,P026,app_push,工作日12:00-14:00,专属推荐：混合026号（R2·混合），业绩比较基准3.1%，180天，1000元起投，T+1 次日赎回。理财非存款，产品有风险，投资须谨慎。
C001046,2,P019,app_push,周末14:00-18:00,专属推荐：定开019号（R2·定开），业绩比较基准3.3%，灵活存续，1000元起投，T+0 随时赎回。理财非存款，产品有风险，投资须谨慎。
C001046,3,P030,app_push,工作日18:00-21:00,专属推荐：固定期限030号（R2·固定期限），业绩比较基准3.1%，730天，1000元起投，T+0 随时赎回。理财非存款，产品有风险，投资须谨慎。
C001059,1,P025,app_push,工作日12:00-14:00,专属推荐：定开025号（R3·定开），业绩比较基准5.2%，366天，1000元起投，T+0 随时赎回。理财非存款，产品有风险，投资须谨慎。
C001059,2,P024,app_push,工作日18:00-21:00,专属推荐：定开024号（R3·定开），业绩比较基准4.7%，90天，1000元起投，T+1 次日赎回。理财非存款，产品有风险，投资须谨慎。
C001059,3,P017,app_push,周末14:00-18:00,专属推荐：现金管理017号（R3·现金管理），业绩比较基准4.3%，180天，1000元起投，T+1 次日赎回。理财非存款，产品有风险，投资须谨慎。
C001064,1,P025,app_push,工作日09:00-12:00,专属推荐：定开025号（R3·定开），业绩比较基准5.2%，366天，1000元起投，T+0 随时赎回。理财非存款，产品有风险，投资须谨慎。
C001064,2,P024,app_push,工作日12:00-14:00,专属推荐：定开024号（R3·定开），业绩比较基准4.7%，90天，1000元起投，T+1 次日赎回。理财非存款，产品有风险，投资须谨慎。
C001064,3,P008,app_push,工作日18:00-21:00,专属推荐：定开008号（R3·定开），业绩比较基准5.1%，366天，10000元起投，封闭运作。理财非存款，产品有风险，投资须谨慎。
C001069,1,P011,call,工作日12:00-14:00,您好，我是您的专属理财顾问，为您介绍：固定期限011号（R2·固定期限），业绩比较基准3.3%，90天，10000元起投，T+0 随时赎回。理财非存款，产品有风险，投资须谨慎。
C001069,2,P029,call,工作日18:00-21:00,您好，我是您的专属理财顾问，为您介绍：固定期限029号（R4·固定期限），业绩比较基准7.8%，灵活存续，10000元起投，封闭运作。该产品风险等级高于您的风险偏好，请谨慎选择。理财非存款，产品有风险，投资须谨慎。
C001069,3,P030,call,周末14:00-18:00,您好，我是您的专属理财顾问，为您介绍：固定期限030号（R2·固定期限），业绩比较基准3.1%，730天，1000元起投，T+0 随时赎回。理财非存款，产品有风险，投资须谨慎。
C001071,1,P019,call,工作日09:00-12:00,您好，我是您的专属理财顾问，为您介绍：定开019号（R2·定开），业绩比较基准3.3%，灵活存续，1000元起投，T+0 随时赎回。理财非存款，产品有风险，投资须谨慎。
C001071,2,P024,call,工作日12:00-14:00,您好，我是您的专属理财顾问，为您介绍：定开024号（R3·定开），业绩比较基准4.7%，90天，1000元起投，T+1 次日赎回。该产品风险等级高于您的风险偏好，请谨慎选择。理财非存款，产品有风险，投资须谨慎。
C001071,3,P025,call,工作日18:00-21:00,您好，我是您的专属理财顾问，为您介绍：定开025号（R3·定开），业绩比较基准5.2%，366天，1000元起投，T+0 随时赎回。该产品风险等级高于您的风险偏好，请谨慎选择。理财非存款，产品有风险，投资须谨慎。
C001074,1,P017,app_push,工作日09:00-12:00,专属推荐：现金管理017号（R3·现金管理），业绩比较基准4.3%，180天，1000元起投，T+1 次日赎回。理财非存款，产品有风险，投资须谨慎。
C001074,2,P029,app_push,工作日12:00-14:00,专属推荐：固定期限029号（R4·固定期限），业绩比较基准7.8%，灵活存续，10000元起投，封闭运作。该产品风险等级高于您的风险偏好，请谨慎选择。理财非存款，产品有风险，投资须谨慎。
C001074,3,P020,app_push,周末14:00-18:00,专属推荐：现金管理020号（R2·现金管理），业绩比较基准3.6%，366天，10000元起投，T+1 次日赎回。理财非存款，产品有风险，投资须谨慎。
C001080,1,P004,app_push,工作日18:00-21:00,专属推荐：现金管理004号（R5·现金管理），业绩比较基准8.6%，灵活存续，1000元起投，封闭运作。该产品风险等级高于您的风险偏好，请谨慎选择。理财非存款，产品有风险，投资须谨慎。
C001080,2,P029,app_push,周末09:00-12:00,专属推荐：固定期限029号（R4·固定期限），业绩比较基准7.8%，灵活存续，10000元起投，封闭运作。理财非存款，产品有风险，投资须谨慎。
C001080,3,P017,app_push,周末14:00-18:00,专属推荐：现金管理017号（R3·现金管理），业绩比较基准4.3%，180天，1000元起投，T+1 次日赎回。理财非存款，产品有风险，投资须谨慎。
C001082,1,P012,call,工作日09:00-12:00,您好，我是您的专属理财顾问，为您介绍：混合012号（R2·混合），业绩比较基准3.7%，90天，10000元起投，T+1 次日赎回。理财非存款，产品有风险，投资须谨慎。
C001082,2,P011,call,工作日12:00-14:00,您好，我是您的专属理财顾问，为您介绍：固定期限011号（R2·固定期限），业绩比较基准3.3%，90天，10000元起投，T+0 随时赎回。理财非存款，产品有风险，投资须谨慎。
C001082,3,P013,call,周末09:00-12:00,您好，我是您的专属理财顾问，为您介绍：定开013号（R2·定开），业绩比较基准3.5%，灵活存续，10000元起投，T+0 随时赎回。理财非存款，产品有风险，投资须谨慎。
C001083,1,P026,app_push,工作日09:00-12:00,专属推荐：混合026号（R2·混合），业绩比较基准3.1%，180天，1000元起投，T+1 次日赎回。该产品风险等级高于您的风险偏好，请谨慎选择。理财非存款，产品有风险，投资须谨慎。
C001083,2,P019,app_push,工作日12:00-14:00,专属推荐：定开019号（R2·定开），业绩比较基准3.3%，灵活存续，1000元起投，T+0 随时赎回。该产品风险等级高于您的风险偏好，请谨慎选择。理财非存款，产品有风险，投资须谨慎。
C001083,3,P030,app_push,周末09:00-12:00,专属推荐：固定期限030号（R2·固定期限），业绩比较基准3.1%，730天，1000元起投，T+0 随时赎回。该产品风险等级高于您的风险偏好，请谨慎选择。理财非存款，产品有风险，投资须谨慎。
C001094,1,P002,app_push,工作日18:00-21:00,专属推荐：固定期限002号（R5·固定期限），业绩比较基准11.3%，366天，1000元起投，T+0 随时赎回。理财非存款，产品有风险，投资须谨慎。
C001094,2,P023,app_push,周末14:00-18:00,专属推荐：固定期限023号（R5·固定期限），业绩比较基准9.8%，灵活存续，1000元起投，T+1 次日赎回。理财非存款，产品有风险，投资须谨慎。
C001094,3,P004,app_push,周末09:00-12:00,专属推荐：现金管理004号（R5·现金管理），业绩比较基准8.6%，灵活存续，1000元起投，封闭运作。理财非存款，产品有风险，投资须谨慎。
C001096,1,P029,app_push,工作日18:00-21:00,专属推荐：固定期限029号（R4·固定期限），业绩比较基准7.8%，灵活存续，10000元起投，封闭运作。该产品风险等级高于您的风险偏好，请谨慎选择。理财非存款，产品有风险，投资须谨慎。
C001096,2,P001,app_push,周末14:00-18:00,专属推荐：混合001号（R3·混合），业绩比较基准5.5%，730天，50000元起投，封闭运作。理财非存款，产品有风险，投资须谨慎。
C001096,3,P025,app_push,周末09:00-12:00,专属推荐：定开025号（R3·定开），业绩比较基准5.2%，366天，1000元起投，T+0 随时赎回。理财非存款，产品有风险，投资须谨慎。
C001097,1,P017,app_push,工作日12:00-14:00,专属推荐：现金管理017号（R3·现金管理），业绩比较基准4.3%，180天，1000元起投，T+1 次日赎回。理财非存款，产品有风险，投资须谨慎。
C001097,2,P025,app_push,周末14:00-18:00,专属推荐：定开025号（R3·定开），业绩比较基准5.2%，366天，1000元起投，T+0 随时赎回。理财非存款，产品有风险，投资须谨慎。
C001097,3,P008,app_push,工作日18:00-21:00,专属推荐：定开008号（R3·定开），业绩比较基准5.1%，366天，10000元起投，封闭运作。理财非存款，产品有风险，投资须谨慎。
C001100,1,P027,manager,工作日12:00-14:00,普通贵宾专享：现金管理027号（R4·现金管理），业绩比较基准7.7%，366天，100000元起投，T+1 次日赎回，可为您预约专属认购。理财非存款，产品有风险，投资须谨慎。
C001100,2,P006,manager,周末14:00-18:00,普通贵宾专享：混合006号（R3·混合），业绩比较基准5.1%，灵活存续，50000元起投，T+1 次日赎回，可为您预约专属认购。理财非存款，产品有风险，投资须谨慎。
C001100,3,P004,manager,工作日18:00-21:00,普通贵宾专享：现金管理004号（R5·现金管理），业绩比较基准8.6%，灵活存续，1000元起投，封闭运作，可为您预约专属认购。该产品风险等级高于您的风险偏好，请谨慎选择。理财非存款，产品有风险，投资须谨慎。
C001102,1,P014,call,工作日12:00-14:00,您好，我是您的专属理财顾问，为您介绍：混合014号（R1·混合），业绩比较基准2.3%，90天，10000元起投，T+1 次日赎回。理财非存款，产品有风险，投资须谨慎。
C001102,2,P013,call,工作日18:00-21:00,您好，我是您的专属理财顾问，为您介绍：定开013号（R2·定开），业绩比较基准3.5%，灵活存续，10000元起投，T+0 随时赎回。该产品风险等级高于您的风险偏好，请谨慎选择。理财非存款，产品有风险，投资须谨慎。
C001102,3,P012,call,周末14:00-18:00,您好，我是您的专属理财顾问，为您介绍：混合012号（R2·混合），业绩比较基准3.7%，90天，10000元起投，T+1 次日赎回。该产品风险等级高于您的风险偏好，请谨慎选择。理财非存款，产品有风险，投资须谨慎。
C001114,1,P029,manager,工作日09:00-12:00,钻石贵宾专享：固定期限029号（R4·固定期限），业绩比较基准7.8%，灵活存续，10000元起投，封闭运作，可为您预约专属认购。该产品风险等级高于您的风险偏好，请谨慎选择。理财非存款，产品有风险，投资须谨慎。
C001114,2,P030,manager,工作日12:00-14:00,钻石贵宾专享：固定期限030号（R2·固定期限），业绩比较基准3.1%，730天，1000元起投，T+0 随时赎回，可为您预约专属认购。理财非存款，产品有风险，投资须谨慎。
C001114,3,P025,manager,周末14:00-18:00,钻石贵宾专享：定开025号（R3·定开），业绩比较基准5.2%，366天，1000元起投，T+0 随时赎回，可为您预约专属认购。理财非存款，产品有风险，投资须谨慎。
C001118,1,P025,app_push,工作日09:00-12:00,专属推荐：定开025号（R3·定开），业绩比较基准5.2%，366天，1000元起投，T+0 随时赎回。理财非存款，产品有风险，投资须谨慎。
C001118,2,P024,app_push,工作日12:00-14:00,专属推荐：定开024号（R3·定开），业绩比较基准4.7%，90天，1000元起投，T+1 次日赎回。理财非存款，产品有风险，投资须谨慎。
C001118,3,P008,app_push,工作日18:00-21:00,专属推荐：定开008号（R3·定开），业绩比较基准5.1%，366天，10000元起投，封闭运作。理财非存款，产品有风险，投资须谨慎。
C001122,1,P006,app_push,工作日18:00-21:00,专属推荐：混合006号（R3·混合），业绩比较基准5.1%，灵活存续，50000元起投，T+1 次日赎回。理财非存款，产品有风险，投资须谨慎。
C001122,2,P001,app_push,周末09:00-12:00,专属推荐：混合001号（R3·混合），业绩比较基准5.5%，730天，50000元起投，封闭运作。理财非存款，产品有风险，投资须谨慎。
C001122,3,P021,app_push,周末14:00-18:00,专属推荐：混合021号（R3·混合），业绩比较基准5.4%，730天，100000元起投，封闭运作。理财非存款，产品有风险，投资须谨慎。
C001125,1,P014,app_push,工作日09:00-12:00,专属推荐：混合014号（R1·混合），业绩比较基准2.3%，90天，10000元起投，T+1 次日赎回。理财非存款，产品有风险，投资须谨慎。
C001125,2,P010,app_push,工作日12:00-14:00,专属推荐：现金管理010号（R1·现金管理），业绩比较基准2.8%，366天，50000元起投，T+0 随时赎回。理财非存款，产品有风险，投资须谨慎。
C001125,3,P012,app_push,工作日18:00-21:00,专属推荐：混合012号（R2·混合），业绩比较基准3.7%，90天，10000元起投，T+1 次日赎回。该产品风险等级高于您的风险偏好，请谨慎选择。理财非存款，产品有风险，投资须谨慎。
C001126,1,P014,app_push,工作日09:00-12:00,专属推荐：混合014号（R1·混合），业绩比较基准2.3%，90天，10000元起投，T+1 次日赎回。理财非存款，产品有风险，投资须谨慎。
C001126,2,P010,app_push,工作日12:00-14:00,专属推荐：现金管理010号（R1·现金管理），业绩比较基准2.8%，366天，50000元起投，T+0 随时赎回。理财非存款，产品有风险，投资须谨慎。
C001126,3,P026,app_push,工作日18:00-21:00,专属推荐：混合026号（R2·混合），业绩比较基准3.1%，180天，1000元起投，T+1 次日赎回。该产品风险等级高于您的风险偏好，请谨慎选择。理财非存款，产品有风险，投资须谨慎。
C001133,1,P025,app_push,工作日18:00-21:00,专属推荐：定开025号（R3·定开），业绩比较基准5.2%，366天，1000元起投，T+0 随时赎回。理财非存款，产品有风险，投资须谨慎。
C001133,2,P024,app_push,周末09:00-12:00,专属推荐：定开024号（R3·定开），业绩比较基准4.7%，90天，1000元起投，T+1 次日赎回。理财非存款，产品有风险，投资须谨慎。
C001133,3,P017,app_push,周末14:00-18:00,专属推荐：现金管理017号（R3·现金管理），业绩比较基准4.3%，180天，1000元起投，T+1 次日赎回。理财非存款，产品有风险，投资须谨慎。
C001134,1,P029,app_push,工作日12:00-14:00,专属推荐：固定期限029号（R4·固定期限），业绩比较基准7.8%，灵活存续，10000元起投，封闭运作。理财非存款，产品有风险，投资须谨慎。
C001134,2,P015,app_push,周末14:00-18:00,专属推荐：固定期限015号（R4·固定期限），业绩比较基准6.7%，366天，50000元起投，封闭运作。理财非存款，产品有风险，投资须谨慎。
C001134,3,P002,app_push,工作日18:00-21:00,专属推荐：固定期限002号（R5·固定期限），业绩比较基准11.3%，366天，1000元起投，T+0 随时赎回。该产品风险等级高于您的风险偏好，请谨慎选择。理财非存款，产品有风险，投资须谨慎。
C001136,1,P017,app_push,工作日09:00-12:00,专属推荐：现金管理017号（R3·现金管理），业绩比较基准4.3%，180天，1000元起投，T+1 次日赎回。理财非存款，产品有风险，投资须谨慎。
C001136,2,P020,app_push,工作日12:00-14:00,专属推荐：现金管理020号（R2·现金管理），业绩比较基准3.6%，366天，10000元起投，T+1 次日赎回。理财非存款，产品有风险，投资须谨慎。
C001136,3,P018,app_push,工作日18:00-21:00,专属推荐：现金管理018号（R2·现金管理），业绩比较基准3.6%，730天，10000元起投，T+0 随时赎回。理财非存款，产品有风险，投资须谨慎。
C001143,1,P030,call,工作日09:00-12:00,您好，我是您的专属理财顾问，为您介绍：固定期限030号（R2·固定期限），业绩比较基准3.1%，730天，1000元起投，T+0 随时赎回。理财非存款，产品有风险，投资须谨慎。
C001143,2,P011,call,工作日18:00-21:00,您好，我是您的专属理财顾问，为您介绍：固定期限011号（R2·固定期限），业绩比较基准3.3%，90天，10000元起投，T+0 随时赎回。理财非存款，产品有风险，投资须谨慎。
C001143,3,P019,call,周末09:00-12:00,您好，我是您的专属理财顾问，为您介绍：定开019号（R2·定开），业绩比较基准3.3%，灵活存续，1000元起投，T+0 随时赎回。理财非存款，产品有风险，投资须谨慎。
C001146,1,P002,call,工作日09:00-12:00,您好，我是您的专属理财顾问，为您介绍：固定期限002号（R5·固定期限），业绩比较基准11.3%，366天，1000元起投，T+0 随时赎回。理财非存款，产品有风险，投资须谨慎。
C001146,2,P023,call,工作日12:00-14:00,您好，我是您的专属理财顾问，为您介绍：固定期限023号（R5·固定期限），业绩比较基准9.8%，灵活存续，1000元起投，T+1 次日赎回。理财非存款，产品有风险，投资须谨慎。
C001146,3,P004,call,周末09:00-12:00,您好，我是您的专属理财顾问，为您介绍：现金管理004号（R5·现金管理），业绩比较基准8.6%，灵活存续，1000元起投，封闭运作。理财非存款，产品有风险，投资须谨慎。
C001148,1,P029,app_push,工作日09:00-12:00,专属推荐：固定期限029号（R4·固定期限），业绩比较基准7.8%，灵活存续，10000元起投，封闭运作。理财非存款，产品有风险，投资须谨慎。
C001148,2,P002,app_push,工作日12:00-14:00,专属推荐：固定期限002号（R5·固定期限），业绩比较基准11.3%，366天，1000元起投，T+0 随时赎回。该产品风险等级高于您的风险偏好，请谨慎选择。理财非存款，产品有风险，投资须谨慎。
C001148,3,P023,app_push,工作日18:00-21:00,专属推荐：固定期限023号（R5·固定期限），业绩比较基准9.8%，灵活存续，1000元起投，T+1 次日赎回。该产品风险等级高于您的风险偏好，请谨慎选择。理财非存款，产品有风险，投资须谨慎。
C001149,1,P029,app_push,工作日12:00-14:00,专属推荐：固定期限029号（R4·固定期限），业绩比较基准7.8%，灵活存续，10000元起投，封闭运作。理财非存款，产品有风险，投资须谨慎。
C001149,2,P002,app_push,周末14:00-18:00,专属推荐：固定期限002号（R5·固定期限），业绩比较基准11.3%，366天，1000元起投，T+0 随时赎回。该产品风险等级高于您的风险偏好，请谨慎选择。理财非存款，产品有风险，投资须谨慎。
C001149,3,P023,app_push,工作日18:00-21:00,专属推荐：固定期限023号（R5·固定期限），业绩比较基准9.8%，灵活存续，1000元起投，T+1 次日赎回。该产品风险等级高于您的风险偏好，请谨慎选择。理财非存款，产品有风险，投资须谨慎。
C001150,1,P030,call,工作日09:00-12:00,您好，我是您的专属理财顾问，为您介绍：固定期限030号（R2·固定期限），业绩比较基准3.1%，730天，1000元起投，T+0 随时赎回。理财非存款，产品有风险，投资须谨慎。
C001150,2,P024,call,工作日12:00-14:00,您好，我是您的专属理财顾问，为您介绍：定开024号（R3·定开），业绩比较基准4.7%，90天，1000元起投，T+1 次日赎回。理财非存款，产品有风险，投资须谨慎。
C001150,3,P025,call,周末14:00-18:00,您好，我是您的专属理财顾问，为您介绍：定开025号（R3·定开），业绩比较基准5.2%，366天，1000元起投，T+0 随时赎回。理财非存款，产品有风险，投资须谨慎。
C001151,1,P014,app_push,工作日18:00-21:00,专属推荐：混合014号（R1·混合），业绩比较基准2.3%，90天，10000元起投，T+1 次日赎回。理财非存款，产品有风险，投资须谨慎。
C001151,2,P012,app_push,周末09:00-12:00,专属推荐：混合012号（R2·混合），业绩比较基准3.7%，90天，10000元起投，T+1 次日赎回。该产品风险等级高于您的风险偏好，请谨慎选择。理财非存款，产品有风险，投资须谨慎。
C001151,3,P010,app_push,周末14:00-18:00,专属推荐：现金管理010号（R1·现金管理），业绩比较基准2.8%，366天，50000元起投，T+0 随时赎回。理财非存款，产品有风险，投资须谨慎。
C001152,1,P002,app_push,工作日09:00-12:00,专属推荐：固定期限002号（R5·固定期限），业绩比较基准11.3%，366天，1000元起投，T+0 随时赎回。该产品风险等级高于您的风险偏好，请谨慎选择。理财非存款，产品有风险，投资须谨慎。
C001152,2,P023,app_push,工作日18:00-21:00,专属推荐：固定期限023号（R5·固定期限），业绩比较基准9.8%，灵活存续，1000元起投，T+1 次日赎回。该产品风险等级高于您的风险偏好，请谨慎选择。理财非存款，产品有风险，投资须谨慎。
C001152,3,P029,app_push,周末14:00-18:00,专属推荐：固定期限029号（R4·固定期限），业绩比较基准7.8%，灵活存续，10000元起投，封闭运作。理财非存款，产品有风险，投资须谨慎。
C001158,1,P024,app_push,工作日09:00-12:00,专属推荐：定开024号（R3·定开），业绩比较基准4.7%，90天，1000元起投，T+1 次日赎回。理财非存款，产品有风险，投资须谨慎。
C001158,2,P025,app_push,工作日12:00-14:00,专属推荐：定开025号（R3·定开），业绩比较基准5.2%，366天，1000元起投，T+0 随时赎回。理财非存款，产品有风险，投资须谨慎。
C001158,3,P002,app_push,工作日18:00-21:00,专属推荐：固定期限002号（R5·固定期限），业绩比较基准11.3%，366天，1000元起投，T+0 随时赎回。该产品风险等级高于您的风险偏好，请谨慎选择。理财非存款，产品有风险，投资须谨慎。
C001159,1,P025,app_push,工作日12:00-14:00,专属推荐：定开025号（R3·定开），业绩比较基准5.2%，366天，1000元起投，T+0 随时赎回。理财非存款，产品有风险，投资须谨慎。
C001159,2,P017,app_push,工作日18:00-21:00,专属推荐：现金管理017号（R3·现金管理），业绩比较基准4.3%，180天，1000元起投，T+1 次日赎回。理财非存款，产品有风险，投资须谨慎。
C001159,3,P024,app_push,周末14:00-18:00,专属推荐：定开024号（R3·定开），业绩比较基准4.7%，90天，1000元起投，T+1 次日赎回。理财非存款，产品有风险，投资须谨慎。
C001165,1,P029,app_push,工作日12:00-14:00,专属推荐：固定期限029号（R4·固定期限），业绩比较基准7.8%，灵活存续，10000元起投，封闭运作。理财非存款，产品有风险，投资须谨慎。
C001165,2,P002,app_push,工作日18:00-21:00,专属推荐：固定期限002号（R5·固定期限），业绩比较基准11.3%，366天，1000元起投，T+0 随时赎回。该产品风险等级高于您的风险偏好，请谨慎选择。理财非存款，产品有风险，投资须谨慎。
C001165,3,P023,app_push,周末14:00-18:00,专属推荐：固定期限023号（R5·固定期限），业绩比较基准9.8%，灵活存续，1000元起投，T+1 次日赎回。该产品风险等级高于您的风险偏好，请谨慎选择。理财非存款，产品有风险，投资须谨慎。
C001174,1,P030,call,工作日18:00-21:00,您好，我是您的专属理财顾问，为您介绍：固定期限030号（R2·固定期限），业绩比较基准3.1%，730天，1000元起投，T+0 随时赎回。该产品风险等级高于您的风险偏好，请谨慎选择。理财非存款，产品有风险，投资须谨慎。
C001174,2,P026,call,周末14:00-18:00,您好，我是您的专属理财顾问，为您介绍：混合026号（R2·混合），业绩比较基准3.1%，180天，1000元起投，T+1 次日赎回。该产品风险等级高于您的风险偏好，请谨慎选择。理财非存款，产品有风险，投资须谨慎。
C001174,3,P019,call,周末09:00-12:00,您好，我是您的专属理财顾问，为您介绍：定开019号（R2·定开），业绩比较基准3.3%，灵活存续，1000元起投，T+0 随时赎回。该产品风险等级高于您的风险偏好，请谨慎选择。理财非存款，产品有风险，投资须谨慎。
C001175,1,P004,app_push,工作日09:00-12:00,专属推荐：现金管理004号（R5·现金管理），业绩比较基准8.6%，灵活存续，1000元起投，封闭运作。理财非存款，产品有风险，投资须谨慎。
C001175,2,P005,app_push,工作日12:00-14:00,专属推荐：现金管理005号（R5·现金管理），业绩比较基准11.0%，灵活存续，100000元起投，T+0 随时赎回。理财非存款，产品有风险，投资须谨慎。
C001175,3,P002,app_push,工作日18:00-21:00,专属推荐：固定期限002号（R5·固定期限），业绩比较基准11.3%，366天，1000元起投，T+0 随时赎回。理财非存款，产品有风险，投资须谨慎。
C001177,1,P002,call,工作日12:00-14:00,您好，我是您的专属理财顾问，为您介绍：固定期限002号（R5·固定期限），业绩比较基准11.3%，366天，1000元起投，T+0 随时赎回。该产品风险等级高于您的风险偏好，请谨慎选择。理财非存款，产品有风险，投资须谨慎。
C001177,2,P029,call,工作日18:00-21:00,您好，我是您的专属理财顾问，为您介绍：固定期限029号（R4·固定期限），业绩比较基准7.8%，灵活存续，10000元起投，封闭运作。理财非存款，产品有风险，投资须谨慎。
C001177,3,P023,call,周末14:00-18:00,您好，我是您的专属理财顾问，为您介绍：固定期限023号（R5·固定期限），业绩比较基准9.8%，灵活存续，1000元起投，T+1 次日赎回。该产品风险等级高于您的风险偏好，请谨慎选择。理财非存款，产品有风险，投资须谨慎。
C001178,1,P011,call,工作日12:00-14:00,您好，我是您的专属理财顾问，为您介绍：固定期限011号（R2·固定期限），业绩比较基准3.3%，90天，10000元起投，T+0 随时赎回。理财非存款，产品有风险，投资须谨慎。
C001178,2,P012,call,周末14:00-18:00,您好，我是您的专属理财顾问，为您介绍：混合012号（R2·混合），业绩比较基准3.7%，90天，10000元起投，T+1 次日赎回。理财非存款，产品有风险，投资须谨慎。
C001178,3,P022,call,工作日18:00-21:00,您好，我是您的专属理财顾问，为您介绍：定开022号（R2·定开），业绩比较基准3.0%，730天，10000元起投，T+1 次日赎回。理财非存款，产品有风险，投资须谨慎。
C001190,1,P019,app_push,工作日12:00-14:00,专属推荐：定开019号（R2·定开），业绩比较基准3.3%，灵活存续，1000元起投，T+0 随时赎回。该产品风险等级高于您的风险偏好，请谨慎选择。理财非存款，产品有风险，投资须谨慎。
C001190,2,P013,app_push,工作日18:00-21:00,专属推荐：定开013号（R2·定开），业绩比较基准3.5%，灵活存续，10000元起投，T+0 随时赎回。该产品风险等级高于您的风险偏好，请谨慎选择。理财非存款，产品有风险，投资须谨慎。
C001190,3,P022,app_push,周末14:00-18:00,专属推荐：定开022号（R2·定开），业绩比较基准3.0%，730天，10000元起投，T+1 次日赎回。该产品风险等级高于您的风险偏好，请谨慎选择。理财非存款，产品有风险，投资须谨慎。
C001192,1,P019,call,工作日18:00-21:00,您好，我是您的专属理财顾问，为您介绍：定开019号（R2·定开），业绩比较基准3.3%，灵活存续，1000元起投，T+0 随时赎回。理财非存款，产品有风险，投资须谨慎。
C001192,2,P026,call,周末14:00-18:00,您好，我是您的专属理财顾问，为您介绍：混合026号（R2·混合），业绩比较基准3.1%，180天，1000元起投，T+1 次日赎回。理财非存款，产品有风险，投资须谨慎。
C001192,3,P030,call,周末09:00-12:00,您好，我是您的专属理财顾问，为您介绍：固定期限030号（R2·固定期限），业绩比较基准3.1%，730天，1000元起投，T+0 随时赎回。理财非存款，产品有风险，投资须谨慎。
C001196,1,P026,app_push,工作日18:00-21:00,专属推荐：混合026号（R2·混合），业绩比较基准3.1%，180天，1000元起投，T+1 次日赎回。理财非存款，产品有风险，投资须谨慎。
C001196,2,P019,app_push,周末09:00-12:00,专属推荐：定开019号（R2·定开），业绩比较基准3.3%，灵活存续，1000元起投，T+0 随时赎回。理财非存款，产品有风险，投资须谨慎。
C001196,3,P030,app_push,周末14:00-18:00,专属推荐：固定期限030号（R2·固定期限），业绩比较基准3.1%，730天，1000元起投，T+0 随时赎回。理财非存款，产品有风险，投资须谨慎。
C001197,1,P002,app_push,工作日09:00-12:00,专属推荐：固定期限002号（R5·固定期限），业绩比较基准11.3%，366天，1000元起投，T+0 随时赎回。理财非存款，产品有风险，投资须谨慎。
C001197,2,P023,app_push,工作日12:00-14:00,专属推荐：固定期限023号（R5·固定期限），业绩比较基准9.8%，灵活存续，1000元起投，T+1 次日赎回。理财非存款，产品有风险，投资须谨慎。
C001197,3,P004,app_push,周末09:00-12:00,专属推荐：现金管理004号（R5·现金管理），业绩比较基准8.6%，灵活存续，1000元起投，封闭运作。理财非存款，产品有风险，投资须谨慎。
C001211,1,P010,call,工作日12:00-14:00,您好，我是您的专属理财顾问，为您介绍：现金管理010号（R1·现金管理），业绩比较基准2.8%，366天，50000元起投，T+0 随时赎回。理财非存款，产品有风险，投资须谨慎。
C001211,2,P016,call,工作日18:00-21:00,您好，我是您的专属理财顾问，为您介绍：现金管理016号（R2·现金管理），业绩比较基准3.1%，180天，100000元起投，T+0 随时赎回。该产品风险等级高于您的风险偏好，请谨慎选择。理财非存款，产品有风险，投资须谨慎。
C001211,3,P009,call,周末14:00-18:00,您好，我是您的专属理财顾问，为您介绍：现金管理009号（R2·现金管理），业绩比较基准4.0%，730天，50000元起投，T+0 随时赎回。该产品风险等级高于您的风险偏好，请谨慎选择。理财非存款，产品有风险，投资须谨慎。
C001214,1,P030,app_push,工作日12:00-14:00,专属推荐：固定期限030号（R2·固定期限），业绩比较基准3.1%，730天，1000元起投，T+0 随时赎回。理财非存款，产品有风险，投资须谨慎。
C001214,2,P025,app_push,周末14:00-18:00,专属推荐：定开025号（R3·定开），业绩比较基准5.2%，366天，1000元起投，T+0 随时赎回。理财非存款，产品有风险，投资须谨慎。
C001214,3,P011,app_push,工作日18:00-21:00,专属推荐：固定期限011号（R2·固定期限），业绩比较基准3.3%，90天，10000元起投，T+0 随时赎回。理财非存款，产品有风险，投资须谨慎。
C001217,1,P015,app_push,工作日12:00-14:00,专属推荐：固定期限015号（R4·固定期限），业绩比较基准6.7%，366天，50000元起投，封闭运作。理财非存款，产品有风险，投资须谨慎。
C001217,2,P029,app_push,工作日18:00-21:00,专属推荐：固定期限029号（R4·固定期限），业绩比较基准7.8%，灵活存续，10000元起投，封闭运作。理财非存款，产品有风险，投资须谨慎。
C001217,3,P002,app_push,周末14:00-18:00,专属推荐：固定期限002号（R5·固定期限），业绩比较基准11.3%，366天，1000元起投，T+0 随时赎回。该产品风险等级高于您的风险偏好，请谨慎选择。理财非存款，产品有风险，投资须谨慎。
C001218,1,P025,app_push,工作日09:00-12:00,专属推荐：定开025号（R3·定开），业绩比较基准5.2%，366天，1000元起投，T+0 随时赎回。理财非存款，产品有风险，投资须谨慎。
C001218,2,P006,app_push,工作日12:00-14:00,专属推荐：混合006号（R3·混合），业绩比较基准5.1%，灵活存续，50000元起投，T+1 次日赎回。理财非存款，产品有风险，投资须谨慎。
C001218,3,P024,app_push,周末09:00-12:00,专属推荐：定开024号（R3·定开），业绩比较基准4.7%，90天，1000元起投，T+1 次日赎回。理财非存款，产品有风险，投资须谨慎。
C001219,1,P006,manager,工作日09:00-12:00,钻石贵宾专享：混合006号（R3·混合），业绩比较基准5.1%，灵活存续，50000元起投，T+1 次日赎回，可为您预约专属认购。理财非存款，产品有风险，投资须谨慎。
C001219,2,P025,manager,工作日12:00-14:00,钻石贵宾专享：定开025号（R3·定开），业绩比较基准5.2%，366天，1000元起投，T+0 随时赎回，可为您预约专属认购。理财非存款，产品有风险，投资须谨慎。
C001219,3,P001,manager,周末09:00-12:00,钻石贵宾专享：混合001号（R3·混合），业绩比较基准5.5%，730天，50000元起投，封闭运作，可为您预约专属认购。理财非存款，产品有风险，投资须谨慎。
C001220,1,P026,app_push,工作日18:00-21:00,专属推荐：混合026号（R2·混合），业绩比较基准3.1%，180天，1000元起投，T+1 次日赎回。该产品风险等级高于您的风险偏好，请谨慎选择。理财非存款，产品有风险，投资须谨慎。
C001220,2,P014,app_push,周末14:00-18:00,专属推荐：混合014号（R1·混合），业绩比较基准2.3%，90天，10000元起投，T+1 次日赎回。理财非存款，产品有风险，投资须谨慎。
C001220,3,P012,app_push,周末09:00-12:00,专属推荐：混合012号（R2·混合），业绩比较基准3.7%，90天，10000元起投，T+1 次日赎回。该产品风险等级高于您的风险偏好，请谨慎选择。理财非存款，产品有风险，投资须谨慎。
C001225,1,P026,app_push,工作日09:00-12:00,专属推荐：混合026号（R2·混合），业绩比较基准3.1%，180天，1000元起投，T+1 次日赎回。理财非存款，产品有风险，投资须谨慎。
C001225,2,P025,app_push,工作日12:00-14:00,专属推荐：定开025号（R3·定开），业绩比较基准5.2%，366天，1000元起投，T+0 随时赎回。理财非存款，产品有风险，投资须谨慎。
C001225,3,P024,app_push,周末09:00-12:00,专属推荐：定开024号（R3·定开），业绩比较基准4.7%，90天，1000元起投，T+1 次日赎回。理财非存款，产品有风险，投资须谨慎。
C001230,1,P012,app_push,工作日12:00-14:00,专属推荐：混合012号（R2·混合），业绩比较基准3.7%，90天，10000元起投，T+1 次日赎回。理财非存款，产品有风险，投资须谨慎。
C001230,2,P013,app_push,工作日18:00-21:00,专属推荐：定开013号（R2·定开），业绩比较基准3.5%，灵活存续，10000元起投，T+0 随时赎回。理财非存款，产品有风险，投资须谨慎。
C001230,3,P011,app_push,周末14:00-18:00,专属推荐：固定期限011号（R2·固定期限），业绩比较基准3.3%，90天，10000元起投，T+0 随时赎回。理财非存款，产品有风险，投资须谨慎。
C001232,1,P021,manager,工作日18:00-21:00,金卡贵宾专享：混合021号（R3·混合），业绩比较基准5.4%，730天，100000元起投，封闭运作，可为您预约专属认购。理财非存款，产品有风险，投资须谨慎。
C001232,2,P006,manager,周末09:00-12:00,金卡贵宾专享：混合006号（R3·混合），业绩比较基准5.1%，灵活存续，50000元起投，T+1 次日赎回，可为您预约专属认购。理财非存款，产品有风险，投资须谨慎。
C001232,3,P001,manager,周末14:00-18:00,金卡贵宾专享：混合001号（R3·混合），业绩比较基准5.5%，730天，50000元起投，封闭运作，可为您预约专属认购。理财非存款，产品有风险，投资须谨慎。
C001249,1,P025,call,工作日09:00-12:00,您好，我是您的专属理财顾问，为您介绍：定开025号（R3·定开），业绩比较基准5.2%，366天，1000元起投，T+0 随时赎回。理财非存款，产品有风险，投资须谨慎。
C001249,2,P024,call,工作日12:00-14:00,您好，我是您的专属理财顾问，为您介绍：定开024号（R3·定开），业绩比较基准4.7%，90天，1000元起投，T+1 次日赎回。理财非存款，产品有风险，投资须谨慎。
C001249,3,P017,call,工作日18:00-21:00,您好，我是您的专属理财顾问，为您介绍：现金管理017号（R3·现金管理），业绩比较基准4.3%，180天，1000元起投，T+1 次日赎回。理财非存款，产品有风险，投资须谨慎。
C001255,1,P012,manager,工作日18:00-21:00,金卡贵宾专享：混合012号（R2·混合），业绩比较基准3.7%，90天，10000元起投，T+1 次日赎回，可为您预约专属认购。理财非存款，产品有风险，投资须谨慎。
C001255,2,P013,manager,周末14:00-18:00,金卡贵宾专享：定开013号（R2·定开），业绩比较基准3.5%，灵活存续，10000元起投，T+0 随时赎回，可为您预约专属认购。理财非存款，产品有风险，投资须谨慎。
C001255,3,P011,manager,周末09:00-12:00,金卡贵宾专享：固定期限011号（R2·固定期限），业绩比较基准3.3%，90天，10000元起投，T+0 随时赎回，可为您预约专属认购。理财非存款，产品有风险，投资须谨慎。
C001257,1,P011,app_push,工作日12:00-14:00,专属推荐：固定期限011号（R2·固定期限），业绩比较基准3.3%，90天，10000元起投，T+0 随时赎回。理财非存款，产品有风险，投资须谨慎。
C001257,2,P012,app_push,周末14:00-18:00,专属推荐：混合012号（R2·混合），业绩比较基准3.7%，90天，10000元起投，T+1 次日赎回。理财非存款，产品有风险，投资须谨慎。
C001257,3,P013,app_push,工作日18:00-21:00,专属推荐：定开013号（R2·定开），业绩比较基准3.5%，灵活存续，10000元起投，T+0 随时赎回。理财非存款，产品有风险，投资须谨慎。
C001258,1,P011,manager,工作日09:00-12:00,普通贵宾专享：固定期限011号（R2·固定期限），业绩比较基准3.3%，90天，10000元起投，T+0 随时赎回，可为您预约专属认购。理财非存款，产品有风险，投资须谨慎。
C001258,2,P016,manager,工作日12:00-14:00,普通贵宾专享：现金管理016号（R2·现金管理），业绩比较基准3.1%，180天，100000元起投，T+0 随时赎回，可为您预约专属认购。理财非存款，产品有风险，投资须谨慎。
C001258,3,P030,manager,周末14:00-18:00,普通贵宾专享：固定期限030号（R2·固定期限），业绩比较基准3.1%，730天，1000元起投，T+0 随时赎回，可为您预约专属认购。理财非存款，产品有风险，投资须谨慎。
C001260,1,P020,call,工作日09:00-12:00,您好，我是您的专属理财顾问，为您介绍：现金管理020号（R2·现金管理），业绩比较基准3.6%，366天，10000元起投，T+1 次日赎回。理财非存款，产品有风险，投资须谨慎。
C001260,2,P018,call,工作日12:00-14:00,您好，我是您的专属理财顾问，为您介绍：现金管理018号（R2·现金管理），业绩比较基准3.6%，730天，10000元起投，T+0 随时赎回。理财非存款，产品有风险，投资须谨慎。
C001260,3,P009,call,工作日18:00-21:00,您好，我是您的专属理财顾问，为您介绍：现金管理009号（R2·现金管理），业绩比较基准4.0%，730天，50000元起投，T+0 随时赎回。理财非存款，产品有风险，投资须谨慎。
C001264,1,P011,app_push,工作日09:00-12:00,专属推荐：固定期限011号（R2·固定期限），业绩比较基准3.3%，90天，10000元起投，T+0 随时赎回。该产品风险等级高于您的风险偏好，请谨慎选择。理财非存款，产品有风险，投资须谨慎。
C001264,2,P030,app_push,工作日12:00-14:00,专属推荐：固定期限030号（R2·固定期限），业绩比较基准3.1%，730天，1000元起投，T+0 随时赎回。该产品风险等级高于您的风险偏好，请谨慎选择。理财非存款，产品有风险，投资须谨慎。
C001264,3,P014,app_push,工作日18:00-21:00,专属推荐：混合014号（R1·混合），业绩比较基准2.3%，90天，10000元起投，T+1 次日赎回。理财非存款，产品有风险，投资须谨慎。
C001267,1,P025,app_push,工作日12:00-14:00,专属推荐：定开025号（R3·定开），业绩比较基准5.2%，366天，1000元起投，T+0 随时赎回。理财非存款，产品有风险，投资须谨慎。
C001267,2,P008,app_push,周末14:00-18:00,专属推荐：定开008号（R3·定开），业绩比较基准5.1%，366天，10000元起投，封闭运作。理财非存款，产品有风险，投资须谨慎。
C001267,3,P024,app_push,工作日18:00-21:00,专属推荐：定开024号（R3·定开），业绩比较基准4.7%，90天，1000元起投，T+1 次日赎回。理财非存款，产品有风险，投资须谨慎。
C001269,1,P013,manager,工作日18:00-21:00,钻石贵宾专享：定开013号（R2·定开），业绩比较基准3.5%，灵活存续，10000元起投，T+0 随时赎回，可为您预约专属认购。理财非存款，产品有风险，投资须谨慎。
C001269,2,P024,manager,周末09:00-12:00,钻石贵宾专享：定开024号（R3·定开），业绩比较基准4.7%，90天，1000元起投，T+1 次日赎回，可为您预约专属认购。该产品风险等级高于您的风险偏好，请谨慎选择。理财非存款，产品有风险，投资须谨慎。
C001269,3,P028,manager,周末14:00-18:00,钻石贵宾专享：定开028号（R2·定开），业绩比较基准3.6%，366天，100000元起投，T+1 次日赎回，可为您预约专属认购。理财非存款，产品有风险，投资须谨慎。
C001273,1,P006,call,工作日09:00-12:00,您好，我是您的专属理财顾问，为您介绍：混合006号（R3·混合），业绩比较基准5.1%，灵活存续，50000元起投，T+1 次日赎回。理财非存款，产品有风险，投资须谨慎。
C001273,2,P001,call,工作日12:00-14:00,您好，我是您的专属理财顾问，为您介绍：混合001号（R3·混合），业绩比较基准5.5%，730天，50000元起投，封闭运作。理财非存款，产品有风险，投资须谨慎。
C001273,3,P021,call,工作日18:00-21:00,您好，我是您的专属理财顾问，为您介绍：混合021号（R3·混合），业绩比较基准5.4%，730天，100000元起投，封闭运作。理财非存款，产品有风险，投资须谨慎。
C001274,1,P029,app_push,工作日12:00-14:00,专属推荐：固定期限029号（R4·固定期限），业绩比较基准7.8%，灵活存续，10000元起投，封闭运作。理财非存款，产品有风险，投资须谨慎。
C001274,2,P002,app_push,周末14:00-18:00,专属推荐：固定期限002号（R5·固定期限），业绩比较基准11.3%，366天，1000元起投，T+0 随时赎回。该产品风险等级高于您的风险偏好，请谨慎选择。理财非存款，产品有风险，投资须谨慎。
C001274,3,P023,app_push,工作日18:00-21:00,专属推荐：固定期限023号（R5·固定期限），业绩比较基准9.8%，灵活存续，1000元起投，T+1 次日赎回。该产品风险等级高于您的风险偏好，请谨慎选择。理财非存款，产品有风险，投资须谨慎。
C001275,1,P012,call,工作日18:00-21:00,您好，我是您的专属理财顾问，为您介绍：混合012号（R2·混合），业绩比较基准3.7%，90天，10000元起投，T+1 次日赎回。理财非存款，产品有风险，投资须谨慎。
C001275,2,P013,call,周末14:00-18:00,您好，我是您的专属理财顾问，为您介绍：定开013号（R2·定开），业绩比较基准3.5%，灵活存续，10000元起投，T+0 随时赎回。理财非存款，产品有风险，投资须谨慎。
C001275,3,P011,call,周末09:00-12:00,您好，我是您的专属理财顾问，为您介绍：固定期限011号（R2·固定期限），业绩比较基准3.3%，90天，10000元起投，T+0 随时赎回。理财非存款，产品有风险，投资须谨慎。
C001276,1,P019,app_push,工作日09:00-12:00,专属推荐：定开019号（R2·定开），业绩比较基准3.3%，灵活存续，1000元起投，T+0 随时赎回。理财非存款，产品有风险，投资须谨慎。
C001276,2,P026,app_push,工作日12:00-14:00,专属推荐：混合026号（R2·混合），业绩比较基准3.1%，180天，1000元起投，T+1 次日赎回。理财非存款，产品有风险，投资须谨慎。
C001276,3,P030,app_push,工作日18:00-21:00,专属推荐：固定期限030号（R2·固定期限），业绩比较基准3.1%，730天，1000元起投，T+0 随时赎回。理财非存款，产品有风险，投资须谨慎。
C001284,1,P002,app_push,工作日18:00-21:00,专属推荐：固定期限002号（R5·固定期限），业绩比较基准11.3%，366天，1000元起投，T+0 随时赎回。该产品风险等级高于您的风险偏好，请谨慎选择。理财非存款，产品有风险，投资须谨慎。
C001284,2,P029,app_push,周末14:00-18:00,专属推荐：固定期限029号（R4·固定期限），业绩比较基准7.8%，灵活存续，10000元起投，封闭运作。理财非存款，产品有风险，投资须谨慎。
C001284,3,P023,app_push,周末09:00-12:00,专属推荐：固定期限023号（R5·固定期限），业绩比较基准9.8%，灵活存续，1000元起投，T+1 次日赎回。该产品风险等级高于您的风险偏好，请谨慎选择。理财非存款，产品有风险，投资须谨慎。
C001286,1,P025,app_push,工作日09:00-12:00,专属推荐：定开025号（R3·定开），业绩比较基准5.2%，366天，1000元起投，T+0 随时赎回。理财非存款，产品有风险，投资须谨慎。
C001286,2,P024,app_push,工作日12:00-14:00,专属推荐：定开024号（R3·定开），业绩比较基准4.7%，90天，1000元起投，T+1 次日赎回。理财非存款，产品有风险，投资须谨慎。
C001286,3,P017,app_push,工作日18:00-21:00,专属推荐：现金管理017号（R3·现金管理），业绩比较基准4.3%，180天，1000元起投，T+1 次日赎回。理财非存款，产品有风险，投资须谨慎。
C001298,1,P002,manager,工作日12:00-14:00,普通贵宾专享：固定期限002号（R5·固定期限），业绩比较基准11.3%，366天，1000元起投，T+0 随时赎回，可为您预约专属认购。该产品风险等级高于您的风险偏好，请谨慎选择。理财非存款，产品有风险，投资须谨慎。
C001298,2,P027,manager,周末14:00-18:00,普通贵宾专享：现金管理027号（R4·现金管理），业绩比较基准7.7%，366天，100000元起投，T+1 次日赎回，可为您预约专属认购。理财非存款，产品有风险，投资须谨慎。
C001298,3,P029,manager,工作日18:00-21:00,普通贵宾专享：固定期限029号（R4·固定期限），业绩比较基准7.8%，灵活存续，10000元起投，封闭运作，可为您预约专属认购。理财非存款，产品有风险，投资须谨慎。
C001299,1,P029,app_push,工作日18:00-21:00,专属推荐：固定期限029号（R4·固定期限），业绩比较基准7.8%，灵活存续，10000元起投，封闭运作。该产品风险等级高于您的风险偏好，请谨慎选择。理财非存款，产品有风险，投资须谨慎。
C001299,2,P025,app_push,周末09:00-12:00,专属推荐：定开025号（R3·定开），业绩比较基准5.2%，366天，1000元起投，T+0 随时赎回。理财非存款，产品有风险，投资须谨慎。
C001299,3,P008,app_push,周末14:00-18:00,专属推荐：定开008号（R3·定开），业绩比较基准5.1%，366天，10000元起投，封闭运作。理财非存款，产品有风险，投资须谨慎。
C001306,1,P014,call,工作日09:00-12:00,您好，我是您的专属理财顾问，为您介绍：混合014号（R1·混合），业绩比较基准2.3%，90天，10000元起投，T+1 次日赎回。理财非存款，产品有风险，投资须谨慎。
C001306,2,P013,call,工作日12:00-14:00,您好，我是您的专属理财顾问，为您介绍：定开013号（R2·定开），业绩比较基准3.5%，灵活存续，10000元起投，T+0 随时赎回。该产品风险等级高于您的风险偏好，请谨慎选择。理财非存款，产品有风险，投资须谨慎。
C001306,3,P022,call,周末14:00-18:00,您好，我是您的专属理财顾问，为您介绍：定开022号（R2·定开），业绩比较基准3.0%，730天，10000元起投，T+1 次日赎回。该产品风险等级高于您的风险偏好，请谨慎选择。理财非存款，产品有风险，投资须谨慎。
C001314,1,P025,call,工作日12:00-14:00,您好，我是您的专属理财顾问，为您介绍：定开025号（R3·定开），业绩比较基准5.2%，366天，1000元起投，T+0 随时赎回。理财非存款，产品有风险，投资须谨慎。
C001314,2,P008,call,周末14:00-18:00,您好，我是您的专属理财顾问，为您介绍：定开008号（R3·定开），业绩比较基准5.1%，366天，10000元起投，封闭运作。理财非存款，产品有风险，投资须谨慎。
C001314,3,P024,call,工作日18:00-21:00,您好，我是您的专属理财顾问，为您介绍：定开024号（R3·定开），业绩比较基准4.7%，90天，1000元起投，T+1 次日赎回。理财非存款，产品有风险，投资须谨慎。
C001318,1,P017,app_push,工作日12:00-14:00,专属推荐：现金管理017号（R3·现金管理），业绩比较基准4.3%，180天，1000元起投，T+1 次日赎回。理财非存款，产品有风险，投资须谨慎。
C001318,2,P026,app_push,工作日18:00-21:00,专属推荐：混合026号（R2·混合），业绩比较基准3.1%，180天，1000元起投，T+1 次日赎回。理财非存款，产品有风险，投资须谨慎。
C001318,3,P025,app_push,周末14:00-18:00,专属推荐：定开025号（R3·定开），业绩比较基准5.2%，366天，1000元起投，T+0 随时赎回。理财非存款，产品有风险，投资须谨慎。
C001330,1,P012,call,工作日09:00-12:00,您好，我是您的专属理财顾问，为您介绍：混合012号（R2·混合），业绩比较基准3.7%，90天，10000元起投，T+1 次日赎回。理财非存款，产品有风险，投资须谨慎。
C001330,2,P011,call,工作日12:00-14:00,您好，我是您的专属理财顾问，为您介绍：固定期限011号（R2·固定期限），业绩比较基准3.3%，90天，10000元起投，T+0 随时赎回。理财非存款，产品有风险，投资须谨慎。
C001330,3,P013,call,周末09:00-12:00,您好，我是您的专属理财顾问，为您介绍：定开013号（R2·定开），业绩比较基准3.5%，灵活存续，10000元起投，T+0 随时赎回。理财非存款，产品有风险，投资须谨慎。
C001347,1,P014,manager,工作日09:00-12:00,钻石贵宾专享：混合014号（R1·混合），业绩比较基准2.3%，90天，10000元起投，T+1 次日赎回，可为您预约专属认购。理财非存款，产品有风险，投资须谨慎。
C001347,2,P012,manager,工作日12:00-14:00,钻石贵宾专享：混合012号（R2·混合），业绩比较基准3.7%，90天，10000元起投，T+1 次日赎回，可为您预约专属认购。该产品风险等级高于您的风险偏好，请谨慎选择。理财非存款，产品有风险，投资须谨慎。
C001347,3,P010,manager,周末09:00-12:00,钻石贵宾专享：现金管理010号（R1·现金管理），业绩比较基准2.8%，366天，50000元起投，T+0 随时赎回，可为您预约专属认购。理财非存款，产品有风险，投资须谨慎。
C001349,1,P025,app_push,工作日12:00-14:00,专属推荐：定开025号（R3·定开），业绩比较基准5.2%，366天，1000元起投，T+0 随时赎回。理财非存款，产品有风险，投资须谨慎。
C001349,2,P024,app_push,工作日18:00-21:00,专属推荐：定开024号（R3·定开），业绩比较基准4.7%，90天，1000元起投，T+1 次日赎回。理财非存款，产品有风险，投资须谨慎。
C001349,3,P008,app_push,周末14:00-18:00,专属推荐：定开008号（R3·定开），业绩比较基准5.1%，366天，10000元起投，封闭运作。理财非存款，产品有风险，投资须谨慎。
C001356,1,P026,app_push,工作日09:00-12:00,专属推荐：混合026号（R2·混合），业绩比较基准3.1%，180天，1000元起投，T+1 次日赎回。理财非存款，产品有风险，投资须谨慎。
C001356,2,P030,app_push,工作日12:00-14:00,专属推荐：固定期限030号（R2·固定期限），业绩比较基准3.1%，730天，1000元起投，T+0 随时赎回。理财非存款，产品有风险，投资须谨慎。
C001356,3,P019,app_push,工作日18:00-21:00,专属推荐：定开019号（R2·定开），业绩比较基准3.3%，灵活存续，1000元起投，T+0 随时赎回。理财非存款，产品有风险，投资须谨慎。
C001370,1,P012,app_push,工作日12:00-14:00,专属推荐：混合012号（R2·混合），业绩比较基准3.7%，90天，10000元起投，T+1 次日赎回。理财非存款，产品有风险，投资须谨慎。
C001370,2,P013,app_push,工作日18:00-21:00,专属推荐：定开013号（R2·定开），业绩比较基准3.5%，灵活存续，10000元起投，T+0 随时赎回。理财非存款，产品有风险，投资须谨慎。
C001370,3,P026,app_push,周末14:00-18:00,专属推荐：混合026号（R2·混合），业绩比较基准3.1%，180天，1000元起投，T+1 次日赎回。理财非存款，产品有风险，投资须谨慎。
C001371,1,P013,call,工作日18:00-21:00,您好，我是您的专属理财顾问，为您介绍：定开013号（R2·定开），业绩比较基准3.5%，灵活存续，10000元起投，T+0 随时赎回。该产品风险等级高于您的风险偏好，请谨慎选择。理财非存款，产品有风险，投资须谨慎。
C001371,2,P022,call,周末09:00-12:00,您好，我是您的专属理财顾问，为您介绍：定开022号（R2·定开），业绩比较基准3.0%，730天，10000元起投，T+1 次日赎回。该产品风险等级高于您的风险偏好，请谨慎选择。理财非存款，产品有风险，投资须谨慎。
C001371,3,P019,call,周末14:00-18:00,您好，我是您的专属理财顾问，为您介绍：定开019号（R2·定开），业绩比较基准3.3%，灵活存续，1000元起投，T+0 随时赎回。该产品风险等级高于您的风险偏好，请谨慎选择。理财非存款，产品有风险，投资须谨慎。
C001372,1,P018,call,工作日09:00-12:00,您好，我是您的专属理财顾问，为您介绍：现金管理018号（R2·现金管理），业绩比较基准3.6%，730天，10000元起投，T+0 随时赎回。该产品风险等级高于您的风险偏好，请谨慎选择。理财非存款，产品有风险，投资须谨慎。
C001372,2,P014,call,工作日18:00-21:00,您好，我是您的专属理财顾问，为您介绍：混合014号（R1·混合），业绩比较基准2.3%，90天，10000元起投，T+1 次日赎回。理财非存款，产品有风险，投资须谨慎。
C001372,3,P011,call,周末14:00-18:00,您好，我是您的专属理财顾问，为您介绍：固定期限011号（R2·固定期限），业绩比较基准3.3%，90天，10000元起投，T+0 随时赎回。该产品风险等级高于您的风险偏好，请谨慎选择。理财非存款，产品有风险，投资须谨慎。
C001375,1,P025,app_push,工作日09:00-12:00,专属推荐：定开025号（R3·定开），业绩比较基准5.2%，366天，1000元起投，T+0 随时赎回。理财非存款，产品有风险，投资须谨慎。
C001375,2,P024,app_push,工作日18:00-21:00,专属推荐：定开024号（R3·定开），业绩比较基准4.7%，90天，1000元起投，T+1 次日赎回。理财非存款，产品有风险，投资须谨慎。
C001375,3,P017,app_push,周末09:00-12:00,专属推荐：现金管理017号（R3·现金管理），业绩比较基准4.3%，180天，1000元起投，T+1 次日赎回。理财非存款，产品有风险，投资须谨慎。
C001376,1,P020,manager,工作日09:00-12:00,金卡贵宾专享：现金管理020号（R2·现金管理），业绩比较基准3.6%，366天，10000元起投，T+1 次日赎回，可为您预约专属认购。该产品风险等级高于您的风险偏好，请谨慎选择。理财非存款，产品有风险，投资须谨慎。
C001376,2,P019,manager,工作日12:00-14:00,金卡贵宾专享：定开019号（R2·定开），业绩比较基准3.3%，灵活存续，1000元起投，T+0 随时赎回，可为您预约专属认购。该产品风险等级高于您的风险偏好，请谨慎选择。理财非存款，产品有风险，投资须谨慎。
C001376,3,P013,manager,周末09:00-12:00,金卡贵宾专享：定开013号（R2·定开），业绩比较基准3.5%，灵活存续，10000元起投，T+0 随时赎回，可为您预约专属认购。该产品风险等级高于您的风险偏好，请谨慎选择。理财非存款，产品有风险，投资须谨慎。
C001377,1,P006,app_push,工作日18:00-21:00,专属推荐：混合006号（R3·混合），业绩比较基准5.1%，灵活存续，50000元起投，T+1 次日赎回。理财非存款，产品有风险，投资须谨慎。
C001377,2,P001,app_push,周末09:00-12:00,专属推荐：混合001号（R3·混合），业绩比较基准5.5%，730天，50000元起投，封闭运作。理财非存款，产品有风险，投资须谨慎。
C001377,3,P025,app_push,周末14:00-18:00,专属推荐：定开025号（R3·定开），业绩比较基准5.2%，366天，1000元起投，T+0 随时赎回。理财非存款，产品有风险，投资须谨慎。
C001378,1,P026,app_push,工作日09:00-12:00,专属推荐：混合026号（R2·混合），业绩比较基准3.1%，180天，1000元起投，T+1 次日赎回。该产品风险等级高于您的风险偏好，请谨慎选择。理财非存款，产品有风险，投资须谨慎。
C001378,2,P019,app_push,工作日12:00-14:00,专属推荐：定开019号（R2·定开），业绩比较基准3.3%，灵活存续，1000元起投，T+0 随时赎回。该产品风险等级高于您的风险偏好，请谨慎选择。理财非存款，产品有风险，投资须谨慎。
C001378,3,P030,app_push,工作日18:00-21:00,专属推荐：固定期限030号（R2·固定期限），业绩比较基准3.1%，730天，1000元起投，T+0 随时赎回。该产品风险等级高于您的风险偏好，请谨慎选择。理财非存款，产品有风险，投资须谨慎。
C001380,1,P025,call,工作日12:00-14:00,您好，我是您的专属理财顾问，为您介绍：定开025号（R3·定开），业绩比较基准5.2%，366天，1000元起投，T+0 随时赎回。理财非存款，产品有风险，投资须谨慎。
C001380,2,P024,call,周末14:00-18:00,您好，我是您的专属理财顾问，为您介绍：定开024号（R3·定开），业绩比较基准4.7%，90天，1000元起投，T+1 次日赎回。理财非存款，产品有风险，投资须谨慎。
C001380,3,P008,call,工作日18:00-21:00,您好，我是您的专属理财顾问，为您介绍：定开008号（R3·定开），业绩比较基准5.1%，366天，10000元起投，封闭运作。理财非存款，产品有风险，投资须谨慎。
C001384,1,P001,app_push,工作日09:00-12:00,专属推荐：混合001号（R3·混合），业绩比较基准5.5%，730天，50000元起投，封闭运作。理财非存款，产品有风险，投资须谨慎。
C001384,2,P006,app_push,工作日18:00-21:00,专属推荐：混合006号（R3·混合），业绩比较基准5.1%，灵活存续，50000元起投，T+1 次日赎回。理财非存款，产品有风险，投资须谨慎。
C001384,3,P017,app_push,周末09:00-12:00,专属推荐：现金管理017号（R3·现金管理），业绩比较基准4.3%，180天，1000元起投，T+1 次日赎回。理财非存款，产品有风险，投资须谨慎。
C001387,1,P014,app_push,工作日18:00-21:00,专属推荐：混合014号（R1·混合），业绩比较基准2.3%，90天，10000元起投，T+1 次日赎回。理财非存款，产品有风险，投资须谨慎。
C001387,2,P010,app_push,周末09:00-12:00,专属推荐：现金管理010号（R1·现金管理），业绩比较基准2.8%，366天，50000元起投，T+0 随时赎回。理财非存款，产品有风险，投资须谨慎。
C001387,3,P012,app_push,周末14:00-18:00,专属推荐：混合012号（R2·混合），业绩比较基准3.7%，90天，10000元起投，T+1 次日赎回。该产品风险等级高于您的风险偏好，请谨慎选择。理财非存款，产品有风险，投资须谨慎。
C001393,1,P026,manager,工作日12:00-14:00,钻石贵宾专享：混合026号（R2·混合），业绩比较基准3.1%，180天，1000元起投，T+1 次日赎回，可为您预约专属认购。理财非存款，产品有风险，投资须谨慎。
C001393,2,P029,manager,周末14:00-18:00,钻石贵宾专享：固定期限029号（R4·固定期限），业绩比较基准7.8%，灵活存续，10000元起投，封闭运作，可为您预约专属认购。该产品风险等级高于您的风险偏好，请谨慎选择。理财非存款，产品有风险，投资须谨慎。
C001393,3,P012,manager,工作日18:00-21:00,钻石贵宾专享：混合012号（R2·混合），业绩比较基准3.7%，90天，10000元起投，T+1 次日赎回，可为您预约专属认购。理财非存款，产品有风险，投资须谨慎。
C001402,1,P011,app_push,工作日18:00-21:00,专属推荐：固定期限011号（R2·固定期限），业绩比较基准3.3%，90天，10000元起投，T+0 随时赎回。理财非存款，产品有风险，投资须谨慎。
C001402,2,P030,app_push,周末09:00-12:00,专属推荐：固定期限030号（R2·固定期限），业绩比较基准3.1%，730天，1000元起投，T+0 随时赎回。理财非存款，产品有风险，投资须谨慎。
C001402,3,P012,app_push,周末14:00-18:00,专属推荐：混合012号（R2·混合），业绩比较基准3.7%，90天，10000元起投，T+1 次日赎回。理财非存款，产品有风险，投资须谨慎。
C001403,1,P018,call,工作日09:00-12:00,您好，我是您的专属理财顾问，为您介绍：现金管理018号（R2·现金管理），业绩比较基准3.6%，730天，10000元起投，T+0 随时赎回。该产品风险等级高于您的风险偏好，请谨慎选择。理财非存款，产品有风险，投资须谨慎。
C001403,2,P020,call,工作日12:00-14:00,您好，我是您的专属理财顾问，为您介绍：现金管理020号（R2·现金管理），业绩比较基准3.6%，366天，10000元起投，T+1 次日赎回。该产品风险等级高于您的风险偏好，请谨慎选择。理财非存款，产品有风险，投资须谨慎。
C001403,3,P010,call,工作日18:00-21:00,您好，我是您的专属理财顾问，为您介绍：现金管理010号（R1·现金管理），业绩比较基准2.8%，366天，50000元起投，T+0 随时赎回。理财非存款，产品有风险，投资须谨慎。
C001416,1,P017,app_push,工作日09:00-12:00,专属推荐：现金管理017号（R3·现金管理），业绩比较基准4.3%，180天，1000元起投，T+1 次日赎回。理财非存款，产品有风险，投资须谨慎。
C001416,2,P018,app_push,工作日12:00-14:00,专属推荐：现金管理018号（R2·现金管理），业绩比较基准3.6%，730天，10000元起投，T+0 随时赎回。理财非存款，产品有风险，投资须谨慎。
C001416,3,P025,app_push,周末09:00-12:00,专属推荐：定开025号（R3·定开），业绩比较基准5.2%，366天，1000元起投，T+0 随时赎回。理财非存款，产品有风险，投资须谨慎。
C001419,1,P024,app_push,工作日09:00-12:00,专属推荐：定开024号（R3·定开），业绩比较基准4.7%，90天，1000元起投，T+1 次日赎回。理财非存款，产品有风险，投资须谨慎。
C001419,2,P025,app_push,工作日18:00-21:00,专属推荐：定开025号（R3·定开），业绩比较基准5.2%，366天，1000元起投，T+0 随时赎回。理财非存款，产品有风险，投资须谨慎。
C001419,3,P017,app_push,周末14:00-18:00,专属推荐：现金管理017号（R3·现金管理），业绩比较基准4.3%，180天，1000元起投，T+1 次日赎回。理财非存款，产品有风险，投资须谨慎。
C001420,1,P009,app_push,工作日09:00-12:00,专属推荐：现金管理009号（R2·现金管理），业绩比较基准4.0%，730天，50000元起投，T+0 随时赎回。理财非存款，产品有风险，投资须谨慎。
C001420,2,P018,app_push,工作日12:00-14:00,专属推荐：现金管理018号（R2·现金管理），业绩比较基准3.6%，730天，10000元起投，T+0 随时赎回。理财非存款，产品有风险，投资须谨慎。
C001420,3,P020,app_push,工作日18:00-21:00,专属推荐：现金管理020号（R2·现金管理），业绩比较基准3.6%，366天，10000元起投，T+1 次日赎回。理财非存款，产品有风险，投资须谨慎。
C001421,1,P017,app_push,工作日12:00-14:00,专属推荐：现金管理017号（R3·现金管理），业绩比较基准4.3%，180天，1000元起投，T+1 次日赎回。理财非存款，产品有风险，投资须谨慎。
C001421,2,P025,app_push,工作日18:00-21:00,专属推荐：定开025号（R3·定开），业绩比较基准5.2%，366天，1000元起投，T+0 随时赎回。理财非存款，产品有风险，投资须谨慎。
C001421,3,P024,app_push,周末14:00-18:00,专属推荐：定开024号（R3·定开），业绩比较基准4.7%，90天，1000元起投，T+1 次日赎回。理财非存款，产品有风险，投资须谨慎。
C001422,1,P019,app_push,工作日18:00-21:00,专属推荐：定开019号（R2·定开），业绩比较基准3.3%，灵活存续，1000元起投，T+0 随时赎回。该产品风险等级高于您的风险偏好，请谨慎选择。理财非存款，产品有风险，投资须谨慎。
C001422,2,P026,app_push,周末09:00-12:00,专属推荐：混合026号（R2·混合），业绩比较基准3.1%，180天，1000元起投，T+1 次日赎回。该产品风险等级高于您的风险偏好，请谨慎选择。理财非存款，产品有风险，投资须谨慎。
C001422,3,P030,app_push,周末14:00-18:00,专属推荐：固定期限030号（R2·固定期限），业绩比较基准3.1%，730天，1000元起投，T+0 随时赎回。该产品风险等级高于您的风险偏好，请谨慎选择。理财非存款，产品有风险，投资须谨慎。
C001439,1,P011,call,工作日09:00-12:00,您好，我是您的专属理财顾问，为您介绍：固定期限011号（R2·固定期限），业绩比较基准3.3%，90天，10000元起投，T+0 随时赎回。理财非存款，产品有风险，投资须谨慎。
C001439,2,P030,call,工作日12:00-14:00,您好，我是您的专属理财顾问，为您介绍：固定期限030号（R2·固定期限），业绩比较基准3.1%，730天，1000元起投，T+0 随时赎回。理财非存款，产品有风险，投资须谨慎。
C001439,3,P012,call,工作日18:00-21:00,您好，我是您的专属理财顾问，为您介绍：混合012号（R2·混合），业绩比较基准3.7%，90天，10000元起投，T+1 次日赎回。理财非存款，产品有风险，投资须谨慎。
C001440,1,P002,app_push,工作日09:00-12:00,专属推荐：固定期限002号（R5·固定期限），业绩比较基准11.3%，366天，1000元起投，T+0 随时赎回。该产品风险等级高于您的风险偏好，请谨慎选择。理财非存款，产品有风险，投资须谨慎。
C001440,2,P023,app_push,工作日12:00-14:00,专属推荐：固定期限023号（R5·固定期限），业绩比较基准9.8%，灵活存续，1000元起投，T+1 次日赎回。该产品风险等级高于您的风险偏好，请谨慎选择。理财非存款，产品有风险，投资须谨慎。
C001440,3,P004,app_push,工作日18:00-21:00,专属推荐：现金管理004号（R5·现金管理），业绩比较基准8.6%，灵活存续，1000元起投，封闭运作。该产品风险等级高于您的风险偏好，请谨慎选择。理财非存款，产品有风险，投资须谨慎。
C001448,1,P014,app_push,工作日09:00-12:00,专属推荐：混合014号（R1·混合），业绩比较基准2.3%，90天，10000元起投，T+1 次日赎回。理财非存款，产品有风险，投资须谨慎。
C001448,2,P010,app_push,工作日12:00-14:00,专属推荐：现金管理010号（R1·现金管理），业绩比较基准2.8%，366天，50000元起投，T+0 随时赎回。理财非存款，产品有风险，投资须谨慎。
C001448,3,P030,app_push,工作日18:00-21:00,专属推荐：固定期限030号（R2·固定期限），业绩比较基准3.1%，730天，1000元起投，T+0 随时赎回。该产品风险等级高于您的风险偏好，请谨慎选择。理财非存款，产品有风险，投资须谨慎。
C001449,1,P025,call,工作日18:00-21:00,您好，我是您的专属理财顾问，为您介绍：定开025号（R3·定开），业绩比较基准5.2%，366天，1000元起投，T+0 随时赎回。理财非存款，产品有风险，投资须谨慎。
C001449,2,P024,call,周末14:00-18:00,您好，我是您的专属理财顾问，为您介绍：定开024号（R3·定开），业绩比较基准4.7%，90天，1000元起投，T+1 次日赎回。理财非存款，产品有风险，投资须谨慎。
C001449,3,P017,call,周末09:00-12:00,您好，我是您的专属理财顾问，为您介绍：现金管理017号（R3·现金管理），业绩比较基准4.3%，180天，1000元起投，T+1 次日赎回。理财非存款，产品有风险，投资须谨慎。
C001452,1,P025,app_push,工作日09:00-12:00,专属推荐：定开025号（R3·定开），业绩比较基准5.2%，366天，1000元起投，T+0 随时赎回。理财非存款，产品有风险，投资须谨慎。
C001452,2,P024,app_push,工作日12:00-14:00,专属推荐：定开024号（R3·定开），业绩比较基准4.7%，90天，1000元起投，T+1 次日赎回。理财非存款，产品有风险，投资须谨慎。
C001452,3,P017,app_push,工作日18:00-21:00,专属推荐：现金管理017号（R3·现金管理），业绩比较基准4.3%，180天，1000元起投，T+1 次日赎回。理财非存款，产品有风险，投资须谨慎。
C001457,1,P025,app_push,工作日09:00-12:00,专属推荐：定开025号（R3·定开），业绩比较基准5.2%，366天，1000元起投，T+0 随时赎回。理财非存款，产品有风险，投资须谨慎。
C001457,2,P024,app_push,工作日12:00-14:00,专属推荐：定开024号（R3·定开），业绩比较基准4.7%，90天，1000元起投，T+1 次日赎回。理财非存款，产品有风险，投资须谨慎。
C001457,3,P017,app_push,周末09:00-12:00,专属推荐：现金管理017号（R3·现金管理），业绩比较基准4.3%，180天，1000元起投，T+1 次日赎回。理财非存款，产品有风险，投资须谨慎。
C001461,1,P029,app_push,工作日18:00-21:00,专属推荐：固定期限029号（R4·固定期限），业绩比较基准7.8%，灵活存续，10000元起投，封闭运作。理财非存款，产品有风险，投资须谨慎。
C001461,2,P015,app_push,周末09:00-12:00,专属推荐：固定期限015号（R4·固定期限），业绩比较基准6.7%，366天，50000元起投，封闭运作。理财非存款，产品有风险，投资须谨慎。
C001461,3,P002,app_push,周末14:00-18:00,专属推荐：固定期限002号（R5·固定期限），业绩比较基准11.3%，366天，1000元起投，T+0 随时赎回。该产品风险等级高于您的风险偏好，请谨慎选择。理财非存款，产品有风险，投资须谨慎。
C001462,1,P030,app_push,工作日09:00-12:00,专属推荐：固定期限030号（R2·固定期限），业绩比较基准3.1%，730天，1000元起投，T+0 随时赎回。理财非存款，产品有风险，投资须谨慎。
C001462,2,P025,app_push,工作日12:00-14:00,专属推荐：定开025号（R3·定开），业绩比较基准5.2%，366天，1000元起投，T+0 随时赎回。理财非存款，产品有风险，投资须谨慎。
C001462,3,P024,app_push,周末09:00-12:00,专属推荐：定开024号（R3·定开），业绩比较基准4.7%，90天，1000元起投，T+1 次日赎回。理财非存款，产品有风险，投资须谨慎。
C001473,1,P025,call,工作日12:00-14:00,您好，我是您的专属理财顾问，为您介绍：定开025号（R3·定开），业绩比较基准5.2%，366天，1000元起投，T+0 随时赎回。理财非存款，产品有风险，投资须谨慎。
C001473,2,P024,call,工作日18:00-21:00,您好，我是您的专属理财顾问，为您介绍：定开024号（R3·定开），业绩比较基准4.7%，90天，1000元起投，T+1 次日赎回。理财非存款，产品有风险，投资须谨慎。
C001473,3,P019,call,周末14:00-18:00,您好，我是您的专属理财顾问，为您介绍：定开019号（R2·定开），业绩比较基准3.3%，灵活存续，1000元起投，T+0 随时赎回。理财非存款，产品有风险，投资须谨慎。
C001478,1,P025,app_push,工作日09:00-12:00,专属推荐：定开025号（R3·定开），业绩比较基准5.2%，366天，1000元起投，T+0 随时赎回。理财非存款，产品有风险，投资须谨慎。
C001478,2,P008,app_push,工作日18:00-21:00,专属推荐：定开008号（R3·定开），业绩比较基准5.1%，366天，10000元起投，封闭运作。理财非存款，产品有风险，投资须谨慎。
C001478,3,P024,app_push,周末14:00-18:00,专属推荐：定开024号（R3·定开），业绩比较基准4.7%，90天，1000元起投，T+1 次日赎回。理财非存款，产品有风险，投资须谨慎。
C001479,1,P029,app_push,工作日12:00-14:00,专属推荐：固定期限029号（R4·固定期限），业绩比较基准7.8%，灵活存续，10000元起投，封闭运作。理财非存款，产品有风险，投资须谨慎。
C001479,2,P002,app_push,工作日18:00-21:00,专属推荐：固定期限002号（R5·固定期限），业绩比较基准11.3%，366天，1000元起投，T+0 随时赎回。该产品风险等级高于您的风险偏好，请谨慎选择。理财非存款，产品有风险，投资须谨慎。
C001479,3,P023,app_push,周末14:00-18:00,专属推荐：固定期限023号（R5·固定期限），业绩比较基准9.8%，灵活存续，1000元起投，T+1 次日赎回。该产品风险等级高于您的风险偏好，请谨慎选择。理财非存款，产品有风险，投资须谨慎。
C001488,1,P018,call,工作日09:00-12:00,您好，我是您的专属理财顾问，为您介绍：现金管理018号（R2·现金管理），业绩比较基准3.6%，730天，10000元起投，T+0 随时赎回。该产品风险等级高于您的风险偏好，请谨慎选择。理财非存款，产品有风险，投资须谨慎。
C001488,2,P020,call,工作日12:00-14:00,您好，我是您的专属理财顾问，为您介绍：现金管理020号（R2·现金管理），业绩比较基准3.6%，366天，10000元起投，T+1 次日赎回。该产品风险等级高于您的风险偏好，请谨慎选择。理财非存款，产品有风险，投资须谨慎。
C001488,3,P010,call,周末09:00-12:00,您好，我是您的专属理财顾问，为您介绍：现金管理010号（R1·现金管理），业绩比较基准2.8%，366天，50000元起投，T+0 随时赎回。理财非存款，产品有风险，投资须谨慎。
C001491,1,P029,app_push,工作日12:00-14:00,专属推荐：固定期限029号（R4·固定期限），业绩比较基准7.8%，灵活存续，10000元起投，封闭运作。理财非存款，产品有风险，投资须谨慎。
C001491,2,P002,app_push,工作日18:00-21:00,专属推荐：固定期限002号（R5·固定期限），业绩比较基准11.3%，366天，1000元起投，T+0 随时赎回。该产品风险等级高于您的风险偏好，请谨慎选择。理财非存款，产品有风险，投资须谨慎。
C001491,3,P023,app_push,周末14:00-18:00,专属推荐：固定期限023号（R5·固定期限），业绩比较基准9.8%，灵活存续，1000元起投，T+1 次日赎回。该产品风险等级高于您的风险偏好，请谨慎选择。理财非存款，产品有风险，投资须谨慎。
C001497,1,P017,app_push,工作日09:00-12:00,专属推荐：现金管理017号（R3·现金管理），业绩比较基准4.3%，180天，1000元起投，T+1 次日赎回。理财非存款，产品有风险，投资须谨慎。
C001497,2,P025,app_push,工作日12:00-14:00,专属推荐：定开025号（R3·定开），业绩比较基准5.2%，366天，1000元起投，T+0 随时赎回。理财非存款，产品有风险，投资须谨慎。
C001497,3,P024,app_push,工作日18:00-21:00,专属推荐：定开024号（R3·定开），业绩比较基准4.7%，90天，1000元起投，T+1 次日赎回。理财非存款，产品有风险，投资须谨慎。
C001498,1,P014,manager,工作日12:00-14:00,钻石贵宾专享：混合014号（R1·混合），业绩比较基准2.3%，90天，10000元起投，T+1 次日赎回，可为您预约专属认购。理财非存款，产品有风险，投资须谨慎。
C001498,2,P012,manager,周末14:00-18:00,钻石贵宾专享：混合012号（R2·混合），业绩比较基准3.7%，90天，10000元起投，T+1 次日赎回，可为您预约专属认购。该产品风险等级高于您的风险偏好，请谨慎选择。理财非存款，产品有风险，投资须谨慎。
C001498,3,P026,manager,工作日18:00-21:00,钻石贵宾专享：混合026号（R2·混合），业绩比较基准3.1%，180天，1000元起投，T+1 次日赎回，可为您预约专属认购。该产品风险等级高于您的风险偏好，请谨慎选择。理财非存款，产品有风险，投资须谨慎。
C001503,1,P024,app_push,工作日18:00-21:00,专属推荐：定开024号（R3·定开），业绩比较基准4.7%，90天，1000元起投，T+1 次日赎回。理财非存款，产品有风险，投资须谨慎。
C001503,2,P025,app_push,周末09:00-12:00,专属推荐：定开025号（R3·定开），业绩比较基准5.2%，366天，1000元起投，T+0 随时赎回。理财非存款，产品有风险，投资须谨慎。
C001503,3,P008,app_push,周末14:00-18:00,专属推荐：定开008号（R3·定开），业绩比较基准5.1%，366天，10000元起投，封闭运作。理财非存款，产品有风险，投资须谨慎。
C001509,1,P014,call,工作日12:00-14:00,您好，我是您的专属理财顾问，为您介绍：混合014号（R1·混合），业绩比较基准2.3%，90天，10000元起投，T+1 次日赎回。理财非存款，产品有风险，投资须谨慎。
C001509,2,P010,call,工作日18:00-21:00,您好，我是您的专属理财顾问，为您介绍：现金管理010号（R1·现金管理），业绩比较基准2.8%，366天，50000元起投，T+0 随时赎回。理财非存款，产品有风险，投资须谨慎。
C001509,3,P012,call,周末14:00-18:00,您好，我是您的专属理财顾问，为您介绍：混合012号（R2·混合），业绩比较基准3.7%，90天，10000元起投，T+1 次日赎回。该产品风险等级高于您的风险偏好，请谨慎选择。理财非存款，产品有风险，投资须谨慎。
C001513,1,P017,call,工作日12:00-14:00,您好，我是您的专属理财顾问，为您介绍：现金管理017号（R3·现金管理），业绩比较基准4.3%，180天，1000元起投，T+1 次日赎回。该产品风险等级高于您的风险偏好，请谨慎选择。理财非存款，产品有风险，投资须谨慎。
C001513,2,P020,call,周末14:00-18:00,您好，我是您的专属理财顾问，为您介绍：现金管理020号（R2·现金管理），业绩比较基准3.6%，366天，10000元起投，T+1 次日赎回。理财非存款，产品有风险，投资须谨慎。
C001513,3,P018,call,工作日18:00-21:00,您好，我是您的专属理财顾问，为您介绍：现金管理018号（R2·现金管理），业绩比较基准3.6%，730天，10000元起投，T+0 随时赎回。理财非存款，产品有风险，投资须谨慎。
C001516,1,P030,manager,工作日12:00-14:00,普通贵宾专享：固定期限030号（R2·固定期限），业绩比较基准3.1%，730天，1000元起投，T+0 随时赎回，可为您预约专属认购。理财非存款，产品有风险，投资须谨慎。
C001516,2,P009,manager,工作日18:00-21:00,普通贵宾专享：现金管理009号（R2·现金管理），业绩比较基准4.0%，730天，50000元起投，T+0 随时赎回，可为您预约专属认购。理财非存款，产品有风险，投资须谨慎。
C001516,3,P026,manager,周末14:00-18:00,普通贵宾专享：混合026号（R2·混合），业绩比较基准3.1%，180天，1000元起投，T+1 次日赎回，可为您预约专属认购。理财非存款，产品有风险，投资须谨慎。
C001529,1,P014,app_push,工作日09:00-12:00,专属推荐：混合014号（R1·混合），业绩比较基准2.3%，90天，10000元起投，T+1 次日赎回。理财非存款，产品有风险，投资须谨慎。
C001529,2,P010,app_push,工作日12:00-14:00,专属推荐：现金管理010号（R1·现金管理），业绩比较基准2.8%，366天，50000元起投，T+0 随时赎回。理财非存款，产品有风险，投资须谨慎。
C001529,3,P012,app_push,工作日18:00-21:00,专属推荐：混合012号（R2·混合），业绩比较基准3.7%，90天，10000元起投，T+1 次日赎回。该产品风险等级高于您的风险偏好，请谨慎选择。理财非存款，产品有风险，投资须谨慎。
C001538,1,P002,app_push,工作日12:00-14:00,专属推荐：固定期限002号（R5·固定期限），业绩比较基准11.3%，366天，1000元起投，T+0 随时赎回。理财非存款，产品有风险，投资须谨慎。
C001538,2,P023,app_push,工作日18:00-21:00,专属推荐：固定期限023号（R5·固定期限），业绩比较基准9.8%，灵活存续，1000元起投，T+1 次日赎回。理财非存款，产品有风险，投资须谨慎。
C001538,3,P004,app_push,周末14:00-18:00,专属推荐：现金管理004号（R5·现金管理），业绩比较基准8.6%，灵活存续，1000元起投，封闭运作。理财非存款，产品有风险，投资须谨慎。
C001539,1,P013,manager,工作日09:00-12:00,金卡贵宾专享：定开013号（R2·定开），业绩比较基准3.5%，灵活存续，10000元起投，T+0 随时赎回，可为您预约专属认购。该产品风险等级高于您的风险偏好，请谨慎选择。理财非存款，产品有风险，投资须谨慎。
C001539,2,P022,manager,工作日18:00-21:00,金卡贵宾专享：定开022号（R2·定开），业绩比较基准3.0%，730天，10000元起投，T+1 次日赎回，可为您预约专属认购。该产品风险等级高于您的风险偏好，请谨慎选择。理财非存款，产品有风险，投资须谨慎。
C001539,3,P019,manager,周末09:00-12:00,金卡贵宾专享：定开019号（R2·定开），业绩比较基准3.3%，灵活存续，1000元起投，T+0 随时赎回，可为您预约专属认购。该产品风险等级高于您的风险偏好，请谨慎选择。理财非存款，产品有风险，投资须谨慎。
C001541,1,P025,manager,工作日09:00-12:00,钻石贵宾专享：定开025号（R3·定开），业绩比较基准5.2%，366天，1000元起投，T+0 随时赎回，可为您预约专属认购。理财非存款，产品有风险，投资须谨慎。
C001541,2,P006,manager,工作日12:00-14:00,钻石贵宾专享：混合006号（R3·混合），业绩比较基准5.1%，灵活存续，50000元起投，T+1 次日赎回，可为您预约专属认购。理财非存款，产品有风险，投资须谨慎。
C001541,3,P024,manager,工作日18:00-21:00,钻石贵宾专享：定开024号（R3·定开），业绩比较基准4.7%，90天，1000元起投，T+1 次日赎回，可为您预约专属认购。理财非存款，产品有风险，投资须谨慎。
C001542,1,P006,manager,工作日18:00-21:00,金卡贵宾专享：混合006号（R3·混合），业绩比较基准5.1%，灵活存续，50000元起投，T+1 次日赎回，可为您预约专属认购。理财非存款，产品有风险，投资须谨慎。
C001542,2,P001,manager,周末14:00-18:00,金卡贵宾专享：混合001号（R3·混合），业绩比较基准5.5%，730天，50000元起投，封闭运作，可为您预约专属认购。理财非存款，产品有风险，投资须谨慎。
C001542,3,P021,manager,周末09:00-12:00,金卡贵宾专享：混合021号（R3·混合），业绩比较基准5.4%，730天，100000元起投，封闭运作，可为您预约专属认购。理财非存款，产品有风险，投资须谨慎。
C001544,1,P013,app_push,工作日18:00-21:00,专属推荐：定开013号（R2·定开），业绩比较基准3.5%，灵活存续，10000元起投，T+0 随时赎回。理财非存款，产品有风险，投资须谨慎。
C001544,2,P020,app_push,周末14:00-18:00,专属推荐：现金管理020号（R2·现金管理），业绩比较基准3.6%，366天，10000元起投，T+1 次日赎回。理财非存款，产品有风险，投资须谨慎。
C001544,3,P022,app_push,周末09:00-12:00,专属推荐：定开022号（R2·定开），业绩比较基准3.0%，730天，10000元起投，T+1 次日赎回。理财非存款，产品有风险，投资须谨慎。
C001548,1,P011,call,工作日12:00-14:00,您好，我是您的专属理财顾问，为您介绍：固定期限011号（R2·固定期限），业绩比较基准3.3%，90天，10000元起投，T+0 随时赎回。理财非存款，产品有风险，投资须谨慎。
C001548,2,P012,call,周末14:00-18:00,您好，我是您的专属理财顾问，为您介绍：混合012号（R2·混合），业绩比较基准3.7%，90天，10000元起投，T+1 次日赎回。理财非存款，产品有风险，投资须谨慎。
C001548,3,P013,call,工作日18:00-21:00,您好，我是您的专属理财顾问，为您介绍：定开013号（R2·定开），业绩比较基准3.5%，灵活存续，10000元起投，T+0 随时赎回。理财非存款，产品有风险，投资须谨慎。
C001555,1,P017,call,工作日12:00-14:00,您好，我是您的专属理财顾问，为您介绍：现金管理017号（R3·现金管理），业绩比较基准4.3%，180天，1000元起投，T+1 次日赎回。理财非存款，产品有风险，投资须谨慎。
C001555,2,P025,call,周末14:00-18:00,您好，我是您的专属理财顾问，为您介绍：定开025号（R3·定开），业绩比较基准5.2%，366天，1000元起投，T+0 随时赎回。理财非存款，产品有风险，投资须谨慎。
C001555,3,P024,call,工作日18:00-21:00,您好，我是您的专属理财顾问，为您介绍：定开024号（R3·定开），业绩比较基准4.7%，90天，1000元起投，T+1 次日赎回。理财非存款，产品有风险，投资须谨慎。
C001563,1,P002,call,工作日09:00-12:00,您好，我是您的专属理财顾问，为您介绍：固定期限002号（R5·固定期限），业绩比较基准11.3%，366天，1000元起投，T+0 随时赎回。该产品风险等级高于您的风险偏好，请谨慎选择。理财非存款，产品有风险，投资须谨慎。
C001563,2,P023,call,工作日12:00-14:00,您好，我是您的专属理财顾问，为您介绍：固定期限023号（R5·固定期限），业绩比较基准9.8%，灵活存续，1000元起投，T+1 次日赎回。该产品风险等级高于您的风险偏好，请谨慎选择。理财非存款，产品有风险，投资须谨慎。
C001563,3,P024,call,工作日18:00-21:00,您好，我是您的专属理财顾问，为您介绍：定开024号（R3·定开），业绩比较基准4.7%，90天，1000元起投，T+1 次日赎回。理财非存款，产品有风险，投资须谨慎。
C001574,1,P002,manager,工作日09:00-12:00,金卡贵宾专享：固定期限002号（R5·固定期限），业绩比较基准11.3%，366天，1000元起投，T+0 随时赎回，可为您预约专属认购。该产品风险等级高于您的风险偏好，请谨慎选择。理财非存款，产品有风险，投资须谨慎。
C001574,2,P023,manager,工作日12:00-14:00,金卡贵宾专享：固定期限023号（R5·固定期限），业绩比较基准9.8%，灵活存续，1000元起投，T+1 次日赎回，可为您预约专属认购。该产品风险等级高于您的风险偏好，请谨慎选择。理财非存款，产品有风险，投资须谨慎。
C001574,3,P029,manager,周末09:00-12:00,金卡贵宾专享：固定期限029号（R4·固定期限），业绩比较基准7.8%，灵活存续，10000元起投，封闭运作，可为您预约专属认购。理财非存款，产品有风险，投资须谨慎。
C001576,1,P014,app_push,工作日12:00-14:00,专属推荐：混合014号（R1·混合），业绩比较基准2.3%，90天，10000元起投，T+1 次日赎回。理财非存款，产品有风险，投资须谨慎。
C001576,2,P012,app_push,工作日18:00-21:00,专属推荐：混合012号（R2·混合），业绩比较基准3.7%，90天，10000元起投，T+1 次日赎回。该产品风险等级高于您的风险偏好，请谨慎选择。理财非存款，产品有风险，投资须谨慎。
C001576,3,P026,app_push,周末14:00-18:00,专属推荐：混合026号（R2·混合），业绩比较基准3.1%，180天，1000元起投，T+1 次日赎回。该产品风险等级高于您的风险偏好，请谨慎选择。理财非存款，产品有风险，投资须谨慎。
C001582,1,P025,app_push,工作日09:00-12:00,专属推荐：定开025号（R3·定开），业绩比较基准5.2%，366天，1000元起投，T+0 随时赎回。理财非存款，产品有风险，投资须谨慎。
C001582,2,P024,app_push,工作日12:00-14:00,专属推荐：定开024号（R3·定开），业绩比较基准4.7%，90天，1000元起投，T+1 次日赎回。理财非存款，产品有风险，投资须谨慎。
C001582,3,P017,app_push,工作日18:00-21:00,专属推荐：现金管理017号（R3·现金管理），业绩比较基准4.3%，180天，1000元起投，T+1 次日赎回。理财非存款，产品有风险，投资须谨慎。
C001583,1,P024,app_push,工作日18:00-21:00,专属推荐：定开024号（R3·定开），业绩比较基准4.7%，90天，1000元起投，T+1 次日赎回。理财非存款，产品有风险，投资须谨慎。
C001583,2,P025,app_push,周末09:00-12:00,专属推荐：定开025号（R3·定开），业绩比较基准5.2%，366天，1000元起投，T+0 随时赎回。理财非存款，产品有风险，投资须谨慎。
C001583,3,P008,app_push,周末14:00-18:00,专属推荐：定开008号（R3·定开），业绩比较基准5.1%，366天，10000元起投，封闭运作。理财非存款，产品有风险，投资须谨慎。
C001584,1,P010,app_push,工作日18:00-21:00,专属推荐：现金管理010号（R1·现金管理），业绩比较基准2.8%，366天，50000元起投，T+0 随时赎回。理财非存款，产品有风险，投资须谨慎。
C001584,2,P016,app_push,周末14:00-18:00,专属推荐：现金管理016号（R2·现金管理），业绩比较基准3.1%，180天，100000元起投，T+0 随时赎回。该产品风险等级高于您的风险偏好，请谨慎选择。理财非存款，产品有风险，投资须谨慎。
C001584,3,P009,app_push,周末09:00-12:00,专属推荐：现金管理009号（R2·现金管理），业绩比较基准4.0%，730天，50000元起投，T+0 随时赎回。该产品风险等级高于您的风险偏好，请谨慎选择。理财非存款，产品有风险，投资须谨慎。
C001595,1,P020,app_push,工作日09:00-12:00,专属推荐：现金管理020号（R2·现金管理），业绩比较基准3.6%，366天，10000元起投，T+1 次日赎回。理财非存款，产品有风险，投资须谨慎。
C001595,2,P018,app_push,工作日12:00-14:00,专属推荐：现金管理018号（R2·现金管理），业绩比较基准3.6%，730天，10000元起投，T+0 随时赎回。理财非存款，产品有风险，投资须谨慎。
C001595,3,P012,app_push,工作日18:00-21:00,专属推荐：混合012号（R2·混合），业绩比较基准3.7%，90天，10000元起投，T+1 次日赎回。理财非存款，产品有风险，投资须谨慎。
C001611,1,P002,manager,工作日12:00-14:00,普通贵宾专享：固定期限002号（R5·固定期限），业绩比较基准11.3%，366天，1000元起投，T+0 随时赎回，可为您预约专属认购。理财非存款，产品有风险，投资须谨慎。
C001611,2,P023,manager,周末14:00-18:00,普通贵宾专享：固定期限023号（R5·固定期限），业绩比较基准9.8%，灵活存续，1000元起投，T+1 次日赎回，可为您预约专属认购。理财非存款，产品有风险，投资须谨慎。
C001611,3,P004,manager,工作日18:00-21:00,普通贵宾专享：现金管理004号（R5·现金管理），业绩比较基准8.6%，灵活存续，1000元起投，封闭运作，可为您预约专属认购。理财非存款，产品有风险，投资须谨慎。
C001613,1,P025,app_push,工作日12:00-14:00,专属推荐：定开025号（R3·定开），业绩比较基准5.2%，366天，1000元起投，T+0 随时赎回。理财非存款，产品有风险，投资须谨慎。
C001613,2,P024,app_push,工作日18:00-21:00,专属推荐：定开024号（R3·定开），业绩比较基准4.7%，90天，1000元起投，T+1 次日赎回。理财非存款，产品有风险，投资须谨慎。
C001613,3,P008,app_push,周末14:00-18:00,专属推荐：定开008号（R3·定开），业绩比较基准5.1%，366天，10000元起投，封闭运作。理财非存款，产品有风险，投资须谨慎。
C001615,1,P014,app_push,工作日09:00-12:00,专属推荐：混合014号（R1·混合），业绩比较基准2.3%，90天，10000元起投，T+1 次日赎回。理财非存款，产品有风险，投资须谨慎。
C001615,2,P026,app_push,工作日12:00-14:00,专属推荐：混合026号（R2·混合），业绩比较基准3.1%，180天，1000元起投，T+1 次日赎回。该产品风险等级高于您的风险偏好，请谨慎选择。理财非存款，产品有风险，投资须谨慎。
C001615,3,P019,app_push,周末14:00-18:00,专属推荐：定开019号（R2·定开），业绩比较基准3.3%，灵活存续，1000元起投，T+0 随时赎回。该产品风险等级高于您的风险偏好，请谨慎选择。理财非存款，产品有风险，投资须谨慎。
C001622,1,P002,manager,工作日09:00-12:00,金卡贵宾专享：固定期限002号（R5·固定期限），业绩比较基准11.3%，366天，1000元起投，T+0 随时赎回，可为您预约专属认购。该产品风险等级高于您的风险偏好，请谨慎选择。理财非存款，产品有风险，投资须谨慎。
C001622,2,P029,manager,工作日12:00-14:00,金卡贵宾专享：固定期限029号（R4·固定期限），业绩比较基准7.8%，灵活存续，10000元起投，封闭运作，可为您预约专属认购。理财非存款，产品有风险，投资须谨慎。
C001622,3,P004,manager,周末09:00-12:00,金卡贵宾专享：现金管理004号（R5·现金管理），业绩比较基准8.6%，灵活存续，1000元起投，封闭运作，可为您预约专属认购。该产品风险等级高于您的风险偏好，请谨慎选择。理财非存款，产品有风险，投资须谨慎。
C001625,1,P002,app_push,工作日18:00-21:00,专属推荐：固定期限002号（R5·固定期限），业绩比较基准11.3%，366天，1000元起投，T+0 随时赎回。理财非存款，产品有风险，投资须谨慎。
C001625,2,P023,app_push,周末14:00-18:00,专属推荐：固定期限023号（R5·固定期限），业绩比较基准9.8%，灵活存续，1000元起投，T+1 次日赎回。理财非存款，产品有风险，投资须谨慎。
C001625,3,P004,app_push,周末09:00-12:00,专属推荐：现金管理004号（R5·现金管理），业绩比较基准8.6%，灵活存续，1000元起投，封闭运作。理财非存款，产品有风险，投资须谨慎。
C001629,1,P017,call,工作日12:00-14:00,您好，我是您的专属理财顾问，为您介绍：现金管理017号（R3·现金管理），业绩比较基准4.3%，180天，1000元起投，T+1 次日赎回。理财非存款，产品有风险，投资须谨慎。
C001629,2,P027,call,工作日18:00-21:00,您好，我是您的专属理财顾问，为您介绍：现金管理027号（R4·现金管理），业绩比较基准7.7%，366天，100000元起投，T+1 次日赎回。该产品风险等级高于您的风险偏好，请谨慎选择。理财非存款，产品有风险，投资须谨慎。
C001629,3,P020,call,周末14:00-18:00,您好，我是您的专属理财顾问，为您介绍：现金管理020号（R2·现金管理），业绩比较基准3.6%，366天，10000元起投，T+1 次日赎回。理财非存款，产品有风险，投资须谨慎。
C001630,1,P004,app_push,工作日18:00-21:00,专属推荐：现金管理004号（R5·现金管理），业绩比较基准8.6%，灵活存续，1000元起投，封闭运作。该产品风险等级高于您的风险偏好，请谨慎选择。理财非存款，产品有风险，投资须谨慎。
C001630,2,P029,app_push,周末09:00-12:00,专属推荐：固定期限029号（R4·固定期限），业绩比较基准7.8%，灵活存续，10000元起投，封闭运作。理财非存款，产品有风险，投资须谨慎。
C001630,3,P017,app_push,周末14:00-18:00,专属推荐：现金管理017号（R3·现金管理），业绩比较基准4.3%，180天，1000元起投，T+1 次日赎回。理财非存款，产品有风险，投资须谨慎。
C001636,1,P025,app_push,工作日09:00-12:00,专属推荐：定开025号（R3·定开），业绩比较基准5.2%，366天，1000元起投，T+0 随时赎回。理财非存款，产品有风险，投资须谨慎。
C001636,2,P024,app_push,工作日12:00-14:00,专属推荐：定开024号（R3·定开），业绩比较基准4.7%，90天，1000元起投，T+1 次日赎回。理财非存款，产品有风险，投资须谨慎。
C001636,3,P017,app_push,周末09:00-12:00,专属推荐：现金管理017号（R3·现金管理），业绩比较基准4.3%，180天，1000元起投，T+1 次日赎回。理财非存款，产品有风险，投资须谨慎。
C001637,1,P025,app_push,工作日12:00-14:00,专属推荐：定开025号（R3·定开），业绩比较基准5.2%，366天，1000元起投，T+0 随时赎回。理财非存款，产品有风险，投资须谨慎。
C001637,2,P008,app_push,工作日18:00-21:00,专属推荐：定开008号（R3·定开），业绩比较基准5.1%，366天，10000元起投，封闭运作。理财非存款，产品有风险，投资须谨慎。
C001637,3,P024,app_push,周末14:00-18:00,专属推荐：定开024号（R3·定开），业绩比较基准4.7%，90天，1000元起投，T+1 次日赎回。理财非存款，产品有风险，投资须谨慎。
C001638,1,P014,manager,工作日09:00-12:00,钻石贵宾专享：混合014号（R1·混合），业绩比较基准2.3%，90天，10000元起投，T+1 次日赎回，可为您预约专属认购。理财非存款，产品有风险，投资须谨慎。
C001638,2,P010,manager,工作日18:00-21:00,钻石贵宾专享：现金管理010号（R1·现金管理），业绩比较基准2.8%，366天，50000元起投，T+0 随时赎回，可为您预约专属认购。理财非存款，产品有风险，投资须谨慎。
C001638,3,P012,manager,周末14:00-18:00,钻石贵宾专享：混合012号（R2·混合），业绩比较基准3.7%，90天，10000元起投，T+1 次日赎回，可为您预约专属认购。该产品风险等级高于您的风险偏好，请谨慎选择。理财非存款，产品有风险，投资须谨慎。
C001641,1,P029,app_push,工作日12:00-14:00,专属推荐：固定期限029号（R4·固定期限），业绩比较基准7.8%，灵活存续，10000元起投，封闭运作。理财非存款，产品有风险，投资须谨慎。
C001641,2,P002,app_push,工作日18:00-21:00,专属推荐：固定期限002号（R5·固定期限），业绩比较基准11.3%，366天，1000元起投，T+0 随时赎回。该产品风险等级高于您的风险偏好，请谨慎选择。理财非存款，产品有风险，投资须谨慎。
C001641,3,P023,app_push,周末14:00-18:00,专属推荐：固定期限023号（R5·固定期限），业绩比较基准9.8%，灵活存续，1000元起投，T+1 次日赎回。该产品风险等级高于您的风险偏好，请谨慎选择。理财非存款，产品有风险，投资须谨慎。
C001646,1,P014,app_push,工作日12:00-14:00,专属推荐：混合014号（R1·混合），业绩比较基准2.3%，90天，10000元起投，T+1 次日赎回。理财非存款，产品有风险，投资须谨慎。
C001646,2,P012,app_push,工作日18:00-21:00,专属推荐：混合012号（R2·混合），业绩比较基准3.7%，90天，10000元起投，T+1 次日赎回。该产品风险等级高于您的风险偏好，请谨慎选择。理财非存款，产品有风险，投资须谨慎。
C001646,3,P013,app_push,周末14:00-18:00,专属推荐：定开013号（R2·定开），业绩比较基准3.5%，灵活存续，10000元起投，T+0 随时赎回。该产品风险等级高于您的风险偏好，请谨慎选择。理财非存款，产品有风险，投资须谨慎。
C001650,1,P012,app_push,工作日09:00-12:00,专属推荐：混合012号（R2·混合），业绩比较基准3.7%，90天，10000元起投，T+1 次日赎回。理财非存款，产品有风险，投资须谨慎。
C001650,2,P026,app_push,工作日18:00-21:00,专属推荐：混合026号（R2·混合），业绩比较基准3.1%，180天，1000元起投，T+1 次日赎回。理财非存款，产品有风险，投资须谨慎。
C001650,3,P025,app_push,周末09:00-12:00,专属推荐：定开025号（R3·定开），业绩比较基准5.2%，366天，1000元起投，T+0 随时赎回。理财非存款，产品有风险，投资须谨慎。
C001653,1,P019,app_push,工作日09:00-12:00,专属推荐：定开019号（R2·定开），业绩比较基准3.3%，灵活存续，1000元起投，T+0 随时赎回。该产品风险等级高于您的风险偏好，请谨慎选择。理财非存款，产品有风险，投资须谨慎。
C001653,2,P026,app_push,工作日12:00-14:00,专属推荐：混合026号（R2·混合），业绩比较基准3.1%，180天，1000元起投，T+1 次日赎回。该产品风险等级高于您的风险偏好，请谨慎选择。理财非存款，产品有风险，投资须谨慎。
C001653,3,P030,app_push,周末09:00-12:00,专属推荐：固定期限030号（R2·固定期限），业绩比较基准3.1%，730天，1000元起投，T+0 随时赎回。该产品风险等级高于您的风险偏好，请谨慎选择。理财非存款，产品有风险，投资须谨慎。
C001657,1,P029,app_push,工作日18:00-21:00,专属推荐：固定期限029号（R4·固定期限），业绩比较基准7.8%，灵活存续，10000元起投，封闭运作。该产品风险等级高于您的风险偏好，请谨慎选择。理财非存款，产品有风险，投资须谨慎。
C001657,2,P011,app_push,周末14:00-18:00,专属推荐：固定期限011号（R2·固定期限），业绩比较基准3.3%，90天，10000元起投，T+0 随时赎回。理财非存款，产品有风险，投资须谨慎。
C001657,3,P025,app_push,周末09:00-12:00,专属推荐：定开025号（R3·定开），业绩比较基准5.2%，366天，1000元起投，T+0 随时赎回。理财非存款，产品有风险，投资须谨慎。
C001672,1,P027,app_push,工作日09:00-12:00,专属推荐：现金管理027号（R4·现金管理），业绩比较基准7.7%，366天，100000元起投，T+1 次日赎回。理财非存款，产品有风险，投资须谨慎。
C001672,2,P017,app_push,工作日12:00-14:00,专属推荐：现金管理017号（R3·现金管理），业绩比较基准4.3%，180天，1000元起投，T+1 次日赎回。理财非存款，产品有风险，投资须谨慎。
C001672,3,P004,app_push,周末09:00-12:00,专属推荐：现金管理004号（R5·现金管理），业绩比较基准8.6%，灵活存续，1000元起投，封闭运作。该产品风险等级高于您的风险偏好，请谨慎选择。理财非存款，产品有风险，投资须谨慎。
C001675,1,P002,call,工作日09:00-12:00,您好，我是您的专属理财顾问，为您介绍：固定期限002号（R5·固定期限），业绩比较基准11.3%，366天，1000元起投，T+0 随时赎回。该产品风险等级高于您的风险偏好，请谨慎选择。理财非存款，产品有风险，投资须谨慎。
C001675,2,P029,call,工作日18:00-21:00,您好，我是您的专属理财顾问，为您介绍：固定期限029号（R4·固定期限），业绩比较基准7.8%，灵活存续，10000元起投，封闭运作。理财非存款，产品有风险，投资须谨慎。
C001675,3,P023,call,周末09:00-12:00,您好，我是您的专属理财顾问，为您介绍：固定期限023号（R5·固定期限），业绩比较基准9.8%，灵活存续，1000元起投，T+1 次日赎回。该产品风险等级高于您的风险偏好，请谨慎选择。理财非存款，产品有风险，投资须谨慎。
C001680,1,P025,app_push,工作日18:00-21:00,专属推荐：定开025号（R3·定开），业绩比较基准5.2%，366天，1000元起投，T+0 随时赎回。理财非存款，产品有风险，投资须谨慎。
C001680,2,P024,app_push,周末14:00-18:00,专属推荐：定开024号（R3·定开），业绩比较基准4.7%，90天，1000元起投，T+1 次日赎回。理财非存款，产品有风险，投资须谨慎。
C001680,3,P008,app_push,周末09:00-12:00,专属推荐：定开008号（R3·定开），业绩比较基准5.1%，366天，10000元起投，封闭运作。理财非存款，产品有风险，投资须谨慎。
C001683,1,P014,app_push,工作日12:00-14:00,专属推荐：混合014号（R1·混合），业绩比较基准2.3%，90天，10000元起投，T+1 次日赎回。理财非存款，产品有风险，投资须谨慎。
C001683,2,P010,app_push,工作日18:00-21:00,专属推荐：现金管理010号（R1·现金管理），业绩比较基准2.8%，366天，50000元起投，T+0 随时赎回。理财非存款，产品有风险，投资须谨慎。
C001683,3,P012,app_push,周末14:00-18:00,专属推荐：混合012号（R2·混合），业绩比较基准3.7%，90天，10000元起投，T+1 次日赎回。该产品风险等级高于您的风险偏好，请谨慎选择。理财非存款，产品有风险，投资须谨慎。
C001688,1,P014,app_push,工作日12:00-14:00,专属推荐：混合014号（R1·混合），业绩比较基准2.3%，90天，10000元起投，T+1 次日赎回。理财非存款，产品有风险，投资须谨慎。
C001688,2,P012,app_push,周末14:00-18:00,专属推荐：混合012号（R2·混合），业绩比较基准3.7%，90天，10000元起投，T+1 次日赎回。该产品风险等级高于您的风险偏好，请谨慎选择。理财非存款，产品有风险，投资须谨慎。
C001688,3,P026,app_push,工作日18:00-21:00,专属推荐：混合026号（R2·混合），业绩比较基准3.1%，180天，1000元起投，T+1 次日赎回。该产品风险等级高于您的风险偏好，请谨慎选择。理财非存款，产品有风险，投资须谨慎。
C001693,1,P029,app_push,工作日12:00-14:00,专属推荐：固定期限029号（R4·固定期限），业绩比较基准7.8%，灵活存续，10000元起投，封闭运作。理财非存款，产品有风险，投资须谨慎。
C001693,2,P015,app_push,周末14:00-18:00,专属推荐：固定期限015号（R4·固定期限），业绩比较基准6.7%，366天，50000元起投，封闭运作。理财非存款，产品有风险，投资须谨慎。
C001693,3,P002,app_push,工作日18:00-21:00,专属推荐：固定期限002号（R5·固定期限），业绩比较基准11.3%，366天，1000元起投，T+0 随时赎回。该产品风险等级高于您的风险偏好，请谨慎选择。理财非存款，产品有风险，投资须谨慎。
C001694,1,P025,app_push,工作日12:00-14:00,专属推荐：定开025号（R3·定开），业绩比较基准5.2%，366天，1000元起投，T+0 随时赎回。理财非存款，产品有风险，投资须谨慎。
C001694,2,P024,app_push,工作日18:00-21:00,专属推荐：定开024号（R3·定开），业绩比较基准4.7%，90天，1000元起投，T+1 次日赎回。理财非存款，产品有风险，投资须谨慎。
C001694,3,P017,app_push,周末14:00-18:00,专属推荐：现金管理017号（R3·现金管理），业绩比较基准4.3%，180天，1000元起投，T+1 次日赎回。理财非存款，产品有风险，投资须谨慎。
C001697,1,P008,manager,工作日12:00-14:00,钻石贵宾专享：定开008号（R3·定开），业绩比较基准5.1%，366天，10000元起投，封闭运作，可为您预约专属认购。理财非存款，产品有风险，投资须谨慎。
C001697,2,P025,manager,工作日18:00-21:00,钻石贵宾专享：定开025号（R3·定开），业绩比较基准5.2%，366天，1000元起投，T+0 随时赎回，可为您预约专属认购。理财非存款，产品有风险，投资须谨慎。
C001697,3,P024,manager,周末14:00-18:00,钻石贵宾专享：定开024号（R3·定开），业绩比较基准4.7%，90天，1000元起投，T+1 次日赎回，可为您预约专属认购。理财非存款，产品有风险，投资须谨慎。
C001699,1,P030,call,工作日09:00-12:00,您好，我是您的专属理财顾问，为您介绍：固定期限030号（R2·固定期限），业绩比较基准3.1%，730天，1000元起投，T+0 随时赎回。该产品风险等级高于您的风险偏好，请谨慎选择。理财非存款，产品有风险，投资须谨慎。
C001699,2,P019,call,工作日12:00-14:00,您好，我是您的专属理财顾问，为您介绍：定开019号（R2·定开），业绩比较基准3.3%，灵活存续，1000元起投，T+0 随时赎回。该产品风险等级高于您的风险偏好，请谨慎选择。理财非存款，产品有风险，投资须谨慎。
C001699,3,P013,call,工作日18:00-21:00,您好，我是您的专属理财顾问，为您介绍：定开013号（R2·定开），业绩比较基准3.5%，灵活存续，10000元起投，T+0 随时赎回。该产品风险等级高于您的风险偏好，请谨慎选择。理财非存款，产品有风险，投资须谨慎。
C001704,1,P002,app_push,工作日09:00-12:00,专属推荐：固定期限002号（R5·固定期限），业绩比较基准11.3%，366天，1000元起投，T+0 随时赎回。理财非存款，产品有风险，投资须谨慎。
C001704,2,P023,app_push,工作日12:00-14:00,专属推荐：固定期限023号（R5·固定期限），业绩比较基准9.8%，灵活存续，1000元起投，T+1 次日赎回。理财非存款，产品有风险，投资须谨慎。
C001704,3,P004,app_push,工作日18:00-21:00,专属推荐：现金管理004号（R5·现金管理），业绩比较基准8.6%，灵活存续，1000元起投，封闭运作。理财非存款，产品有风险，投资须谨慎。
C001710,1,P014,call,工作日12:00-14:00,您好，我是您的专属理财顾问，为您介绍：混合014号（R1·混合），业绩比较基准2.3%，90天，10000元起投，T+1 次日赎回。理财非存款，产品有风险，投资须谨慎。
C001710,2,P026,call,工作日18:00-21:00,您好，我是您的专属理财顾问，为您介绍：混合026号（R2·混合），业绩比较基准3.1%，180天，1000元起投，T+1 次日赎回。该产品风险等级高于您的风险偏好，请谨慎选择。理财非存款，产品有风险，投资须谨慎。
C001710,3,P019,call,周末14:00-18:00,您好，我是您的专属理财顾问，为您介绍：定开019号（R2·定开），业绩比较基准3.3%，灵活存续，1000元起投，T+0 随时赎回。该产品风险等级高于您的风险偏好，请谨慎选择。理财非存款，产品有风险，投资须谨慎。
C001715,1,P017,app_push,工作日18:00-21:00,专属推荐：现金管理017号（R3·现金管理），业绩比较基准4.3%，180天，1000元起投，T+1 次日赎回。理财非存款，产品有风险，投资须谨慎。
C001715,2,P025,app_push,周末09:00-12:00,专属推荐：定开025号（R3·定开），业绩比较基准5.2%，366天，1000元起投，T+0 随时赎回。理财非存款，产品有风险，投资须谨慎。
C001715,3,P024,app_push,周末14:00-18:00,专属推荐：定开024号（R3·定开），业绩比较基准4.7%，90天，1000元起投，T+1 次日赎回。理财非存款，产品有风险，投资须谨慎。
C001719,1,P020,app_push,工作日18:00-21:00,专属推荐：现金管理020号（R2·现金管理），业绩比较基准3.6%，366天，10000元起投，T+1 次日赎回。理财非存款，产品有风险，投资须谨慎。
C001719,2,P018,app_push,周末09:00-12:00,专属推荐：现金管理018号（R2·现金管理），业绩比较基准3.6%，730天，10000元起投，T+0 随时赎回。理财非存款，产品有风险，投资须谨慎。
C001719,3,P009,app_push,周末14:00-18:00,专属推荐：现金管理009号（R2·现金管理），业绩比较基准4.0%，730天，50000元起投，T+0 随时赎回。理财非存款，产品有风险，投资须谨慎。
C001720,1,P002,app_push,工作日09:00-12:00,专属推荐：固定期限002号（R5·固定期限），业绩比较基准11.3%，366天，1000元起投，T+0 随时赎回。该产品风险等级高于您的风险偏好，请谨慎选择。理财非存款，产品有风险，投资须谨慎。
C001720,2,P023,app_push,工作日18:00-21:00,专属推荐：固定期限023号（R5·固定期限），业绩比较基准9.8%，灵活存续，1000元起投，T+1 次日赎回。该产品风险等级高于您的风险偏好，请谨慎选择。理财非存款，产品有风险，投资须谨慎。
C001720,3,P024,app_push,周末09:00-12:00,专属推荐：定开024号（R3·定开），业绩比较基准4.7%，90天，1000元起投，T+1 次日赎回。理财非存款，产品有风险，投资须谨慎。
C001722,1,P025,app_push,工作日18:00-21:00,专属推荐：定开025号（R3·定开），业绩比较基准5.2%，366天，1000元起投，T+0 随时赎回。理财非存款，产品有风险，投资须谨慎。
C001722,2,P017,app_push,周末14:00-18:00,专属推荐：现金管理017号（R3·现金管理），业绩比较基准4.3%，180天，1000元起投，T+1 次日赎回。理财非存款，产品有风险，投资须谨慎。
C001722,3,P024,app_push,周末09:00-12:00,专属推荐：定开024号（R3·定开），业绩比较基准4.7%，90天，1000元起投，T+1 次日赎回。理财非存款，产品有风险，投资须谨慎。
C001725,1,P029,call,工作日12:00-14:00,您好，我是您的专属理财顾问，为您介绍：固定期限029号（R4·固定期限），业绩比较基准7.8%，灵活存续，10000元起投，封闭运作。理财非存款，产品有风险，投资须谨慎。
C001725,2,P002,call,周末14:00-18:00,您好，我是您的专属理财顾问，为您介绍：固定期限002号（R5·固定期限），业绩比较基准11.3%，366天，1000元起投，T+0 随时赎回。该产品风险等级高于您的风险偏好，请谨慎选择。理财非存款，产品有风险，投资须谨慎。
C001725,3,P023,call,工作日18:00-21:00,您好，我是您的专属理财顾问，为您介绍：固定期限023号（R5·固定期限），业绩比较基准9.8%，灵活存续，1000元起投，T+1 次日赎回。该产品风险等级高于您的风险偏好，请谨慎选择。理财非存款，产品有风险，投资须谨慎。
C001732,1,P012,app_push,工作日09:00-12:00,专属推荐：混合012号（R2·混合），业绩比较基准3.7%，90天，10000元起投，T+1 次日赎回。理财非存款，产品有风险，投资须谨慎。
C001732,2,P022,app_push,工作日12:00-14:00,专属推荐：定开022号（R2·定开），业绩比较基准3.0%，730天，10000元起投，T+1 次日赎回。理财非存款，产品有风险，投资须谨慎。
C001732,3,P013,app_push,周末09:00-12:00,专属推荐：定开013号（R2·定开），业绩比较基准3.5%，灵活存续，10000元起投，T+0 随时赎回。理财非存款，产品有风险，投资须谨慎。
C001733,1,P017,manager,工作日12:00-14:00,金卡贵宾专享：现金管理017号（R3·现金管理），业绩比较基准4.3%，180天，1000元起投，T+1 次日赎回，可为您预约专属认购。理财非存款，产品有风险，投资须谨慎。
C001733,2,P027,manager,工作日18:00-21:00,金卡贵宾专享：现金管理027号（R4·现金管理），业绩比较基准7.7%，366天，100000元起投，T+1 次日赎回，可为您预约专属认购。该产品风险等级高于您的风险偏好，请谨慎选择。理财非存款，产品有风险，投资须谨慎。
C001733,3,P025,manager,周末14:00-18:00,金卡贵宾专享：定开025号（R3·定开），业绩比较基准5.2%，366天，1000元起投，T+0 随时赎回，可为您预约专属认购。理财非存款，产品有风险，投资须谨慎。
C001735,1,P026,app_push,工作日09:00-12:00,专属推荐：混合026号（R2·混合），业绩比较基准3.1%，180天，1000元起投，T+1 次日赎回。理财非存款，产品有风险，投资须谨慎。
C001735,2,P019,app_push,工作日12:00-14:00,专属推荐：定开019号（R2·定开），业绩比较基准3.3%，灵活存续，1000元起投，T+0 随时赎回。理财非存款，产品有风险，投资须谨慎。
C001735,3,P030,app_push,周末14:00-18:00,专属推荐：固定期限030号（R2·固定期限），业绩比较基准3.1%，730天，1000元起投，T+0 随时赎回。理财非存款，产品有风险，投资须谨慎。
C001736,1,P014,manager,工作日09:00-12:00,钻石贵宾专享：混合014号（R1·混合），业绩比较基准2.3%，90天，10000元起投，T+1 次日赎回，可为您预约专属认购。理财非存款，产品有风险，投资须谨慎。
C001736,2,P026,manager,工作日12:00-14:00,钻石贵宾专享：混合026号（R2·混合），业绩比较基准3.1%，180天，1000元起投，T+1 次日赎回，可为您预约专属认购。该产品风险等级高于您的风险偏好，请谨慎选择。理财非存款，产品有风险，投资须谨慎。
C001736,3,P019,manager,工作日18:00-21:00,钻石贵宾专享：定开019号（R2·定开），业绩比较基准3.3%，灵活存续，1000元起投，T+0 随时赎回，可为您预约专属认购。该产品风险等级高于您的风险偏好，请谨慎选择。理财非存款，产品有风险，投资须谨慎。
C001737,1,P002,app_push,工作日09:00-12:00,专属推荐：固定期限002号（R5·固定期限），业绩比较基准11.3%，366天，1000元起投，T+0 随时赎回。理财非存款，产品有风险，投资须谨慎。
C001737,2,P023,app_push,工作日12:00-14:00,专属推荐：固定期限023号（R5·固定期限），业绩比较基准9.8%，灵活存续，1000元起投，T+1 次日赎回。理财非存款，产品有风险，投资须谨慎。
C001737,3,P004,app_push,工作日18:00-21:00,专属推荐：现金管理004号（R5·现金管理），业绩比较基准8.6%，灵活存续，1000元起投，封闭运作。理财非存款，产品有风险，投资须谨慎。
C001741,1,P029,app_push,工作日09:00-12:00,专属推荐：固定期限029号（R4·固定期限），业绩比较基准7.8%，灵活存续，10000元起投，封闭运作。该产品风险等级高于您的风险偏好，请谨慎选择。理财非存款，产品有风险，投资须谨慎。
C001741,2,P017,app_push,工作日12:00-14:00,专属推荐：现金管理017号（R3·现金管理），业绩比较基准4.3%，180天，1000元起投，T+1 次日赎回。理财非存款，产品有风险，投资须谨慎。
C001741,3,P025,app_push,周末09:00-12:00,专属推荐：定开025号（R3·定开），业绩比较基准5.2%，366天，1000元起投，T+0 随时赎回。理财非存款，产品有风险，投资须谨慎。
C001744,1,P025,app_push,工作日09:00-12:00,专属推荐：定开025号（R3·定开），业绩比较基准5.2%，366天，1000元起投，T+0 随时赎回。理财非存款，产品有风险，投资须谨慎。
C001744,2,P024,app_push,工作日12:00-14:00,专属推荐：定开024号（R3·定开），业绩比较基准4.7%，90天，1000元起投，T+1 次日赎回。理财非存款，产品有风险，投资须谨慎。
C001744,3,P008,app_push,工作日18:00-21:00,专属推荐：定开008号（R3·定开），业绩比较基准5.1%，366天，10000元起投，封闭运作。理财非存款，产品有风险，投资须谨慎。
C001749,1,P022,app_push,工作日09:00-12:00,专属推荐：定开022号（R2·定开），业绩比较基准3.0%，730天，10000元起投，T+1 次日赎回。理财非存款，产品有风险，投资须谨慎。
C001749,2,P019,app_push,工作日12:00-14:00,专属推荐：定开019号（R2·定开），业绩比较基准3.3%，灵活存续，1000元起投，T+0 随时赎回。理财非存款，产品有风险，投资须谨慎。
C001749,3,P011,app_push,工作日18:00-21:00,专属推荐：固定期限011号（R2·固定期限），业绩比较基准3.3%，90天，10000元起投，T+0 随时赎回。理财非存款，产品有风险，投资须谨慎。
C001755,1,P019,app_push,工作日18:00-21:00,专属推荐：定开019号（R2·定开），业绩比较基准3.3%，灵活存续，1000元起投，T+0 随时赎回。该产品风险等级高于您的风险偏好，请谨慎选择。理财非存款，产品有风险，投资须谨慎。
C001755,2,P030,app_push,周末14:00-18:00,专属推荐：固定期限030号（R2·固定期限），业绩比较基准3.1%，730天，1000元起投，T+0 随时赎回。该产品风险等级高于您的风险偏好，请谨慎选择。理财非存款，产品有风险，投资须谨慎。
C001755,3,P011,app_push,周末09:00-12:00,专属推荐：固定期限011号（R2·固定期限），业绩比较基准3.3%，90天，10000元起投，T+0 随时赎回。该产品风险等级高于您的风险偏好，请谨慎选择。理财非存款，产品有风险，投资须谨慎。
C001758,1,P014,app_push,工作日09:00-12:00,专属推荐：混合014号（R1·混合），业绩比较基准2.3%，90天，10000元起投，T+1 次日赎回。理财非存款，产品有风险，投资须谨慎。
C001758,2,P026,app_push,工作日12:00-14:00,专属推荐：混合026号（R2·混合），业绩比较基准3.1%，180天，1000元起投，T+1 次日赎回。该产品风险等级高于您的风险偏好，请谨慎选择。理财非存款，产品有风险，投资须谨慎。
C001758,3,P030,app_push,周末14:00-18:00,专属推荐：固定期限030号（R2·固定期限），业绩比较基准3.1%，730天，1000元起投，T+0 随时赎回。该产品风险等级高于您的风险偏好，请谨慎选择。理财非存款，产品有风险，投资须谨慎。
C001761,1,P009,app_push,工作日09:00-12:00,专属推荐：现金管理009号（R2·现金管理），业绩比较基准4.0%，730天，50000元起投，T+0 随时赎回。理财非存款，产品有风险，投资须谨慎。
C001761,2,P030,app_push,工作日12:00-14:00,专属推荐：固定期限030号（R2·固定期限），业绩比较基准3.1%，730天，1000元起投，T+0 随时赎回。理财非存款，产品有风险，投资须谨慎。
C001761,3,P011,app_push,工作日18:00-21:00,专属推荐：固定期限011号（R2·固定期限），业绩比较基准3.3%，90天，10000元起投，T+0 随时赎回。理财非存款，产品有风险，投资须谨慎。
C001764,1,P026,app_push,工作日09:00-12:00,专属推荐：混合026号（R2·混合），业绩比较基准3.1%，180天，1000元起投，T+1 次日赎回。理财非存款，产品有风险，投资须谨慎。
C001764,2,P019,app_push,工作日12:00-14:00,专属推荐：定开019号（R2·定开），业绩比较基准3.3%，灵活存续，1000元起投，T+0 随时赎回。理财非存款，产品有风险，投资须谨慎。
C001764,3,P030,app_push,周末09:00-12:00,专属推荐：固定期限030号（R2·固定期限），业绩比较基准3.1%，730天，1000元起投，T+0 随时赎回。理财非存款，产品有风险，投资须谨慎。
C001771,1,P014,app_push,工作日09:00-12:00,专属推荐：混合014号（R1·混合），业绩比较基准2.3%，90天，10000元起投，T+1 次日赎回。理财非存款，产品有风险，投资须谨慎。
C001771,2,P010,app_push,工作日12:00-14:00,专属推荐：现金管理010号（R1·现金管理），业绩比较基准2.8%，366天，50000元起投，T+0 随时赎回。理财非存款，产品有风险，投资须谨慎。
C001771,3,P013,app_push,工作日18:00-21:00,专属推荐：定开013号（R2·定开），业绩比较基准3.5%，灵活存续，10000元起投，T+0 随时赎回。该产品风险等级高于您的风险偏好，请谨慎选择。理财非存款，产品有风险，投资须谨慎。
C001776,1,P026,app_push,工作日12:00-14:00,专属推荐：混合026号（R2·混合），业绩比较基准3.1%，180天，1000元起投，T+1 次日赎回。该产品风险等级高于您的风险偏好，请谨慎选择。理财非存款，产品有风险，投资须谨慎。
C001776,2,P019,app_push,周末14:00-18:00,专属推荐：定开019号（R2·定开），业绩比较基准3.3%，灵活存续，1000元起投，T+0 随时赎回。该产品风险等级高于您的风险偏好，请谨慎选择。理财非存款，产品有风险，投资须谨慎。
C001776,3,P030,app_push,工作日18:00-21:00,专属推荐：固定期限030号（R2·固定期限），业绩比较基准3.1%，730天，1000元起投，T+0 随时赎回。该产品风险等级高于您的风险偏好，请谨慎选择。理财非存款，产品有风险，投资须谨慎。
C001783,1,P002,app_push,工作日12:00-14:00,专属推荐：固定期限002号（R5·固定期限），业绩比较基准11.3%，366天，1000元起投，T+0 随时赎回。理财非存款，产品有风险，投资须谨慎。
C001783,2,P023,app_push,工作日18:00-21:00,专属推荐：固定期限023号（R5·固定期限），业绩比较基准9.8%，灵活存续，1000元起投，T+1 次日赎回。理财非存款，产品有风险，投资须谨慎。
C001783,3,P004,app_push,周末14:00-18:00,专属推荐：现金管理004号（R5·现金管理），业绩比较基准8.6%，灵活存续，1000元起投，封闭运作。理财非存款，产品有风险，投资须谨慎。
C001786,1,P014,app_push,工作日09:00-12:00,专属推荐：混合014号（R1·混合），业绩比较基准2.3%，90天，10000元起投，T+1 次日赎回。理财非存款，产品有风险，投资须谨慎。
C001786,2,P012,app_push,工作日12:00-14:00,专属推荐：混合012号（R2·混合），业绩比较基准3.7%，90天，10000元起投，T+1 次日赎回。该产品风险等级高于您的风险偏好，请谨慎选择。理财非存款，产品有风险，投资须谨慎。
C001786,3,P011,app_push,工作日18:00-21:00,专属推荐：固定期限011号（R2·固定期限），业绩比较基准3.3%，90天，10000元起投，T+0 随时赎回。该产品风险等级高于您的风险偏好，请谨慎选择。理财非存款，产品有风险，投资须谨慎。
C001787,1,P030,call,工作日12:00-14:00,您好，我是您的专属理财顾问，为您介绍：固定期限030号（R2·固定期限），业绩比较基准3.1%，730天，1000元起投，T+0 随时赎回。该产品风险等级高于您的风险偏好，请谨慎选择。理财非存款，产品有风险，投资须谨慎。
C001787,2,P020,call,工作日18:00-21:00,您好，我是您的专属理财顾问，为您介绍：现金管理020号（R2·现金管理），业绩比较基准3.6%，366天，10000元起投，T+1 次日赎回。该产品风险等级高于您的风险偏好，请谨慎选择。理财非存款，产品有风险，投资须谨慎。
C001787,3,P011,call,周末14:00-18:00,您好，我是您的专属理财顾问，为您介绍：固定期限011号（R2·固定期限），业绩比较基准3.3%，90天，10000元起投，T+0 随时赎回。该产品风险等级高于您的风险偏好，请谨慎选择。理财非存款，产品有风险，投资须谨慎。
C001792,1,P026,app_push,工作日18:00-21:00,专属推荐：混合026号（R2·混合），业绩比较基准3.1%，180天，1000元起投，T+1 次日赎回。理财非存款，产品有风险，投资须谨慎。
C001792,2,P025,app_push,周末14:00-18:00,专属推荐：定开025号（R3·定开），业绩比较基准5.2%，366天，1000元起投，T+0 随时赎回。理财非存款，产品有风险，投资须谨慎。
C001792,3,P024,app_push,周末09:00-12:00,专属推荐：定开024号（R3·定开），业绩比较基准4.7%，90天，1000元起投，T+1 次日赎回。理财非存款，产品有风险，投资须谨慎。
C001793,1,P002,app_push,工作日12:00-14:00,专属推荐：固定期限002号（R5·固定期限），业绩比较基准11.3%，366天，1000元起投，T+0 随时赎回。该产品风险等级高于您的风险偏好，请谨慎选择。理财非存款，产品有风险，投资须谨慎。
C001793,2,P029,app_push,工作日18:00-21:00,专属推荐：固定期限029号（R4·固定期限），业绩比较基准7.8%，灵活存续，10000元起投，封闭运作。理财非存款，产品有风险，投资须谨慎。
C001793,3,P023,app_push,周末14:00-18:00,专属推荐：固定期限023号（R5·固定期限），业绩比较基准9.8%，灵活存续，1000元起投，T+1 次日赎回。该产品风险等级高于您的风险偏好，请谨慎选择。理财非存款，产品有风险，投资须谨慎。
C001795,1,P026,app_push,工作日09:00-12:00,专属推荐：混合026号（R2·混合），业绩比较基准3.1%，180天，1000元起投，T+1 次日赎回。理财非存款，产品有风险，投资须谨慎。
C001795,2,P019,app_push,工作日12:00-14:00,专属推荐：定开019号（R2·定开），业绩比较基准3.3%，灵活存续，1000元起投，T+0 随时赎回。理财非存款，产品有风险，投资须谨慎。
C001795,3,P030,app_push,工作日18:00-21:00,专属推荐：固定期限030号（R2·固定期限），业绩比较基准3.1%，730天，1000元起投，T+0 随时赎回。理财非存款，产品有风险，投资须谨慎。
C001798,1,P026,app_push,工作日09:00-12:00,专属推荐：混合026号（R2·混合），业绩比较基准3.1%，180天，1000元起投，T+1 次日赎回。理财非存款，产品有风险，投资须谨慎。
C001798,2,P019,app_push,工作日12:00-14:00,专属推荐：定开019号（R2·定开），业绩比较基准3.3%，灵活存续，1000元起投，T+0 随时赎回。理财非存款，产品有风险，投资须谨慎。
C001798,3,P030,app_push,工作日18:00-21:00,专属推荐：固定期限030号（R2·固定期限），业绩比较基准3.1%，730天，1000元起投，T+0 随时赎回。理财非存款，产品有风险，投资须谨慎。
C001807,1,P002,call,工作日18:00-21:00,您好，我是您的专属理财顾问，为您介绍：固定期限002号（R5·固定期限），业绩比较基准11.3%，366天，1000元起投，T+0 随时赎回。该产品风险等级高于您的风险偏好，请谨慎选择。理财非存款，产品有风险，投资须谨慎。
C001807,2,P029,call,周末14:00-18:00,您好，我是您的专属理财顾问，为您介绍：固定期限029号（R4·固定期限），业绩比较基准7.8%，灵活存续，10000元起投，封闭运作。理财非存款，产品有风险，投资须谨慎。
C001807,3,P023,call,周末09:00-12:00,您好，我是您的专属理财顾问，为您介绍：固定期限023号（R5·固定期限），业绩比较基准9.8%，灵活存续，1000元起投，T+1 次日赎回。该产品风险等级高于您的风险偏好，请谨慎选择。理财非存款，产品有风险，投资须谨慎。
C001821,1,P029,call,工作日09:00-12:00,您好，我是您的专属理财顾问，为您介绍：固定期限029号（R4·固定期限），业绩比较基准7.8%，灵活存续，10000元起投，封闭运作。理财非存款，产品有风险，投资须谨慎。
C001821,2,P008,call,工作日12:00-14:00,您好，我是您的专属理财顾问，为您介绍：定开008号（R3·定开），业绩比较基准5.1%，366天，10000元起投，封闭运作。理财非存款，产品有风险，投资须谨慎。
C001821,3,P025,call,周末14:00-18:00,您好，我是您的专属理财顾问，为您介绍：定开025号（R3·定开），业绩比较基准5.2%，366天，1000元起投，T+0 随时赎回。理财非存款，产品有风险，投资须谨慎。
C001823,1,P013,app_push,工作日09:00-12:00,专属推荐：定开013号（R2·定开），业绩比较基准3.5%，灵活存续，10000元起投，T+0 随时赎回。该产品风险等级高于您的风险偏好，请谨慎选择。理财非存款，产品有风险，投资须谨慎。
C001823,2,P011,app_push,工作日12:00-14:00,专属推荐：固定期限011号（R2·固定期限），业绩比较基准3.3%，90天，10000元起投，T+0 随时赎回。该产品风险等级高于您的风险偏好，请谨慎选择。理财非存款，产品有风险，投资须谨慎。
C001823,3,P022,app_push,周末09:00-12:00,专属推荐：定开022号（R2·定开），业绩比较基准3.0%，730天，10000元起投，T+1 次日赎回。该产品风险等级高于您的风险偏好，请谨慎选择。理财非存款，产品有风险，投资须谨慎。
C001825,1,P014,manager,工作日09:00-12:00,钻石贵宾专享：混合014号（R1·混合），业绩比较基准2.3%，90天，10000元起投，T+1 次日赎回，可为您预约专属认购。理财非存款，产品有风险，投资须谨慎。
C001825,2,P012,manager,工作日12:00-14:00,钻石贵宾专享：混合012号（R2·混合），业绩比较基准3.7%，90天，10000元起投，T+1 次日赎回，可为您预约专属认购。该产品风险等级高于您的风险偏好，请谨慎选择。理财非存款，产品有风险，投资须谨慎。
C001825,3,P013,manager,工作日18:00-21:00,钻石贵宾专享：定开013号（R2·定开），业绩比较基准3.5%，灵活存续，10000元起投，T+0 随时赎回，可为您预约专属认购。该产品风险等级高于您的风险偏好，请谨慎选择。理财非存款，产品有风险，投资须谨慎。
C001830,1,P014,app_push,工作日09:00-12:00,专属推荐：混合014号（R1·混合），业绩比较基准2.3%，90天，10000元起投，T+1 次日赎回。理财非存款，产品有风险，投资须谨慎。
C001830,2,P012,app_push,工作日12:00-14:00,专属推荐：混合012号（R2·混合），业绩比较基准3.7%，90天，10000元起投，T+1 次日赎回。该产品风险等级高于您的风险偏好，请谨慎选择。理财非存款，产品有风险，投资须谨慎。
C001830,3,P026,app_push,周末09:00-12:00,专属推荐：混合026号（R2·混合），业绩比较基准3.1%，180天，1000元起投，T+1 次日赎回。该产品风险等级高于您的风险偏好，请谨慎选择。理财非存款，产品有风险，投资须谨慎。
C001835,1,P012,app_push,工作日18:00-21:00,专属推荐：混合012号（R2·混合），业绩比较基准3.7%，90天，10000元起投，T+1 次日赎回。理财非存款，产品有风险，投资须谨慎。
C001835,2,P013,app_push,周末14:00-18:00,专属推荐：定开013号（R2·定开），业绩比较基准3.5%，灵活存续，10000元起投，T+0 随时赎回。理财非存款，产品有风险，投资须谨慎。
C001835,3,P011,app_push,周末09:00-12:00,专属推荐：固定期限011号（R2·固定期限），业绩比较基准3.3%，90天，10000元起投，T+0 随时赎回。理财非存款，产品有风险，投资须谨慎。
C001837,1,P002,call,工作日18:00-21:00,您好，我是您的专属理财顾问，为您介绍：固定期限002号（R5·固定期限），业绩比较基准11.3%，366天，1000元起投，T+0 随时赎回。该产品风险等级高于您的风险偏好，请谨慎选择。理财非存款，产品有风险，投资须谨慎。
C001837,2,P023,call,周末09:00-12:00,您好，我是您的专属理财顾问，为您介绍：固定期限023号（R5·固定期限），业绩比较基准9.8%，灵活存续，1000元起投，T+1 次日赎回。该产品风险等级高于您的风险偏好，请谨慎选择。理财非存款，产品有风险，投资须谨慎。
C001837,3,P004,call,周末14:00-18:00,您好，我是您的专属理财顾问，为您介绍：现金管理004号（R5·现金管理），业绩比较基准8.6%，灵活存续，1000元起投，封闭运作。该产品风险等级高于您的风险偏好，请谨慎选择。理财非存款，产品有风险，投资须谨慎。
C001846,1,P012,manager,工作日12:00-14:00,钻石贵宾专享：混合012号（R2·混合），业绩比较基准3.7%，90天，10000元起投，T+1 次日赎回，可为您预约专属认购。理财非存款，产品有风险，投资须谨慎。
C001846,2,P013,manager,工作日18:00-21:00,钻石贵宾专享：定开013号（R2·定开），业绩比较基准3.5%，灵活存续，10000元起投，T+0 随时赎回，可为您预约专属认购。理财非存款，产品有风险，投资须谨慎。
C001846,3,P011,manager,周末14:00-18:00,钻石贵宾专享：固定期限011号（R2·固定期限），业绩比较基准3.3%，90天，10000元起投，T+0 随时赎回，可为您预约专属认购。理财非存款，产品有风险，投资须谨慎。
C001848,1,P017,app_push,工作日12:00-14:00,专属推荐：现金管理017号（R3·现金管理），业绩比较基准4.3%，180天，1000元起投，T+1 次日赎回。理财非存款，产品有风险，投资须谨慎。
C001848,2,P025,app_push,工作日18:00-21:00,专属推荐：定开025号（R3·定开），业绩比较基准5.2%，366天，1000元起投，T+0 随时赎回。理财非存款，产品有风险，投资须谨慎。
C001848,3,P008,app_push,周末14:00-18:00,专属推荐：定开008号（R3·定开），业绩比较基准5.1%，366天，10000元起投，封闭运作。理财非存款，产品有风险，投资须谨慎。
C001849,1,P014,app_push,工作日12:00-14:00,专属推荐：混合014号（R1·混合），业绩比较基准2.3%，90天，10000元起投，T+1 次日赎回。理财非存款，产品有风险，投资须谨慎。
C001849,2,P011,app_push,周末14:00-18:00,专属推荐：固定期限011号（R2·固定期限），业绩比较基准3.3%，90天，10000元起投，T+0 随时赎回。该产品风险等级高于您的风险偏好，请谨慎选择。理财非存款，产品有风险，投资须谨慎。
C001849,3,P019,app_push,工作日18:00-21:00,专属推荐：定开019号（R2·定开），业绩比较基准3.3%，灵活存续，1000元起投，T+0 随时赎回。该产品风险等级高于您的风险偏好，请谨慎选择。理财非存款，产品有风险，投资须谨慎。
C001856,1,P026,app_push,工作日09:00-12:00,专属推荐：混合026号（R2·混合），业绩比较基准3.1%，180天，1000元起投，T+1 次日赎回。理财非存款，产品有风险，投资须谨慎。
C001856,2,P019,app_push,工作日18:00-21:00,专属推荐：定开019号（R2·定开），业绩比较基准3.3%，灵活存续，1000元起投，T+0 随时赎回。理财非存款，产品有风险，投资须谨慎。
C001856,3,P030,app_push,周末14:00-18:00,专属推荐：固定期限030号（R2·固定期限），业绩比较基准3.1%，730天，1000元起投，T+0 随时赎回。理财非存款，产品有风险，投资须谨慎。
C001858,1,P025,app_push,工作日18:00-21:00,专属推荐：定开025号（R3·定开），业绩比较基准5.2%，366天，1000元起投，T+0 随时赎回。理财非存款，产品有风险，投资须谨慎。
C001858,2,P024,app_push,周末09:00-12:00,专属推荐：定开024号（R3·定开），业绩比较基准4.7%，90天，1000元起投，T+1 次日赎回。理财非存款，产品有风险，投资须谨慎。
C001858,3,P008,app_push,周末14:00-18:00,专属推荐：定开008号（R3·定开），业绩比较基准5.1%，366天，10000元起投，封闭运作。理财非存款，产品有风险，投资须谨慎。
C001861,1,P030,call,工作日18:00-21:00,您好，我是您的专属理财顾问，为您介绍：固定期限030号（R2·固定期限），业绩比较基准3.1%，730天，1000元起投，T+0 随时赎回。理财非存款，产品有风险，投资须谨慎。
C001861,2,P011,call,周末14:00-18:00,您好，我是您的专属理财顾问，为您介绍：固定期限011号（R2·固定期限），业绩比较基准3.3%，90天，10000元起投，T+0 随时赎回。理财非存款，产品有风险，投资须谨慎。
C001861,3,P025,call,周末09:00-12:00,您好，我是您的专属理财顾问，为您介绍：定开025号（R3·定开），业绩比较基准5.2%，366天，1000元起投，T+0 随时赎回。理财非存款，产品有风险，投资须谨慎。
C001866,1,P012,app_push,工作日09:00-12:00,专属推荐：混合012号（R2·混合），业绩比较基准3.7%，90天，10000元起投，T+1 次日赎回。理财非存款，产品有风险，投资须谨慎。
C001866,2,P013,app_push,工作日18:00-21:00,专属推荐：定开013号（R2·定开），业绩比较基准3.5%，灵活存续，10000元起投，T+0 随时赎回。理财非存款，产品有风险，投资须谨慎。
C001866,3,P011,app_push,周末14:00-18:00,专属推荐：固定期限011号（R2·固定期限），业绩比较基准3.3%，90天，10000元起投，T+0 随时赎回。理财非存款，产品有风险，投资须谨慎。
C001867,1,P002,call,工作日09:00-12:00,您好，我是您的专属理财顾问，为您介绍：固定期限002号（R5·固定期限），业绩比较基准11.3%，366天，1000元起投，T+0 随时赎回。理财非存款，产品有风险，投资须谨慎。
C001867,2,P023,call,工作日12:00-14:00,您好，我是您的专属理财顾问，为您介绍：固定期限023号（R5·固定期限），业绩比较基准9.8%，灵活存续，1000元起投，T+1 次日赎回。理财非存款，产品有风险，投资须谨慎。
C001867,3,P004,call,周末09:00-12:00,您好，我是您的专属理财顾问，为您介绍：现金管理004号（R5·现金管理），业绩比较基准8.6%，灵活存续，1000元起投，封闭运作。理财非存款，产品有风险，投资须谨慎。
C001879,1,P018,app_push,工作日12:00-14:00,专属推荐：现金管理018号（R2·现金管理），业绩比较基准3.6%，730天，10000元起投，T+0 随时赎回。理财非存款，产品有风险，投资须谨慎。
C001879,2,P020,app_push,周末14:00-18:00,专属推荐：现金管理020号（R2·现金管理），业绩比较基准3.6%，366天，10000元起投，T+1 次日赎回。理财非存款，产品有风险，投资须谨慎。
C001879,3,P017,app_push,工作日18:00-21:00,专属推荐：现金管理017号（R3·现金管理），业绩比较基准4.3%，180天，1000元起投，T+1 次日赎回。该产品风险等级高于您的风险偏好，请谨慎选择。理财非存款，产品有风险，投资须谨慎。
C001880,1,P025,call,工作日12:00-14:00,您好，我是您的专属理财顾问，为您介绍：定开025号（R3·定开），业绩比较基准5.2%，366天，1000元起投，T+0 随时赎回。理财非存款，产品有风险，投资须谨慎。
C001880,2,P008,call,工作日18:00-21:00,您好，我是您的专属理财顾问，为您介绍：定开008号（R3·定开），业绩比较基准5.1%，366天，10000元起投，封闭运作。理财非存款，产品有风险，投资须谨慎。
C001880,3,P024,call,周末14:00-18:00,您好，我是您的专属理财顾问，为您介绍：定开024号（R3·定开），业绩比较基准4.7%，90天，1000元起投，T+1 次日赎回。理财非存款，产品有风险，投资须谨慎。
C001883,1,P014,call,工作日09:00-12:00,您好，我是您的专属理财顾问，为您介绍：混合014号（R1·混合），业绩比较基准2.3%，90天，10000元起投，T+1 次日赎回。理财非存款，产品有风险，投资须谨慎。
C001883,2,P011,call,工作日12:00-14:00,您好，我是您的专属理财顾问，为您介绍：固定期限011号（R2·固定期限），业绩比较基准3.3%，90天，10000元起投，T+0 随时赎回。该产品风险等级高于您的风险偏好，请谨慎选择。理财非存款，产品有风险，投资须谨慎。
C001883,3,P012,call,周末09:00-12:00,您好，我是您的专属理财顾问，为您介绍：混合012号（R2·混合），业绩比较基准3.7%，90天，10000元起投，T+1 次日赎回。该产品风险等级高于您的风险偏好，请谨慎选择。理财非存款，产品有风险，投资须谨慎。
C001885,1,P019,app_push,工作日12:00-14:00,专属推荐：定开019号（R2·定开），业绩比较基准3.3%，灵活存续，1000元起投，T+0 随时赎回。理财非存款，产品有风险，投资须谨慎。
C001885,2,P026,app_push,周末14:00-18:00,专属推荐：混合026号（R2·混合），业绩比较基准3.1%，180天，1000元起投，T+1 次日赎回。理财非存款，产品有风险，投资须谨慎。
C001885,3,P030,app_push,工作日18:00-21:00,专属推荐：固定期限030号（R2·固定期限），业绩比较基准3.1%，730天，1000元起投，T+0 随时赎回。理财非存款，产品有风险，投资须谨慎。
C001897,1,P029,app_push,工作日18:00-21:00,专属推荐：固定期限029号（R4·固定期限），业绩比较基准7.8%，灵活存续，10000元起投，封闭运作。理财非存款，产品有风险，投资须谨慎。
C001897,2,P002,app_push,周末09:00-12:00,专属推荐：固定期限002号（R5·固定期限），业绩比较基准11.3%，366天，1000元起投，T+0 随时赎回。该产品风险等级高于您的风险偏好，请谨慎选择。理财非存款，产品有风险，投资须谨慎。
C001897,3,P023,app_push,周末14:00-18:00,专属推荐：固定期限023号（R5·固定期限），业绩比较基准9.8%，灵活存续，1000元起投，T+1 次日赎回。该产品风险等级高于您的风险偏好，请谨慎选择。理财非存款，产品有风险，投资须谨慎。
C001899,1,P017,app_push,工作日18:00-21:00,专属推荐：现金管理017号（R3·现金管理），业绩比较基准4.3%，180天，1000元起投，T+1 次日赎回。理财非存款，产品有风险，投资须谨慎。
C001899,2,P029,app_push,周末09:00-12:00,专属推荐：固定期限029号（R4·固定期限），业绩比较基准7.8%，灵活存续，10000元起投，封闭运作。该产品风险等级高于您的风险偏好，请谨慎选择。理财非存款，产品有风险，投资须谨慎。
C001899,3,P026,app_push,周末14:00-18:00,专属推荐：混合026号（R2·混合），业绩比较基准3.1%，180天，1000元起投，T+1 次日赎回。理财非存款，产品有风险，投资须谨慎。
C001902,1,P002,app_push,工作日12:00-14:00,专属推荐：固定期限002号（R5·固定期限），业绩比较基准11.3%，366天，1000元起投，T+0 随时赎回。该产品风险等级高于您的风险偏好，请谨慎选择。理财非存款，产品有风险，投资须谨慎。
C001902,2,P023,app_push,工作日18:00-21:00,专属推荐：固定期限023号（R5·固定期限），业绩比较基准9.8%，灵活存续，1000元起投，T+1 次日赎回。该产品风险等级高于您的风险偏好，请谨慎选择。理财非存款，产品有风险，投资须谨慎。
C001902,3,P004,app_push,周末14:00-18:00,专属推荐：现金管理004号（R5·现金管理），业绩比较基准8.6%，灵活存续，1000元起投，封闭运作。该产品风险等级高于您的风险偏好，请谨慎选择。理财非存款，产品有风险，投资须谨慎。
C001904,1,P026,app_push,工作日18:00-21:00,专属推荐：混合026号（R2·混合），业绩比较基准3.1%，180天，1000元起投，T+1 次日赎回。理财非存款，产品有风险，投资须谨慎。
C001904,2,P019,app_push,周末09:00-12:00,专属推荐：定开019号（R2·定开），业绩比较基准3.3%，灵活存续，1000元起投，T+0 随时赎回。理财非存款，产品有风险，投资须谨慎。
C001904,3,P012,app_push,周末14:00-18:00,专属推荐：混合012号（R2·混合），业绩比较基准3.7%，90天，10000元起投，T+1 次日赎回。理财非存款，产品有风险，投资须谨慎。
C001905,1,P030,app_push,工作日09:00-12:00,专属推荐：固定期限030号（R2·固定期限），业绩比较基准3.1%，730天，1000元起投，T+0 随时赎回。理财非存款，产品有风险，投资须谨慎。
C001905,2,P011,app_push,工作日12:00-14:00,专属推荐：固定期限011号（R2·固定期限），业绩比较基准3.3%，90天，10000元起投，T+0 随时赎回。理财非存款，产品有风险，投资须谨慎。
C001905,3,P013,app_push,工作日18:00-21:00,专属推荐：定开013号（R2·定开），业绩比较基准3.5%，灵活存续，10000元起投，T+0 随时赎回。理财非存款，产品有风险，投资须谨慎。
C001906,1,P022,app_push,工作日12:00-14:00,专属推荐：定开022号（R2·定开），业绩比较基准3.0%，730天，10000元起投，T+1 次日赎回。理财非存款，产品有风险，投资须谨慎。
C001906,2,P026,app_push,周末14:00-18:00,专属推荐：混合026号（R2·混合），业绩比较基准3.1%，180天，1000元起投，T+1 次日赎回。理财非存款，产品有风险，投资须谨慎。
C001906,3,P012,app_push,工作日18:00-21:00,专属推荐：混合012号（R2·混合），业绩比较基准3.7%，90天，10000元起投，T+1 次日赎回。理财非存款，产品有风险，投资须谨慎。
C001912,1,P004,app_push,工作日12:00-14:00,专属推荐：现金管理004号（R5·现金管理），业绩比较基准8.6%，灵活存续，1000元起投，封闭运作。理财非存款，产品有风险，投资须谨慎。
C001912,2,P002,app_push,周末14:00-18:00,专属推荐：固定期限002号（R5·固定期限），业绩比较基准11.3%，366天，1000元起投，T+0 随时赎回。理财非存款，产品有风险，投资须谨慎。
C001912,3,P023,app_push,工作日18:00-21:00,专属推荐：固定期限023号（R5·固定期限），业绩比较基准9.8%，灵活存续，1000元起投，T+1 次日赎回。理财非存款，产品有风险，投资须谨慎。
C001916,1,P019,app_push,工作日18:00-21:00,专属推荐：定开019号（R2·定开），业绩比较基准3.3%，灵活存续，1000元起投，T+0 随时赎回。理财非存款，产品有风险，投资须谨慎。
C001916,2,P013,app_push,周末09:00-12:00,专属推荐：定开013号（R2·定开），业绩比较基准3.5%，灵活存续，10000元起投，T+0 随时赎回。理财非存款，产品有风险，投资须谨慎。
C001916,3,P022,app_push,周末14:00-18:00,专属推荐：定开022号（R2·定开），业绩比较基准3.0%，730天，10000元起投，T+1 次日赎回。理财非存款，产品有风险，投资须谨慎。
C001919,1,P025,call,工作日12:00-14:00,您好，我是您的专属理财顾问，为您介绍：定开025号（R3·定开），业绩比较基准5.2%，366天，1000元起投，T+0 随时赎回。理财非存款，产品有风险，投资须谨慎。
C001919,2,P024,call,工作日18:00-21:00,您好，我是您的专属理财顾问，为您介绍：定开024号（R3·定开），业绩比较基准4.7%，90天，1000元起投，T+1 次日赎回。理财非存款，产品有风险，投资须谨慎。
C001919,3,P002,call,周末14:00-18:00,您好，我是您的专属理财顾问，为您介绍：固定期限002号（R5·固定期限），业绩比较基准11.3%，366天，1000元起投，T+0 随时赎回。该产品风险等级高于您的风险偏好，请谨慎选择。理财非存款，产品有风险，投资须谨慎。
C001920,1,P029,manager,工作日09:00-12:00,金卡贵宾专享：固定期限029号（R4·固定期限），业绩比较基准7.8%，灵活存续，10000元起投，封闭运作，可为您预约专属认购。理财非存款，产品有风险，投资须谨慎。
C001920,2,P015,manager,工作日18:00-21:00,金卡贵宾专享：固定期限015号（R4·固定期限），业绩比较基准6.7%，366天，50000元起投，封闭运作，可为您预约专属认购。理财非存款，产品有风险，投资须谨慎。
C001920,3,P006,manager,周末09:00-12:00,金卡贵宾专享：混合006号（R3·混合），业绩比较基准5.1%，灵活存续，50000元起投，T+1 次日赎回，可为您预约专属认购。理财非存款，产品有风险，投资须谨慎。
C001923,1,P025,app_push,工作日09:00-12:00,专属推荐：定开025号（R3·定开），业绩比较基准5.2%，366天，1000元起投，T+0 随时赎回。理财非存款，产品有风险，投资须谨慎。
C001923,2,P024,app_push,工作日12:00-14:00,专属推荐：定开024号（R3·定开），业绩比较基准4.7%，90天，1000元起投，T+1 次日赎回。理财非存款，产品有风险，投资须谨慎。
C001923,3,P008,app_push,周末09:00-12:00,专属推荐：定开008号（R3·定开），业绩比较基准5.1%，366天，10000元起投，封闭运作。理财非存款，产品有风险，投资须谨慎。
C001926,1,P006,call,工作日18:00-21:00,您好，我是您的专属理财顾问，为您介绍：混合006号（R3·混合），业绩比较基准5.1%，灵活存续，50000元起投，T+1 次日赎回。理财非存款，产品有风险，投资须谨慎。
C001926,2,P001,call,周末14:00-18:00,您好，我是您的专属理财顾问，为您介绍：混合001号（R3·混合），业绩比较基准5.5%，730天，50000元起投，封闭运作。理财非存款，产品有风险，投资须谨慎。
C001926,3,P025,call,周末09:00-12:00,您好，我是您的专属理财顾问，为您介绍：定开025号（R3·定开），业绩比较基准5.2%，366天，1000元起投，T+0 随时赎回。理财非存款，产品有风险，投资须谨慎。
C001933,1,P004,app_push,工作日12:00-14:00,专属推荐：现金管理004号（R5·现金管理），业绩比较基准8.6%，灵活存续，1000元起投，封闭运作。该产品风险等级高于您的风险偏好，请谨慎选择。理财非存款，产品有风险，投资须谨慎。
C001933,2,P027,app_push,周末14:00-18:00,专属推荐：现金管理027号（R4·现金管理），业绩比较基准7.7%，366天，100000元起投，T+1 次日赎回。理财非存款，产品有风险，投资须谨慎。
C001933,3,P029,app_push,工作日18:00-21:00,专属推荐：固定期限029号（R4·固定期限），业绩比较基准7.8%，灵活存续，10000元起投，封闭运作。理财非存款，产品有风险，投资须谨慎。
C001935,1,P014,app_push,工作日12:00-14:00,专属推荐：混合014号（R1·混合），业绩比较基准2.3%，90天，10000元起投，T+1 次日赎回。理财非存款，产品有风险，投资须谨慎。
C001935,2,P022,app_push,周末14:00-18:00,专属推荐：定开022号（R2·定开），业绩比较基准3.0%，730天，10000元起投，T+1 次日赎回。该产品风险等级高于您的风险偏好，请谨慎选择。理财非存款，产品有风险，投资须谨慎。
C001935,3,P010,app_push,工作日18:00-21:00,专属推荐：现金管理010号（R1·现金管理），业绩比较基准2.8%，366天，50000元起投，T+0 随时赎回。理财非存款，产品有风险，投资须谨慎。
C001936,1,P026,manager,工作日12:00-14:00,金卡贵宾专享：混合026号（R2·混合），业绩比较基准3.1%，180天，1000元起投，T+1 次日赎回，可为您预约专属认购。理财非存款，产品有风险，投资须谨慎。
C001936,2,P025,manager,周末14:00-18:00,金卡贵宾专享：定开025号（R3·定开），业绩比较基准5.2%，366天，1000元起投，T+0 随时赎回，可为您预约专属认购。理财非存款，产品有风险，投资须谨慎。
C001936,3,P024,manager,工作日18:00-21:00,金卡贵宾专享：定开024号（R3·定开），业绩比较基准4.7%，90天，1000元起投，T+1 次日赎回，可为您预约专属认购。理财非存款，产品有风险，投资须谨慎。
C001939,1,P006,app_push,工作日09:00-12:00,专属推荐：混合006号（R3·混合），业绩比较基准5.1%，灵活存续，50000元起投，T+1 次日赎回。理财非存款，产品有风险，投资须谨慎。
C001939,2,P025,app_push,工作日12:00-14:00,专属推荐：定开025号（R3·定开），业绩比较基准5.2%，366天，1000元起投，T+0 随时赎回。理财非存款，产品有风险，投资须谨慎。
C001939,3,P001,app_push,周末09:00-12:00,专属推荐：混合001号（R3·混合），业绩比较基准5.5%，730天，50000元起投，封闭运作。理财非存款，产品有风险，投资须谨慎。
C001944,1,P004,app_push,工作日09:00-12:00,专属推荐：现金管理004号（R5·现金管理），业绩比较基准8.6%，灵活存续，1000元起投，封闭运作。该产品风险等级高于您的风险偏好，请谨慎选择。理财非存款，产品有风险，投资须谨慎。
C001944,2,P029,app_push,工作日12:00-14:00,专属推荐：固定期限029号（R4·固定期限），业绩比较基准7.8%，灵活存续，10000元起投，封闭运作。理财非存款，产品有风险，投资须谨慎。
C001944,3,P017,app_push,周末09:00-12:00,专属推荐：现金管理017号（R3·现金管理），业绩比较基准4.3%，180天，1000元起投，T+1 次日赎回。理财非存款，产品有风险，投资须谨慎。
C001954,1,P025,app_push,工作日09:00-12:00,专属推荐：定开025号（R3·定开），业绩比较基准5.2%，366天，1000元起投，T+0 随时赎回。理财非存款，产品有风险，投资须谨慎。
C001954,2,P024,app_push,工作日18:00-21:00,专属推荐：定开024号（R3·定开），业绩比较基准4.7%，90天，1000元起投，T+1 次日赎回。理财非存款，产品有风险，投资须谨慎。
C001954,3,P008,app_push,周末14:00-18:00,专属推荐：定开008号（R3·定开），业绩比较基准5.1%，366天，10000元起投，封闭运作。理财非存款，产品有风险，投资须谨慎。
C001963,1,P019,app_push,工作日09:00-12:00,专属推荐：定开019号（R2·定开），业绩比较基准3.3%，灵活存续，1000元起投，T+0 随时赎回。理财非存款，产品有风险，投资须谨慎。
C001963,2,P025,app_push,工作日12:00-14:00,专属推荐：定开025号（R3·定开），业绩比较基准5.2%，366天，1000元起投，T+0 随时赎回。该产品风险等级高于您的风险偏好，请谨慎选择。理财非存款，产品有风险，投资须谨慎。
C001963,3,P013,app_push,周末09:00-12:00,专属推荐：定开013号（R2·定开），业绩比较基准3.5%，灵活存续，10000元起投，T+0 随时赎回。理财非存款，产品有风险，投资须谨慎。
C001964,1,P006,call,工作日09:00-12:00,您好，我是您的专属理财顾问，为您介绍：混合006号（R3·混合），业绩比较基准5.1%，灵活存续，50000元起投，T+1 次日赎回。该产品风险等级高于您的风险偏好，请谨慎选择。理财非存款，产品有风险，投资须谨慎。
C001964,2,P012,call,工作日12:00-14:00,您好，我是您的专属理财顾问，为您介绍：混合012号（R2·混合），业绩比较基准3.7%，90天，10000元起投，T+1 次日赎回。理财非存款，产品有风险，投资须谨慎。
C001964,3,P026,call,周末09:00-12:00,您好，我是您的专属理财顾问，为您介绍：混合026号（R2·混合），业绩比较基准3.1%，180天，1000元起投，T+1 次日赎回。理财非存款，产品有风险，投资须谨慎。
C001969,1,P014,call,工作日12:00-14:00,您好，我是您的专属理财顾问，为您介绍：混合014号（R1·混合），业绩比较基准2.3%，90天，10000元起投，T+1 次日赎回。理财非存款，产品有风险，投资须谨慎。
C001969,2,P026,call,周末14:00-18:00,您好，我是您的专属理财顾问，为您介绍：混合026号（R2·混合），业绩比较基准3.1%，180天，1000元起投，T+1 次日赎回。该产品风险等级高于您的风险偏好，请谨慎选择。理财非存款，产品有风险，投资须谨慎。
C001969,3,P019,call,工作日18:00-21:00,您好，我是您的专属理财顾问，为您介绍：定开019号（R2·定开），业绩比较基准3.3%，灵活存续，1000元起投，T+0 随时赎回。该产品风险等级高于您的风险偏好，请谨慎选择。理财非存款，产品有风险，投资须谨慎。
C001971,1,P012,manager,工作日09:00-12:00,金卡贵宾专享：混合012号（R2·混合），业绩比较基准3.7%，90天，10000元起投，T+1 次日赎回，可为您预约专属认购。理财非存款，产品有风险，投资须谨慎。
C001971,2,P013,manager,工作日12:00-14:00,金卡贵宾专享：定开013号（R2·定开），业绩比较基准3.5%，灵活存续，10000元起投，T+0 随时赎回，可为您预约专属认购。理财非存款，产品有风险，投资须谨慎。
C001971,3,P011,manager,周末09:00-12:00,金卡贵宾专享：固定期限011号（R2·固定期限），业绩比较基准3.3%，90天，10000元起投，T+0 随时赎回，可为您预约专属认购。理财非存款，产品有风险，投资须谨慎。
C001973,1,P030,manager,工作日18:00-21:00,金卡贵宾专享：固定期限030号（R2·固定期限），业绩比较基准3.1%，730天，1000元起投，T+0 随时赎回，可为您预约专属认购。理财非存款，产品有风险，投资须谨慎。
C001973,2,P011,manager,周末09:00-12:00,金卡贵宾专享：固定期限011号（R2·固定期限），业绩比较基准3.3%，90天，10000元起投，T+0 随时赎回，可为您预约专属认购。理财非存款，产品有风险，投资须谨慎。
C001973,3,P028,manager,周末14:00-18:00,金卡贵宾专享：定开028号（R2·定开），业绩比较基准3.6%，366天，100000元起投，T+1 次日赎回，可为您预约专属认购。理财非存款，产品有风险，投资须谨慎。
C001974,1,P014,app_push,工作日12:00-14:00,专属推荐：混合014号（R1·混合），业绩比较基准2.3%，90天，10000元起投，T+1 次日赎回。理财非存款，产品有风险，投资须谨慎。
C001974,2,P018,app_push,工作日18:00-21:00,专属推荐：现金管理018号（R2·现金管理），业绩比较基准3.6%，730天，10000元起投，T+0 随时赎回。该产品风险等级高于您的风险偏好，请谨慎选择。理财非存款，产品有风险，投资须谨慎。
C001974,3,P012,app_push,周末14:00-18:00,专属推荐：混合012号（R2·混合），业绩比较基准3.7%，90天，10000元起投，T+1 次日赎回。该产品风险等级高于您的风险偏好，请谨慎选择。理财非存款，产品有风险，投资须谨慎。
C001977,1,P002,app_push,工作日18:00-21:00,专属推荐：固定期限002号（R5·固定期限），业绩比较基准11.3%，366天，1000元起投，T+0 随时赎回。理财非存款，产品有风险，投资须谨慎。
C001977,2,P023,app_push,周末14:00-18:00,专属推荐：固定期限023号（R5·固定期限），业绩比较基准9.8%，灵活存续，1000元起投，T+1 次日赎回。理财非存款，产品有风险，投资须谨慎。
C001977,3,P004,app_push,周末09:00-12:00,专属推荐：现金管理004号（R5·现金管理），业绩比较基准8.6%，灵活存续，1000元起投，封闭运作。理财非存款，产品有风险，投资须谨慎。
C001981,1,P002,app_push,工作日09:00-12:00,专属推荐：固定期限002号（R5·固定期限），业绩比较基准11.3%，366天，1000元起投，T+0 随时赎回。该产品风险等级高于您的风险偏好，请谨慎选择。理财非存款，产品有风险，投资须谨慎。
C001981,2,P023,app_push,工作日12:00-14:00,专属推荐：固定期限023号（R5·固定期限），业绩比较基准9.8%，灵活存续，1000元起投，T+1 次日赎回。该产品风险等级高于您的风险偏好，请谨慎选择。理财非存款，产品有风险，投资须谨慎。
C001981,3,P024,app_push,周末14:00-18:00,专属推荐：定开024号（R3·定开），业绩比较基准4.7%，90天，1000元起投，T+1 次日赎回。理财非存款，产品有风险，投资须谨慎。
C001984,1,P029,app_push,工作日18:00-21:00,专属推荐：固定期限029号（R4·固定期限），业绩比较基准7.8%，灵活存续，10000元起投，封闭运作。该产品风险等级高于您的风险偏好，请谨慎选择。理财非存款，产品有风险，投资须谨慎。
C001984,2,P011,app_push,周末14:00-18:00,专属推荐：固定期限011号（R2·固定期限），业绩比较基准3.3%，90天，10000元起投，T+0 随时赎回。理财非存款，产品有风险，投资须谨慎。
C001984,3,P003,app_push,周末09:00-12:00,专属推荐：固定期限003号（R3·固定期限），业绩比较基准4.5%，730天，50000元起投，封闭运作。理财非存款，产品有风险，投资须谨慎。
C001987,1,P014,app_push,工作日09:00-12:00,专属推荐：混合014号（R1·混合），业绩比较基准2.3%，90天，10000元起投，T+1 次日赎回。理财非存款，产品有风险，投资须谨慎。
C001987,2,P010,app_push,工作日12:00-14:00,专属推荐：现金管理010号（R1·现金管理），业绩比较基准2.8%，366天，50000元起投，T+0 随时赎回。理财非存款，产品有风险，投资须谨慎。
C001987,3,P012,app_push,工作日18:00-21:00,专属推荐：混合012号（R2·混合），业绩比较基准3.7%，90天，10000元起投，T+1 次日赎回。该产品风险等级高于您的风险偏好，请谨慎选择。理财非存款，产品有风险，投资须谨慎。
C001989,1,P003,app_push,工作日09:00-12:00,专属推荐：固定期限003号（R3·固定期限），业绩比较基准4.5%，730天，50000元起投，封闭运作。理财非存款，产品有风险，投资须谨慎。
C001989,2,P029,app_push,工作日12:00-14:00,专属推荐：固定期限029号（R4·固定期限），业绩比较基准7.8%，灵活存续，10000元起投，封闭运作。该产品风险等级高于您的风险偏好，请谨慎选择。理财非存款，产品有风险，投资须谨慎。
C001989,3,P025,app_push,周末09:00-12:00,专属推荐：定开025号（R3·定开），业绩比较基准5.2%，366天，1000元起投，T+0 随时赎回。理财非存款，产品有风险，投资须谨慎。
C001992,1,P025,call,工作日12:00-14:00,您好，我是您的专属理财顾问，为您介绍：定开025号（R3·定开），业绩比较基准5.2%，366天，1000元起投，T+0 随时赎回。理财非存款，产品有风险，投资须谨慎。
C001992,2,P008,call,周末14:00-18:00,您好，我是您的专属理财顾问，为您介绍：定开008号（R3·定开），业绩比较基准5.1%，366天，10000元起投，封闭运作。理财非存款，产品有风险，投资须谨慎。
C001992,3,P024,call,工作日18:00-21:00,您好，我是您的专属理财顾问，为您介绍：定开024号（R3·定开），业绩比较基准4.7%，90天，1000元起投，T+1 次日赎回。理财非存款，产品有风险，投资须谨慎。
C002000,1,P002,call,工作日12:00-14:00,您好，我是您的专属理财顾问，为您介绍：固定期限002号（R5·固定期限），业绩比较基准11.3%，366天，1000元起投，T+0 随时赎回。理财非存款，产品有风险，投资须谨慎。
C002000,2,P023,call,周末14:00-18:00,您好，我是您的专属理财顾问，为您介绍：固定期限023号（R5·固定期限），业绩比较基准9.8%，灵活存续，1000元起投，T+1 次日赎回。理财非存款，产品有风险，投资须谨慎。
C002000,3,P029,call,工作日18:00-21:00,您好，我是您的专属理财顾问，为您介绍：固定期限029号（R4·固定期限），业绩比较基准7.8%，灵活存续，10000元起投，封闭运作。理财非存款，产品有风险，投资须谨慎。
C002007,1,P025,app_push,工作日18:00-21:00,专属推荐：定开025号（R3·定开），业绩比较基准5.2%，366天，1000元起投，T+0 随时赎回。理财非存款，产品有风险，投资须谨慎。
C002007,2,P029,app_push,周末09:00-12:00,专属推荐：固定期限029号（R4·固定期限），业绩比较基准7.8%，灵活存续，10000元起投，封闭运作。该产品风险等级高于您的风险偏好，请谨慎选择。理财非存款，产品有风险，投资须谨慎。
C002007,3,P008,app_push,周末14:00-18:00,专属推荐：定开008号（R3·定开），业绩比较基准5.1%，366天，10000元起投，封闭运作。理财非存款，产品有风险，投资须谨慎。
C002008,1,P025,manager,工作日09:00-12:00,普通贵宾专享：定开025号（R3·定开），业绩比较基准5.2%，366天，1000元起投，T+0 随时赎回，可为您预约专属认购。理财非存款，产品有风险，投资须谨慎。
C002008,2,P017,manager,工作日12:00-14:00,普通贵宾专享：现金管理017号（R3·现金管理），业绩比较基准4.3%，180天，1000元起投，T+1 次日赎回，可为您预约专属认购。理财非存款，产品有风险，投资须谨慎。
C002008,3,P024,manager,周末09:00-12:00,普通贵宾专享：定开024号（R3·定开），业绩比较基准4.7%，90天，1000元起投，T+1 次日赎回，可为您预约专属认购。理财非存款，产品有风险，投资须谨慎。
C002011,1,P012,app_push,工作日09:00-12:00,专属推荐：混合012号（R2·混合），业绩比较基准3.7%，90天，10000元起投，T+1 次日赎回。理财非存款，产品有风险，投资须谨慎。
C002011,2,P013,app_push,工作日12:00-14:00,专属推荐：定开013号（R2·定开），业绩比较基准3.5%，灵活存续，10000元起投，T+0 随时赎回。理财非存款，产品有风险，投资须谨慎。
C002011,3,P011,app_push,周末09:00-12:00,专属推荐：固定期限011号（R2·固定期限），业绩比较基准3.3%，90天，10000元起投，T+0 随时赎回。理财非存款，产品有风险，投资须谨慎。
C002012,1,P013,app_push,工作日12:00-14:00,专属推荐：定开013号（R2·定开），业绩比较基准3.5%，灵活存续，10000元起投，T+0 随时赎回。理财非存款，产品有风险，投资须谨慎。
C002012,2,P022,app_push,工作日18:00-21:00,专属推荐：定开022号（R2·定开），业绩比较基准3.0%，730天，10000元起投，T+1 次日赎回。理财非存款，产品有风险，投资须谨慎。
C002012,3,P019,app_push,周末14:00-18:00,专属推荐：定开019号（R2·定开），业绩比较基准3.3%，灵活存续，1000元起投，T+0 随时赎回。理财非存款，产品有风险，投资须谨慎。
C002013,1,P014,app_push,工作日12:00-14:00,专属推荐：混合014号（R1·混合），业绩比较基准2.3%，90天，10000元起投，T+1 次日赎回。理财非存款，产品有风险，投资须谨慎。
C002013,2,P026,app_push,工作日18:00-21:00,专属推荐：混合026号（R2·混合），业绩比较基准3.1%，180天，1000元起投，T+1 次日赎回。该产品风险等级高于您的风险偏好，请谨慎选择。理财非存款，产品有风险，投资须谨慎。
C002013,3,P019,app_push,周末14:00-18:00,专属推荐：定开019号（R2·定开），业绩比较基准3.3%，灵活存续，1000元起投，T+0 随时赎回。该产品风险等级高于您的风险偏好，请谨慎选择。理财非存款，产品有风险，投资须谨慎。
C002020,1,P001,app_push,工作日12:00-14:00,专属推荐：混合001号（R3·混合），业绩比较基准5.5%，730天，50000元起投，封闭运作。理财非存款，产品有风险，投资须谨慎。
C002020,2,P006,app_push,工作日18:00-21:00,专属推荐：混合006号（R3·混合），业绩比较基准5.1%，灵活存续，50000元起投，T+1 次日赎回。理财非存款，产品有风险，投资须谨慎。
C002020,3,P017,app_push,周末14:00-18:00,专属推荐：现金管理017号（R3·现金管理），业绩比较基准4.3%，180天，1000元起投，T+1 次日赎回。理财非存款，产品有风险，投资须谨慎。
C002023,1,P006,app_push,工作日12:00-14:00,专属推荐：混合006号（R3·混合），业绩比较基准5.1%，灵活存续，50000元起投，T+1 次日赎回。该产品风险等级高于您的风险偏好，请谨慎选择。理财非存款，产品有风险，投资须谨慎。
C002023,2,P012,app_push,周末14:00-18:00,专属推荐：混合012号（R2·混合），业绩比较基准3.7%，90天，10000元起投，T+1 次日赎回。理财非存款，产品有风险，投资须谨慎。
C002023,3,P001,app_push,工作日18:00-21:00,专属推荐：混合001号（R3·混合），业绩比较基准5.5%，730天，50000元起投，封闭运作。该产品风险等级高于您的风险偏好，请谨慎选择。理财非存款，产品有风险，投资须谨慎。
C002025,1,P026,app_push,工作日09:00-12:00,专属推荐：混合026号（R2·混合），业绩比较基准3.1%，180天，1000元起投，T+1 次日赎回。理财非存款，产品有风险，投资须谨慎。
C002025,2,P019,app_push,工作日12:00-14:00,专属推荐：定开019号（R2·定开），业绩比较基准3.3%，灵活存续，1000元起投，T+0 随时赎回。理财非存款，产品有风险，投资须谨慎。
C002025,3,P030,app_push,周末09:00-12:00,专属推荐：固定期限030号（R2·固定期限），业绩比较基准3.1%，730天，1000元起投，T+0 随时赎回。理财非存款，产品有风险，投资须谨慎。
C002026,1,P004,app_push,工作日18:00-21:00,专属推荐：现金管理004号（R5·现金管理），业绩比较基准8.6%，灵活存续，1000元起投，封闭运作。该产品风险等级高于您的风险偏好，请谨慎选择。理财非存款，产品有风险，投资须谨慎。
C002026,2,P017,app_push,周末14:00-18:00,专属推荐：现金管理017号（R3·现金管理），业绩比较基准4.3%，180天，1000元起投，T+1 次日赎回。理财非存款，产品有风险，投资须谨慎。
C002026,3,P026,app_push,周末09:00-12:00,专属推荐：混合026号（R2·混合），业绩比较基准3.1%，180天，1000元起投，T+1 次日赎回。理财非存款，产品有风险，投资须谨慎。
C002028,1,P002,app_push,工作日09:00-12:00,专属推荐：固定期限002号（R5·固定期限），业绩比较基准11.3%，366天，1000元起投，T+0 随时赎回。该产品风险等级高于您的风险偏好，请谨慎选择。理财非存款，产品有风险，投资须谨慎。
C002028,2,P029,app_push,工作日12:00-14:00,专属推荐：固定期限029号（R4·固定期限），业绩比较基准7.8%，灵活存续，10000元起投，封闭运作。理财非存款，产品有风险，投资须谨慎。
C002028,3,P023,app_push,工作日18:00-21:00,专属推荐：固定期限023号（R5·固定期限），业绩比较基准9.8%，灵活存续，1000元起投，T+1 次日赎回。该产品风险等级高于您的风险偏好，请谨慎选择。理财非存款，产品有风险，投资须谨慎。
C002044,1,P012,call,工作日09:00-12:00,您好，我是您的专属理财顾问，为您介绍：混合012号（R2·混合），业绩比较基准3.7%，90天，10000元起投，T+1 次日赎回。理财非存款，产品有风险，投资须谨慎。
C002044,2,P013,call,工作日18:00-21:00,您好，我是您的专属理财顾问，为您介绍：定开013号（R2·定开），业绩比较基准3.5%，灵活存续，10000元起投，T+0 随时赎回。理财非存款，产品有风险，投资须谨慎。
C002044,3,P022,call,周末14:00-18:00,您好，我是您的专属理财顾问，为您介绍：定开022号（R2·定开），业绩比较基准3.0%，730天，10000元起投，T+1 次日赎回。理财非存款，产品有风险，投资须谨慎。
C002052,1,P025,call,工作日09:00-12:00,您好，我是您的专属理财顾问，为您介绍：定开025号（R3·定开），业绩比较基准5.2%，366天，1000元起投，T+0 随时赎回。理财非存款，产品有风险，投资须谨慎。
C002052,2,P024,call,工作日12:00-14:00,您好，我是您的专属理财顾问，为您介绍：定开024号（R3·定开），业绩比较基准4.7%，90天，1000元起投，T+1 次日赎回。理财非存款，产品有风险，投资须谨慎。
C002052,3,P017,call,周末09:00-12:00,您好，我是您的专属理财顾问，为您介绍：现金管理017号（R3·现金管理），业绩比较基准4.3%，180天，1000元起投，T+1 次日赎回。理财非存款，产品有风险，投资须谨慎。
C002053,1,P014,app_push,工作日18:00-21:00,专属推荐：混合014号（R1·混合），业绩比较基准2.3%，90天，10000元起投，T+1 次日赎回。理财非存款，产品有风险，投资须谨慎。
C002053,2,P012,app_push,周末14:00-18:00,专属推荐：混合012号（R2·混合），业绩比较基准3.7%，90天，10000元起投，T+1 次日赎回。该产品风险等级高于您的风险偏好，请谨慎选择。理财非存款，产品有风险，投资须谨慎。
C002053,3,P026,app_push,周末09:00-12:00,专属推荐：混合026号（R2·混合），业绩比较基准3.1%，180天，1000元起投，T+1 次日赎回。该产品风险等级高于您的风险偏好，请谨慎选择。理财非存款，产品有风险，投资须谨慎。
C002054,1,P002,app_push,工作日09:00-12:00,专属推荐：固定期限002号（R5·固定期限），业绩比较基准11.3%，366天，1000元起投，T+0 随时赎回。理财非存款，产品有风险，投资须谨慎。
C002054,2,P023,app_push,工作日12:00-14:00,专属推荐：固定期限023号（R5·固定期限），业绩比较基准9.8%，灵活存续，1000元起投，T+1 次日赎回。理财非存款，产品有风险，投资须谨慎。
C002054,3,P004,app_push,周末14:00-18:00,专属推荐：现金管理004号（R5·现金管理），业绩比较基准8.6%，灵活存续，1000元起投，封闭运作。理财非存款，产品有风险，投资须谨慎。
C002059,1,P014,app_push,工作日12:00-14:00,专属推荐：混合014号（R1·混合），业绩比较基准2.3%，90天，10000元起投，T+1 次日赎回。理财非存款，产品有风险，投资须谨慎。
C002059,2,P010,app_push,工作日18:00-21:00,专属推荐：现金管理010号（R1·现金管理），业绩比较基准2.8%，366天，50000元起投，T+0 随时赎回。理财非存款，产品有风险，投资须谨慎。
C002059,3,P012,app_push,周末14:00-18:00,专属推荐：混合012号（R2·混合），业绩比较基准3.7%，90天，10000元起投，T+1 次日赎回。该产品风险等级高于您的风险偏好，请谨慎选择。理财非存款，产品有风险，投资须谨慎。
C002063,1,P011,app_push,工作日18:00-21:00,专属推荐：固定期限011号（R2·固定期限），业绩比较基准3.3%，90天，10000元起投，T+0 随时赎回。理财非存款，产品有风险，投资须谨慎。
C002063,2,P012,app_push,周末14:00-18:00,专属推荐：混合012号（R2·混合），业绩比较基准3.7%，90天，10000元起投，T+1 次日赎回。理财非存款，产品有风险，投资须谨慎。
C002063,3,P026,app_push,周末09:00-12:00,专属推荐：混合026号（R2·混合），业绩比较基准3.1%，180天，1000元起投，T+1 次日赎回。理财非存款，产品有风险，投资须谨慎。
C002078,1,P017,manager,工作日18:00-21:00,钻石贵宾专享：现金管理017号（R3·现金管理），业绩比较基准4.3%，180天，1000元起投，T+1 次日赎回，可为您预约专属认购。该产品风险等级高于您的风险偏好，请谨慎选择。理财非存款，产品有风险，投资须谨慎。
C002078,2,P020,manager,周末09:00-12:00,钻石贵宾专享：现金管理020号（R2·现金管理），业绩比较基准3.6%，366天，10000元起投，T+1 次日赎回，可为您预约专属认购。理财非存款，产品有风险，投资须谨慎。
C002078,3,P018,manager,周末14:00-18:00,钻石贵宾专享：现金管理018号（R2·现金管理），业绩比较基准3.6%，730天，10000元起投，T+0 随时赎回，可为您预约专属认购。理财非存款，产品有风险，投资须谨慎。
C002080,1,P012,call,工作日18:00-21:00,您好，我是您的专属理财顾问，为您介绍：混合012号（R2·混合），业绩比较基准3.7%，90天，10000元起投，T+1 次日赎回。理财非存款，产品有风险，投资须谨慎。
C002080,2,P013,call,周末14:00-18:00,您好，我是您的专属理财顾问，为您介绍：定开013号（R2·定开），业绩比较基准3.5%，灵活存续，10000元起投，T+0 随时赎回。理财非存款，产品有风险，投资须谨慎。
C002080,3,P011,call,周末09:00-12:00,您好，我是您的专属理财顾问，为您介绍：固定期限011号（R2·固定期限），业绩比较基准3.3%，90天，10000元起投，T+0 随时赎回。理财非存款，产品有风险，投资须谨慎。
C002083,1,P019,call,工作日09:00-12:00,您好，我是您的专属理财顾问，为您介绍：定开019号（R2·定开），业绩比较基准3.3%，灵活存续，1000元起投，T+0 随时赎回。理财非存款，产品有风险，投资须谨慎。
C002083,2,P026,call,工作日12:00-14:00,您好，我是您的专属理财顾问，为您介绍：混合026号（R2·混合），业绩比较基准3.1%，180天，1000元起投，T+1 次日赎回。理财非存款，产品有风险，投资须谨慎。
C002083,3,P030,call,周末09:00-12:00,您好，我是您的专属理财顾问，为您介绍：固定期限030号（R2·固定期限），业绩比较基准3.1%，730天，1000元起投，T+0 随时赎回。理财非存款，产品有风险，投资须谨慎。
C002084,1,P015,app_push,工作日09:00-12:00,专属推荐：固定期限015号（R4·固定期限），业绩比较基准6.7%，366天，50000元起投，封闭运作。理财非存款，产品有风险，投资须谨慎。
C002084,2,P029,app_push,工作日12:00-14:00,专属推荐：固定期限029号（R4·固定期限），业绩比较基准7.8%，灵活存续，10000元起投，封闭运作。理财非存款，产品有风险，投资须谨慎。
C002084,3,P001,app_push,工作日18:00-21:00,专属推荐：混合001号（R3·混合），业绩比较基准5.5%，730天，50000元起投，封闭运作。理财非存款，产品有风险，投资须谨慎。
C002085,1,P014,call,工作日18:00-21:00,您好，我是您的专属理财顾问，为您介绍：混合014号（R1·混合），业绩比较基准2.3%，90天，10000元起投，T+1 次日赎回。理财非存款，产品有风险，投资须谨慎。
C002085,2,P010,call,周末09:00-12:00,您好，我是您的专属理财顾问，为您介绍：现金管理010号（R1·现金管理），业绩比较基准2.8%，366天，50000元起投，T+0 随时赎回。理财非存款，产品有风险，投资须谨慎。
C002085,3,P012,call,周末14:00-18:00,您好，我是您的专属理财顾问，为您介绍：混合012号（R2·混合），业绩比较基准3.7%，90天，10000元起投，T+1 次日赎回。该产品风险等级高于您的风险偏好，请谨慎选择。理财非存款，产品有风险，投资须谨慎。
C002086,1,P002,call,工作日18:00-21:00,您好，我是您的专属理财顾问，为您介绍：固定期限002号（R5·固定期限），业绩比较基准11.3%，366天，1000元起投，T+0 随时赎回。理财非存款，产品有风险，投资须谨慎。
C002086,2,P023,call,周末14:00-18:00,您好，我是您的专属理财顾问，为您介绍：固定期限023号（R5·固定期限），业绩比较基准9.8%，灵活存续，1000元起投，T+1 次日赎回。理财非存款，产品有风险，投资须谨慎。
C002086,3,P004,call,周末09:00-12:00,您好，我是您的专属理财顾问，为您介绍：现金管理004号（R5·现金管理），业绩比较基准8.6%，灵活存续，1000元起投，封闭运作。理财非存款，产品有风险，投资须谨慎。
C002087,1,P025,call,工作日18:00-21:00,您好，我是您的专属理财顾问，为您介绍：定开025号（R3·定开），业绩比较基准5.2%，366天，1000元起投，T+0 随时赎回。理财非存款，产品有风险，投资须谨慎。
C002087,2,P008,call,周末09:00-12:00,您好，我是您的专属理财顾问，为您介绍：定开008号（R3·定开），业绩比较基准5.1%，366天，10000元起投，封闭运作。理财非存款，产品有风险，投资须谨慎。
C002087,3,P024,call,周末14:00-18:00,您好，我是您的专属理财顾问，为您介绍：定开024号（R3·定开），业绩比较基准4.7%，90天，1000元起投，T+1 次日赎回。理财非存款，产品有风险，投资须谨慎。
C002088,1,P020,app_push,工作日09:00-12:00,专属推荐：现金管理020号（R2·现金管理），业绩比较基准3.6%，366天，10000元起投，T+1 次日赎回。理财非存款，产品有风险，投资须谨慎。
C002088,2,P022,app_push,工作日12:00-14:00,专属推荐：定开022号（R2·定开），业绩比较基准3.0%，730天，10000元起投，T+1 次日赎回。理财非存款，产品有风险，投资须谨慎。
C002088,3,P013,app_push,周末09:00-12:00,专属推荐：定开013号（R2·定开），业绩比较基准3.5%，灵活存续，10000元起投，T+0 随时赎回。理财非存款，产品有风险，投资须谨慎。
C002099,1,P019,app_push,工作日12:00-14:00,专属推荐：定开019号（R2·定开），业绩比较基准3.3%，灵活存续，1000元起投，T+0 随时赎回。理财非存款，产品有风险，投资须谨慎。
C002099,2,P030,app_push,周末14:00-18:00,专属推荐：固定期限030号（R2·固定期限），业绩比较基准3.1%，730天，1000元起投，T+0 随时赎回。理财非存款，产品有风险，投资须谨慎。
C002099,3,P011,app_push,工作日18:00-21:00,专属推荐：固定期限011号（R2·固定期限），业绩比较基准3.3%，90天，10000元起投，T+0 随时赎回。理财非存款，产品有风险，投资须谨慎。
C002101,1,P027,call,工作日09:00-12:00,您好，我是您的专属理财顾问，为您介绍：现金管理027号（R4·现金管理），业绩比较基准7.7%，366天，100000元起投，T+1 次日赎回。理财非存款，产品有风险，投资须谨慎。
C002101,2,P004,call,工作日12:00-14:00,您好，我是您的专属理财顾问，为您介绍：现金管理004号（R5·现金管理），业绩比较基准8.6%，灵活存续，1000元起投，封闭运作。该产品风险等级高于您的风险偏好，请谨慎选择。理财非存款，产品有风险，投资须谨慎。
C002101,3,P005,call,工作日18:00-21:00,您好，我是您的专属理财顾问，为您介绍：现金管理005号（R5·现金管理），业绩比较基准11.0%，灵活存续，100000元起投，T+0 随时赎回。该产品风险等级高于您的风险偏好，请谨慎选择。理财非存款，产品有风险，投资须谨慎。
C002102,1,P023,call,工作日09:00-12:00,您好，我是您的专属理财顾问，为您介绍：固定期限023号（R5·固定期限），业绩比较基准9.8%，灵活存续，1000元起投，T+1 次日赎回。该产品风险等级高于您的风险偏好，请谨慎选择。理财非存款，产品有风险，投资须谨慎。
C002102,2,P002,call,工作日12:00-14:00,您好，我是您的专属理财顾问，为您介绍：固定期限002号（R5·固定期限），业绩比较基准11.3%，366天，1000元起投，T+0 随时赎回。该产品风险等级高于您的风险偏好，请谨慎选择。理财非存款，产品有风险，投资须谨慎。
C002102,3,P029,call,周末09:00-12:00,您好，我是您的专属理财顾问，为您介绍：固定期限029号（R4·固定期限），业绩比较基准7.8%，灵活存续，10000元起投，封闭运作。理财非存款，产品有风险，投资须谨慎。
C002113,1,P014,call,工作日18:00-21:00,您好，我是您的专属理财顾问，为您介绍：混合014号（R1·混合），业绩比较基准2.3%，90天，10000元起投，T+1 次日赎回。理财非存款，产品有风险，投资须谨慎。
C002113,2,P019,call,周末14:00-18:00,您好，我是您的专属理财顾问，为您介绍：定开019号（R2·定开），业绩比较基准3.3%，灵活存续，1000元起投，T+0 随时赎回。该产品风险等级高于您的风险偏好，请谨慎选择。理财非存款，产品有风险，投资须谨慎。
C002113,3,P012,call,周末09:00-12:00,您好，我是您的专属理财顾问，为您介绍：混合012号（R2·混合），业绩比较基准3.7%，90天，10000元起投，T+1 次日赎回。该产品风险等级高于您的风险偏好，请谨慎选择。理财非存款，产品有风险，投资须谨慎。
C002115,1,P030,call,工作日09:00-12:00,您好，我是您的专属理财顾问，为您介绍：固定期限030号（R2·固定期限），业绩比较基准3.1%，730天，1000元起投，T+0 随时赎回。理财非存款，产品有风险，投资须谨慎。
C002115,2,P011,call,工作日12:00-14:00,您好，我是您的专属理财顾问，为您介绍：固定期限011号（R2·固定期限），业绩比较基准3.3%，90天，10000元起投，T+0 随时赎回。理财非存款，产品有风险，投资须谨慎。
C002115,3,P019,call,工作日18:00-21:00,您好，我是您的专属理财顾问，为您介绍：定开019号（R2·定开），业绩比较基准3.3%，灵活存续，1000元起投，T+0 随时赎回。理财非存款，产品有风险，投资须谨慎。
C002119,1,P019,call,工作日12:00-14:00,您好，我是您的专属理财顾问，为您介绍：定开019号（R2·定开），业绩比较基准3.3%，灵活存续，1000元起投，T+0 随时赎回。理财非存款，产品有风险，投资须谨慎。
C002119,2,P013,call,周末14:00-18:00,您好，我是您的专属理财顾问，为您介绍：定开013号（R2·定开），业绩比较基准3.5%，灵活存续，10000元起投，T+0 随时赎回。理财非存款，产品有风险，投资须谨慎。
C002119,3,P017,call,工作日18:00-21:00,您好，我是您的专属理财顾问，为您介绍：现金管理017号（R3·现金管理），业绩比较基准4.3%，180天，1000元起投，T+1 次日赎回。该产品风险等级高于您的风险偏好，请谨慎选择。理财非存款，产品有风险，投资须谨慎。
C002120,1,P010,call,工作日09:00-12:00,您好，我是您的专属理财顾问，为您介绍：现金管理010号（R1·现金管理），业绩比较基准2.8%，366天，50000元起投，T+0 随时赎回。理财非存款，产品有风险，投资须谨慎。
C002120,2,P018,call,工作日12:00-14:00,您好，我是您的专属理财顾问，为您介绍：现金管理018号（R2·现金管理），业绩比较基准3.6%，730天，10000元起投，T+0 随时赎回。该产品风险等级高于您的风险偏好，请谨慎选择。理财非存款，产品有风险，投资须谨慎。
C002120,3,P020,call,周末09:00-12:00,您好，我是您的专属理财顾问，为您介绍：现金管理020号（R2·现金管理），业绩比较基准3.6%，366天，10000元起投，T+1 次日赎回。该产品风险等级高于您的风险偏好，请谨慎选择。理财非存款，产品有风险，投资须谨慎。
C002122,1,P024,app_push,工作日18:00-21:00,专属推荐：定开024号（R3·定开），业绩比较基准4.7%，90天，1000元起投，T+1 次日赎回。理财非存款，产品有风险，投资须谨慎。
C002122,2,P025,app_push,周末14:00-18:00,专属推荐：定开025号（R3·定开），业绩比较基准5.2%，366天，1000元起投，T+0 随时赎回。理财非存款，产品有风险，投资须谨慎。
C002122,3,P002,app_push,周末09:00-12:00,专属推荐：固定期限002号（R5·固定期限），业绩比较基准11.3%，366天，1000元起投，T+0 随时赎回。该产品风险等级高于您的风险偏好，请谨慎选择。理财非存款，产品有风险，投资须谨慎。
C002124,1,P002,app_push,工作日09:00-12:00,专属推荐：固定期限002号（R5·固定期限），业绩比较基准11.3%，366天，1000元起投，T+0 随时赎回。该产品风险等级高于您的风险偏好，请谨慎选择。理财非存款，产品有风险，投资须谨慎。
C002124,2,P023,app_push,工作日12:00-14:00,专属推荐：固定期限023号（R5·固定期限），业绩比较基准9.8%，灵活存续，1000元起投，T+1 次日赎回。该产品风险等级高于您的风险偏好，请谨慎选择。理财非存款，产品有风险，投资须谨慎。
C002124,3,P029,app_push,工作日18:00-21:00,专属推荐：固定期限029号（R4·固定期限），业绩比较基准7.8%，灵活存续，10000元起投，封闭运作。理财非存款，产品有风险，投资须谨慎。
C002134,1,P029,app_push,工作日09:00-12:00,专属推荐：固定期限029号（R4·固定期限），业绩比较基准7.8%，灵活存续，10000元起投，封闭运作。该产品风险等级高于您的风险偏好，请谨慎选择。理财非存款，产品有风险，投资须谨慎。
C002134,2,P012,app_push,工作日18:00-21:00,专属推荐：混合012号（R2·混合），业绩比较基准3.7%，90天，10000元起投，T+1 次日赎回。理财非存款，产品有风险，投资须谨慎。
C002134,3,P025,app_push,周末14:00-18:00,专属推荐：定开025号（R3·定开），业绩比较基准5.2%，366天，1000元起投，T+0 随时赎回。理财非存款，产品有风险，投资须谨慎。
C002135,1,P025,app_push,工作日12:00-14:00,专属推荐：定开025号（R3·定开），业绩比较基准5.2%，366天，1000元起投，T+0 随时赎回。理财非存款，产品有风险，投资须谨慎。
C002135,2,P024,app_push,周末14:00-18:00,专属推荐：定开024号（R3·定开），业绩比较基准4.7%，90天，1000元起投，T+1 次日赎回。理财非存款，产品有风险，投资须谨慎。
C002135,3,P008,app_push,工作日18:00-21:00,专属推荐：定开008号（R3·定开），业绩比较基准5.1%，366天，10000元起投，封闭运作。理财非存款，产品有风险，投资须谨慎。
C002139,1,P018,call,工作日12:00-14:00,您好，我是您的专属理财顾问，为您介绍：现金管理018号（R2·现金管理），业绩比较基准3.6%，730天，10000元起投，T+0 随时赎回。该产品风险等级高于您的风险偏好，请谨慎选择。理财非存款，产品有风险，投资须谨慎。
C002139,2,P014,call,周末14:00-18:00,您好，我是您的专属理财顾问，为您介绍：混合014号（R1·混合），业绩比较基准2.3%，90天，10000元起投，T+1 次日赎回。理财非存款，产品有风险，投资须谨慎。
C002139,3,P022,call,工作日18:00-21:00,您好，我是您的专属理财顾问，为您介绍：定开022号（R2·定开），业绩比较基准3.0%，730天，10000元起投，T+1 次日赎回。该产品风险等级高于您的风险偏好，请谨慎选择。理财非存款，产品有风险，投资须谨慎。
C002143,1,P025,app_push,工作日12:00-14:00,专属推荐：定开025号（R3·定开），业绩比较基准5.2%，366天，1000元起投，T+0 随时赎回。理财非存款，产品有风险，投资须谨慎。
C002143,2,P024,app_push,周末14:00-18:00,专属推荐：定开024号（R3·定开），业绩比较基准4.7%，90天，1000元起投，T+1 次日赎回。理财非存款，产品有风险，投资须谨慎。
C002143,3,P008,app_push,工作日18:00-21:00,专属推荐：定开008号（R3·定开），业绩比较基准5.1%，366天，10000元起投，封闭运作。理财非存款，产品有风险，投资须谨慎。
C002145,1,P019,call,工作日18:00-21:00,您好，我是您的专属理财顾问，为您介绍：定开019号（R2·定开），业绩比较基准3.3%，灵活存续，1000元起投，T+0 随时赎回。理财非存款，产品有风险，投资须谨慎。
C002145,2,P013,call,周末14:00-18:00,您好，我是您的专属理财顾问，为您介绍：定开013号（R2·定开），业绩比较基准3.5%，灵活存续，10000元起投，T+0 随时赎回。理财非存款，产品有风险，投资须谨慎。
C002145,3,P022,call,周末09:00-12:00,您好，我是您的专属理财顾问，为您介绍：定开022号（R2·定开），业绩比较基准3.0%，730天，10000元起投，T+1 次日赎回。理财非存款，产品有风险，投资须谨慎。
C002156,1,P017,app_push,工作日09:00-12:00,专属推荐：现金管理017号（R3·现金管理），业绩比较基准4.3%，180天，1000元起投，T+1 次日赎回。理财非存款，产品有风险，投资须谨慎。
C002156,2,P020,app_push,工作日18:00-21:00,专属推荐：现金管理020号（R2·现金管理），业绩比较基准3.6%，366天，10000元起投，T+1 次日赎回。理财非存款，产品有风险，投资须谨慎。
C002156,3,P018,app_push,周末14:00-18:00,专属推荐：现金管理018号（R2·现金管理），业绩比较基准3.6%，730天，10000元起投，T+0 随时赎回。理财非存款，产品有风险，投资须谨慎。
C002168,1,P002,manager,工作日18:00-21:00,金卡贵宾专享：固定期限002号（R5·固定期限），业绩比较基准11.3%，366天，1000元起投，T+0 随时赎回，可为您预约专属认购。该产品风险等级高于您的风险偏好，请谨慎选择。理财非存款，产品有风险，投资须谨慎。
C002168,2,P015,manager,周末14:00-18:00,金卡贵宾专享：固定期限015号（R4·固定期限），业绩比较基准6.7%，366天，50000元起投，封闭运作，可为您预约专属认购。理财非存款，产品有风险，投资须谨慎。
C002168,3,P029,manager,周末09:00-12:00,金卡贵宾专享：固定期限029号（R4·固定期限），业绩比较基准7.8%，灵活存续，10000元起投，封闭运作，可为您预约专属认购。理财非存款，产品有风险，投资须谨慎。
C002169,1,P029,call,工作日12:00-14:00,您好，我是您的专属理财顾问，为您介绍：固定期限029号（R4·固定期限），业绩比较基准7.8%，灵活存续，10000元起投，封闭运作。理财非存款，产品有风险，投资须谨慎。
C002169,2,P002,call,工作日18:00-21:00,您好，我是您的专属理财顾问，为您介绍：固定期限002号（R5·固定期限），业绩比较基准11.3%，366天，1000元起投，T+0 随时赎回。该产品风险等级高于您的风险偏好，请谨慎选择。理财非存款，产品有风险，投资须谨慎。
C002169,3,P023,call,周末14:00-18:00,您好，我是您的专属理财顾问，为您介绍：固定期限023号（R5·固定期限），业绩比较基准9.8%，灵活存续，1000元起投，T+1 次日赎回。该产品风险等级高于您的风险偏好，请谨慎选择。理财非存款，产品有风险，投资须谨慎。
C002171,1,P017,app_push,工作日09:00-12:00,专属推荐：现金管理017号（R3·现金管理），业绩比较基准4.3%，180天，1000元起投，T+1 次日赎回。理财非存款，产品有风险，投资须谨慎。
C002171,2,P025,app_push,工作日12:00-14:00,专属推荐：定开025号（R3·定开），业绩比较基准5.2%，366天，1000元起投，T+0 随时赎回。理财非存款，产品有风险，投资须谨慎。
C002171,3,P024,app_push,周末09:00-12:00,专属推荐：定开024号（R3·定开），业绩比较基准4.7%，90天，1000元起投，T+1 次日赎回。理财非存款，产品有风险，投资须谨慎。
C002172,1,P025,app_push,工作日18:00-21:00,专属推荐：定开025号（R3·定开），业绩比较基准5.2%，366天，1000元起投，T+0 随时赎回。理财非存款，产品有风险，投资须谨慎。
C002172,2,P008,app_push,周末14:00-18:00,专属推荐：定开008号（R3·定开），业绩比较基准5.1%，366天，10000元起投，封闭运作。理财非存款，产品有风险，投资须谨慎。
C002172,3,P024,app_push,周末09:00-12:00,专属推荐：定开024号（R3·定开），业绩比较基准4.7%，90天，1000元起投，T+1 次日赎回。理财非存款，产品有风险，投资须谨慎。
C002175,1,P026,call,工作日12:00-14:00,您好，我是您的专属理财顾问，为您介绍：混合026号（R2·混合），业绩比较基准3.1%，180天，1000元起投，T+1 次日赎回。该产品风险等级高于您的风险偏好，请谨慎选择。理财非存款，产品有风险，投资须谨慎。
C002175,2,P019,call,工作日18:00-21:00,您好，我是您的专属理财顾问，为您介绍：定开019号（R2·定开），业绩比较基准3.3%，灵活存续，1000元起投，T+0 随时赎回。该产品风险等级高于您的风险偏好，请谨慎选择。理财非存款，产品有风险，投资须谨慎。
C002175,3,P030,call,周末14:00-18:00,您好，我是您的专属理财顾问，为您介绍：固定期限030号（R2·固定期限），业绩比较基准3.1%，730天，1000元起投，T+0 随时赎回。该产品风险等级高于您的风险偏好，请谨慎选择。理财非存款，产品有风险，投资须谨慎。
C002177,1,P019,app_push,工作日09:00-12:00,专属推荐：定开019号（R2·定开），业绩比较基准3.3%，灵活存续，1000元起投，T+0 随时赎回。该产品风险等级高于您的风险偏好，请谨慎选择。理财非存款，产品有风险，投资须谨慎。
C002177,2,P026,app_push,工作日12:00-14:00,专属推荐：混合026号（R2·混合），业绩比较基准3.1%，180天，1000元起投，T+1 次日赎回。该产品风险等级高于您的风险偏好，请谨慎选择。理财非存款，产品有风险，投资须谨慎。
C002177,3,P030,app_push,周末09:00-12:00,专属推荐：固定期限030号（R2·固定期限），业绩比较基准3.1%，730天，1000元起投，T+0 随时赎回。该产品风险等级高于您的风险偏好，请谨慎选择。理财非存款，产品有风险，投资须谨慎。
C002183,1,P024,app_push,工作日09:00-12:00,专属推荐：定开024号（R3·定开），业绩比较基准4.7%，90天，1000元起投，T+1 次日赎回。该产品风险等级高于您的风险偏好，请谨慎选择。理财非存款，产品有风险，投资须谨慎。
C002183,2,P019,app_push,工作日12:00-14:00,专属推荐：定开019号（R2·定开），业绩比较基准3.3%，灵活存续，1000元起投，T+0 随时赎回。理财非存款，产品有风险，投资须谨慎。
C002183,3,P025,app_push,周末14:00-18:00,专属推荐：定开025号（R3·定开），业绩比较基准5.2%，366天，1000元起投，T+0 随时赎回。该产品风险等级高于您的风险偏好，请谨慎选择。理财非存款，产品有风险，投资须谨慎。
C002188,1,P018,app_push,工作日09:00-12:00,专属推荐：现金管理018号（R2·现金管理），业绩比较基准3.6%，730天，10000元起投，T+0 随时赎回。理财非存款，产品有风险，投资须谨慎。
C002188,2,P013,app_push,工作日12:00-14:00,专属推荐：定开013号（R2·定开），业绩比较基准3.5%，灵活存续，10000元起投，T+0 随时赎回。理财非存款，产品有风险，投资须谨慎。
C002188,3,P022,app_push,周末09:00-12:00,专属推荐：定开022号（R2·定开），业绩比较基准3.0%，730天，10000元起投，T+1 次日赎回。理财非存款，产品有风险，投资须谨慎。
C002196,1,P013,app_push,工作日09:00-12:00,专属推荐：定开013号（R2·定开），业绩比较基准3.5%，灵活存续，10000元起投，T+0 随时赎回。该产品风险等级高于您的风险偏好，请谨慎选择。理财非存款，产品有风险，投资须谨慎。
C002196,2,P014,app_push,工作日18:00-21:00,专属推荐：混合014号（R1·混合），业绩比较基准2.3%，90天，10000元起投，T+1 次日赎回。理财非存款，产品有风险，投资须谨慎。
C002196,3,P010,app_push,周末14:00-18:00,专属推荐：现金管理010号（R1·现金管理），业绩比较基准2.8%，366天，50000元起投，T+0 随时赎回。理财非存款，产品有风险，投资须谨慎。
C002202,1,P025,call,工作日09:00-12:00,您好，我是您的专属理财顾问，为您介绍：定开025号（R3·定开），业绩比较基准5.2%，366天，1000元起投，T+0 随时赎回。理财非存款，产品有风险，投资须谨慎。
C002202,2,P021,call,工作日18:00-21:00,您好，我是您的专属理财顾问，为您介绍：混合021号（R3·混合），业绩比较基准5.4%，730天，100000元起投，封闭运作。理财非存款，产品有风险，投资须谨慎。
C002202,3,P006,call,周末14:00-18:00,您好，我是您的专属理财顾问，为您介绍：混合006号（R3·混合），业绩比较基准5.1%，灵活存续，50000元起投，T+1 次日赎回。理财非存款，产品有风险，投资须谨慎。
C002203,1,P020,call,工作日09:00-12:00,您好，我是您的专属理财顾问，为您介绍：现金管理020号（R2·现金管理），业绩比较基准3.6%，366天，10000元起投，T+1 次日赎回。理财非存款，产品有风险，投资须谨慎。
C002203,2,P018,call,工作日12:00-14:00,您好，我是您的专属理财顾问，为您介绍：现金管理018号（R2·现金管理），业绩比较基准3.6%，730天，10000元起投，T+0 随时赎回。理财非存款，产品有风险，投资须谨慎。
C002203,3,P017,call,工作日18:00-21:00,您好，我是您的专属理财顾问，为您介绍：现金管理017号（R3·现金管理），业绩比较基准4.3%，180天，1000元起投，T+1 次日赎回。该产品风险等级高于您的风险偏好，请谨慎选择。理财非存款，产品有风险，投资须谨慎。
C002206,1,P025,app_push,工作日12:00-14:00,专属推荐：定开025号（R3·定开），业绩比较基准5.2%，366天，1000元起投，T+0 随时赎回。理财非存款，产品有风险，投资须谨慎。
C002206,2,P024,app_push,周末14:00-18:00,专属推荐：定开024号（R3·定开），业绩比较基准4.7%，90天，1000元起投，T+1 次日赎回。理财非存款，产品有风险，投资须谨慎。
C002206,3,P008,app_push,工作日18:00-21:00,专属推荐：定开008号（R3·定开），业绩比较基准5.1%，366天，10000元起投，封闭运作。理财非存款，产品有风险，投资须谨慎。
C002208,1,P025,app_push,工作日12:00-14:00,专属推荐：定开025号（R3·定开），业绩比较基准5.2%，366天，1000元起投，T+0 随时赎回。理财非存款，产品有风险，投资须谨慎。
C002208,2,P024,app_push,周末14:00-18:00,专属推荐：定开024号（R3·定开），业绩比较基准4.7%，90天，1000元起投，T+1 次日赎回。理财非存款，产品有风险，投资须谨慎。
C002208,3,P017,app_push,工作日18:00-21:00,专属推荐：现金管理017号（R3·现金管理），业绩比较基准4.3%，180天，1000元起投，T+1 次日赎回。理财非存款，产品有风险，投资须谨慎。
C002210,1,P013,app_push,工作日12:00-14:00,专属推荐：定开013号（R2·定开），业绩比较基准3.5%，灵活存续，10000元起投，T+0 随时赎回。理财非存款，产品有风险，投资须谨慎。
C002210,2,P022,app_push,周末14:00-18:00,专属推荐：定开022号（R2·定开），业绩比较基准3.0%，730天，10000元起投，T+1 次日赎回。理财非存款，产品有风险，投资须谨慎。
C002210,3,P019,app_push,工作日18:00-21:00,专属推荐：定开019号（R2·定开），业绩比较基准3.3%，灵活存续，1000元起投，T+0 随时赎回。理财非存款，产品有风险，投资须谨慎。
C002216,1,P029,app_push,工作日12:00-14:00,专属推荐：固定期限029号（R4·固定期限），业绩比较基准7.8%，灵活存续，10000元起投，封闭运作。该产品风险等级高于您的风险偏好，请谨慎选择。理财非存款，产品有风险，投资须谨慎。
C002216,2,P011,app_push,工作日18:00-21:00,专属推荐：固定期限011号（R2·固定期限），业绩比较基准3.3%，90天，10000元起投，T+0 随时赎回。理财非存款，产品有风险，投资须谨慎。
C002216,3,P025,app_push,周末14:00-18:00,专属推荐：定开025号（R3·定开），业绩比较基准5.2%，366天，1000元起投，T+0 随时赎回。理财非存款，产品有风险，投资须谨慎。
C002219,1,P024,app_push,工作日09:00-12:00,专属推荐：定开024号（R3·定开），业绩比较基准4.7%，90天，1000元起投，T+1 次日赎回。理财非存款，产品有风险，投资须谨慎。
C002219,2,P025,app_push,工作日18:00-21:00,专属推荐：定开025号（R3·定开），业绩比较基准5.2%，366天，1000元起投，T+0 随时赎回。理财非存款，产品有风险，投资须谨慎。
C002219,3,P002,app_push,周末14:00-18:00,专属推荐：固定期限002号（R5·固定期限），业绩比较基准11.3%，366天，1000元起投，T+0 随时赎回。该产品风险等级高于您的风险偏好，请谨慎选择。理财非存款，产品有风险，投资须谨慎。
C002223,1,P025,app_push,工作日12:00-14:00,专属推荐：定开025号（R3·定开），业绩比较基准5.2%，366天，1000元起投，T+0 随时赎回。理财非存款，产品有风险，投资须谨慎。
C002223,2,P008,app_push,周末14:00-18:00,专属推荐：定开008号（R3·定开），业绩比较基准5.1%，366天，10000元起投，封闭运作。理财非存款，产品有风险，投资须谨慎。
C002223,3,P024,app_push,工作日18:00-21:00,专属推荐：定开024号（R3·定开），业绩比较基准4.7%，90天，1000元起投，T+1 次日赎回。理财非存款，产品有风险，投资须谨慎。
C002224,1,P001,app_push,工作日09:00-12:00,专属推荐：混合001号（R3·混合），业绩比较基准5.5%，730天，50000元起投，封闭运作。理财非存款，产品有风险，投资须谨慎。
C002224,2,P006,app_push,工作日12:00-14:00,专属推荐：混合006号（R3·混合），业绩比较基准5.1%，灵活存续，50000元起投，T+1 次日赎回。理财非存款，产品有风险，投资须谨慎。
C002224,3,P012,app_push,工作日18:00-21:00,专属推荐：混合012号（R2·混合），业绩比较基准3.7%，90天，10000元起投，T+1 次日赎回。理财非存款，产品有风险，投资须谨慎。
C002233,1,P008,app_push,工作日12:00-14:00,专属推荐：定开008号（R3·定开），业绩比较基准5.1%，366天，10000元起投，封闭运作。理财非存款，产品有风险，投资须谨慎。
C002233,2,P025,app_push,工作日18:00-21:00,专属推荐：定开025号（R3·定开），业绩比较基准5.2%，366天，1000元起投，T+0 随时赎回。理财非存款，产品有风险，投资须谨慎。
C002233,3,P024,app_push,周末14:00-18:00,专属推荐：定开024号（R3·定开），业绩比较基准4.7%，90天，1000元起投，T+1 次日赎回。理财非存款，产品有风险，投资须谨慎。
C002235,1,P025,call,工作日18:00-21:00,您好，我是您的专属理财顾问，为您介绍：定开025号（R3·定开），业绩比较基准5.2%，366天，1000元起投，T+0 随时赎回。理财非存款，产品有风险，投资须谨慎。
C002235,2,P008,call,周末14:00-18:00,您好，我是您的专属理财顾问，为您介绍：定开008号（R3·定开），业绩比较基准5.1%，366天，10000元起投，封闭运作。理财非存款，产品有风险，投资须谨慎。
C002235,3,P024,call,周末09:00-12:00,您好，我是您的专属理财顾问，为您介绍：定开024号（R3·定开），业绩比较基准4.7%，90天，1000元起投，T+1 次日赎回。理财非存款，产品有风险，投资须谨慎。
C002242,1,P026,app_push,工作日18:00-21:00,专属推荐：混合026号（R2·混合），业绩比较基准3.1%，180天，1000元起投，T+1 次日赎回。理财非存款，产品有风险，投资须谨慎。
C002242,2,P019,app_push,周末14:00-18:00,专属推荐：定开019号（R2·定开），业绩比较基准3.3%，灵活存续，1000元起投，T+0 随时赎回。理财非存款，产品有风险，投资须谨慎。
C002242,3,P030,app_push,周末09:00-12:00,专属推荐：固定期限030号（R2·固定期限），业绩比较基准3.1%，730天，1000元起投，T+0 随时赎回。理财非存款，产品有风险，投资须谨慎。
C002245,1,P014,app_push,工作日18:00-21:00,专属推荐：混合014号（R1·混合），业绩比较基准2.3%，90天，10000元起投，T+1 次日赎回。理财非存款，产品有风险，投资须谨慎。
C002245,2,P012,app_push,周末14:00-18:00,专属推荐：混合012号（R2·混合），业绩比较基准3.7%，90天，10000元起投，T+1 次日赎回。该产品风险等级高于您的风险偏好，请谨慎选择。理财非存款，产品有风险，投资须谨慎。
C002245,3,P011,app_push,周末09:00-12:00,专属推荐：固定期限011号（R2·固定期限），业绩比较基准3.3%，90天，10000元起投，T+0 随时赎回。该产品风险等级高于您的风险偏好，请谨慎选择。理财非存款，产品有风险，投资须谨慎。
C002248,1,P014,app_push,工作日18:00-21:00,专属推荐：混合014号（R1·混合），业绩比较基准2.3%，90天，10000元起投，T+1 次日赎回。理财非存款，产品有风险，投资须谨慎。
C002248,2,P012,app_push,周末09:00-12:00,专属推荐：混合012号（R2·混合），业绩比较基准3.7%，90天，10000元起投，T+1 次日赎回。该产品风险等级高于您的风险偏好，请谨慎选择。理财非存款，产品有风险，投资须谨慎。
C002248,3,P011,app_push,周末14:00-18:00,专属推荐：固定期限011号（R2·固定期限），业绩比较基准3.3%，90天，10000元起投，T+0 随时赎回。该产品风险等级高于您的风险偏好，请谨慎选择。理财非存款，产品有风险，投资须谨慎。
C002249,1,P002,app_push,工作日12:00-14:00,专属推荐：固定期限002号（R5·固定期限），业绩比较基准11.3%，366天，1000元起投，T+0 随时赎回。理财非存款，产品有风险，投资须谨慎。
C002249,2,P023,app_push,工作日18:00-21:00,专属推荐：固定期限023号（R5·固定期限），业绩比较基准9.8%，灵活存续，1000元起投，T+1 次日赎回。理财非存款，产品有风险，投资须谨慎。
C002249,3,P004,app_push,周末14:00-18:00,专属推荐：现金管理004号（R5·现金管理），业绩比较基准8.6%，灵活存续，1000元起投，封闭运作。理财非存款，产品有风险，投资须谨慎。
C002254,1,P025,app_push,工作日09:00-12:00,专属推荐：定开025号（R3·定开），业绩比较基准5.2%，366天，1000元起投，T+0 随时赎回。理财非存款，产品有风险，投资须谨慎。
C002254,2,P024,app_push,工作日12:00-14:00,专属推荐：定开024号（R3·定开），业绩比较基准4.7%，90天，1000元起投，T+1 次日赎回。理财非存款，产品有风险，投资须谨慎。
C002254,3,P017,app_push,周末09:00-12:00,专属推荐：现金管理017号（R3·现金管理），业绩比较基准4.3%，180天，1000元起投，T+1 次日赎回。理财非存款，产品有风险，投资须谨慎。
C002259,1,P029,app_push,工作日18:00-21:00,专属推荐：固定期限029号（R4·固定期限），业绩比较基准7.8%，灵活存续，10000元起投，封闭运作。理财非存款，产品有风险，投资须谨慎。
C002259,2,P002,app_push,周末14:00-18:00,专属推荐：固定期限002号（R5·固定期限），业绩比较基准11.3%，366天，1000元起投，T+0 随时赎回。该产品风险等级高于您的风险偏好，请谨慎选择。理财非存款，产品有风险，投资须谨慎。
C002259,3,P023,app_push,周末09:00-12:00,专属推荐：固定期限023号（R5·固定期限），业绩比较基准9.8%，灵活存续，1000元起投，T+1 次日赎回。该产品风险等级高于您的风险偏好，请谨慎选择。理财非存款，产品有风险，投资须谨慎。
C002262,1,P002,manager,工作日09:00-12:00,钻石贵宾专享：固定期限002号（R5·固定期限），业绩比较基准11.3%，366天，1000元起投，T+0 随时赎回，可为您预约专属认购。理财非存款，产品有风险，投资须谨慎。
C002262,2,P023,manager,工作日18:00-21:00,钻石贵宾专享：固定期限023号（R5·固定期限），业绩比较基准9.8%，灵活存续，1000元起投，T+1 次日赎回，可为您预约专属认购。理财非存款，产品有风险，投资须谨慎。
C002262,3,P004,manager,周末09:00-12:00,钻石贵宾专享：现金管理004号（R5·现金管理），业绩比较基准8.6%，灵活存续，1000元起投，封闭运作，可为您预约专属认购。理财非存款，产品有风险，投资须谨慎。
C002272,1,P013,call,工作日12:00-14:00,您好，我是您的专属理财顾问，为您介绍：定开013号（R2·定开），业绩比较基准3.5%，灵活存续，10000元起投，T+0 随时赎回。理财非存款，产品有风险，投资须谨慎。
C002272,2,P026,call,周末14:00-18:00,您好，我是您的专属理财顾问，为您介绍：混合026号（R2·混合），业绩比较基准3.1%，180天，1000元起投，T+1 次日赎回。理财非存款，产品有风险，投资须谨慎。
C002272,3,P019,call,工作日18:00-21:00,您好，我是您的专属理财顾问，为您介绍：定开019号（R2·定开），业绩比较基准3.3%，灵活存续，1000元起投，T+0 随时赎回。理财非存款，产品有风险，投资须谨慎。
C002292,1,P006,manager,工作日12:00-14:00,金卡贵宾专享：混合006号（R3·混合），业绩比较基准5.1%，灵活存续，50000元起投，T+1 次日赎回，可为您预约专属认购。理财非存款，产品有风险，投资须谨慎。
C002292,2,P001,manager,周末14:00-18:00,金卡贵宾专享：混合001号（R3·混合），业绩比较基准5.5%，730天，50000元起投，封闭运作，可为您预约专属认购。理财非存款，产品有风险，投资须谨慎。
C002292,3,P026,manager,工作日18:00-21:00,金卡贵宾专享：混合026号（R2·混合），业绩比较基准3.1%，180天，1000元起投，T+1 次日赎回，可为您预约专属认购。理财非存款，产品有风险，投资须谨慎。
C002296,1,P014,app_push,工作日18:00-21:00,专属推荐：混合014号（R1·混合），业绩比较基准2.3%，90天，10000元起投，T+1 次日赎回。理财非存款，产品有风险，投资须谨慎。
C002296,2,P019,app_push,周末09:00-12:00,专属推荐：定开019号（R2·定开），业绩比较基准3.3%，灵活存续，1000元起投，T+0 随时赎回。该产品风险等级高于您的风险偏好，请谨慎选择。理财非存款，产品有风险，投资须谨慎。
C002296,3,P026,app_push,周末14:00-18:00,专属推荐：混合026号（R2·混合），业绩比较基准3.1%，180天，1000元起投，T+1 次日赎回。该产品风险等级高于您的风险偏好，请谨慎选择。理财非存款，产品有风险，投资须谨慎。
C002306,1,P020,call,工作日09:00-12:00,您好，我是您的专属理财顾问，为您介绍：现金管理020号（R2·现金管理），业绩比较基准3.6%，366天，10000元起投，T+1 次日赎回。理财非存款，产品有风险，投资须谨慎。
C002306,2,P017,call,工作日12:00-14:00,您好，我是您的专属理财顾问，为您介绍：现金管理017号（R3·现金管理），业绩比较基准4.3%，180天，1000元起投，T+1 次日赎回。理财非存款，产品有风险，投资须谨慎。
C002306,3,P025,call,周末09:00-12:00,您好，我是您的专属理财顾问，为您介绍：定开025号（R3·定开），业绩比较基准5.2%，366天，1000元起投，T+0 随时赎回。理财非存款，产品有风险，投资须谨慎。
C002328,1,P029,call,工作日12:00-14:00,您好，我是您的专属理财顾问，为您介绍：固定期限029号（R4·固定期限），业绩比较基准7.8%，灵活存续，10000元起投，封闭运作。理财非存款，产品有风险，投资须谨慎。
C002328,2,P002,call,工作日18:00-21:00,您好，我是您的专属理财顾问，为您介绍：固定期限002号（R5·固定期限），业绩比较基准11.3%，366天，1000元起投，T+0 随时赎回。该产品风险等级高于您的风险偏好，请谨慎选择。理财非存款，产品有风险，投资须谨慎。
C002328,3,P023,call,周末14:00-18:00,您好，我是您的专属理财顾问，为您介绍：固定期限023号（R5·固定期限），业绩比较基准9.8%，灵活存续，1000元起投，T+1 次日赎回。该产品风险等级高于您的风险偏好，请谨慎选择。理财非存款，产品有风险，投资须谨慎。
C002332,1,P025,app_push,工作日12:00-14:00,专属推荐：定开025号（R3·定开），业绩比较基准5.2%，366天，1000元起投，T+0 随时赎回。理财非存款，产品有风险，投资须谨慎。
C002332,2,P008,app_push,周末14:00-18:00,专属推荐：定开008号（R3·定开），业绩比较基准5.1%，366天，10000元起投，封闭运作。理财非存款，产品有风险，投资须谨慎。
C002332,3,P024,app_push,工作日18:00-21:00,专属推荐：定开024号（R3·定开），业绩比较基准4.7%，90天，1000元起投，T+1 次日赎回。理财非存款，产品有风险，投资须谨慎。
C002333,1,P029,app_push,工作日09:00-12:00,专属推荐：固定期限029号（R4·固定期限），业绩比较基准7.8%，灵活存续，10000元起投，封闭运作。理财非存款，产品有风险，投资须谨慎。
C002333,2,P002,app_push,工作日12:00-14:00,专属推荐：固定期限002号（R5·固定期限），业绩比较基准11.3%，366天，1000元起投，T+0 随时赎回。该产品风险等级高于您的风险偏好，请谨慎选择。理财非存款，产品有风险，投资须谨慎。
C002333,3,P023,app_push,周末09:00-12:00,专属推荐：固定期限023号（R5·固定期限），业绩比较基准9.8%，灵活存续，1000元起投，T+1 次日赎回。该产品风险等级高于您的风险偏好，请谨慎选择。理财非存款，产品有风险，投资须谨慎。
C002334,1,P030,call,工作日18:00-21:00,您好，我是您的专属理财顾问，为您介绍：固定期限030号（R2·固定期限），业绩比较基准3.1%，730天，1000元起投，T+0 随时赎回。理财非存款，产品有风险，投资须谨慎。
C002334,2,P025,call,周末14:00-18:00,您好，我是您的专属理财顾问，为您介绍：定开025号（R3·定开），业绩比较基准5.2%，366天，1000元起投，T+0 随时赎回。理财非存款，产品有风险，投资须谨慎。
C002334,3,P024,call,周末09:00-12:00,您好，我是您的专属理财顾问，为您介绍：定开024号（R3·定开），业绩比较基准4.7%，90天，1000元起投，T+1 次日赎回。理财非存款，产品有风险，投资须谨慎。
C002342,1,P015,manager,工作日09:00-12:00,普通贵宾专享：固定期限015号（R4·固定期限），业绩比较基准6.7%，366天，50000元起投，封闭运作，可为您预约专属认购。理财非存款，产品有风险，投资须谨慎。
C002342,2,P027,manager,工作日12:00-14:00,普通贵宾专享：现金管理027号（R4·现金管理），业绩比较基准7.7%，366天，100000元起投，T+1 次日赎回，可为您预约专属认购。理财非存款，产品有风险，投资须谨慎。
C002342,3,P029,manager,周末09:00-12:00,普通贵宾专享：固定期限029号（R4·固定期限），业绩比较基准7.8%，灵活存续，10000元起投，封闭运作，可为您预约专属认购。理财非存款，产品有风险，投资须谨慎。
C002348,1,P017,app_push,工作日09:00-12:00,专属推荐：现金管理017号（R3·现金管理），业绩比较基准4.3%，180天，1000元起投，T+1 次日赎回。理财非存款，产品有风险，投资须谨慎。
C002348,2,P011,app_push,工作日12:00-14:00,专属推荐：固定期限011号（R2·固定期限），业绩比较基准3.3%，90天，10000元起投，T+0 随时赎回。理财非存款，产品有风险，投资须谨慎。
C002348,3,P024,app_push,周末09:00-12:00,专属推荐：定开024号（R3·定开），业绩比较基准4.7%，90天，1000元起投，T+1 次日赎回。理财非存款，产品有风险，投资须谨慎。
C002349,1,P029,app_push,工作日12:00-14:00,专属推荐：固定期限029号（R4·固定期限），业绩比较基准7.8%，灵活存续，10000元起投，封闭运作。该产品风险等级高于您的风险偏好，请谨慎选择。理财非存款，产品有风险，投资须谨慎。
C002349,2,P026,app_push,工作日18:00-21:00,专属推荐：混合026号（R2·混合），业绩比较基准3.1%，180天，1000元起投，T+1 次日赎回。理财非存款，产品有风险，投资须谨慎。
C002349,3,P025,app_push,周末14:00-18:00,专属推荐：定开025号（R3·定开），业绩比较基准5.2%，366天，1000元起投，T+0 随时赎回。理财非存款，产品有风险，投资须谨慎。
C002358,1,P029,call,工作日18:00-21:00,您好，我是您的专属理财顾问，为您介绍：固定期限029号（R4·固定期限），业绩比较基准7.8%，灵活存续，10000元起投，封闭运作。理财非存款，产品有风险，投资须谨慎。
C002358,2,P002,call,周末14:00-18:00,您好，我是您的专属理财顾问，为您介绍：固定期限002号（R5·固定期限），业绩比较基准11.3%，366天，1000元起投，T+0 随时赎回。该产品风险等级高于您的风险偏好，请谨慎选择。理财非存款，产品有风险，投资须谨慎。
C002358,3,P023,call,周末09:00-12:00,您好，我是您的专属理财顾问，为您介绍：固定期限023号（R5·固定期限），业绩比较基准9.8%，灵活存续，1000元起投，T+1 次日赎回。该产品风险等级高于您的风险偏好，请谨慎选择。理财非存款，产品有风险，投资须谨慎。
C002359,1,P012,manager,工作日09:00-12:00,金卡贵宾专享：混合012号（R2·混合），业绩比较基准3.7%，90天，10000元起投，T+1 次日赎回，可为您预约专属认购。理财非存款，产品有风险，投资须谨慎。
C002359,2,P011,manager,工作日18:00-21:00,金卡贵宾专享：固定期限011号（R2·固定期限），业绩比较基准3.3%，90天，10000元起投，T+0 随时赎回，可为您预约专属认购。理财非存款，产品有风险，投资须谨慎。
C002359,3,P009,manager,周末09:00-12:00,金卡贵宾专享：现金管理009号（R2·现金管理），业绩比较基准4.0%，730天，50000元起投，T+0 随时赎回，可为您预约专属认购。理财非存款，产品有风险，投资须谨慎。
C002360,1,P012,call,工作日18:00-21:00,您好，我是您的专属理财顾问，为您介绍：混合012号（R2·混合），业绩比较基准3.7%，90天，10000元起投，T+1 次日赎回。理财非存款，产品有风险，投资须谨慎。
C002360,2,P011,call,周末14:00-18:00,您好，我是您的专属理财顾问，为您介绍：固定期限011号（R2·固定期限），业绩比较基准3.3%，90天，10000元起投，T+0 随时赎回。理财非存款，产品有风险，投资须谨慎。
C002360,3,P013,call,周末09:00-12:00,您好，我是您的专属理财顾问，为您介绍：定开013号（R2·定开），业绩比较基准3.5%，灵活存续，10000元起投，T+0 随时赎回。理财非存款，产品有风险，投资须谨慎。
C002362,1,P025,app_push,工作日12:00-14:00,专属推荐：定开025号（R3·定开），业绩比较基准5.2%，366天，1000元起投，T+0 随时赎回。理财非存款，产品有风险，投资须谨慎。
C002362,2,P024,app_push,周末14:00-18:00,专属推荐：定开024号（R3·定开），业绩比较基准4.7%，90天，1000元起投，T+1 次日赎回。理财非存款，产品有风险，投资须谨慎。
C002362,3,P008,app_push,工作日18:00-21:00,专属推荐：定开008号（R3·定开），业绩比较基准5.1%，366天，10000元起投，封闭运作。理财非存款，产品有风险，投资须谨慎。
C002366,1,P025,call,工作日09:00-12:00,您好，我是您的专属理财顾问，为您介绍：定开025号（R3·定开），业绩比较基准5.2%，366天，1000元起投，T+0 随时赎回。理财非存款，产品有风险，投资须谨慎。
C002366,2,P024,call,工作日12:00-14:00,您好，我是您的专属理财顾问，为您介绍：定开024号（R3·定开），业绩比较基准4.7%，90天，1000元起投，T+1 次日赎回。理财非存款，产品有风险，投资须谨慎。
C002366,3,P017,call,周末09:00-12:00,您好，我是您的专属理财顾问，为您介绍：现金管理017号（R3·现金管理），业绩比较基准4.3%，180天，1000元起投，T+1 次日赎回。理财非存款，产品有风险，投资须谨慎。
C002373,1,P026,app_push,工作日12:00-14:00,专属推荐：混合026号（R2·混合），业绩比较基准3.1%，180天，1000元起投，T+1 次日赎回。理财非存款，产品有风险，投资须谨慎。
C002373,2,P019,app_push,周末14:00-18:00,专属推荐：定开019号（R2·定开），业绩比较基准3.3%，灵活存续，1000元起投，T+0 随时赎回。理财非存款，产品有风险，投资须谨慎。
C002373,3,P030,app_push,工作日18:00-21:00,专属推荐：固定期限030号（R2·固定期限），业绩比较基准3.1%，730天，1000元起投，T+0 随时赎回。理财非存款，产品有风险，投资须谨慎。
C002376,1,P013,app_push,工作日09:00-12:00,专属推荐：定开013号（R2·定开），业绩比较基准3.5%，灵活存续，10000元起投，T+0 随时赎回。理财非存款，产品有风险，投资须谨慎。
C002376,2,P022,app_push,工作日12:00-14:00,专属推荐：定开022号（R2·定开），业绩比较基准3.0%，730天，10000元起投，T+1 次日赎回。理财非存款，产品有风险，投资须谨慎。
C002376,3,P024,app_push,工作日18:00-21:00,专属推荐：定开024号（R3·定开），业绩比较基准4.7%，90天，1000元起投，T+1 次日赎回。该产品风险等级高于您的风险偏好，请谨慎选择。理财非存款，产品有风险，投资须谨慎。
C002382,1,P014,app_push,工作日09:00-12:00,专属推荐：混合014号（R1·混合），业绩比较基准2.3%，90天，10000元起投，T+1 次日赎回。理财非存款，产品有风险，投资须谨慎。
C002382,2,P010,app_push,工作日12:00-14:00,专属推荐：现金管理010号（R1·现金管理），业绩比较基准2.8%，366天，50000元起投，T+0 随时赎回。理财非存款，产品有风险，投资须谨慎。
C002382,3,P012,app_push,工作日18:00-21:00,专属推荐：混合012号（R2·混合），业绩比较基准3.7%，90天，10000元起投，T+1 次日赎回。该产品风险等级高于您的风险偏好，请谨慎选择。理财非存款，产品有风险，投资须谨慎。
C002387,1,P025,call,工作日09:00-12:00,您好，我是您的专属理财顾问，为您介绍：定开025号（R3·定开），业绩比较基准5.2%，366天，1000元起投，T+0 随时赎回。理财非存款，产品有风险，投资须谨慎。
C002387,2,P024,call,工作日12:00-14:00,您好，我是您的专属理财顾问，为您介绍：定开024号（R3·定开），业绩比较基准4.7%，90天，1000元起投，T+1 次日赎回。理财非存款，产品有风险，投资须谨慎。
C002387,3,P017,call,周末14:00-18:00,您好，我是您的专属理财顾问，为您介绍：现金管理017号（R3·现金管理），业绩比较基准4.3%，180天，1000元起投，T+1 次日赎回。理财非存款，产品有风险，投资须谨慎。
C002388,1,P023,app_push,工作日12:00-14:00,专属推荐：固定期限023号（R5·固定期限），业绩比较基准9.8%，灵活存续，1000元起投，T+1 次日赎回。理财非存款，产品有风险，投资须谨慎。
C002388,2,P002,app_push,工作日18:00-21:00,专属推荐：固定期限002号（R5·固定期限），业绩比较基准11.3%，366天，1000元起投，T+0 随时赎回。理财非存款，产品有风险，投资须谨慎。
C002388,3,P004,app_push,周末14:00-18:00,专属推荐：现金管理004号（R5·现金管理），业绩比较基准8.6%，灵活存续，1000元起投，封闭运作。理财非存款，产品有风险，投资须谨慎。
C002395,1,P002,app_push,工作日12:00-14:00,专属推荐：固定期限002号（R5·固定期限），业绩比较基准11.3%，366天，1000元起投，T+0 随时赎回。理财非存款，产品有风险，投资须谨慎。
C002395,2,P023,app_push,周末14:00-18:00,专属推荐：固定期限023号（R5·固定期限），业绩比较基准9.8%，灵活存续，1000元起投，T+1 次日赎回。理财非存款，产品有风险，投资须谨慎。
C002395,3,P004,app_push,工作日18:00-21:00,专属推荐：现金管理004号（R5·现金管理），业绩比较基准8.6%，灵活存续，1000元起投，封闭运作。理财非存款，产品有风险，投资须谨慎。
C002396,1,P018,app_push,工作日09:00-12:00,专属推荐：现金管理018号（R2·现金管理），业绩比较基准3.6%，730天，10000元起投，T+0 随时赎回。理财非存款，产品有风险，投资须谨慎。
C002396,2,P020,app_push,工作日12:00-14:00,专属推荐：现金管理020号（R2·现金管理），业绩比较基准3.6%，366天，10000元起投，T+1 次日赎回。理财非存款，产品有风险，投资须谨慎。
C002396,3,P012,app_push,工作日18:00-21:00,专属推荐：混合012号（R2·混合），业绩比较基准3.7%，90天，10000元起投，T+1 次日赎回。理财非存款，产品有风险，投资须谨慎。
C002402,1,P026,call,工作日09:00-12:00,您好，我是您的专属理财顾问，为您介绍：混合026号（R2·混合），业绩比较基准3.1%，180天，1000元起投，T+1 次日赎回。理财非存款，产品有风险，投资须谨慎。
C002402,2,P019,call,工作日12:00-14:00,您好，我是您的专属理财顾问，为您介绍：定开019号（R2·定开），业绩比较基准3.3%，灵活存续，1000元起投，T+0 随时赎回。理财非存款，产品有风险，投资须谨慎。
C002402,3,P030,call,工作日18:00-21:00,您好，我是您的专属理财顾问，为您介绍：固定期限030号（R2·固定期限），业绩比较基准3.1%，730天，1000元起投，T+0 随时赎回。理财非存款，产品有风险，投资须谨慎。
C002404,1,P026,app_push,工作日09:00-12:00,专属推荐：混合026号（R2·混合），业绩比较基准3.1%，180天，1000元起投，T+1 次日赎回。理财非存款，产品有风险，投资须谨慎。
C002404,2,P019,app_push,工作日18:00-21:00,专属推荐：定开019号（R2·定开），业绩比较基准3.3%，灵活存续，1000元起投，T+0 随时赎回。理财非存款，产品有风险，投资须谨慎。
C002404,3,P030,app_push,周末09:00-12:00,专属推荐：固定期限030号（R2·固定期限），业绩比较基准3.1%，730天，1000元起投，T+0 随时赎回。理财非存款，产品有风险，投资须谨慎。
C002410,1,P030,app_push,工作日09:00-12:00,专属推荐：固定期限030号（R2·固定期限），业绩比较基准3.1%，730天，1000元起投，T+0 随时赎回。该产品风险等级高于您的风险偏好，请谨慎选择。理财非存款，产品有风险，投资须谨慎。
C002410,2,P011,app_push,工作日18:00-21:00,专属推荐：固定期限011号（R2·固定期限），业绩比较基准3.3%，90天，10000元起投，T+0 随时赎回。该产品风险等级高于您的风险偏好，请谨慎选择。理财非存款，产品有风险，投资须谨慎。
C002410,3,P014,app_push,周末14:00-18:00,专属推荐：混合014号（R1·混合），业绩比较基准2.3%，90天，10000元起投，T+1 次日赎回。理财非存款，产品有风险，投资须谨慎。
C002412,1,P014,app_push,工作日09:00-12:00,专属推荐：混合014号（R1·混合），业绩比较基准2.3%，90天，10000元起投，T+1 次日赎回。理财非存款，产品有风险，投资须谨慎。
C002412,2,P026,app_push,工作日12:00-14:00,专属推荐：混合026号（R2·混合），业绩比较基准3.1%，180天，1000元起投，T+1 次日赎回。该产品风险等级高于您的风险偏好，请谨慎选择。理财非存款，产品有风险，投资须谨慎。
C002412,3,P019,app_push,工作日18:00-21:00,专属推荐：定开019号（R2·定开），业绩比较基准3.3%，灵活存续，1000元起投，T+0 随时赎回。该产品风险等级高于您的风险偏好，请谨慎选择。理财非存款，产品有风险，投资须谨慎。
C002413,1,P002,call,工作日09:00-12:00,您好，我是您的专属理财顾问，为您介绍：固定期限002号（R5·固定期限），业绩比较基准11.3%，366天，1000元起投，T+0 随时赎回。该产品风险等级高于您的风险偏好，请谨慎选择。理财非存款，产品有风险，投资须谨慎。
C002413,2,P023,call,工作日12:00-14:00,您好，我是您的专属理财顾问，为您介绍：固定期限023号（R5·固定期限），业绩比较基准9.8%，灵活存续，1000元起投，T+1 次日赎回。该产品风险等级高于您的风险偏好，请谨慎选择。理财非存款，产品有风险，投资须谨慎。
C002413,3,P004,call,周末09:00-12:00,您好，我是您的专属理财顾问，为您介绍：现金管理004号（R5·现金管理），业绩比较基准8.6%，灵活存续，1000元起投，封闭运作。该产品风险等级高于您的风险偏好，请谨慎选择。理财非存款，产品有风险，投资须谨慎。
C002418,1,P024,app_push,工作日09:00-12:00,专属推荐：定开024号（R3·定开），业绩比较基准4.7%，90天，1000元起投，T+1 次日赎回。理财非存款，产品有风险，投资须谨慎。
C002418,2,P025,app_push,工作日12:00-14:00,专属推荐：定开025号（R3·定开），业绩比较基准5.2%，366天，1000元起投，T+0 随时赎回。理财非存款，产品有风险，投资须谨慎。
C002418,3,P019,app_push,周末09:00-12:00,专属推荐：定开019号（R2·定开），业绩比较基准3.3%，灵活存续，1000元起投，T+0 随时赎回。理财非存款，产品有风险，投资须谨慎。
C002420,1,P029,app_push,工作日09:00-12:00,专属推荐：固定期限029号（R4·固定期限），业绩比较基准7.8%，灵活存续，10000元起投，封闭运作。理财非存款，产品有风险，投资须谨慎。
C002420,2,P002,app_push,工作日18:00-21:00,专属推荐：固定期限002号（R5·固定期限），业绩比较基准11.3%，366天，1000元起投，T+0 随时赎回。该产品风险等级高于您的风险偏好，请谨慎选择。理财非存款，产品有风险，投资须谨慎。
C002420,3,P023,app_push,周末14:00-18:00,专属推荐：固定期限023号（R5·固定期限），业绩比较基准9.8%，灵活存续，1000元起投，T+1 次日赎回。该产品风险等级高于您的风险偏好，请谨慎选择。理财非存款，产品有风险，投资须谨慎。
C002424,1,P017,app_push,工作日12:00-14:00,专属推荐：现金管理017号（R3·现金管理），业绩比较基准4.3%，180天，1000元起投，T+1 次日赎回。理财非存款，产品有风险，投资须谨慎。
C002424,2,P025,app_push,工作日18:00-21:00,专属推荐：定开025号（R3·定开），业绩比较基准5.2%，366天，1000元起投，T+0 随时赎回。理财非存款，产品有风险，投资须谨慎。
C002424,3,P024,app_push,周末14:00-18:00,专属推荐：定开024号（R3·定开），业绩比较基准4.7%，90天，1000元起投，T+1 次日赎回。理财非存款，产品有风险，投资须谨慎。
C002426,1,P002,app_push,工作日18:00-21:00,专属推荐：固定期限002号（R5·固定期限），业绩比较基准11.3%，366天，1000元起投，T+0 随时赎回。理财非存款，产品有风险，投资须谨慎。
C002426,2,P023,app_push,周末09:00-12:00,专属推荐：固定期限023号（R5·固定期限），业绩比较基准9.8%，灵活存续，1000元起投，T+1 次日赎回。理财非存款，产品有风险，投资须谨慎。
C002426,3,P004,app_push,周末14:00-18:00,专属推荐：现金管理004号（R5·现金管理），业绩比较基准8.6%，灵活存续，1000元起投，封闭运作。理财非存款，产品有风险，投资须谨慎。
C002430,1,P002,app_push,工作日18:00-21:00,专属推荐：固定期限002号（R5·固定期限），业绩比较基准11.3%，366天，1000元起投，T+0 随时赎回。理财非存款，产品有风险，投资须谨慎。
C002430,2,P023,app_push,周末14:00-18:00,专属推荐：固定期限023号（R5·固定期限），业绩比较基准9.8%，灵活存续，1000元起投，T+1 次日赎回。理财非存款，产品有风险，投资须谨慎。
C002430,3,P004,app_push,周末09:00-12:00,专属推荐：现金管理004号（R5·现金管理），业绩比较基准8.6%，灵活存续，1000元起投，封闭运作。理财非存款，产品有风险，投资须谨慎。
C002432,1,P011,app_push,工作日12:00-14:00,专属推荐：固定期限011号（R2·固定期限），业绩比较基准3.3%，90天，10000元起投，T+0 随时赎回。该产品风险等级高于您的风险偏好，请谨慎选择。理财非存款，产品有风险，投资须谨慎。
C002432,2,P030,app_push,周末14:00-18:00,专属推荐：固定期限030号（R2·固定期限），业绩比较基准3.1%，730天，1000元起投，T+0 随时赎回。该产品风险等级高于您的风险偏好，请谨慎选择。理财非存款，产品有风险，投资须谨慎。
C002432,3,P014,app_push,工作日18:00-21:00,专属推荐：混合014号（R1·混合），业绩比较基准2.3%，90天，10000元起投，T+1 次日赎回。理财非存款，产品有风险，投资须谨慎。
C002436,1,P006,call,工作日09:00-12:00,您好，我是您的专属理财顾问，为您介绍：混合006号（R3·混合），业绩比较基准5.1%，灵活存续，50000元起投，T+1 次日赎回。理财非存款，产品有风险，投资须谨慎。
C002436,2,P001,call,工作日12:00-14:00,您好，我是您的专属理财顾问，为您介绍：混合001号（R3·混合），业绩比较基准5.5%，730天，50000元起投，封闭运作。理财非存款，产品有风险，投资须谨慎。
C002436,3,P025,call,周末14:00-18:00,您好，我是您的专属理财顾问，为您介绍：定开025号（R3·定开），业绩比较基准5.2%，366天，1000元起投，T+0 随时赎回。理财非存款，产品有风险，投资须谨慎。
C002439,1,P025,call,工作日09:00-12:00,您好，我是您的专属理财顾问，为您介绍：定开025号（R3·定开），业绩比较基准5.2%，366天，1000元起投，T+0 随时赎回。理财非存款，产品有风险，投资须谨慎。
C002439,2,P017,call,工作日12:00-14:00,您好，我是您的专属理财顾问，为您介绍：现金管理017号（R3·现金管理），业绩比较基准4.3%，180天，1000元起投，T+1 次日赎回。理财非存款，产品有风险，投资须谨慎。
C002439,3,P024,call,周末09:00-12:00,您好，我是您的专属理财顾问，为您介绍：定开024号（R3·定开），业绩比较基准4.7%，90天，1000元起投，T+1 次日赎回。理财非存款，产品有风险，投资须谨慎。
C002441,1,P014,app_push,工作日09:00-12:00,专属推荐：混合014号（R1·混合），业绩比较基准2.3%，90天，10000元起投，T+1 次日赎回。理财非存款，产品有风险，投资须谨慎。
C002441,2,P012,app_push,工作日12:00-14:00,专属推荐：混合012号（R2·混合），业绩比较基准3.7%，90天，10000元起投，T+1 次日赎回。该产品风险等级高于您的风险偏好，请谨慎选择。理财非存款，产品有风险，投资须谨慎。
C002441,3,P026,app_push,工作日18:00-21:00,专属推荐：混合026号（R2·混合），业绩比较基准3.1%，180天，1000元起投，T+1 次日赎回。该产品风险等级高于您的风险偏好，请谨慎选择。理财非存款，产品有风险，投资须谨慎。
C002446,1,P025,app_push,工作日18:00-21:00,专属推荐：定开025号（R3·定开），业绩比较基准5.2%，366天，1000元起投，T+0 随时赎回。理财非存款，产品有风险，投资须谨慎。
C002446,2,P030,app_push,周末09:00-12:00,专属推荐：固定期限030号（R2·固定期限），业绩比较基准3.1%，730天，1000元起投，T+0 随时赎回。理财非存款，产品有风险，投资须谨慎。
C002446,3,P024,app_push,周末14:00-18:00,专属推荐：定开024号（R3·定开），业绩比较基准4.7%，90天，1000元起投，T+1 次日赎回。理财非存款，产品有风险，投资须谨慎。
C002449,1,P002,call,工作日09:00-12:00,您好，我是您的专属理财顾问，为您介绍：固定期限002号（R5·固定期限），业绩比较基准11.3%，366天，1000元起投，T+0 随时赎回。理财非存款，产品有风险，投资须谨慎。
C002449,2,P023,call,工作日12:00-14:00,您好，我是您的专属理财顾问，为您介绍：固定期限023号（R5·固定期限），业绩比较基准9.8%，灵活存续，1000元起投，T+1 次日赎回。理财非存款，产品有风险，投资须谨慎。
C002449,3,P004,call,工作日18:00-21:00,您好，我是您的专属理财顾问，为您介绍：现金管理004号（R5·现金管理），业绩比较基准8.6%，灵活存续，1000元起投，封闭运作。理财非存款，产品有风险，投资须谨慎。
C002457,1,P029,app_push,工作日12:00-14:00,专属推荐：固定期限029号（R4·固定期限），业绩比较基准7.8%，灵活存续，10000元起投，封闭运作。理财非存款，产品有风险，投资须谨慎。
C002457,2,P002,app_push,周末14:00-18:00,专属推荐：固定期限002号（R5·固定期限），业绩比较基准11.3%，366天，1000元起投，T+0 随时赎回。该产品风险等级高于您的风险偏好，请谨慎选择。理财非存款，产品有风险，投资须谨慎。
C002457,3,P023,app_push,工作日18:00-21:00,专属推荐：固定期限023号（R5·固定期限），业绩比较基准9.8%，灵活存续，1000元起投，T+1 次日赎回。该产品风险等级高于您的风险偏好，请谨慎选择。理财非存款，产品有风险，投资须谨慎。
C002476,1,P025,call,工作日18:00-21:00,您好，我是您的专属理财顾问，为您介绍：定开025号（R3·定开），业绩比较基准5.2%，366天，1000元起投，T+0 随时赎回。理财非存款，产品有风险，投资须谨慎。
C002476,2,P024,call,周末14:00-18:00,您好，我是您的专属理财顾问，为您介绍：定开024号（R3·定开），业绩比较基准4.7%，90天，1000元起投，T+1 次日赎回。理财非存款，产品有风险，投资须谨慎。
C002476,3,P008,call,周末09:00-12:00,您好，我是您的专属理财顾问，为您介绍：定开008号（R3·定开），业绩比较基准5.1%，366天，10000元起投，封闭运作。理财非存款，产品有风险，投资须谨慎。
C002486,1,P002,app_push,工作日18:00-21:00,专属推荐：固定期限002号（R5·固定期限），业绩比较基准11.3%，366天，1000元起投，T+0 随时赎回。理财非存款，产品有风险，投资须谨慎。
C002486,2,P023,app_push,周末09:00-12:00,专属推荐：固定期限023号（R5·固定期限），业绩比较基准9.8%，灵活存续，1000元起投，T+1 次日赎回。理财非存款，产品有风险，投资须谨慎。
C002486,3,P004,app_push,周末14:00-18:00,专属推荐：现金管理004号（R5·现金管理），业绩比较基准8.6%，灵活存续，1000元起投，封闭运作。理财非存款，产品有风险，投资须谨慎。
C002492,1,P013,manager,工作日12:00-14:00,钻石贵宾专享：定开013号（R2·定开），业绩比较基准3.5%，灵活存续，10000元起投，T+0 随时赎回，可为您预约专属认购。理财非存款，产品有风险，投资须谨慎。
C002492,2,P011,manager,工作日18:00-21:00,钻石贵宾专享：固定期限011号（R2·固定期限），业绩比较基准3.3%，90天，10000元起投，T+0 随时赎回，可为您预约专属认购。理财非存款，产品有风险，投资须谨慎。
C002492,3,P012,manager,周末14:00-18:00,钻石贵宾专享：混合012号（R2·混合），业绩比较基准3.7%，90天，10000元起投，T+1 次日赎回，可为您预约专属认购。理财非存款，产品有风险，投资须谨慎。
C002497,1,P012,app_push,工作日12:00-14:00,专属推荐：混合012号（R2·混合），业绩比较基准3.7%，90天，10000元起投，T+1 次日赎回。理财非存款，产品有风险，投资须谨慎。
C002497,2,P013,app_push,工作日18:00-21:00,专属推荐：定开013号（R2·定开），业绩比较基准3.5%，灵活存续，10000元起投，T+0 随时赎回。理财非存款，产品有风险，投资须谨慎。
C002497,3,P011,app_push,周末14:00-18:00,专属推荐：固定期限011号（R2·固定期限），业绩比较基准3.3%，90天，10000元起投，T+0 随时赎回。理财非存款，产品有风险，投资须谨慎。
C002504,1,P013,app_push,工作日09:00-12:00,专属推荐：定开013号（R2·定开），业绩比较基准3.5%，灵活存续，10000元起投，T+0 随时赎回。该产品风险等级高于您的风险偏好，请谨慎选择。理财非存款，产品有风险，投资须谨慎。
C002504,2,P019,app_push,工作日18:00-21:00,专属推荐：定开019号（R2·定开），业绩比较基准3.3%，灵活存续，1000元起投，T+0 随时赎回。该产品风险等级高于您的风险偏好，请谨慎选择。理财非存款，产品有风险，投资须谨慎。
C002504,3,P022,app_push,周末14:00-18:00,专属推荐：定开022号（R2·定开），业绩比较基准3.0%，730天，10000元起投，T+1 次日赎回。该产品风险等级高于您的风险偏好，请谨慎选择。理财非存款，产品有风险，投资须谨慎。
C002505,1,P006,app_push,工作日18:00-21:00,专属推荐：混合006号（R3·混合），业绩比较基准5.1%，灵活存续，50000元起投，T+1 次日赎回。理财非存款，产品有风险，投资须谨慎。
C002505,2,P025,app_push,周末14:00-18:00,专属推荐：定开025号（R3·定开），业绩比较基准5.2%，366天，1000元起投，T+0 随时赎回。理财非存款，产品有风险，投资须谨慎。
C002505,3,P001,app_push,周末09:00-12:00,专属推荐：混合001号（R3·混合），业绩比较基准5.5%，730天，50000元起投，封闭运作。理财非存款，产品有风险，投资须谨慎。
C002507,1,P029,app_push,工作日09:00-12:00,专属推荐：固定期限029号（R4·固定期限），业绩比较基准7.8%，灵活存续，10000元起投，封闭运作。理财非存款，产品有风险，投资须谨慎。
C002507,2,P002,app_push,工作日12:00-14:00,专属推荐：固定期限002号（R5·固定期限），业绩比较基准11.3%，366天，1000元起投，T+0 随时赎回。该产品风险等级高于您的风险偏好，请谨慎选择。理财非存款，产品有风险，投资须谨慎。
C002507,3,P023,app_push,工作日18:00-21:00,专属推荐：固定期限023号（R5·固定期限），业绩比较基准9.8%，灵活存续，1000元起投，T+1 次日赎回。该产品风险等级高于您的风险偏好，请谨慎选择。理财非存款，产品有风险，投资须谨慎。
C002508,1,P002,app_push,工作日09:00-12:00,专属推荐：固定期限002号（R5·固定期限），业绩比较基准11.3%，366天，1000元起投，T+0 随时赎回。理财非存款，产品有风险，投资须谨慎。
C002508,2,P023,app_push,工作日12:00-14:00,专属推荐：固定期限023号（R5·固定期限），业绩比较基准9.8%，灵活存续，1000元起投，T+1 次日赎回。理财非存款，产品有风险，投资须谨慎。
C002508,3,P004,app_push,工作日18:00-21:00,专属推荐：现金管理004号（R5·现金管理），业绩比较基准8.6%，灵活存续，1000元起投，封闭运作。理财非存款，产品有风险，投资须谨慎。
C002510,1,P006,app_push,工作日12:00-14:00,专属推荐：混合006号（R3·混合），业绩比较基准5.1%，灵活存续，50000元起投，T+1 次日赎回。理财非存款，产品有风险，投资须谨慎。
C002510,2,P001,app_push,工作日18:00-21:00,专属推荐：混合001号（R3·混合），业绩比较基准5.5%，730天，50000元起投，封闭运作。理财非存款，产品有风险，投资须谨慎。
C002510,3,P003,app_push,周末14:00-18:00,专属推荐：固定期限003号（R3·固定期限），业绩比较基准4.5%，730天，50000元起投，封闭运作。理财非存款，产品有风险，投资须谨慎。
C002518,1,P011,app_push,工作日09:00-12:00,专属推荐：固定期限011号（R2·固定期限），业绩比较基准3.3%，90天，10000元起投，T+0 随时赎回。理财非存款，产品有风险，投资须谨慎。
C002518,2,P030,app_push,工作日12:00-14:00,专属推荐：固定期限030号（R2·固定期限），业绩比较基准3.1%，730天，1000元起投，T+0 随时赎回。理财非存款，产品有风险，投资须谨慎。
C002518,3,P012,app_push,工作日18:00-21:00,专属推荐：混合012号（R2·混合），业绩比较基准3.7%，90天，10000元起投，T+1 次日赎回。理财非存款，产品有风险，投资须谨慎。
C002522,1,P025,app_push,工作日09:00-12:00,专属推荐：定开025号（R3·定开），业绩比较基准5.2%，366天，1000元起投，T+0 随时赎回。理财非存款，产品有风险，投资须谨慎。
C002522,2,P008,app_push,工作日12:00-14:00,专属推荐：定开008号（R3·定开），业绩比较基准5.1%，366天，10000元起投，封闭运作。理财非存款，产品有风险，投资须谨慎。
C002522,3,P024,app_push,周末09:00-12:00,专属推荐：定开024号（R3·定开），业绩比较基准4.7%，90天，1000元起投，T+1 次日赎回。理财非存款，产品有风险，投资须谨慎。
C002524,1,P014,call,工作日12:00-14:00,您好，我是您的专属理财顾问，为您介绍：混合014号（R1·混合），业绩比较基准2.3%，90天，10000元起投，T+1 次日赎回。理财非存款，产品有风险，投资须谨慎。
C002524,2,P011,call,周末14:00-18:00,您好，我是您的专属理财顾问，为您介绍：固定期限011号（R2·固定期限），业绩比较基准3.3%，90天，10000元起投，T+0 随时赎回。该产品风险等级高于您的风险偏好，请谨慎选择。理财非存款，产品有风险，投资须谨慎。
C002524,3,P012,call,工作日18:00-21:00,您好，我是您的专属理财顾问，为您介绍：混合012号（R2·混合），业绩比较基准3.7%，90天，10000元起投，T+1 次日赎回。该产品风险等级高于您的风险偏好，请谨慎选择。理财非存款，产品有风险，投资须谨慎。
C002531,1,P011,app_push,工作日12:00-14:00,专属推荐：固定期限011号（R2·固定期限），业绩比较基准3.3%，90天，10000元起投，T+0 随时赎回。理财非存款，产品有风险，投资须谨慎。
C002531,2,P012,app_push,工作日18:00-21:00,专属推荐：混合012号（R2·混合），业绩比较基准3.7%，90天，10000元起投，T+1 次日赎回。理财非存款，产品有风险，投资须谨慎。
C002531,3,P026,app_push,周末14:00-18:00,专属推荐：混合026号（R2·混合），业绩比较基准3.1%，180天，1000元起投，T+1 次日赎回。理财非存款，产品有风险，投资须谨慎。
C002532,1,P030,app_push,工作日12:00-14:00,专属推荐：固定期限030号（R2·固定期限），业绩比较基准3.1%，730天，1000元起投，T+0 随时赎回。理财非存款，产品有风险，投资须谨慎。
C002532,2,P029,app_push,周末14:00-18:00,专属推荐：固定期限029号（R4·固定期限），业绩比较基准7.8%，灵活存续，10000元起投，封闭运作。该产品风险等级高于您的风险偏好，请谨慎选择。理财非存款，产品有风险，投资须谨慎。
C002532,3,P025,app_push,工作日18:00-21:00,专属推荐：定开025号（R3·定开），业绩比较基准5.2%，366天，1000元起投，T+0 随时赎回。理财非存款，产品有风险，投资须谨慎。
C002545,1,P014,app_push,工作日09:00-12:00,专属推荐：混合014号（R1·混合），业绩比较基准2.3%，90天，10000元起投，T+1 次日赎回。理财非存款，产品有风险，投资须谨慎。
C002545,2,P026,app_push,工作日12:00-14:00,专属推荐：混合026号（R2·混合），业绩比较基准3.1%，180天，1000元起投，T+1 次日赎回。该产品风险等级高于您的风险偏好，请谨慎选择。理财非存款，产品有风险，投资须谨慎。
C002545,3,P030,app_push,周末09:00-12:00,专属推荐：固定期限030号（R2·固定期限），业绩比较基准3.1%，730天，1000元起投，T+0 随时赎回。该产品风险等级高于您的风险偏好，请谨慎选择。理财非存款，产品有风险，投资须谨慎。
C002547,1,P029,call,工作日09:00-12:00,您好，我是您的专属理财顾问，为您介绍：固定期限029号（R4·固定期限），业绩比较基准7.8%，灵活存续，10000元起投，封闭运作。理财非存款，产品有风险，投资须谨慎。
C002547,2,P002,call,工作日12:00-14:00,您好，我是您的专属理财顾问，为您介绍：固定期限002号（R5·固定期限），业绩比较基准11.3%，366天，1000元起投，T+0 随时赎回。该产品风险等级高于您的风险偏好，请谨慎选择。理财非存款，产品有风险，投资须谨慎。
C002547,3,P023,call,工作日18:00-21:00,您好，我是您的专属理财顾问，为您介绍：固定期限023号（R5·固定期限），业绩比较基准9.8%，灵活存续，1000元起投，T+1 次日赎回。该产品风险等级高于您的风险偏好，请谨慎选择。理财非存款，产品有风险，投资须谨慎。
C002548,1,P002,app_push,工作日12:00-14:00,专属推荐：固定期限002号（R5·固定期限），业绩比较基准11.3%，366天，1000元起投，T+0 随时赎回。理财非存款，产品有风险，投资须谨慎。
C002548,2,P023,app_push,周末14:00-18:00,专属推荐：固定期限023号（R5·固定期限），业绩比较基准9.8%，灵活存续，1000元起投，T+1 次日赎回。理财非存款，产品有风险，投资须谨慎。
C002548,3,P004,app_push,工作日18:00-21:00,专属推荐：现金管理004号（R5·现金管理），业绩比较基准8.6%，灵活存续，1000元起投，封闭运作。理财非存款，产品有风险，投资须谨慎。
C002557,1,P026,call,工作日18:00-21:00,您好，我是您的专属理财顾问，为您介绍：混合026号（R2·混合），业绩比较基准3.1%，180天，1000元起投，T+1 次日赎回。理财非存款，产品有风险，投资须谨慎。
C002557,2,P030,call,周末09:00-12:00,您好，我是您的专属理财顾问，为您介绍：固定期限030号（R2·固定期限），业绩比较基准3.1%，730天，1000元起投，T+0 随时赎回。理财非存款，产品有风险，投资须谨慎。
C002557,3,P019,call,周末14:00-18:00,您好，我是您的专属理财顾问，为您介绍：定开019号（R2·定开），业绩比较基准3.3%，灵活存续，1000元起投，T+0 随时赎回。理财非存款，产品有风险，投资须谨慎。
C002560,1,P022,call,工作日18:00-21:00,您好，我是您的专属理财顾问，为您介绍：定开022号（R2·定开），业绩比较基准3.0%，730天，10000元起投，T+1 次日赎回。理财非存款，产品有风险，投资须谨慎。
C002560,2,P018,call,周末09:00-12:00,您好，我是您的专属理财顾问，为您介绍：现金管理018号（R2·现金管理），业绩比较基准3.6%，730天，10000元起投，T+0 随时赎回。理财非存款，产品有风险，投资须谨慎。
C002560,3,P019,call,周末14:00-18:00,您好，我是您的专属理财顾问，为您介绍：定开019号（R2·定开），业绩比较基准3.3%，灵活存续，1000元起投，T+0 随时赎回。理财非存款，产品有风险，投资须谨慎。
C002561,1,P025,call,工作日09:00-12:00,您好，我是您的专属理财顾问，为您介绍：定开025号（R3·定开），业绩比较基准5.2%，366天，1000元起投，T+0 随时赎回。理财非存款，产品有风险，投资须谨慎。
C002561,2,P024,call,工作日12:00-14:00,您好，我是您的专属理财顾问，为您介绍：定开024号（R3·定开），业绩比较基准4.7%，90天，1000元起投，T+1 次日赎回。理财非存款，产品有风险，投资须谨慎。
C002561,3,P017,call,工作日18:00-21:00,您好，我是您的专属理财顾问，为您介绍：现金管理017号（R3·现金管理），业绩比较基准4.3%，180天，1000元起投，T+1 次日赎回。理财非存款，产品有风险，投资须谨慎。
C002565,1,P029,app_push,工作日09:00-12:00,专属推荐：固定期限029号（R4·固定期限），业绩比较基准7.8%，灵活存续，10000元起投，封闭运作。理财非存款，产品有风险，投资须谨慎。
C002565,2,P002,app_push,工作日12:00-14:00,专属推荐：固定期限002号（R5·固定期限），业绩比较基准11.3%，366天，1000元起投，T+0 随时赎回。该产品风险等级高于您的风险偏好，请谨慎选择。理财非存款，产品有风险，投资须谨慎。
C002565,3,P023,app_push,工作日18:00-21:00,专属推荐：固定期限023号（R5·固定期限），业绩比较基准9.8%，灵活存续，1000元起投，T+1 次日赎回。该产品风险等级高于您的风险偏好，请谨慎选择。理财非存款，产品有风险，投资须谨慎。
C002571,1,P017,app_push,工作日18:00-21:00,专属推荐：现金管理017号（R3·现金管理），业绩比较基准4.3%，180天，1000元起投，T+1 次日赎回。理财非存款，产品有风险，投资须谨慎。
C002571,2,P029,app_push,周末14:00-18:00,专属推荐：固定期限029号（R4·固定期限），业绩比较基准7.8%，灵活存续，10000元起投，封闭运作。该产品风险等级高于您的风险偏好，请谨慎选择。理财非存款，产品有风险，投资须谨慎。
C002571,3,P025,app_push,周末09:00-12:00,专属推荐：定开025号（R3·定开），业绩比较基准5.2%，366天，1000元起投，T+0 随时赎回。理财非存款，产品有风险，投资须谨慎。
C002574,1,P012,call,工作日09:00-12:00,您好，我是您的专属理财顾问，为您介绍：混合012号（R2·混合），业绩比较基准3.7%，90天，10000元起投，T+1 次日赎回。理财非存款，产品有风险，投资须谨慎。
C002574,2,P013,call,工作日12:00-14:00,您好，我是您的专属理财顾问，为您介绍：定开013号（R2·定开），业绩比较基准3.5%，灵活存续，10000元起投，T+0 随时赎回。理财非存款，产品有风险，投资须谨慎。
C002574,3,P011,call,周末14:00-18:00,您好，我是您的专属理财顾问，为您介绍：固定期限011号（R2·固定期限），业绩比较基准3.3%，90天，10000元起投，T+0 随时赎回。理财非存款，产品有风险，投资须谨慎。
C002577,1,P014,app_push,工作日18:00-21:00,专属推荐：混合014号（R1·混合），业绩比较基准2.3%，90天，10000元起投，T+1 次日赎回。理财非存款，产品有风险，投资须谨慎。
C002577,2,P030,app_push,周末14:00-18:00,专属推荐：固定期限030号（R2·固定期限），业绩比较基准3.1%，730天，1000元起投，T+0 随时赎回。该产品风险等级高于您的风险偏好，请谨慎选择。理财非存款，产品有风险，投资须谨慎。
C002577,3,P010,app_push,周末09:00-12:00,专属推荐：现金管理010号（R1·现金管理），业绩比较基准2.8%，366天，50000元起投，T+0 随时赎回。理财非存款，产品有风险，投资须谨慎。
C002580,1,P025,app_push,工作日09:00-12:00,专属推荐：定开025号（R3·定开），业绩比较基准5.2%，366天，1000元起投，T+0 随时赎回。理财非存款，产品有风险，投资须谨慎。
C002580,2,P024,app_push,工作日12:00-14:00,专属推荐：定开024号（R3·定开），业绩比较基准4.7%，90天，1000元起投，T+1 次日赎回。理财非存款，产品有风险，投资须谨慎。
C002580,3,P019,app_push,周末14:00-18:00,专属推荐：定开019号（R2·定开），业绩比较基准3.3%，灵活存续，1000元起投，T+0 随时赎回。理财非存款，产品有风险，投资须谨慎。
C002584,1,P012,app_push,工作日18:00-21:00,专属推荐：混合012号（R2·混合），业绩比较基准3.7%，90天，10000元起投，T+1 次日赎回。理财非存款，产品有风险，投资须谨慎。
C002584,2,P011,app_push,周末14:00-18:00,专属推荐：固定期限011号（R2·固定期限），业绩比较基准3.3%，90天，10000元起投，T+0 随时赎回。理财非存款，产品有风险，投资须谨慎。
C002584,3,P026,app_push,周末09:00-12:00,专属推荐：混合026号（R2·混合），业绩比较基准3.1%，180天，1000元起投，T+1 次日赎回。理财非存款，产品有风险，投资须谨慎。
C002591,1,P025,app_push,工作日09:00-12:00,专属推荐：定开025号（R3·定开），业绩比较基准5.2%，366天，1000元起投，T+0 随时赎回。理财非存款，产品有风险，投资须谨慎。
C002591,2,P024,app_push,工作日12:00-14:00,专属推荐：定开024号（R3·定开），业绩比较基准4.7%，90天，1000元起投，T+1 次日赎回。理财非存款，产品有风险，投资须谨慎。
C002591,3,P017,app_push,周末09:00-12:00,专属推荐：现金管理017号（R3·现金管理），业绩比较基准4.3%，180天，1000元起投，T+1 次日赎回。理财非存款，产品有风险，投资须谨慎。
C002598,1,P025,app_push,工作日12:00-14:00,专属推荐：定开025号（R3·定开），业绩比较基准5.2%，366天，1000元起投，T+0 随时赎回。理财非存款，产品有风险，投资须谨慎。
C002598,2,P024,app_push,工作日18:00-21:00,专属推荐：定开024号（R3·定开），业绩比较基准4.7%，90天，1000元起投，T+1 次日赎回。理财非存款，产品有风险，投资须谨慎。
C002598,3,P008,app_push,周末14:00-18:00,专属推荐：定开008号（R3·定开），业绩比较基准5.1%，366天，10000元起投，封闭运作。理财非存款，产品有风险，投资须谨慎。
C002600,1,P012,app_push,工作日09:00-12:00,专属推荐：混合012号（R2·混合），业绩比较基准3.7%，90天，10000元起投，T+1 次日赎回。理财非存款，产品有风险，投资须谨慎。
C002600,2,P013,app_push,工作日12:00-14:00,专属推荐：定开013号（R2·定开），业绩比较基准3.5%，灵活存续，10000元起投，T+0 随时赎回。理财非存款，产品有风险，投资须谨慎。
C002600,3,P011,app_push,工作日18:00-21:00,专属推荐：固定期限011号（R2·固定期限），业绩比较基准3.3%，90天，10000元起投，T+0 随时赎回。理财非存款，产品有风险，投资须谨慎。
C002601,1,P012,app_push,工作日18:00-21:00,专属推荐：混合012号（R2·混合），业绩比较基准3.7%，90天，10000元起投，T+1 次日赎回。理财非存款，产品有风险，投资须谨慎。
C002601,2,P011,app_push,周末09:00-12:00,专属推荐：固定期限011号（R2·固定期限），业绩比较基准3.3%，90天，10000元起投，T+0 随时赎回。理财非存款，产品有风险，投资须谨慎。
C002601,3,P022,app_push,周末14:00-18:00,专属推荐：定开022号（R2·定开），业绩比较基准3.0%，730天，10000元起投，T+1 次日赎回。理财非存款，产品有风险，投资须谨慎。
C002602,1,P012,app_push,工作日12:00-14:00,专属推荐：混合012号（R2·混合），业绩比较基准3.7%，90天，10000元起投，T+1 次日赎回。理财非存款，产品有风险，投资须谨慎。
C002602,2,P011,app_push,周末14:00-18:00,专属推荐：固定期限011号（R2·固定期限），业绩比较基准3.3%，90天，10000元起投，T+0 随时赎回。理财非存款，产品有风险，投资须谨慎。
C002602,3,P013,app_push,工作日18:00-21:00,专属推荐：定开013号（R2·定开），业绩比较基准3.5%，灵活存续，10000元起投，T+0 随时赎回。理财非存款，产品有风险，投资须谨慎。
C002615,1,P011,app_push,工作日18:00-21:00,专属推荐：固定期限011号（R2·固定期限），业绩比较基准3.3%，90天，10000元起投，T+0 随时赎回。理财非存款，产品有风险，投资须谨慎。
C002615,2,P018,app_push,周末14:00-18:00,专属推荐：现金管理018号（R2·现金管理），业绩比较基准3.6%，730天，10000元起投，T+0 随时赎回。理财非存款，产品有风险，投资须谨慎。
C002615,3,P020,app_push,周末09:00-12:00,专属推荐：现金管理020号（R2·现金管理），业绩比较基准3.6%，366天，10000元起投，T+1 次日赎回。理财非存款，产品有风险，投资须谨慎。
C002617,1,P012,call,工作日12:00-14:00,您好，我是您的专属理财顾问，为您介绍：混合012号（R2·混合），业绩比较基准3.7%，90天，10000元起投，T+1 次日赎回。理财非存款，产品有风险，投资须谨慎。
C002617,2,P013,call,周末14:00-18:00,您好，我是您的专属理财顾问，为您介绍：定开013号（R2·定开），业绩比较基准3.5%，灵活存续，10000元起投，T+0 随时赎回。理财非存款，产品有风险，投资须谨慎。
C002617,3,P011,call,工作日18:00-21:00,您好，我是您的专属理财顾问，为您介绍：固定期限011号（R2·固定期限），业绩比较基准3.3%，90天，10000元起投，T+0 随时赎回。理财非存款，产品有风险，投资须谨慎。
C002623,1,P002,manager,工作日09:00-12:00,金卡贵宾专享：固定期限002号（R5·固定期限），业绩比较基准11.3%，366天，1000元起投，T+0 随时赎回，可为您预约专属认购。理财非存款，产品有风险，投资须谨慎。
C002623,2,P023,manager,工作日12:00-14:00,金卡贵宾专享：固定期限023号（R5·固定期限），业绩比较基准9.8%，灵活存续，1000元起投，T+1 次日赎回，可为您预约专属认购。理财非存款，产品有风险，投资须谨慎。
C002623,3,P015,manager,周末09:00-12:00,金卡贵宾专享：固定期限015号（R4·固定期限），业绩比较基准6.7%，366天，50000元起投，封闭运作，可为您预约专属认购。理财非存款，产品有风险，投资须谨慎。
C002624,1,P014,app_push,工作日09:00-12:00,专属推荐：混合014号（R1·混合），业绩比较基准2.3%，90天，10000元起投，T+1 次日赎回。理财非存款，产品有风险，投资须谨慎。
C002624,2,P018,app_push,工作日18:00-21:00,专属推荐：现金管理018号（R2·现金管理），业绩比较基准3.6%，730天，10000元起投，T+0 随时赎回。该产品风险等级高于您的风险偏好，请谨慎选择。理财非存款，产品有风险，投资须谨慎。
C002624,3,P020,app_push,周末14:00-18:00,专属推荐：现金管理020号（R2·现金管理），业绩比较基准3.6%，366天，10000元起投，T+1 次日赎回。该产品风险等级高于您的风险偏好，请谨慎选择。理财非存款，产品有风险，投资须谨慎。
C002627,1,P002,app_push,工作日12:00-14:00,专属推荐：固定期限002号（R5·固定期限），业绩比较基准11.3%，366天，1000元起投，T+0 随时赎回。理财非存款，产品有风险，投资须谨慎。
C002627,2,P023,app_push,工作日18:00-21:00,专属推荐：固定期限023号（R5·固定期限），业绩比较基准9.8%，灵活存续，1000元起投，T+1 次日赎回。理财非存款，产品有风险，投资须谨慎。
C002627,3,P004,app_push,周末14:00-18:00,专属推荐：现金管理004号（R5·现金管理），业绩比较基准8.6%，灵活存续，1000元起投，封闭运作。理财非存款，产品有风险，投资须谨慎。
C002631,1,P025,app_push,工作日12:00-14:00,专属推荐：定开025号（R3·定开），业绩比较基准5.2%，366天，1000元起投，T+0 随时赎回。理财非存款，产品有风险，投资须谨慎。
C002631,2,P024,app_push,工作日18:00-21:00,专属推荐：定开024号（R3·定开），业绩比较基准4.7%，90天，1000元起投，T+1 次日赎回。理财非存款，产品有风险，投资须谨慎。
C002631,3,P017,app_push,周末14:00-18:00,专属推荐：现金管理017号（R3·现金管理），业绩比较基准4.3%，180天，1000元起投，T+1 次日赎回。理财非存款，产品有风险，投资须谨慎。
C002634,1,P011,app_push,工作日09:00-12:00,专属推荐：固定期限011号（R2·固定期限），业绩比较基准3.3%，90天，10000元起投，T+0 随时赎回。理财非存款，产品有风险，投资须谨慎。
C002634,2,P030,app_push,工作日12:00-14:00,专属推荐：固定期限030号（R2·固定期限），业绩比较基准3.1%，730天，1000元起投，T+0 随时赎回。理财非存款，产品有风险，投资须谨慎。
C002634,3,P012,app_push,工作日18:00-21:00,专属推荐：混合012号（R2·混合），业绩比较基准3.7%，90天，10000元起投，T+1 次日赎回。理财非存款，产品有风险，投资须谨慎。
C002636,1,P019,app_push,工作日09:00-12:00,专属推荐：定开019号（R2·定开），业绩比较基准3.3%，灵活存续，1000元起投，T+0 随时赎回。理财非存款，产品有风险，投资须谨慎。
C002636,2,P026,app_push,工作日12:00-14:00,专属推荐：混合026号（R2·混合），业绩比较基准3.1%，180天，1000元起投，T+1 次日赎回。理财非存款，产品有风险，投资须谨慎。
C002636,3,P030,app_push,周末09:00-12:00,专属推荐：固定期限030号（R2·固定期限），业绩比较基准3.1%，730天，1000元起投，T+0 随时赎回。理财非存款，产品有风险，投资须谨慎。
C002642,1,P002,call,工作日09:00-12:00,您好，我是您的专属理财顾问，为您介绍：固定期限002号（R5·固定期限），业绩比较基准11.3%，366天，1000元起投，T+0 随时赎回。该产品风险等级高于您的风险偏好，请谨慎选择。理财非存款，产品有风险，投资须谨慎。
C002642,2,P015,call,工作日12:00-14:00,您好，我是您的专属理财顾问，为您介绍：固定期限015号（R4·固定期限），业绩比较基准6.7%，366天，50000元起投，封闭运作。理财非存款，产品有风险，投资须谨慎。
C002642,3,P029,call,工作日18:00-21:00,您好，我是您的专属理财顾问，为您介绍：固定期限029号（R4·固定期限），业绩比较基准7.8%，灵活存续，10000元起投，封闭运作。理财非存款，产品有风险，投资须谨慎。
C002643,1,P010,app_push,工作日18:00-21:00,专属推荐：现金管理010号（R1·现金管理），业绩比较基准2.8%，366天，50000元起投，T+0 随时赎回。理财非存款，产品有风险，投资须谨慎。
C002643,2,P009,app_push,周末14:00-18:00,专属推荐：现金管理009号（R2·现金管理），业绩比较基准4.0%，730天，50000元起投，T+0 随时赎回。该产品风险等级高于您的风险偏好，请谨慎选择。理财非存款，产品有风险，投资须谨慎。
C002643,3,P018,app_push,周末09:00-12:00,专属推荐：现金管理018号（R2·现金管理），业绩比较基准3.6%，730天，10000元起投，T+0 随时赎回。该产品风险等级高于您的风险偏好，请谨慎选择。理财非存款，产品有风险，投资须谨慎。
C002645,1,P014,app_push,工作日18:00-21:00,专属推荐：混合014号（R1·混合），业绩比较基准2.3%，90天，10000元起投，T+1 次日赎回。理财非存款，产品有风险，投资须谨慎。
C002645,2,P012,app_push,周末14:00-18:00,专属推荐：混合012号（R2·混合），业绩比较基准3.7%，90天，10000元起投，T+1 次日赎回。该产品风险等级高于您的风险偏好，请谨慎选择。理财非存款，产品有风险，投资须谨慎。
C002645,3,P026,app_push,周末09:00-12:00,专属推荐：混合026号（R2·混合），业绩比较基准3.1%，180天，1000元起投，T+1 次日赎回。该产品风险等级高于您的风险偏好，请谨慎选择。理财非存款，产品有风险，投资须谨慎。
C002651,1,P006,app_push,工作日09:00-12:00,专属推荐：混合006号（R3·混合），业绩比较基准5.1%，灵活存续，50000元起投，T+1 次日赎回。理财非存款，产品有风险，投资须谨慎。
C002651,2,P029,app_push,工作日18:00-21:00,专属推荐：固定期限029号（R4·固定期限），业绩比较基准7.8%，灵活存续，10000元起投，封闭运作。理财非存款，产品有风险，投资须谨慎。
C002651,3,P015,app_push,周末14:00-18:00,专属推荐：固定期限015号（R4·固定期限），业绩比较基准6.7%，366天，50000元起投，封闭运作。理财非存款，产品有风险，投资须谨慎。
C002659,1,P017,call,工作日18:00-21:00,您好，我是您的专属理财顾问，为您介绍：现金管理017号（R3·现金管理），业绩比较基准4.3%，180天，1000元起投，T+1 次日赎回。理财非存款，产品有风险，投资须谨慎。
C002659,2,P025,call,周末14:00-18:00,您好，我是您的专属理财顾问，为您介绍：定开025号（R3·定开），业绩比较基准5.2%，366天，1000元起投，T+0 随时赎回。理财非存款，产品有风险，投资须谨慎。
C002659,3,P024,call,周末09:00-12:00,您好，我是您的专属理财顾问，为您介绍：定开024号（R3·定开），业绩比较基准4.7%，90天，1000元起投，T+1 次日赎回。理财非存款，产品有风险，投资须谨慎。
C002661,1,P026,call,工作日09:00-12:00,您好，我是您的专属理财顾问，为您介绍：混合026号（R2·混合），业绩比较基准3.1%，180天，1000元起投，T+1 次日赎回。该产品风险等级高于您的风险偏好，请谨慎选择。理财非存款，产品有风险，投资须谨慎。
C002661,2,P019,call,工作日12:00-14:00,您好，我是您的专属理财顾问，为您介绍：定开019号（R2·定开），业绩比较基准3.3%，灵活存续，1000元起投，T+0 随时赎回。该产品风险等级高于您的风险偏好，请谨慎选择。理财非存款，产品有风险，投资须谨慎。
C002661,3,P030,call,工作日18:00-21:00,您好，我是您的专属理财顾问，为您介绍：固定期限030号（R2·固定期限），业绩比较基准3.1%，730天，1000元起投，T+0 随时赎回。该产品风险等级高于您的风险偏好，请谨慎选择。理财非存款，产品有风险，投资须谨慎。
C002662,1,P011,app_push,工作日12:00-14:00,专属推荐：固定期限011号（R2·固定期限），业绩比较基准3.3%，90天，10000元起投，T+0 随时赎回。理财非存款，产品有风险，投资须谨慎。
C002662,2,P022,app_push,周末14:00-18:00,专属推荐：定开022号（R2·定开），业绩比较基准3.0%，730天，10000元起投，T+1 次日赎回。理财非存款，产品有风险，投资须谨慎。
C002662,3,P012,app_push,工作日18:00-21:00,专属推荐：混合012号（R2·混合），业绩比较基准3.7%，90天，10000元起投，T+1 次日赎回。理财非存款，产品有风险，投资须谨慎。
C002674,1,P010,call,工作日18:00-21:00,您好，我是您的专属理财顾问，为您介绍：现金管理010号（R1·现金管理），业绩比较基准2.8%，366天，50000元起投，T+0 随时赎回。理财非存款，产品有风险，投资须谨慎。
C002674,2,P014,call,周末09:00-12:00,您好，我是您的专属理财顾问，为您介绍：混合014号（R1·混合），业绩比较基准2.3%，90天，10000元起投，T+1 次日赎回。理财非存款，产品有风险，投资须谨慎。
C002674,3,P011,call,周末14:00-18:00,您好，我是您的专属理财顾问，为您介绍：固定期限011号（R2·固定期限），业绩比较基准3.3%，90天，10000元起投，T+0 随时赎回。该产品风险等级高于您的风险偏好，请谨慎选择。理财非存款，产品有风险，投资须谨慎。
C002680,1,P026,app_push,工作日18:00-21:00,专属推荐：混合026号（R2·混合），业绩比较基准3.1%，180天，1000元起投，T+1 次日赎回。理财非存款，产品有风险，投资须谨慎。
C002680,2,P030,app_push,周末09:00-12:00,专属推荐：固定期限030号（R2·固定期限），业绩比较基准3.1%，730天，1000元起投，T+0 随时赎回。理财非存款，产品有风险，投资须谨慎。
C002680,3,P019,app_push,周末14:00-18:00,专属推荐：定开019号（R2·定开），业绩比较基准3.3%，灵活存续，1000元起投，T+0 随时赎回。理财非存款，产品有风险，投资须谨慎。
C002681,1,P002,app_push,工作日09:00-12:00,专属推荐：固定期限002号（R5·固定期限），业绩比较基准11.3%，366天，1000元起投，T+0 随时赎回。理财非存款，产品有风险，投资须谨慎。
C002681,2,P023,app_push,工作日12:00-14:00,专属推荐：固定期限023号（R5·固定期限），业绩比较基准9.8%，灵活存续，1000元起投，T+1 次日赎回。理财非存款，产品有风险，投资须谨慎。
C002681,3,P004,app_push,工作日18:00-21:00,专属推荐：现金管理004号（R5·现金管理），业绩比较基准8.6%，灵活存续，1000元起投，封闭运作。理财非存款，产品有风险，投资须谨慎。
C002682,1,P014,app_push,工作日09:00-12:00,专属推荐：混合014号（R1·混合），业绩比较基准2.3%，90天，10000元起投，T+1 次日赎回。理财非存款，产品有风险，投资须谨慎。
C002682,2,P012,app_push,工作日18:00-21:00,专属推荐：混合012号（R2·混合），业绩比较基准3.7%，90天，10000元起投，T+1 次日赎回。该产品风险等级高于您的风险偏好，请谨慎选择。理财非存款，产品有风险，投资须谨慎。
C002682,3,P010,app_push,周末09:00-12:00,专属推荐：现金管理010号（R1·现金管理），业绩比较基准2.8%，366天，50000元起投，T+0 随时赎回。理财非存款，产品有风险，投资须谨慎。
C002683,1,P012,app_push,工作日09:00-12:00,专属推荐：混合012号（R2·混合），业绩比较基准3.7%，90天，10000元起投，T+1 次日赎回。理财非存款，产品有风险，投资须谨慎。
C002683,2,P026,app_push,工作日12:00-14:00,专属推荐：混合026号（R2·混合），业绩比较基准3.1%，180天，1000元起投，T+1 次日赎回。理财非存款，产品有风险，投资须谨慎。
C002683,3,P013,app_push,工作日18:00-21:00,专属推荐：定开013号（R2·定开），业绩比较基准3.5%，灵活存续，10000元起投，T+0 随时赎回。理财非存款，产品有风险，投资须谨慎。
C002690,1,P017,app_push,工作日12:00-14:00,专属推荐：现金管理017号（R3·现金管理），业绩比较基准4.3%，180天，1000元起投，T+1 次日赎回。理财非存款，产品有风险，投资须谨慎。
C002690,2,P001,app_push,工作日18:00-21:00,专属推荐：混合001号（R3·混合），业绩比较基准5.5%，730天，50000元起投，封闭运作。理财非存款，产品有风险，投资须谨慎。
C002690,3,P006,app_push,周末14:00-18:00,专属推荐：混合006号（R3·混合），业绩比较基准5.1%，灵活存续，50000元起投，T+1 次日赎回。理财非存款，产品有风险，投资须谨慎。
C002691,1,P025,call,工作日09:00-12:00,您好，我是您的专属理财顾问，为您介绍：定开025号（R3·定开），业绩比较基准5.2%，366天，1000元起投，T+0 随时赎回。理财非存款，产品有风险，投资须谨慎。
C002691,2,P024,call,工作日12:00-14:00,您好，我是您的专属理财顾问，为您介绍：定开024号（R3·定开），业绩比较基准4.7%，90天，1000元起投，T+1 次日赎回。理财非存款，产品有风险，投资须谨慎。
C002691,3,P008,call,周末14:00-18:00,您好，我是您的专属理财顾问，为您介绍：定开008号（R3·定开），业绩比较基准5.1%，366天，10000元起投，封闭运作。理财非存款，产品有风险，投资须谨慎。
C002695,1,P017,app_push,工作日09:00-12:00,专属推荐：现金管理017号（R3·现金管理），业绩比较基准4.3%，180天，1000元起投，T+1 次日赎回。理财非存款，产品有风险，投资须谨慎。
C002695,2,P003,app_push,工作日18:00-21:00,专属推荐：固定期限003号（R3·固定期限），业绩比较基准4.5%，730天，50000元起投，封闭运作。理财非存款，产品有风险，投资须谨慎。
C002695,3,P006,app_push,周末14:00-18:00,专属推荐：混合006号（R3·混合），业绩比较基准5.1%，灵活存续，50000元起投，T+1 次日赎回。理财非存款，产品有风险，投资须谨慎。
C002696,1,P026,app_push,工作日12:00-14:00,专属推荐：混合026号（R2·混合），业绩比较基准3.1%，180天，1000元起投，T+1 次日赎回。理财非存款，产品有风险，投资须谨慎。
C002696,2,P019,app_push,周末14:00-18:00,专属推荐：定开019号（R2·定开），业绩比较基准3.3%，灵活存续，1000元起投，T+0 随时赎回。理财非存款，产品有风险，投资须谨慎。
C002696,3,P030,app_push,工作日18:00-21:00,专属推荐：固定期限030号（R2·固定期限），业绩比较基准3.1%，730天，1000元起投，T+0 随时赎回。理财非存款，产品有风险，投资须谨慎。
C002701,1,P006,manager,工作日12:00-14:00,金卡贵宾专享：混合006号（R3·混合），业绩比较基准5.1%，灵活存续，50000元起投，T+1 次日赎回，可为您预约专属认购。理财非存款，产品有风险，投资须谨慎。
C002701,2,P001,manager,工作日18:00-21:00,金卡贵宾专享：混合001号（R3·混合），业绩比较基准5.5%，730天，50000元起投，封闭运作，可为您预约专属认购。理财非存款，产品有风险，投资须谨慎。
C002701,3,P021,manager,周末14:00-18:00,金卡贵宾专享：混合021号（R3·混合），业绩比较基准5.4%，730天，100000元起投，封闭运作，可为您预约专属认购。理财非存款，产品有风险，投资须谨慎。
C002709,1,P012,call,工作日09:00-12:00,您好，我是您的专属理财顾问，为您介绍：混合012号（R2·混合），业绩比较基准3.7%，90天，10000元起投，T+1 次日赎回。理财非存款，产品有风险，投资须谨慎。
C002709,2,P013,call,工作日12:00-14:00,您好，我是您的专属理财顾问，为您介绍：定开013号（R2·定开），业绩比较基准3.5%，灵活存续，10000元起投，T+0 随时赎回。理财非存款，产品有风险，投资须谨慎。
C002709,3,P011,call,工作日18:00-21:00,您好，我是您的专属理财顾问，为您介绍：固定期限011号（R2·固定期限），业绩比较基准3.3%，90天，10000元起投，T+0 随时赎回。理财非存款，产品有风险，投资须谨慎。
C002710,1,P025,app_push,工作日12:00-14:00,专属推荐：定开025号（R3·定开），业绩比较基准5.2%，366天，1000元起投，T+0 随时赎回。理财非存款，产品有风险，投资须谨慎。
C002710,2,P024,app_push,周末14:00-18:00,专属推荐：定开024号（R3·定开），业绩比较基准4.7%，90天，1000元起投，T+1 次日赎回。理财非存款，产品有风险，投资须谨慎。
C002710,3,P008,app_push,工作日18:00-21:00,专属推荐：定开008号（R3·定开），业绩比较基准5.1%，366天，10000元起投，封闭运作。理财非存款，产品有风险，投资须谨慎。
C002712,1,P026,app_push,工作日12:00-14:00,专属推荐：混合026号（R2·混合），业绩比较基准3.1%，180天，1000元起投，T+1 次日赎回。理财非存款，产品有风险，投资须谨慎。
C002712,2,P019,app_push,工作日18:00-21:00,专属推荐：定开019号（R2·定开），业绩比较基准3.3%，灵活存续，1000元起投，T+0 随时赎回。理财非存款，产品有风险，投资须谨慎。
C002712,3,P030,app_push,周末14:00-18:00,专属推荐：固定期限030号（R2·固定期限），业绩比较基准3.1%，730天，1000元起投，T+0 随时赎回。理财非存款，产品有风险，投资须谨慎。
C002717,1,P025,call,工作日12:00-14:00,您好，我是您的专属理财顾问，为您介绍：定开025号（R3·定开），业绩比较基准5.2%，366天，1000元起投，T+0 随时赎回。理财非存款，产品有风险，投资须谨慎。
C002717,2,P006,call,周末14:00-18:00,您好，我是您的专属理财顾问，为您介绍：混合006号（R3·混合），业绩比较基准5.1%，灵活存续，50000元起投，T+1 次日赎回。理财非存款，产品有风险，投资须谨慎。
C002717,3,P001,call,工作日18:00-21:00,您好，我是您的专属理财顾问，为您介绍：混合001号（R3·混合），业绩比较基准5.5%，730天，50000元起投，封闭运作。理财非存款，产品有风险，投资须谨慎。
C002720,1,P011,app_push,工作日09:00-12:00,专属推荐：固定期限011号（R2·固定期限），业绩比较基准3.3%，90天，10000元起投，T+0 随时赎回。理财非存款，产品有风险，投资须谨慎。
C002720,2,P012,app_push,工作日12:00-14:00,专属推荐：混合012号（R2·混合），业绩比较基准3.7%，90天，10000元起投，T+1 次日赎回。理财非存款，产品有风险，投资须谨慎。
C002720,3,P030,app_push,工作日18:00-21:00,专属推荐：固定期限030号（R2·固定期限），业绩比较基准3.1%，730天，1000元起投，T+0 随时赎回。理财非存款，产品有风险，投资须谨慎。
C002723,1,P030,manager,工作日12:00-14:00,钻石贵宾专享：固定期限030号（R2·固定期限），业绩比较基准3.1%，730天，1000元起投，T+0 随时赎回，可为您预约专属认购。理财非存款，产品有风险，投资须谨慎。
C002723,2,P025,manager,周末14:00-18:00,钻石贵宾专享：定开025号（R3·定开），业绩比较基准5.2%，366天，1000元起投，T+0 随时赎回，可为您预约专属认购。理财非存款，产品有风险，投资须谨慎。
C002723,3,P024,manager,工作日18:00-21:00,钻石贵宾专享：定开024号（R3·定开），业绩比较基准4.7%，90天，1000元起投，T+1 次日赎回，可为您预约专属认购。理财非存款，产品有风险，投资须谨慎。
C002732,1,P014,app_push,工作日09:00-12:00,专属推荐：混合014号（R1·混合），业绩比较基准2.3%，90天，10000元起投，T+1 次日赎回。理财非存款，产品有风险，投资须谨慎。
C002732,2,P026,app_push,工作日12:00-14:00,专属推荐：混合026号（R2·混合），业绩比较基准3.1%，180天，1000元起投，T+1 次日赎回。该产品风险等级高于您的风险偏好，请谨慎选择。理财非存款，产品有风险，投资须谨慎。
C002732,3,P019,app_push,周末09:00-12:00,专属推荐：定开019号（R2·定开），业绩比较基准3.3%，灵活存续，1000元起投，T+0 随时赎回。该产品风险等级高于您的风险偏好，请谨慎选择。理财非存款，产品有风险，投资须谨慎。
C002736,1,P029,app_push,工作日12:00-14:00,专属推荐：固定期限029号（R4·固定期限），业绩比较基准7.8%，灵活存续，10000元起投，封闭运作。理财非存款，产品有风险，投资须谨慎。
C002736,2,P002,app_push,工作日18:00-21:00,专属推荐：固定期限002号（R5·固定期限），业绩比较基准11.3%，366天，1000元起投，T+0 随时赎回。该产品风险等级高于您的风险偏好，请谨慎选择。理财非存款，产品有风险，投资须谨慎。
C002736,3,P023,app_push,周末14:00-18:00,专属推荐：固定期限023号（R5·固定期限），业绩比较基准9.8%，灵活存续，1000元起投，T+1 次日赎回。该产品风险等级高于您的风险偏好，请谨慎选择。理财非存款，产品有风险，投资须谨慎。
C002738,1,P025,app_push,工作日12:00-14:00,专属推荐：定开025号（R3·定开），业绩比较基准5.2%，366天，1000元起投，T+0 随时赎回。理财非存款，产品有风险，投资须谨慎。
C002738,2,P008,app_push,周末14:00-18:00,专属推荐：定开008号（R3·定开），业绩比较基准5.1%，366天，10000元起投，封闭运作。理财非存款，产品有风险，投资须谨慎。
C002738,3,P024,app_push,工作日18:00-21:00,专属推荐：定开024号（R3·定开），业绩比较基准4.7%，90天，1000元起投，T+1 次日赎回。理财非存款，产品有风险，投资须谨慎。
C002741,1,P012,app_push,工作日12:00-14:00,专属推荐：混合012号（R2·混合），业绩比较基准3.7%，90天，10000元起投，T+1 次日赎回。理财非存款，产品有风险，投资须谨慎。
C002741,2,P026,app_push,周末14:00-18:00,专属推荐：混合026号（R2·混合），业绩比较基准3.1%，180天，1000元起投，T+1 次日赎回。理财非存款，产品有风险，投资须谨慎。
C002741,3,P013,app_push,工作日18:00-21:00,专属推荐：定开013号（R2·定开），业绩比较基准3.5%，灵活存续，10000元起投，T+0 随时赎回。理财非存款，产品有风险，投资须谨慎。
C002751,1,P025,app_push,工作日12:00-14:00,专属推荐：定开025号（R3·定开），业绩比较基准5.2%，366天，1000元起投，T+0 随时赎回。理财非存款，产品有风险，投资须谨慎。
C002751,2,P008,app_push,周末14:00-18:00,专属推荐：定开008号（R3·定开），业绩比较基准5.1%，366天，10000元起投，封闭运作。理财非存款，产品有风险，投资须谨慎。
C002751,3,P029,app_push,工作日18:00-21:00,专属推荐：固定期限029号（R4·固定期限），业绩比较基准7.8%，灵活存续，10000元起投，封闭运作。理财非存款，产品有风险，投资须谨慎。
C002755,1,P014,app_push,工作日09:00-12:00,专属推荐：混合014号（R1·混合），业绩比较基准2.3%，90天，10000元起投，T+1 次日赎回。理财非存款，产品有风险，投资须谨慎。
C002755,2,P012,app_push,工作日18:00-21:00,专属推荐：混合012号（R2·混合），业绩比较基准3.7%，90天，10000元起投，T+1 次日赎回。该产品风险等级高于您的风险偏好，请谨慎选择。理财非存款，产品有风险，投资须谨慎。
C002755,3,P026,app_push,周末14:00-18:00,专属推荐：混合026号（R2·混合），业绩比较基准3.1%，180天，1000元起投，T+1 次日赎回。该产品风险等级高于您的风险偏好，请谨慎选择。理财非存款，产品有风险，投资须谨慎。
C002760,1,P027,call,工作日12:00-14:00,您好，我是您的专属理财顾问，为您介绍：现金管理027号（R4·现金管理），业绩比较基准7.7%，366天，100000元起投，T+1 次日赎回。理财非存款，产品有风险，投资须谨慎。
C002760,2,P005,call,周末14:00-18:00,您好，我是您的专属理财顾问，为您介绍：现金管理005号（R5·现金管理），业绩比较基准11.0%，灵活存续，100000元起投，T+0 随时赎回。该产品风险等级高于您的风险偏好，请谨慎选择。理财非存款，产品有风险，投资须谨慎。
C002760,3,P004,call,工作日18:00-21:00,您好，我是您的专属理财顾问，为您介绍：现金管理004号（R5·现金管理），业绩比较基准8.6%，灵活存续，1000元起投，封闭运作。该产品风险等级高于您的风险偏好，请谨慎选择。理财非存款，产品有风险，投资须谨慎。
C002762,1,P014,app_push,工作日09:00-12:00,专属推荐：混合014号（R1·混合），业绩比较基准2.3%，90天，10000元起投，T+1 次日赎回。理财非存款，产品有风险，投资须谨慎。
C002762,2,P012,app_push,工作日18:00-21:00,专属推荐：混合012号（R2·混合），业绩比较基准3.7%，90天，10000元起投，T+1 次日赎回。该产品风险等级高于您的风险偏好，请谨慎选择。理财非存款，产品有风险，投资须谨慎。
C002762,3,P013,app_push,周末09:00-12:00,专属推荐：定开013号（R2·定开），业绩比较基准3.5%，灵活存续，10000元起投，T+0 随时赎回。该产品风险等级高于您的风险偏好，请谨慎选择。理财非存款，产品有风险，投资须谨慎。
C002765,1,P029,manager,工作日09:00-12:00,金卡贵宾专享：固定期限029号（R4·固定期限），业绩比较基准7.8%，灵活存续，10000元起投，封闭运作，可为您预约专属认购。该产品风险等级高于您的风险偏好，请谨慎选择。理财非存款，产品有风险，投资须谨慎。
C002765,2,P030,manager,工作日12:00-14:00,金卡贵宾专享：固定期限030号（R2·固定期限），业绩比较基准3.1%，730天，1000元起投，T+0 随时赎回，可为您预约专属认购。理财非存款，产品有风险，投资须谨慎。
C002765,3,P025,manager,工作日18:00-21:00,金卡贵宾专享：定开025号（R3·定开），业绩比较基准5.2%，366天，1000元起投，T+0 随时赎回，可为您预约专属认购。理财非存款，产品有风险，投资须谨慎。
C002769,1,P012,call,工作日09:00-12:00,您好，我是您的专属理财顾问，为您介绍：混合012号（R2·混合），业绩比较基准3.7%，90天，10000元起投，T+1 次日赎回。理财非存款，产品有风险，投资须谨慎。
C002769,2,P013,call,工作日12:00-14:00,您好，我是您的专属理财顾问，为您介绍：定开013号（R2·定开），业绩比较基准3.5%，灵活存续，10000元起投，T+0 随时赎回。理财非存款，产品有风险，投资须谨慎。
C002769,3,P011,call,周末14:00-18:00,您好，我是您的专属理财顾问，为您介绍：固定期限011号（R2·固定期限），业绩比较基准3.3%，90天，10000元起投，T+0 随时赎回。理财非存款，产品有风险，投资须谨慎。
C002773,1,P029,call,工作日09:00-12:00,您好，我是您的专属理财顾问，为您介绍：固定期限029号（R4·固定期限），业绩比较基准7.8%，灵活存续，10000元起投，封闭运作。理财非存款，产品有风险，投资须谨慎。
C002773,2,P002,call,工作日12:00-14:00,您好，我是您的专属理财顾问，为您介绍：固定期限002号（R5·固定期限），业绩比较基准11.3%，366天，1000元起投，T+0 随时赎回。该产品风险等级高于您的风险偏好，请谨慎选择。理财非存款，产品有风险，投资须谨慎。
C002773,3,P023,call,周末09:00-12:00,您好，我是您的专属理财顾问，为您介绍：固定期限023号（R5·固定期限），业绩比较基准9.8%，灵活存续，1000元起投，T+1 次日赎回。该产品风险等级高于您的风险偏好，请谨慎选择。理财非存款，产品有风险，投资须谨慎。
C002779,1,P001,call,工作日09:00-12:00,您好，我是您的专属理财顾问，为您介绍：混合001号（R3·混合），业绩比较基准5.5%，730天，50000元起投，封闭运作。该产品风险等级高于您的风险偏好，请谨慎选择。理财非存款，产品有风险，投资须谨慎。
C002779,2,P006,call,工作日12:00-14:00,您好，我是您的专属理财顾问，为您介绍：混合006号（R3·混合），业绩比较基准5.1%，灵活存续，50000元起投，T+1 次日赎回。该产品风险等级高于您的风险偏好，请谨慎选择。理财非存款，产品有风险，投资须谨慎。
C002779,3,P012,call,工作日18:00-21:00,您好，我是您的专属理财顾问，为您介绍：混合012号（R2·混合），业绩比较基准3.7%，90天，10000元起投，T+1 次日赎回。理财非存款，产品有风险，投资须谨慎。
C002781,1,P018,call,工作日18:00-21:00,您好，我是您的专属理财顾问，为您介绍：现金管理018号（R2·现金管理），业绩比较基准3.6%，730天，10000元起投，T+0 随时赎回。该产品风险等级高于您的风险偏好，请谨慎选择。理财非存款，产品有风险，投资须谨慎。
C002781,2,P014,call,周末09:00-12:00,您好，我是您的专属理财顾问，为您介绍：混合014号（R1·混合），业绩比较基准2.3%，90天，10000元起投，T+1 次日赎回。理财非存款，产品有风险，投资须谨慎。
C002781,3,P011,call,周末14:00-18:00,您好，我是您的专属理财顾问，为您介绍：固定期限011号（R2·固定期限），业绩比较基准3.3%，90天，10000元起投，T+0 随时赎回。该产品风险等级高于您的风险偏好，请谨慎选择。理财非存款，产品有风险，投资须谨慎。
C002782,1,P012,app_push,工作日18:00-21:00,专属推荐：混合012号（R2·混合），业绩比较基准3.7%，90天，10000元起投，T+1 次日赎回。理财非存款，产品有风险，投资须谨慎。
C002782,2,P011,app_push,周末09:00-12:00,专属推荐：固定期限011号（R2·固定期限），业绩比较基准3.3%，90天，10000元起投，T+0 随时赎回。理财非存款，产品有风险，投资须谨慎。
C002782,3,P026,app_push,周末14:00-18:00,专属推荐：混合026号（R2·混合），业绩比较基准3.1%，180天，1000元起投，T+1 次日赎回。理财非存款，产品有风险，投资须谨慎。
C002785,1,P025,manager,工作日09:00-12:00,银卡贵宾专享：定开025号（R3·定开），业绩比较基准5.2%，366天，1000元起投，T+0 随时赎回，可为您预约专属认购。理财非存款，产品有风险，投资须谨慎。
C002785,2,P024,manager,工作日12:00-14:00,银卡贵宾专享：定开024号（R3·定开），业绩比较基准4.7%，90天，1000元起投，T+1 次日赎回，可为您预约专属认购。理财非存款，产品有风险，投资须谨慎。
C002785,3,P017,manager,周末09:00-12:00,银卡贵宾专享：现金管理017号（R3·现金管理），业绩比较基准4.3%，180天，1000元起投，T+1 次日赎回，可为您预约专属认购。理财非存款，产品有风险，投资须谨慎。
C002789,1,P019,call,工作日09:00-12:00,您好，我是您的专属理财顾问，为您介绍：定开019号（R2·定开），业绩比较基准3.3%，灵活存续，1000元起投，T+0 随时赎回。理财非存款，产品有风险，投资须谨慎。
C002789,2,P025,call,工作日18:00-21:00,您好，我是您的专属理财顾问，为您介绍：定开025号（R3·定开），业绩比较基准5.2%，366天，1000元起投，T+0 随时赎回。该产品风险等级高于您的风险偏好，请谨慎选择。理财非存款，产品有风险，投资须谨慎。
C002789,3,P024,call,周末14:00-18:00,您好，我是您的专属理财顾问，为您介绍：定开024号（R3·定开），业绩比较基准4.7%，90天，1000元起投，T+1 次日赎回。该产品风险等级高于您的风险偏好，请谨慎选择。理财非存款，产品有风险，投资须谨慎。
C002792,1,P025,app_push,工作日18:00-21:00,专属推荐：定开025号（R3·定开），业绩比较基准5.2%，366天，1000元起投，T+0 随时赎回。理财非存款，产品有风险，投资须谨慎。
C002792,2,P006,app_push,周末14:00-18:00,专属推荐：混合006号（R3·混合），业绩比较基准5.1%，灵活存续，50000元起投，T+1 次日赎回。理财非存款，产品有风险，投资须谨慎。
C002792,3,P001,app_push,周末09:00-12:00,专属推荐：混合001号（R3·混合），业绩比较基准5.5%，730天，50000元起投，封闭运作。理财非存款，产品有风险，投资须谨慎。
C002793,1,P011,app_push,工作日09:00-12:00,专属推荐：固定期限011号（R2·固定期限），业绩比较基准3.3%，90天，10000元起投，T+0 随时赎回。理财非存款，产品有风险，投资须谨慎。
C002793,2,P022,app_push,工作日12:00-14:00,专属推荐：定开022号（R2·定开），业绩比较基准3.0%，730天，10000元起投，T+1 次日赎回。理财非存款，产品有风险，投资须谨慎。
C002793,3,P013,app_push,周末09:00-12:00,专属推荐：定开013号（R2·定开），业绩比较基准3.5%，灵活存续，10000元起投，T+0 随时赎回。理财非存款，产品有风险，投资须谨慎。
C002797,1,P030,call,工作日12:00-14:00,您好，我是您的专属理财顾问，为您介绍：固定期限030号（R2·固定期限），业绩比较基准3.1%，730天，1000元起投，T+0 随时赎回。理财非存款，产品有风险，投资须谨慎。
C002797,2,P026,call,周末14:00-18:00,您好，我是您的专属理财顾问，为您介绍：混合026号（R2·混合），业绩比较基准3.1%，180天，1000元起投，T+1 次日赎回。理财非存款，产品有风险，投资须谨慎。
C002797,3,P019,call,工作日18:00-21:00,您好，我是您的专属理财顾问，为您介绍：定开019号（R2·定开），业绩比较基准3.3%，灵活存续，1000元起投，T+0 随时赎回。理财非存款，产品有风险，投资须谨慎。
C002802,1,P030,app_push,工作日12:00-14:00,专属推荐：固定期限030号（R2·固定期限），业绩比较基准3.1%，730天，1000元起投，T+0 随时赎回。理财非存款，产品有风险，投资须谨慎。
C002802,2,P011,app_push,工作日18:00-21:00,专属推荐：固定期限011号（R2·固定期限），业绩比较基准3.3%，90天，10000元起投，T+0 随时赎回。理财非存款，产品有风险，投资须谨慎。
C002802,3,P019,app_push,周末14:00-18:00,专属推荐：定开019号（R2·定开），业绩比较基准3.3%，灵活存续，1000元起投，T+0 随时赎回。理财非存款，产品有风险，投资须谨慎。
C002805,1,P025,app_push,工作日12:00-14:00,专属推荐：定开025号（R3·定开），业绩比较基准5.2%，366天，1000元起投，T+0 随时赎回。理财非存款，产品有风险，投资须谨慎。
C002805,2,P024,app_push,工作日18:00-21:00,专属推荐：定开024号（R3·定开），业绩比较基准4.7%，90天，1000元起投，T+1 次日赎回。理财非存款，产品有风险，投资须谨慎。
C002805,3,P001,app_push,周末14:00-18:00,专属推荐：混合001号（R3·混合），业绩比较基准5.5%，730天，50000元起投，封闭运作。理财非存款，产品有风险，投资须谨慎。
C002806,1,P025,manager,工作日12:00-14:00,钻石贵宾专享：定开025号（R3·定开），业绩比较基准5.2%，366天，1000元起投，T+0 随时赎回，可为您预约专属认购。理财非存款，产品有风险，投资须谨慎。
C002806,2,P024,manager,周末14:00-18:00,钻石贵宾专享：定开024号（R3·定开），业绩比较基准4.7%，90天，1000元起投，T+1 次日赎回，可为您预约专属认购。理财非存款，产品有风险，投资须谨慎。
C002806,3,P008,manager,工作日18:00-21:00,钻石贵宾专享：定开008号（R3·定开），业绩比较基准5.1%，366天，10000元起投，封闭运作，可为您预约专属认购。理财非存款，产品有风险，投资须谨慎。
C002809,1,P026,call,工作日12:00-14:00,您好，我是您的专属理财顾问，为您介绍：混合026号（R2·混合），业绩比较基准3.1%，180天，1000元起投，T+1 次日赎回。理财非存款，产品有风险，投资须谨慎。
C002809,2,P019,call,周末14:00-18:00,您好，我是您的专属理财顾问，为您介绍：定开019号（R2·定开），业绩比较基准3.3%，灵活存续，1000元起投，T+0 随时赎回。理财非存款，产品有风险，投资须谨慎。
C002809,3,P030,call,工作日18:00-21:00,您好，我是您的专属理财顾问，为您介绍：固定期限030号（R2·固定期限），业绩比较基准3.1%，730天，1000元起投，T+0 随时赎回。理财非存款，产品有风险，投资须谨慎。
C002811,1,P012,app_push,工作日09:00-12:00,专属推荐：混合012号（R2·混合），业绩比较基准3.7%，90天，10000元起投，T+1 次日赎回。理财非存款，产品有风险，投资须谨慎。
C002811,2,P013,app_push,工作日12:00-14:00,专属推荐：定开013号（R2·定开），业绩比较基准3.5%，灵活存续，10000元起投，T+0 随时赎回。理财非存款，产品有风险，投资须谨慎。
C002811,3,P011,app_push,工作日18:00-21:00,专属推荐：固定期限011号（R2·固定期限），业绩比较基准3.3%，90天，10000元起投，T+0 随时赎回。理财非存款，产品有风险，投资须谨慎。
C002812,1,P029,app_push,工作日09:00-12:00,专属推荐：固定期限029号（R4·固定期限），业绩比较基准7.8%，灵活存续，10000元起投，封闭运作。理财非存款，产品有风险，投资须谨慎。
C002812,2,P002,app_push,工作日12:00-14:00,专属推荐：固定期限002号（R5·固定期限），业绩比较基准11.3%，366天，1000元起投，T+0 随时赎回。该产品风险等级高于您的风险偏好，请谨慎选择。理财非存款，产品有风险，投资须谨慎。
C002812,3,P023,app_push,周末14:00-18:00,专属推荐：固定期限023号（R5·固定期限），业绩比较基准9.8%，灵活存续，1000元起投，T+1 次日赎回。该产品风险等级高于您的风险偏好，请谨慎选择。理财非存款，产品有风险，投资须谨慎。
C002819,1,P026,app_push,工作日12:00-14:00,专属推荐：混合026号（R2·混合），业绩比较基准3.1%，180天，1000元起投，T+1 次日赎回。理财非存款，产品有风险，投资须谨慎。
C002819,2,P012,app_push,工作日18:00-21:00,专属推荐：混合012号（R2·混合），业绩比较基准3.7%，90天，10000元起投，T+1 次日赎回。理财非存款，产品有风险，投资须谨慎。
C002819,3,P019,app_push,周末14:00-18:00,专属推荐：定开019号（R2·定开），业绩比较基准3.3%，灵活存续，1000元起投，T+0 随时赎回。理财非存款，产品有风险，投资须谨慎。
C002820,1,P025,app_push,工作日09:00-12:00,专属推荐：定开025号（R3·定开），业绩比较基准5.2%，366天，1000元起投，T+0 随时赎回。理财非存款，产品有风险，投资须谨慎。
C002820,2,P024,app_push,工作日18:00-21:00,专属推荐：定开024号（R3·定开），业绩比较基准4.7%，90天，1000元起投，T+1 次日赎回。理财非存款，产品有风险，投资须谨慎。
C002820,3,P008,app_push,周末09:00-12:00,专属推荐：定开008号（R3·定开），业绩比较基准5.1%，366天，10000元起投，封闭运作。理财非存款，产品有风险，投资须谨慎。
C002826,1,P014,app_push,工作日18:00-21:00,专属推荐：混合014号（R1·混合），业绩比较基准2.3%，90天，10000元起投，T+1 次日赎回。理财非存款，产品有风险，投资须谨慎。
C002826,2,P010,app_push,周末09:00-12:00,专属推荐：现金管理010号（R1·现金管理），业绩比较基准2.8%，366天，50000元起投，T+0 随时赎回。理财非存款，产品有风险，投资须谨慎。
C002826,3,P011,app_push,周末14:00-18:00,专属推荐：固定期限011号（R2·固定期限），业绩比较基准3.3%，90天，10000元起投，T+0 随时赎回。该产品风险等级高于您的风险偏好，请谨慎选择。理财非存款，产品有风险，投资须谨慎。
C002836,1,P030,app_push,工作日12:00-14:00,专属推荐：固定期限030号（R2·固定期限），业绩比较基准3.1%，730天，1000元起投，T+0 随时赎回。理财非存款，产品有风险，投资须谨慎。
C002836,2,P025,app_push,工作日18:00-21:00,专属推荐：定开025号（R3·定开），业绩比较基准5.2%，366天，1000元起投，T+0 随时赎回。理财非存款，产品有风险，投资须谨慎。
C002836,3,P024,app_push,周末14:00-18:00,专属推荐：定开024号（R3·定开），业绩比较基准4.7%，90天，1000元起投，T+1 次日赎回。理财非存款，产品有风险，投资须谨慎。
C002839,1,P026,app_push,工作日18:00-21:00,专属推荐：混合026号（R2·混合），业绩比较基准3.1%，180天，1000元起投，T+1 次日赎回。该产品风险等级高于您的风险偏好，请谨慎选择。理财非存款，产品有风险，投资须谨慎。
C002839,2,P019,app_push,周末14:00-18:00,专属推荐：定开019号（R2·定开），业绩比较基准3.3%，灵活存续，1000元起投，T+0 随时赎回。该产品风险等级高于您的风险偏好，请谨慎选择。理财非存款，产品有风险，投资须谨慎。
C002839,3,P030,app_push,周末09:00-12:00,专属推荐：固定期限030号（R2·固定期限），业绩比较基准3.1%，730天，1000元起投，T+0 随时赎回。该产品风险等级高于您的风险偏好，请谨慎选择。理财非存款，产品有风险，投资须谨慎。
C002843,1,P030,app_push,工作日12:00-14:00,专属推荐：固定期限030号（R2·固定期限），业绩比较基准3.1%，730天，1000元起投，T+0 随时赎回。理财非存款，产品有风险，投资须谨慎。
C002843,2,P019,app_push,工作日18:00-21:00,专属推荐：定开019号（R2·定开），业绩比较基准3.3%，灵活存续，1000元起投，T+0 随时赎回。理财非存款，产品有风险，投资须谨慎。
C002843,3,P026,app_push,周末14:00-18:00,专属推荐：混合026号（R2·混合），业绩比较基准3.1%，180天，1000元起投，T+1 次日赎回。理财非存款，产品有风险，投资须谨慎。
C002846,1,P002,manager,工作日09:00-12:00,钻石贵宾专享：固定期限002号（R5·固定期限），业绩比较基准11.3%，366天，1000元起投，T+0 随时赎回，可为您预约专属认购。该产品风险等级高于您的风险偏好，请谨慎选择。理财非存款，产品有风险，投资须谨慎。
C002846,2,P027,manager,工作日12:00-14:00,钻石贵宾专享：现金管理027号（R4·现金管理），业绩比较基准7.7%，366天，100000元起投，T+1 次日赎回，可为您预约专属认购。理财非存款，产品有风险，投资须谨慎。
C002846,3,P023,manager,周末09:00-12:00,钻石贵宾专享：固定期限023号（R5·固定期限），业绩比较基准9.8%，灵活存续，1000元起投，T+1 次日赎回，可为您预约专属认购。该产品风险等级高于您的风险偏好，请谨慎选择。理财非存款，产品有风险，投资须谨慎。
C002851,1,P004,app_push,工作日09:00-12:00,专属推荐：现金管理004号（R5·现金管理），业绩比较基准8.6%，灵活存续，1000元起投，封闭运作。该产品风险等级高于您的风险偏好，请谨慎选择。理财非存款，产品有风险，投资须谨慎。
C002851,2,P017,app_push,工作日12:00-14:00,专属推荐：现金管理017号（R3·现金管理），业绩比较基准4.3%，180天，1000元起投，T+1 次日赎回。理财非存款，产品有风险，投资须谨慎。
C002851,3,P002,app_push,工作日18:00-21:00,专属推荐：固定期限002号（R5·固定期限），业绩比较基准11.3%，366天，1000元起投，T+0 随时赎回。该产品风险等级高于您的风险偏好，请谨慎选择。理财非存款，产品有风险，投资须谨慎。
C002852,1,P004,app_push,工作日09:00-12:00,专属推荐：现金管理004号（R5·现金管理），业绩比较基准8.6%，灵活存续，1000元起投，封闭运作。该产品风险等级高于您的风险偏好，请谨慎选择。理财非存款，产品有风险，投资须谨慎。
C002852,2,P029,app_push,工作日12:00-14:00,专属推荐：固定期限029号（R4·固定期限），业绩比较基准7.8%，灵活存续，10000元起投，封闭运作。理财非存款，产品有风险，投资须谨慎。
C002852,3,P017,app_push,工作日18:00-21:00,专属推荐：现金管理017号（R3·现金管理），业绩比较基准4.3%，180天，1000元起投，T+1 次日赎回。理财非存款，产品有风险，投资须谨慎。
C002853,1,P029,call,工作日09:00-12:00,您好，我是您的专属理财顾问，为您介绍：固定期限029号（R4·固定期限），业绩比较基准7.8%，灵活存续，10000元起投，封闭运作。理财非存款，产品有风险，投资须谨慎。
C002853,2,P002,call,工作日18:00-21:00,您好，我是您的专属理财顾问，为您介绍：固定期限002号（R5·固定期限），业绩比较基准11.3%，366天，1000元起投，T+0 随时赎回。该产品风险等级高于您的风险偏好，请谨慎选择。理财非存款，产品有风险，投资须谨慎。
C002853,3,P023,call,周末14:00-18:00,您好，我是您的专属理财顾问，为您介绍：固定期限023号（R5·固定期限），业绩比较基准9.8%，灵活存续，1000元起投，T+1 次日赎回。该产品风险等级高于您的风险偏好，请谨慎选择。理财非存款，产品有风险，投资须谨慎。
C002857,1,P025,app_push,工作日12:00-14:00,专属推荐：定开025号（R3·定开），业绩比较基准5.2%，366天，1000元起投，T+0 随时赎回。理财非存款，产品有风险，投资须谨慎。
C002857,2,P024,app_push,工作日18:00-21:00,专属推荐：定开024号（R3·定开），业绩比较基准4.7%，90天，1000元起投，T+1 次日赎回。理财非存款，产品有风险，投资须谨慎。
C002857,3,P017,app_push,周末14:00-18:00,专属推荐：现金管理017号（R3·现金管理），业绩比较基准4.3%，180天，1000元起投，T+1 次日赎回。理财非存款，产品有风险，投资须谨慎。
C002864,1,P025,app_push,工作日12:00-14:00,专属推荐：定开025号（R3·定开），业绩比较基准5.2%，366天，1000元起投，T+0 随时赎回。理财非存款，产品有风险，投资须谨慎。
C002864,2,P024,app_push,周末14:00-18:00,专属推荐：定开024号（R3·定开），业绩比较基准4.7%，90天，1000元起投，T+1 次日赎回。理财非存款，产品有风险，投资须谨慎。
C002864,3,P017,app_push,工作日18:00-21:00,专属推荐：现金管理017号（R3·现金管理），业绩比较基准4.3%，180天，1000元起投，T+1 次日赎回。理财非存款，产品有风险，投资须谨慎。
C002866,1,P017,app_push,工作日12:00-14:00,专属推荐：现金管理017号（R3·现金管理），业绩比较基准4.3%，180天，1000元起投，T+1 次日赎回。该产品风险等级高于您的风险偏好，请谨慎选择。理财非存款，产品有风险，投资须谨慎。
C002866,2,P026,app_push,工作日18:00-21:00,专属推荐：混合026号（R2·混合），业绩比较基准3.1%，180天，1000元起投，T+1 次日赎回。理财非存款，产品有风险，投资须谨慎。
C002866,3,P019,app_push,周末14:00-18:00,专属推荐：定开019号（R2·定开），业绩比较基准3.3%，灵活存续，1000元起投，T+0 随时赎回。理财非存款，产品有风险，投资须谨慎。
C002867,1,P025,call,工作日18:00-21:00,您好，我是您的专属理财顾问，为您介绍：定开025号（R3·定开），业绩比较基准5.2%，366天，1000元起投，T+0 随时赎回。理财非存款，产品有风险，投资须谨慎。
C002867,2,P024,call,周末14:00-18:00,您好，我是您的专属理财顾问，为您介绍：定开024号（R3·定开），业绩比较基准4.7%，90天，1000元起投，T+1 次日赎回。理财非存款，产品有风险，投资须谨慎。
C002867,3,P017,call,周末09:00-12:00,您好，我是您的专属理财顾问，为您介绍：现金管理017号（R3·现金管理），业绩比较基准4.3%，180天，1000元起投，T+1 次日赎回。理财非存款，产品有风险，投资须谨慎。
C002871,1,P011,call,工作日12:00-14:00,您好，我是您的专属理财顾问，为您介绍：固定期限011号（R2·固定期限），业绩比较基准3.3%，90天，10000元起投，T+0 随时赎回。理财非存款，产品有风险，投资须谨慎。
C002871,2,P012,call,周末14:00-18:00,您好，我是您的专属理财顾问，为您介绍：混合012号（R2·混合），业绩比较基准3.7%，90天，10000元起投，T+1 次日赎回。理财非存款，产品有风险，投资须谨慎。
C002871,3,P013,call,工作日18:00-21:00,您好，我是您的专属理财顾问，为您介绍：定开013号（R2·定开），业绩比较基准3.5%，灵活存续，10000元起投，T+0 随时赎回。理财非存款，产品有风险，投资须谨慎。
C002872,1,P025,app_push,工作日18:00-21:00,专属推荐：定开025号（R3·定开），业绩比较基准5.2%，366天，1000元起投，T+0 随时赎回。理财非存款，产品有风险，投资须谨慎。
C002872,2,P024,app_push,周末09:00-12:00,专属推荐：定开024号（R3·定开），业绩比较基准4.7%，90天，1000元起投，T+1 次日赎回。理财非存款，产品有风险，投资须谨慎。
C002872,3,P017,app_push,周末14:00-18:00,专属推荐：现金管理017号（R3·现金管理），业绩比较基准4.3%，180天，1000元起投，T+1 次日赎回。理财非存款，产品有风险，投资须谨慎。
C002873,1,P012,app_push,工作日18:00-21:00,专属推荐：混合012号（R2·混合），业绩比较基准3.7%，90天，10000元起投，T+1 次日赎回。理财非存款，产品有风险，投资须谨慎。
C002873,2,P011,app_push,周末14:00-18:00,专属推荐：固定期限011号（R2·固定期限），业绩比较基准3.3%，90天，10000元起投，T+0 随时赎回。理财非存款，产品有风险，投资须谨慎。
C002873,3,P013,app_push,周末09:00-12:00,专属推荐：定开013号（R2·定开），业绩比较基准3.5%，灵活存续，10000元起投，T+0 随时赎回。理财非存款，产品有风险，投资须谨慎。
C002879,1,P029,app_push,工作日09:00-12:00,专属推荐：固定期限029号（R4·固定期限），业绩比较基准7.8%，灵活存续，10000元起投，封闭运作。理财非存款，产品有风险，投资须谨慎。
C002879,2,P002,app_push,工作日12:00-14:00,专属推荐：固定期限002号（R5·固定期限），业绩比较基准11.3%，366天，1000元起投，T+0 随时赎回。该产品风险等级高于您的风险偏好，请谨慎选择。理财非存款，产品有风险，投资须谨慎。
C002879,3,P023,app_push,工作日18:00-21:00,专属推荐：固定期限023号（R5·固定期限），业绩比较基准9.8%，灵活存续，1000元起投，T+1 次日赎回。该产品风险等级高于您的风险偏好，请谨慎选择。理财非存款，产品有风险，投资须谨慎。
C002881,1,P025,app_push,工作日18:00-21:00,专属推荐：定开025号（R3·定开），业绩比较基准5.2%，366天，1000元起投，T+0 随时赎回。理财非存款，产品有风险，投资须谨慎。
C002881,2,P024,app_push,周末14:00-18:00,专属推荐：定开024号（R3·定开），业绩比较基准4.7%，90天，1000元起投，T+1 次日赎回。理财非存款，产品有风险，投资须谨慎。
C002881,3,P002,app_push,周末09:00-12:00,专属推荐：固定期限002号（R5·固定期限），业绩比较基准11.3%，366天，1000元起投，T+0 随时赎回。该产品风险等级高于您的风险偏好，请谨慎选择。理财非存款，产品有风险，投资须谨慎。
C002885,1,P014,call,工作日18:00-21:00,您好，我是您的专属理财顾问，为您介绍：混合014号（R1·混合），业绩比较基准2.3%，90天，10000元起投，T+1 次日赎回。理财非存款，产品有风险，投资须谨慎。
C002885,2,P026,call,周末09:00-12:00,您好，我是您的专属理财顾问，为您介绍：混合026号（R2·混合），业绩比较基准3.1%，180天，1000元起投，T+1 次日赎回。该产品风险等级高于您的风险偏好，请谨慎选择。理财非存款，产品有风险，投资须谨慎。
C002885,3,P010,call,周末14:00-18:00,您好，我是您的专属理财顾问，为您介绍：现金管理010号（R1·现金管理），业绩比较基准2.8%，366天，50000元起投，T+0 随时赎回。理财非存款，产品有风险，投资须谨慎。
C002887,1,P025,app_push,工作日09:00-12:00,专属推荐：定开025号（R3·定开），业绩比较基准5.2%，366天，1000元起投，T+0 随时赎回。理财非存款，产品有风险，投资须谨慎。
C002887,2,P024,app_push,工作日12:00-14:00,专属推荐：定开024号（R3·定开），业绩比较基准4.7%，90天，1000元起投，T+1 次日赎回。理财非存款，产品有风险，投资须谨慎。
C002887,3,P008,app_push,周末09:00-12:00,专属推荐：定开008号（R3·定开），业绩比较基准5.1%，366天，10000元起投，封闭运作。理财非存款，产品有风险，投资须谨慎。
C002891,1,P002,app_push,工作日12:00-14:00,专属推荐：固定期限002号（R5·固定期限），业绩比较基准11.3%，366天，1000元起投，T+0 随时赎回。理财非存款，产品有风险，投资须谨慎。
C002891,2,P023,app_push,周末14:00-18:00,专属推荐：固定期限023号（R5·固定期限），业绩比较基准9.8%，灵活存续，1000元起投，T+1 次日赎回。理财非存款，产品有风险，投资须谨慎。
C002891,3,P004,app_push,工作日18:00-21:00,专属推荐：现金管理004号（R5·现金管理），业绩比较基准8.6%，灵活存续，1000元起投，封闭运作。理财非存款，产品有风险，投资须谨慎。
C002899,1,P002,app_push,工作日12:00-14:00,专属推荐：固定期限002号（R5·固定期限），业绩比较基准11.3%，366天，1000元起投，T+0 随时赎回。理财非存款，产品有风险，投资须谨慎。
C002899,2,P023,app_push,工作日18:00-21:00,专属推荐：固定期限023号（R5·固定期限），业绩比较基准9.8%，灵活存续，1000元起投，T+1 次日赎回。理财非存款，产品有风险，投资须谨慎。
C002899,3,P004,app_push,周末14:00-18:00,专属推荐：现金管理004号（R5·现金管理），业绩比较基准8.6%，灵活存续，1000元起投，封闭运作。理财非存款，产品有风险，投资须谨慎。
C002901,1,P017,app_push,工作日12:00-14:00,专属推荐：现金管理017号（R3·现金管理），业绩比较基准4.3%，180天，1000元起投，T+1 次日赎回。理财非存款，产品有风险，投资须谨慎。
C002901,2,P025,app_push,工作日18:00-21:00,专属推荐：定开025号（R3·定开），业绩比较基准5.2%，366天，1000元起投，T+0 随时赎回。理财非存款，产品有风险，投资须谨慎。
C002901,3,P024,app_push,周末14:00-18:00,专属推荐：定开024号（R3·定开），业绩比较基准4.7%，90天，1000元起投，T+1 次日赎回。理财非存款，产品有风险，投资须谨慎。
C002906,1,P026,call,工作日12:00-14:00,您好，我是您的专属理财顾问，为您介绍：混合026号（R2·混合），业绩比较基准3.1%，180天，1000元起投，T+1 次日赎回。理财非存款，产品有风险，投资须谨慎。
C002906,2,P025,call,工作日18:00-21:00,您好，我是您的专属理财顾问，为您介绍：定开025号（R3·定开），业绩比较基准5.2%，366天，1000元起投，T+0 随时赎回。理财非存款，产品有风险，投资须谨慎。
C002906,3,P024,call,周末14:00-18:00,您好，我是您的专属理财顾问，为您介绍：定开024号（R3·定开），业绩比较基准4.7%，90天，1000元起投，T+1 次日赎回。理财非存款，产品有风险，投资须谨慎。
C002911,1,P014,call,工作日12:00-14:00,您好，我是您的专属理财顾问，为您介绍：混合014号（R1·混合），业绩比较基准2.3%，90天，10000元起投，T+1 次日赎回。理财非存款，产品有风险，投资须谨慎。
C002911,2,P010,call,周末14:00-18:00,您好，我是您的专属理财顾问，为您介绍：现金管理010号（R1·现金管理），业绩比较基准2.8%，366天，50000元起投，T+0 随时赎回。理财非存款，产品有风险，投资须谨慎。
C002911,3,P013,call,工作日18:00-21:00,您好，我是您的专属理财顾问，为您介绍：定开013号（R2·定开），业绩比较基准3.5%，灵活存续，10000元起投，T+0 随时赎回。该产品风险等级高于您的风险偏好，请谨慎选择。理财非存款，产品有风险，投资须谨慎。
C002915,1,P014,call,工作日18:00-21:00,您好，我是您的专属理财顾问，为您介绍：混合014号（R1·混合），业绩比较基准2.3%，90天，10000元起投，T+1 次日赎回。理财非存款，产品有风险，投资须谨慎。
C002915,2,P010,call,周末14:00-18:00,您好，我是您的专属理财顾问，为您介绍：现金管理010号（R1·现金管理），业绩比较基准2.8%，366天，50000元起投，T+0 随时赎回。理财非存款，产品有风险，投资须谨慎。
C002915,3,P026,call,周末09:00-12:00,您好，我是您的专属理财顾问，为您介绍：混合026号（R2·混合），业绩比较基准3.1%，180天，1000元起投，T+1 次日赎回。该产品风险等级高于您的风险偏好，请谨慎选择。理财非存款，产品有风险，投资须谨慎。
C002918,1,P017,app_push,工作日09:00-12:00,专属推荐：现金管理017号（R3·现金管理），业绩比较基准4.3%，180天，1000元起投，T+1 次日赎回。理财非存款，产品有风险，投资须谨慎。
C002918,2,P024,app_push,工作日12:00-14:00,专属推荐：定开024号（R3·定开），业绩比较基准4.7%，90天，1000元起投，T+1 次日赎回。理财非存款，产品有风险，投资须谨慎。
C002918,3,P025,app_push,工作日18:00-21:00,专属推荐：定开025号（R3·定开），业绩比较基准5.2%，366天，1000元起投，T+0 随时赎回。理财非存款，产品有风险，投资须谨慎。
C002920,1,P002,call,工作日09:00-12:00,您好，我是您的专属理财顾问，为您介绍：固定期限002号（R5·固定期限），业绩比较基准11.3%，366天，1000元起投，T+0 随时赎回。理财非存款，产品有风险，投资须谨慎。
C002920,2,P023,call,工作日12:00-14:00,您好，我是您的专属理财顾问，为您介绍：固定期限023号（R5·固定期限），业绩比较基准9.8%，灵活存续，1000元起投，T+1 次日赎回。理财非存款，产品有风险，投资须谨慎。
C002920,3,P004,call,周末09:00-12:00,您好，我是您的专属理财顾问，为您介绍：现金管理004号（R5·现金管理），业绩比较基准8.6%，灵活存续，1000元起投，封闭运作。理财非存款，产品有风险，投资须谨慎。
C002923,1,P029,app_push,工作日12:00-14:00,专属推荐：固定期限029号（R4·固定期限），业绩比较基准7.8%，灵活存续，10000元起投，封闭运作。理财非存款，产品有风险，投资须谨慎。
C002923,2,P002,app_push,工作日18:00-21:00,专属推荐：固定期限002号（R5·固定期限），业绩比较基准11.3%，366天，1000元起投，T+0 随时赎回。该产品风险等级高于您的风险偏好，请谨慎选择。理财非存款，产品有风险，投资须谨慎。
C002923,3,P023,app_push,周末14:00-18:00,专属推荐：固定期限023号（R5·固定期限），业绩比较基准9.8%，灵活存续，1000元起投，T+1 次日赎回。该产品风险等级高于您的风险偏好，请谨慎选择。理财非存款，产品有风险，投资须谨慎。
C002925,1,P026,app_push,工作日18:00-21:00,专属推荐：混合026号（R2·混合），业绩比较基准3.1%，180天，1000元起投，T+1 次日赎回。理财非存款，产品有风险，投资须谨慎。
C002925,2,P025,app_push,周末14:00-18:00,专属推荐：定开025号（R3·定开），业绩比较基准5.2%，366天，1000元起投，T+0 随时赎回。理财非存款，产品有风险，投资须谨慎。
C002925,3,P024,app_push,周末09:00-12:00,专属推荐：定开024号（R3·定开），业绩比较基准4.7%，90天，1000元起投，T+1 次日赎回。理财非存款，产品有风险，投资须谨慎。
C002926,1,P002,app_push,工作日09:00-12:00,专属推荐：固定期限002号（R5·固定期限），业绩比较基准11.3%，366天，1000元起投，T+0 随时赎回。理财非存款，产品有风险，投资须谨慎。
C002926,2,P023,app_push,工作日12:00-14:00,专属推荐：固定期限023号（R5·固定期限），业绩比较基准9.8%，灵活存续，1000元起投，T+1 次日赎回。理财非存款，产品有风险，投资须谨慎。
C002926,3,P004,app_push,工作日18:00-21:00,专属推荐：现金管理004号（R5·现金管理），业绩比较基准8.6%，灵活存续，1000元起投，封闭运作。理财非存款，产品有风险，投资须谨慎。
C002931,1,P002,app_push,工作日18:00-21:00,专属推荐：固定期限002号（R5·固定期限），业绩比较基准11.3%，366天，1000元起投，T+0 随时赎回。该产品风险等级高于您的风险偏好，请谨慎选择。理财非存款，产品有风险，投资须谨慎。
C002931,2,P029,app_push,周末14:00-18:00,专属推荐：固定期限029号（R4·固定期限），业绩比较基准7.8%，灵活存续，10000元起投，封闭运作。理财非存款，产品有风险，投资须谨慎。
C002931,3,P023,app_push,周末09:00-12:00,专属推荐：固定期限023号（R5·固定期限），业绩比较基准9.8%，灵活存续，1000元起投，T+1 次日赎回。该产品风险等级高于您的风险偏好，请谨慎选择。理财非存款，产品有风险，投资须谨慎。
C002932,1,P012,call,工作日09:00-12:00,您好，我是您的专属理财顾问，为您介绍：混合012号（R2·混合），业绩比较基准3.7%，90天，10000元起投，T+1 次日赎回。理财非存款，产品有风险，投资须谨慎。
C002932,2,P013,call,工作日12:00-14:00,您好，我是您的专属理财顾问，为您介绍：定开013号（R2·定开），业绩比较基准3.5%，灵活存续，10000元起投，T+0 随时赎回。理财非存款，产品有风险，投资须谨慎。
C002932,3,P011,call,周末09:00-12:00,您好，我是您的专属理财顾问，为您介绍：固定期限011号（R2·固定期限），业绩比较基准3.3%，90天，10000元起投，T+0 随时赎回。理财非存款，产品有风险，投资须谨慎。
C002933,1,P020,call,工作日18:00-21:00,您好，我是您的专属理财顾问，为您介绍：现金管理020号（R2·现金管理），业绩比较基准3.6%，366天，10000元起投，T+1 次日赎回。理财非存款，产品有风险，投资须谨慎。
C002933,2,P012,call,周末14:00-18:00,您好，我是您的专属理财顾问，为您介绍：混合012号（R2·混合），业绩比较基准3.7%，90天，10000元起投，T+1 次日赎回。理财非存款，产品有风险，投资须谨慎。
C002933,3,P026,call,周末09:00-12:00,您好，我是您的专属理财顾问，为您介绍：混合026号（R2·混合），业绩比较基准3.1%，180天，1000元起投，T+1 次日赎回。理财非存款，产品有风险，投资须谨慎。
C002947,1,P006,call,工作日12:00-14:00,您好，我是您的专属理财顾问，为您介绍：混合006号（R3·混合），业绩比较基准5.1%，灵活存续，50000元起投，T+1 次日赎回。理财非存款，产品有风险，投资须谨慎。
C002947,2,P001,call,工作日18:00-21:00,您好，我是您的专属理财顾问，为您介绍：混合001号（R3·混合），业绩比较基准5.5%，730天，50000元起投，封闭运作。理财非存款，产品有风险，投资须谨慎。
C002947,3,P025,call,周末14:00-18:00,您好，我是您的专属理财顾问，为您介绍：定开025号（R3·定开），业绩比较基准5.2%，366天，1000元起投，T+0 随时赎回。理财非存款，产品有风险，投资须谨慎。
C002948,1,P012,manager,工作日09:00-12:00,金卡贵宾专享：混合012号（R2·混合），业绩比较基准3.7%，90天，10000元起投，T+1 次日赎回，可为您预约专属认购。理财非存款，产品有风险，投资须谨慎。
C002948,2,P013,manager,工作日12:00-14:00,金卡贵宾专享：定开013号（R2·定开），业绩比较基准3.5%，灵活存续，10000元起投，T+0 随时赎回，可为您预约专属认购。理财非存款，产品有风险，投资须谨慎。
C002948,3,P026,manager,周末09:00-12:00,金卡贵宾专享：混合026号（R2·混合），业绩比较基准3.1%，180天，1000元起投，T+1 次日赎回，可为您预约专属认购。理财非存款，产品有风险，投资须谨慎。
C002954,1,P006,app_push,工作日09:00-12:00,专属推荐：混合006号（R3·混合），业绩比较基准5.1%，灵活存续，50000元起投，T+1 次日赎回。理财非存款，产品有风险，投资须谨慎。
C002954,2,P025,app_push,工作日12:00-14:00,专属推荐：定开025号（R3·定开），业绩比较基准5.2%，366天，1000元起投，T+0 随时赎回。理财非存款，产品有风险，投资须谨慎。
C002954,3,P024,app_push,周末14:00-18:00,专属推荐：定开024号（R3·定开），业绩比较基准4.7%，90天，1000元起投，T+1 次日赎回。理财非存款，产品有风险，投资须谨慎。
C002955,1,P014,manager,工作日09:00-12:00,银卡贵宾专享：混合014号（R1·混合），业绩比较基准2.3%，90天，10000元起投，T+1 次日赎回，可为您预约专属认购。理财非存款，产品有风险，投资须谨慎。
C002955,2,P010,manager,工作日12:00-14:00,银卡贵宾专享：现金管理010号（R1·现金管理），业绩比较基准2.8%，366天，50000元起投，T+0 随时赎回，可为您预约专属认购。理财非存款，产品有风险，投资须谨慎。
C002955,3,P009,manager,工作日18:00-21:00,银卡贵宾专享：现金管理009号（R2·现金管理），业绩比较基准4.0%，730天，50000元起投，T+0 随时赎回，可为您预约专属认购。该产品风险等级高于您的风险偏好，请谨慎选择。理财非存款，产品有风险，投资须谨慎。
C002958,1,P004,app_push,工作日18:00-21:00,专属推荐：现金管理004号（R5·现金管理），业绩比较基准8.6%，灵活存续，1000元起投，封闭运作。该产品风险等级高于您的风险偏好，请谨慎选择。理财非存款，产品有风险，投资须谨慎。
C002958,2,P029,app_push,周末14:00-18:00,专属推荐：固定期限029号（R4·固定期限），业绩比较基准7.8%，灵活存续，10000元起投，封闭运作。理财非存款，产品有风险，投资须谨慎。
C002958,3,P017,app_push,周末09:00-12:00,专属推荐：现金管理017号（R3·现金管理），业绩比较基准4.3%，180天，1000元起投，T+1 次日赎回。理财非存款，产品有风险，投资须谨慎。
C002959,1,P014,app_push,工作日12:00-14:00,专属推荐：混合014号（R1·混合），业绩比较基准2.3%，90天，10000元起投，T+1 次日赎回。理财非存款，产品有风险，投资须谨慎。
C002959,2,P012,app_push,工作日18:00-21:00,专属推荐：混合012号（R2·混合），业绩比较基准3.7%，90天，10000元起投，T+1 次日赎回。该产品风险等级高于您的风险偏好，请谨慎选择。理财非存款，产品有风险，投资须谨慎。
C002959,3,P026,app_push,周末14:00-18:00,专属推荐：混合026号（R2·混合），业绩比较基准3.1%，180天，1000元起投，T+1 次日赎回。该产品风险等级高于您的风险偏好，请谨慎选择。理财非存款，产品有风险，投资须谨慎。
C002962,1,P025,app_push,工作日09:00-12:00,专属推荐：定开025号（R3·定开），业绩比较基准5.2%，366天，1000元起投，T+0 随时赎回。理财非存款，产品有风险，投资须谨慎。
C002962,2,P024,app_push,工作日12:00-14:00,专属推荐：定开024号（R3·定开），业绩比较基准4.7%，90天，1000元起投，T+1 次日赎回。理财非存款，产品有风险，投资须谨慎。
C002962,3,P017,app_push,周末09:00-12:00,专属推荐：现金管理017号（R3·现金管理），业绩比较基准4.3%，180天，1000元起投，T+1 次日赎回。理财非存款，产品有风险，投资须谨慎。
C002976,1,P002,manager,工作日09:00-12:00,钻石贵宾专享：固定期限002号（R5·固定期限），业绩比较基准11.3%，366天，1000元起投，T+0 随时赎回，可为您预约专属认购。理财非存款，产品有风险，投资须谨慎。
C002976,2,P023,manager,工作日18:00-21:00,钻石贵宾专享：固定期限023号（R5·固定期限），业绩比较基准9.8%，灵活存续，1000元起投，T+1 次日赎回，可为您预约专属认购。理财非存款，产品有风险，投资须谨慎。
C002976,3,P004,manager,周末14:00-18:00,钻石贵宾专享：现金管理004号（R5·现金管理），业绩比较基准8.6%，灵活存续，1000元起投，封闭运作，可为您预约专属认购。理财非存款，产品有风险，投资须谨慎。
C002978,1,P019,call,工作日12:00-14:00,您好，我是您的专属理财顾问，为您介绍：定开019号（R2·定开），业绩比较基准3.3%，灵活存续，1000元起投，T+0 随时赎回。理财非存款，产品有风险，投资须谨慎。
C002978,2,P025,call,周末14:00-18:00,您好，我是您的专属理财顾问，为您介绍：定开025号（R3·定开），业绩比较基准5.2%，366天，1000元起投，T+0 随时赎回。该产品风险等级高于您的风险偏好，请谨慎选择。理财非存款，产品有风险，投资须谨慎。
C002978,3,P024,call,工作日18:00-21:00,您好，我是您的专属理财顾问，为您介绍：定开024号（R3·定开），业绩比较基准4.7%，90天，1000元起投，T+1 次日赎回。该产品风险等级高于您的风险偏好，请谨慎选择。理财非存款，产品有风险，投资须谨慎。
C002979,1,P029,call,工作日18:00-21:00,您好，我是您的专属理财顾问，为您介绍：固定期限029号（R4·固定期限），业绩比较基准7.8%，灵活存续，10000元起投，封闭运作。理财非存款，产品有风险，投资须谨慎。
C002979,2,P002,call,周末09:00-12:00,您好，我是您的专属理财顾问，为您介绍：固定期限002号（R5·固定期限），业绩比较基准11.3%，366天，1000元起投，T+0 随时赎回。该产品风险等级高于您的风险偏好，请谨慎选择。理财非存款，产品有风险，投资须谨慎。
C002979,3,P023,call,周末14:00-18:00,您好，我是您的专属理财顾问，为您介绍：固定期限023号（R5·固定期限），业绩比较基准9.8%，灵活存续，1000元起投，T+1 次日赎回。该产品风险等级高于您的风险偏好，请谨慎选择。理财非存款，产品有风险，投资须谨慎。
C002985,1,P028,app_push,工作日12:00-14:00,专属推荐：定开028号（R2·定开），业绩比较基准3.6%，366天，100000元起投，T+1 次日赎回。该产品风险等级高于您的风险偏好，请谨慎选择。理财非存款，产品有风险，投资须谨慎。
C002985,2,P014,app_push,工作日18:00-21:00,专属推荐：混合014号（R1·混合），业绩比较基准2.3%，90天，10000元起投，T+1 次日赎回。理财非存款，产品有风险，投资须谨慎。
C002985,3,P010,app_push,周末14:00-18:00,专属推荐：现金管理010号（R1·现金管理），业绩比较基准2.8%，366天，50000元起投，T+0 随时赎回。理财非存款，产品有风险，投资须谨慎。
C002986,1,P025,call,工作日09:00-12:00,您好，我是您的专属理财顾问，为您介绍：定开025号（R3·定开），业绩比较基准5.2%，366天，1000元起投，T+0 随时赎回。理财非存款，产品有风险，投资须谨慎。
C002986,2,P024,call,工作日12:00-14:00,您好，我是您的专属理财顾问，为您介绍：定开024号（R3·定开），业绩比较基准4.7%，90天，1000元起投，T+1 次日赎回。理财非存款，产品有风险，投资须谨慎。
C002986,3,P026,call,工作日18:00-21:00,您好，我是您的专属理财顾问，为您介绍：混合026号（R2·混合），业绩比较基准3.1%，180天，1000元起投，T+1 次日赎回。理财非存款，产品有风险，投资须谨慎。
C002989,1,P018,app_push,工作日12:00-14:00,专属推荐：现金管理018号（R2·现金管理），业绩比较基准3.6%，730天，10000元起投，T+0 随时赎回。该产品风险等级高于您的风险偏好，请谨慎选择。理财非存款，产品有风险，投资须谨慎。
C002989,2,P020,app_push,周末14:00-18:00,专属推荐：现金管理020号（R2·现金管理），业绩比较基准3.6%，366天，10000元起投，T+1 次日赎回。该产品风险等级高于您的风险偏好，请谨慎选择。理财非存款，产品有风险，投资须谨慎。
C002989,3,P014,app_push,工作日18:00-21:00,专属推荐：混合014号（R1·混合），业绩比较基准2.3%，90天，10000元起投，T+1 次日赎回。理财非存款，产品有风险，投资须谨慎。
C002990,1,P014,manager,工作日12:00-14:00,金卡贵宾专享：混合014号（R1·混合），业绩比较基准2.3%，90天，10000元起投，T+1 次日赎回，可为您预约专属认购。理财非存款，产品有风险，投资须谨慎。
C002990,2,P010,manager,周末14:00-18:00,金卡贵宾专享：现金管理010号（R1·现金管理），业绩比较基准2.8%，366天，50000元起投，T+0 随时赎回，可为您预约专属认购。理财非存款，产品有风险，投资须谨慎。
C002990,3,P012,manager,工作日18:00-21:00,金卡贵宾专享：混合012号（R2·混合），业绩比较基准3.7%，90天，10000元起投，T+1 次日赎回，可为您预约专属认购。该产品风险等级高于您的风险偏好，请谨慎选择。理财非存款，产品有风险，投资须谨慎。
C002995,1,P029,app_push,工作日09:00-12:00,专属推荐：固定期限029号（R4·固定期限），业绩比较基准7.8%，灵活存续，10000元起投，封闭运作。理财非存款，产品有风险，投资须谨慎。
C002995,2,P015,app_push,工作日12:00-14:00,专属推荐：固定期限015号（R4·固定期限），业绩比较基准6.7%，366天，50000元起投，封闭运作。理财非存款，产品有风险，投资须谨慎。
C002995,3,P002,app_push,工作日18:00-21:00,专属推荐：固定期限002号（R5·固定期限），业绩比较基准11.3%，366天，1000元起投，T+0 随时赎回。该产品风险等级高于您的风险偏好，请谨慎选择。理财非存款，产品有风险，投资须谨慎。
C002997,1,P008,manager,工作日18:00-21:00,钻石贵宾专享：定开008号（R3·定开），业绩比较基准5.1%，366天，10000元起投，封闭运作，可为您预约专属认购。理财非存款，产品有风险，投资须谨慎。
C002997,2,P025,manager,周末09:00-12:00,钻石贵宾专享：定开025号（R3·定开），业绩比较基准5.2%，366天，1000元起投，T+0 随时赎回，可为您预约专属认购。理财非存款，产品有风险，投资须谨慎。
C002997,3,P024,manager,周末14:00-18:00,钻石贵宾专享：定开024号（R3·定开），业绩比较基准4.7%，90天，1000元起投，T+1 次日赎回，可为您预约专属认购。理财非存款，产品有风险，投资须谨慎。
C003003,1,P009,app_push,工作日12:00-14:00,专属推荐：现金管理009号（R2·现金管理），业绩比较基准4.0%，730天，50000元起投，T+0 随时赎回。理财非存款，产品有风险，投资须谨慎。
C003003,2,P011,app_push,工作日18:00-21:00,专属推荐：固定期限011号（R2·固定期限），业绩比较基准3.3%，90天，10000元起投，T+0 随时赎回。理财非存款，产品有风险，投资须谨慎。
C003003,3,P030,app_push,周末14:00-18:00,专属推荐：固定期限030号（R2·固定期限），业绩比较基准3.1%，730天，1000元起投，T+0 随时赎回。理财非存款，产品有风险，投资须谨慎。
C003008,1,P019,app_push,工作日12:00-14:00,专属推荐：定开019号（R2·定开），业绩比较基准3.3%，灵活存续，1000元起投，T+0 随时赎回。该产品风险等级高于您的风险偏好，请谨慎选择。理财非存款，产品有风险，投资须谨慎。
C003008,2,P013,app_push,周末14:00-18:00,专属推荐：定开013号（R2·定开），业绩比较基准3.5%，灵活存续，10000元起投，T+0 随时赎回。该产品风险等级高于您的风险偏好，请谨慎选择。理财非存款，产品有风险，投资须谨慎。
C003008,3,P022,app_push,工作日18:00-21:00,专属推荐：定开022号（R2·定开），业绩比较基准3.0%，730天，10000元起投，T+1 次日赎回。该产品风险等级高于您的风险偏好，请谨慎选择。理财非存款，产品有风险，投资须谨慎。
C003012,1,P010,app_push,工作日09:00-12:00,专属推荐：现金管理010号（R1·现金管理），业绩比较基准2.8%，366天，50000元起投，T+0 随时赎回。理财非存款，产品有风险，投资须谨慎。
C003012,2,P019,app_push,工作日12:00-14:00,专属推荐：定开019号（R2·定开），业绩比较基准3.3%，灵活存续，1000元起投，T+0 随时赎回。该产品风险等级高于您的风险偏好，请谨慎选择。理财非存款，产品有风险，投资须谨慎。
C003012,3,P014,app_push,周末09:00-12:00,专属推荐：混合014号（R1·混合），业绩比较基准2.3%，90天，10000元起投，T+1 次日赎回。理财非存款，产品有风险，投资须谨慎。
C003013,1,P024,app_push,工作日12:00-14:00,专属推荐：定开024号（R3·定开），业绩比较基准4.7%，90天，1000元起投，T+1 次日赎回。理财非存款，产品有风险，投资须谨慎。
C003013,2,P025,app_push,工作日18:00-21:00,专属推荐：定开025号（R3·定开），业绩比较基准5.2%，366天，1000元起投，T+0 随时赎回。理财非存款，产品有风险，投资须谨慎。
C003013,3,P008,app_push,周末14:00-18:00,专属推荐：定开008号（R3·定开），业绩比较基准5.1%，366天，10000元起投，封闭运作。理财非存款，产品有风险，投资须谨慎。
C003015,1,P025,call,工作日09:00-12:00,您好，我是您的专属理财顾问，为您介绍：定开025号（R3·定开），业绩比较基准5.2%，366天，1000元起投，T+0 随时赎回。理财非存款，产品有风险，投资须谨慎。
C003015,2,P024,call,工作日12:00-14:00,您好，我是您的专属理财顾问，为您介绍：定开024号（R3·定开），业绩比较基准4.7%，90天，1000元起投，T+1 次日赎回。理财非存款，产品有风险，投资须谨慎。
C003015,3,P006,call,工作日18:00-21:00,您好，我是您的专属理财顾问，为您介绍：混合006号（R3·混合），业绩比较基准5.1%，灵活存续，50000元起投，T+1 次日赎回。理财非存款，产品有风险，投资须谨慎。
C003018,1,P014,call,工作日09:00-12:00,您好，我是您的专属理财顾问，为您介绍：混合014号（R1·混合），业绩比较基准2.3%，90天，10000元起投，T+1 次日赎回。理财非存款，产品有风险，投资须谨慎。
C003018,2,P010,call,工作日12:00-14:00,您好，我是您的专属理财顾问，为您介绍：现金管理010号（R1·现金管理），业绩比较基准2.8%，366天，50000元起投，T+0 随时赎回。理财非存款，产品有风险，投资须谨慎。
C003018,3,P012,call,周末09:00-12:00,您好，我是您的专属理财顾问，为您介绍：混合012号（R2·混合），业绩比较基准3.7%，90天，10000元起投，T+1 次日赎回。该产品风险等级高于您的风险偏好，请谨慎选择。理财非存款，产品有风险，投资须谨慎。
C003020,1,P008,manager,工作日18:00-21:00,钻石贵宾专享：定开008号（R3·定开），业绩比较基准5.1%，366天，10000元起投，封闭运作，可为您预约专属认购。理财非存款，产品有风险，投资须谨慎。
C003020,2,P025,manager,周末14:00-18:00,钻石贵宾专享：定开025号（R3·定开），业绩比较基准5.2%，366天，1000元起投，T+0 随时赎回，可为您预约专属认购。理财非存款，产品有风险，投资须谨慎。
C003020,3,P024,manager,周末09:00-12:00,钻石贵宾专享：定开024号（R3·定开），业绩比较基准4.7%，90天，1000元起投，T+1 次日赎回，可为您预约专属认购。理财非存款，产品有风险，投资须谨慎。
C003021,1,P014,call,工作日12:00-14:00,您好，我是您的专属理财顾问，为您介绍：混合014号（R1·混合），业绩比较基准2.3%，90天，10000元起投，T+1 次日赎回。理财非存款，产品有风险，投资须谨慎。
C003021,2,P011,call,工作日18:00-21:00,您好，我是您的专属理财顾问，为您介绍：固定期限011号（R2·固定期限），业绩比较基准3.3%，90天，10000元起投，T+0 随时赎回。该产品风险等级高于您的风险偏好，请谨慎选择。理财非存款，产品有风险，投资须谨慎。
C003021,3,P012,call,周末14:00-18:00,您好，我是您的专属理财顾问，为您介绍：混合012号（R2·混合），业绩比较基准3.7%，90天，10000元起投，T+1 次日赎回。该产品风险等级高于您的风险偏好，请谨慎选择。理财非存款，产品有风险，投资须谨慎。
C003026,1,P004,app_push,工作日12:00-14:00,专属推荐：现金管理004号（R5·现金管理），业绩比较基准8.6%，灵活存续，1000元起投，封闭运作。理财非存款，产品有风险，投资须谨慎。
C003026,2,P002,app_push,周末14:00-18:00,专属推荐：固定期限002号（R5·固定期限），业绩比较基准11.3%，366天，1000元起投，T+0 随时赎回。理财非存款，产品有风险，投资须谨慎。
C003026,3,P023,app_push,工作日18:00-21:00,专属推荐：固定期限023号（R5·固定期限），业绩比较基准9.8%，灵活存续，1000元起投，T+1 次日赎回。理财非存款，产品有风险，投资须谨慎。
C003027,1,P019,app_push,工作日09:00-12:00,专属推荐：定开019号（R2·定开），业绩比较基准3.3%，灵活存续，1000元起投，T+0 随时赎回。理财非存款，产品有风险，投资须谨慎。
C003027,2,P025,app_push,工作日12:00-14:00,专属推荐：定开025号（R3·定开），业绩比较基准5.2%，366天，1000元起投，T+0 随时赎回。该产品风险等级高于您的风险偏好，请谨慎选择。理财非存款，产品有风险，投资须谨慎。
C003027,3,P024,app_push,周末09:00-12:00,专属推荐：定开024号（R3·定开），业绩比较基准4.7%，90天，1000元起投，T+1 次日赎回。该产品风险等级高于您的风险偏好，请谨慎选择。理财非存款，产品有风险，投资须谨慎。
C003034,1,P014,app_push,工作日12:00-14:00,专属推荐：混合014号（R1·混合），业绩比较基准2.3%，90天，10000元起投，T+1 次日赎回。理财非存款，产品有风险，投资须谨慎。
C003034,2,P011,app_push,周末14:00-18:00,专属推荐：固定期限011号（R2·固定期限），业绩比较基准3.3%，90天，10000元起投，T+0 随时赎回。该产品风险等级高于您的风险偏好，请谨慎选择。理财非存款，产品有风险，投资须谨慎。
C003034,3,P018,app_push,工作日18:00-21:00,专属推荐：现金管理018号（R2·现金管理），业绩比较基准3.6%，730天，10000元起投，T+0 随时赎回。该产品风险等级高于您的风险偏好，请谨慎选择。理财非存款，产品有风险，投资须谨慎。
C003038,1,P012,app_push,工作日18:00-21:00,专属推荐：混合012号（R2·混合），业绩比较基准3.7%，90天，10000元起投，T+1 次日赎回。理财非存款，产品有风险，投资须谨慎。
C003038,2,P011,app_push,周末14:00-18:00,专属推荐：固定期限011号（R2·固定期限），业绩比较基准3.3%，90天，10000元起投，T+0 随时赎回。理财非存款，产品有风险，投资须谨慎。
C003038,3,P013,app_push,周末09:00-12:00,专属推荐：定开013号（R2·定开），业绩比较基准3.5%，灵活存续，10000元起投，T+0 随时赎回。理财非存款，产品有风险，投资须谨慎。
C003040,1,P020,call,工作日09:00-12:00,您好，我是您的专属理财顾问，为您介绍：现金管理020号（R2·现金管理），业绩比较基准3.6%，366天，10000元起投，T+1 次日赎回。理财非存款，产品有风险，投资须谨慎。
C003040,2,P018,call,工作日12:00-14:00,您好，我是您的专属理财顾问，为您介绍：现金管理018号（R2·现金管理），业绩比较基准3.6%，730天，10000元起投，T+0 随时赎回。理财非存款，产品有风险，投资须谨慎。
C003040,3,P017,call,工作日18:00-21:00,您好，我是您的专属理财顾问，为您介绍：现金管理017号（R3·现金管理），业绩比较基准4.3%，180天，1000元起投，T+1 次日赎回。该产品风险等级高于您的风险偏好，请谨慎选择。理财非存款，产品有风险，投资须谨慎。
C003058,1,P026,app_push,工作日09:00-12:00,专属推荐：混合026号（R2·混合），业绩比较基准3.1%，180天，1000元起投，T+1 次日赎回。该产品风险等级高于您的风险偏好，请谨慎选择。理财非存款，产品有风险，投资须谨慎。
C003058,2,P019,app_push,工作日12:00-14:00,专属推荐：定开019号（R2·定开），业绩比较基准3.3%，灵活存续，1000元起投，T+0 随时赎回。该产品风险等级高于您的风险偏好，请谨慎选择。理财非存款，产品有风险，投资须谨慎。
C003058,3,P030,app_push,周末09:00-12:00,专属推荐：固定期限030号（R2·固定期限），业绩比较基准3.1%，730天，1000元起投，T+0 随时赎回。该产品风险等级高于您的风险偏好，请谨慎选择。理财非存款，产品有风险，投资须谨慎。
C003060,1,P002,app_push,工作日12:00-14:00,专属推荐：固定期限002号（R5·固定期限），业绩比较基准11.3%，366天，1000元起投，T+0 随时赎回。理财非存款，产品有风险，投资须谨慎。
C003060,2,P023,app_push,工作日18:00-21:00,专属推荐：固定期限023号（R5·固定期限），业绩比较基准9.8%，灵活存续，1000元起投，T+1 次日赎回。理财非存款，产品有风险，投资须谨慎。
C003060,3,P004,app_push,周末14:00-18:00,专属推荐：现金管理004号（R5·现金管理），业绩比较基准8.6%，灵活存续，1000元起投，封闭运作。理财非存款，产品有风险，投资须谨慎。
C003061,1,P025,app_push,工作日09:00-12:00,专属推荐：定开025号（R3·定开），业绩比较基准5.2%，366天，1000元起投，T+0 随时赎回。理财非存款，产品有风险，投资须谨慎。
C003061,2,P024,app_push,工作日12:00-14:00,专属推荐：定开024号（R3·定开），业绩比较基准4.7%，90天，1000元起投，T+1 次日赎回。理财非存款，产品有风险，投资须谨慎。
C003061,3,P008,app_push,工作日18:00-21:00,专属推荐：定开008号（R3·定开），业绩比较基准5.1%，366天，10000元起投，封闭运作。理财非存款，产品有风险，投资须谨慎。
C003064,1,P019,call,工作日09:00-12:00,您好，我是您的专属理财顾问，为您介绍：定开019号（R2·定开），业绩比较基准3.3%，灵活存续，1000元起投，T+0 随时赎回。理财非存款，产品有风险，投资须谨慎。
C003064,2,P022,call,工作日18:00-21:00,您好，我是您的专属理财顾问，为您介绍：定开022号（R2·定开），业绩比较基准3.0%，730天，10000元起投，T+1 次日赎回。理财非存款，产品有风险，投资须谨慎。
C003064,3,P013,call,周末14:00-18:00,您好，我是您的专属理财顾问，为您介绍：定开013号（R2·定开），业绩比较基准3.5%，灵活存续，10000元起投，T+0 随时赎回。理财非存款，产品有风险，投资须谨慎。
C003066,1,P017,call,工作日09:00-12:00,您好，我是您的专属理财顾问，为您介绍：现金管理017号（R3·现金管理），业绩比较基准4.3%，180天，1000元起投，T+1 次日赎回。理财非存款，产品有风险，投资须谨慎。
C003066,2,P012,call,工作日12:00-14:00,您好，我是您的专属理财顾问，为您介绍：混合012号（R2·混合），业绩比较基准3.7%，90天，10000元起投，T+1 次日赎回。理财非存款，产品有风险，投资须谨慎。
C003066,3,P025,call,周末09:00-12:00,您好，我是您的专属理财顾问，为您介绍：定开025号（R3·定开），业绩比较基准5.2%，366天，1000元起投，T+0 随时赎回。理财非存款，产品有风险，投资须谨慎。
C003068,1,P025,app_push,工作日09:00-12:00,专属推荐：定开025号（R3·定开），业绩比较基准5.2%，366天，1000元起投，T+0 随时赎回。理财非存款，产品有风险，投资须谨慎。
C003068,2,P024,app_push,工作日12:00-14:00,专属推荐：定开024号（R3·定开），业绩比较基准4.7%，90天，1000元起投，T+1 次日赎回。理财非存款，产品有风险，投资须谨慎。
C003068,3,P008,app_push,周末09:00-12:00,专属推荐：定开008号（R3·定开），业绩比较基准5.1%，366天，10000元起投，封闭运作。理财非存款，产品有风险，投资须谨慎。
C003070,1,P025,call,工作日09:00-12:00,您好，我是您的专属理财顾问，为您介绍：定开025号（R3·定开），业绩比较基准5.2%，366天，1000元起投，T+0 随时赎回。理财非存款，产品有风险，投资须谨慎。
C003070,2,P008,call,工作日12:00-14:00,您好，我是您的专属理财顾问，为您介绍：定开008号（R3·定开），业绩比较基准5.1%，366天，10000元起投，封闭运作。理财非存款，产品有风险，投资须谨慎。
C003070,3,P017,call,工作日18:00-21:00,您好，我是您的专属理财顾问，为您介绍：现金管理017号（R3·现金管理），业绩比较基准4.3%，180天，1000元起投，T+1 次日赎回。理财非存款，产品有风险，投资须谨慎。
C003071,1,P010,app_push,工作日18:00-21:00,专属推荐：现金管理010号（R1·现金管理），业绩比较基准2.8%，366天，50000元起投，T+0 随时赎回。理财非存款，产品有风险，投资须谨慎。
C003071,2,P009,app_push,周末14:00-18:00,专属推荐：现金管理009号（R2·现金管理），业绩比较基准4.0%，730天，50000元起投，T+0 随时赎回。该产品风险等级高于您的风险偏好，请谨慎选择。理财非存款，产品有风险，投资须谨慎。
C003071,3,P014,app_push,周末09:00-12:00,专属推荐：混合014号（R1·混合），业绩比较基准2.3%，90天，10000元起投，T+1 次日赎回。理财非存款，产品有风险，投资须谨慎。
C003073,1,P006,call,工作日09:00-12:00,您好，我是您的专属理财顾问，为您介绍：混合006号（R3·混合），业绩比较基准5.1%，灵活存续，50000元起投，T+1 次日赎回。理财非存款，产品有风险，投资须谨慎。
C003073,2,P024,call,工作日12:00-14:00,您好，我是您的专属理财顾问，为您介绍：定开024号（R3·定开），业绩比较基准4.7%，90天，1000元起投，T+1 次日赎回。理财非存款，产品有风险，投资须谨慎。
C003073,3,P025,call,工作日18:00-21:00,您好，我是您的专属理财顾问，为您介绍：定开025号（R3·定开），业绩比较基准5.2%，366天，1000元起投，T+0 随时赎回。理财非存款，产品有风险，投资须谨慎。
C003074,1,P012,call,工作日09:00-12:00,您好，我是您的专属理财顾问，为您介绍：混合012号（R2·混合），业绩比较基准3.7%，90天，10000元起投，T+1 次日赎回。理财非存款，产品有风险，投资须谨慎。
C003074,2,P013,call,工作日12:00-14:00,您好，我是您的专属理财顾问，为您介绍：定开013号（R2·定开），业绩比较基准3.5%，灵活存续，10000元起投，T+0 随时赎回。理财非存款，产品有风险，投资须谨慎。
C003074,3,P011,call,工作日18:00-21:00,您好，我是您的专属理财顾问，为您介绍：固定期限011号（R2·固定期限），业绩比较基准3.3%，90天，10000元起投，T+0 随时赎回。理财非存款，产品有风险，投资须谨慎。
C003075,1,P018,manager,工作日09:00-12:00,银卡贵宾专享：现金管理018号（R2·现金管理），业绩比较基准3.6%，730天，10000元起投，T+0 随时赎回，可为您预约专属认购。理财非存款，产品有风险，投资须谨慎。
C003075,2,P019,manager,工作日12:00-14:00,银卡贵宾专享：定开019号（R2·定开），业绩比较基准3.3%，灵活存续，1000元起投，T+0 随时赎回，可为您预约专属认购。理财非存款，产品有风险，投资须谨慎。
C003075,3,P025,manager,工作日18:00-21:00,银卡贵宾专享：定开025号（R3·定开），业绩比较基准5.2%，366天，1000元起投，T+0 随时赎回，可为您预约专属认购。该产品风险等级高于您的风险偏好，请谨慎选择。理财非存款，产品有风险，投资须谨慎。
C003080,1,P006,manager,工作日09:00-12:00,金卡贵宾专享：混合006号（R3·混合），业绩比较基准5.1%，灵活存续，50000元起投，T+1 次日赎回，可为您预约专属认购。理财非存款，产品有风险，投资须谨慎。
C003080,2,P025,manager,工作日12:00-14:00,金卡贵宾专享：定开025号（R3·定开），业绩比较基准5.2%，366天，1000元起投，T+0 随时赎回，可为您预约专属认购。理财非存款，产品有风险，投资须谨慎。
C003080,3,P001,manager,周末09:00-12:00,金卡贵宾专享：混合001号（R3·混合），业绩比较基准5.5%，730天，50000元起投，封闭运作，可为您预约专属认购。理财非存款，产品有风险，投资须谨慎。
C003082,1,P012,app_push,工作日12:00-14:00,专属推荐：混合012号（R2·混合），业绩比较基准3.7%，90天，10000元起投，T+1 次日赎回。理财非存款，产品有风险，投资须谨慎。
C003082,2,P026,app_push,工作日18:00-21:00,专属推荐：混合026号（R2·混合），业绩比较基准3.1%，180天，1000元起投，T+1 次日赎回。理财非存款，产品有风险，投资须谨慎。
C003082,3,P013,app_push,周末14:00-18:00,专属推荐：定开013号（R2·定开），业绩比较基准3.5%，灵活存续，10000元起投，T+0 随时赎回。理财非存款，产品有风险，投资须谨慎。
C003084,1,P012,app_push,工作日09:00-12:00,专属推荐：混合012号（R2·混合），业绩比较基准3.7%，90天，10000元起投，T+1 次日赎回。理财非存款，产品有风险，投资须谨慎。
C003084,2,P013,app_push,工作日12:00-14:00,专属推荐：定开013号（R2·定开），业绩比较基准3.5%，灵活存续，10000元起投，T+0 随时赎回。理财非存款，产品有风险，投资须谨慎。
C003084,3,P011,app_push,周末09:00-12:00,专属推荐：固定期限011号（R2·固定期限），业绩比较基准3.3%，90天，10000元起投，T+0 随时赎回。理财非存款，产品有风险，投资须谨慎。
C003086,1,P025,manager,工作日18:00-21:00,金卡贵宾专享：定开025号（R3·定开），业绩比较基准5.2%，366天，1000元起投，T+0 随时赎回，可为您预约专属认购。理财非存款，产品有风险，投资须谨慎。
C003086,2,P006,manager,周末09:00-12:00,金卡贵宾专享：混合006号（R3·混合），业绩比较基准5.1%，灵活存续，50000元起投，T+1 次日赎回，可为您预约专属认购。理财非存款，产品有风险，投资须谨慎。
C003086,3,P001,manager,周末14:00-18:00,金卡贵宾专享：混合001号（R3·混合），业绩比较基准5.5%，730天，50000元起投，封闭运作，可为您预约专属认购。理财非存款，产品有风险，投资须谨慎。
C003089,1,P012,app_push,工作日12:00-14:00,专属推荐：混合012号（R2·混合），业绩比较基准3.7%，90天，10000元起投，T+1 次日赎回。理财非存款，产品有风险，投资须谨慎。
C003089,2,P011,app_push,周末14:00-18:00,专属推荐：固定期限011号（R2·固定期限），业绩比较基准3.3%，90天，10000元起投，T+0 随时赎回。理财非存款，产品有风险，投资须谨慎。
C003089,3,P013,app_push,工作日18:00-21:00,专属推荐：定开013号（R2·定开），业绩比较基准3.5%，灵活存续，10000元起投，T+0 随时赎回。理财非存款，产品有风险，投资须谨慎。
C003092,1,P017,call,工作日09:00-12:00,您好，我是您的专属理财顾问，为您介绍：现金管理017号（R3·现金管理），业绩比较基准4.3%，180天，1000元起投，T+1 次日赎回。理财非存款，产品有风险，投资须谨慎。
C003092,2,P024,call,工作日12:00-14:00,您好，我是您的专属理财顾问，为您介绍：定开024号（R3·定开），业绩比较基准4.7%，90天，1000元起投，T+1 次日赎回。理财非存款，产品有风险，投资须谨慎。
C003092,3,P025,call,工作日18:00-21:00,您好，我是您的专属理财顾问，为您介绍：定开025号（R3·定开），业绩比较基准5.2%，366天，1000元起投，T+0 随时赎回。理财非存款，产品有风险，投资须谨慎。
C003097,1,P019,app_push,工作日09:00-12:00,专属推荐：定开019号（R2·定开），业绩比较基准3.3%，灵活存续，1000元起投，T+0 随时赎回。该产品风险等级高于您的风险偏好，请谨慎选择。理财非存款，产品有风险，投资须谨慎。
C003097,2,P014,app_push,工作日12:00-14:00,专属推荐：混合014号（R1·混合），业绩比较基准2.3%，90天，10000元起投，T+1 次日赎回。理财非存款，产品有风险，投资须谨慎。
C003097,3,P013,app_push,周末09:00-12:00,专属推荐：定开013号（R2·定开），业绩比较基准3.5%，灵活存续，10000元起投，T+0 随时赎回。该产品风险等级高于您的风险偏好，请谨慎选择。理财非存款，产品有风险，投资须谨慎。
C003098,1,P011,app_push,工作日12:00-14:00,专属推荐：固定期限011号（R2·固定期限），业绩比较基准3.3%，90天，10000元起投，T+0 随时赎回。理财非存款，产品有风险，投资须谨慎。
C003098,2,P012,app_push,周末14:00-18:00,专属推荐：混合012号（R2·混合），业绩比较基准3.7%，90天，10000元起投，T+1 次日赎回。理财非存款，产品有风险，投资须谨慎。
C003098,3,P013,app_push,工作日18:00-21:00,专属推荐：定开013号（R2·定开），业绩比较基准3.5%，灵活存续，10000元起投，T+0 随时赎回。理财非存款，产品有风险，投资须谨慎。
C003100,1,P025,call,工作日18:00-21:00,您好，我是您的专属理财顾问，为您介绍：定开025号（R3·定开），业绩比较基准5.2%，366天，1000元起投，T+0 随时赎回。理财非存款，产品有风险，投资须谨慎。
C003100,2,P024,call,周末09:00-12:00,您好，我是您的专属理财顾问，为您介绍：定开024号（R3·定开），业绩比较基准4.7%，90天，1000元起投，T+1 次日赎回。理财非存款，产品有风险，投资须谨慎。
C003100,3,P008,call,周末14:00-18:00,您好，我是您的专属理财顾问，为您介绍：定开008号（R3·定开），业绩比较基准5.1%，366天，10000元起投，封闭运作。理财非存款，产品有风险，投资须谨慎。
C003105,1,P012,app_push,工作日18:00-21:00,专属推荐：混合012号（R2·混合），业绩比较基准3.7%，90天，10000元起投，T+1 次日赎回。理财非存款，产品有风险，投资须谨慎。
C003105,2,P011,app_push,周末14:00-18:00,专属推荐：固定期限011号（R2·固定期限），业绩比较基准3.3%，90天，10000元起投，T+0 随时赎回。理财非存款，产品有风险，投资须谨慎。
C003105,3,P013,app_push,周末09:00-12:00,专属推荐：定开013号（R2·定开），业绩比较基准3.5%，灵活存续，10000元起投，T+0 随时赎回。理财非存款，产品有风险，投资须谨慎。
C003111,1,P014,app_push,工作日09:00-12:00,专属推荐：混合014号（R1·混合），业绩比较基准2.3%，90天，10000元起投，T+1 次日赎回。理财非存款，产品有风险，投资须谨慎。
C003111,2,P012,app_push,工作日12:00-14:00,专属推荐：混合012号（R2·混合），业绩比较基准3.7%，90天，10000元起投，T+1 次日赎回。该产品风险等级高于您的风险偏好，请谨慎选择。理财非存款，产品有风险，投资须谨慎。
C003111,3,P010,app_push,周末09:00-12:00,专属推荐：现金管理010号（R1·现金管理），业绩比较基准2.8%，366天，50000元起投，T+0 随时赎回。理财非存款，产品有风险，投资须谨慎。
C003116,1,P029,app_push,工作日18:00-21:00,专属推荐：固定期限029号（R4·固定期限），业绩比较基准7.8%，灵活存续，10000元起投，封闭运作。理财非存款，产品有风险，投资须谨慎。
C003116,2,P002,app_push,周末14:00-18:00,专属推荐：固定期限002号（R5·固定期限），业绩比较基准11.3%，366天，1000元起投，T+0 随时赎回。该产品风险等级高于您的风险偏好，请谨慎选择。理财非存款，产品有风险，投资须谨慎。
C003116,3,P023,app_push,周末09:00-12:00,专属推荐：固定期限023号（R5·固定期限），业绩比较基准9.8%，灵活存续，1000元起投，T+1 次日赎回。该产品风险等级高于您的风险偏好，请谨慎选择。理财非存款，产品有风险，投资须谨慎。
C003117,1,P019,app_push,工作日09:00-12:00,专属推荐：定开019号（R2·定开），业绩比较基准3.3%，灵活存续，1000元起投，T+0 随时赎回。该产品风险等级高于您的风险偏好，请谨慎选择。理财非存款，产品有风险，投资须谨慎。
C003117,2,P030,app_push,工作日12:00-14:00,专属推荐：固定期限030号（R2·固定期限），业绩比较基准3.1%，730天，1000元起投，T+0 随时赎回。该产品风险等级高于您的风险偏好，请谨慎选择。理财非存款，产品有风险，投资须谨慎。
C003117,3,P014,app_push,工作日18:00-21:00,专属推荐：混合014号（R1·混合），业绩比较基准2.3%，90天，10000元起投，T+1 次日赎回。理财非存款，产品有风险，投资须谨慎。
C003118,1,P012,app_push,工作日09:00-12:00,专属推荐：混合012号（R2·混合），业绩比较基准3.7%，90天，10000元起投，T+1 次日赎回。理财非存款，产品有风险，投资须谨慎。
C003118,2,P013,app_push,工作日12:00-14:00,专属推荐：定开013号（R2·定开），业绩比较基准3.5%，灵活存续，10000元起投，T+0 随时赎回。理财非存款，产品有风险，投资须谨慎。
C003118,3,P011,app_push,周末09:00-12:00,专属推荐：固定期限011号（R2·固定期限），业绩比较基准3.3%，90天，10000元起投，T+0 随时赎回。理财非存款，产品有风险，投资须谨慎。
C003127,1,P008,app_push,工作日09:00-12:00,专属推荐：定开008号（R3·定开），业绩比较基准5.1%，366天，10000元起投，封闭运作。理财非存款，产品有风险，投资须谨慎。
C003127,2,P025,app_push,工作日12:00-14:00,专属推荐：定开025号（R3·定开），业绩比较基准5.2%，366天，1000元起投，T+0 随时赎回。理财非存款，产品有风险，投资须谨慎。
C003127,3,P024,app_push,周末09:00-12:00,专属推荐：定开024号（R3·定开），业绩比较基准4.7%，90天，1000元起投，T+1 次日赎回。理财非存款，产品有风险，投资须谨慎。
C003135,1,P010,app_push,工作日18:00-21:00,专属推荐：现金管理010号（R1·现金管理），业绩比较基准2.8%，366天，50000元起投，T+0 随时赎回。理财非存款，产品有风险，投资须谨慎。
C003135,2,P014,app_push,周末09:00-12:00,专属推荐：混合014号（R1·混合），业绩比较基准2.3%，90天，10000元起投，T+1 次日赎回。理财非存款，产品有风险，投资须谨慎。
C003135,3,P009,app_push,周末14:00-18:00,专属推荐：现金管理009号（R2·现金管理），业绩比较基准4.0%，730天，50000元起投，T+0 随时赎回。该产品风险等级高于您的风险偏好，请谨慎选择。理财非存款，产品有风险，投资须谨慎。
C003137,1,P014,app_push,工作日09:00-12:00,专属推荐：混合014号（R1·混合），业绩比较基准2.3%，90天，10000元起投，T+1 次日赎回。理财非存款，产品有风险，投资须谨慎。
C003137,2,P010,app_push,工作日12:00-14:00,专属推荐：现金管理010号（R1·现金管理），业绩比较基准2.8%，366天，50000元起投，T+0 随时赎回。理财非存款，产品有风险，投资须谨慎。
C003137,3,P012,app_push,工作日18:00-21:00,专属推荐：混合012号（R2·混合），业绩比较基准3.7%，90天，10000元起投，T+1 次日赎回。该产品风险等级高于您的风险偏好，请谨慎选择。理财非存款，产品有风险，投资须谨慎。
C003140,1,P025,call,工作日12:00-14:00,您好，我是您的专属理财顾问，为您介绍：定开025号（R3·定开），业绩比较基准5.2%，366天，1000元起投，T+0 随时赎回。理财非存款，产品有风险，投资须谨慎。
C003140,2,P024,call,工作日18:00-21:00,您好，我是您的专属理财顾问，为您介绍：定开024号（R3·定开），业绩比较基准4.7%，90天，1000元起投，T+1 次日赎回。理财非存款，产品有风险，投资须谨慎。
C003140,3,P002,call,周末14:00-18:00,您好，我是您的专属理财顾问，为您介绍：固定期限002号（R5·固定期限），业绩比较基准11.3%，366天，1000元起投，T+0 随时赎回。该产品风险等级高于您的风险偏好，请谨慎选择。理财非存款，产品有风险，投资须谨慎。
C003149,1,P026,manager,工作日09:00-12:00,钻石贵宾专享：混合026号（R2·混合），业绩比较基准3.1%，180天，1000元起投，T+1 次日赎回，可为您预约专属认购。理财非存款，产品有风险，投资须谨慎。
C003149,2,P024,manager,工作日18:00-21:00,钻石贵宾专享：定开024号（R3·定开），业绩比较基准4.7%，90天，1000元起投，T+1 次日赎回，可为您预约专属认购。理财非存款，产品有风险，投资须谨慎。
C003149,3,P025,manager,周末14:00-18:00,钻石贵宾专享：定开025号（R3·定开），业绩比较基准5.2%，366天，1000元起投，T+0 随时赎回，可为您预约专属认购。理财非存款，产品有风险，投资须谨慎。
C003159,1,P024,app_push,工作日09:00-12:00,专属推荐：定开024号（R3·定开），业绩比较基准4.7%，90天，1000元起投，T+1 次日赎回。理财非存款，产品有风险，投资须谨慎。
C003159,2,P025,app_push,工作日18:00-21:00,专属推荐：定开025号（R3·定开），业绩比较基准5.2%，366天，1000元起投，T+0 随时赎回。理财非存款，产品有风险，投资须谨慎。
C003159,3,P017,app_push,周末14:00-18:00,专属推荐：现金管理017号（R3·现金管理），业绩比较基准4.3%，180天，1000元起投，T+1 次日赎回。理财非存款，产品有风险，投资须谨慎。
C003165,1,P025,call,工作日18:00-21:00,您好，我是您的专属理财顾问，为您介绍：定开025号（R3·定开），业绩比较基准5.2%，366天，1000元起投，T+0 随时赎回。理财非存款，产品有风险，投资须谨慎。
C003165,2,P008,call,周末09:00-12:00,您好，我是您的专属理财顾问，为您介绍：定开008号（R3·定开），业绩比较基准5.1%，366天，10000元起投，封闭运作。理财非存款，产品有风险，投资须谨慎。
C003165,3,P024,call,周末14:00-18:00,您好，我是您的专属理财顾问，为您介绍：定开024号（R3·定开），业绩比较基准4.7%，90天，1000元起投，T+1 次日赎回。理财非存款，产品有风险，投资须谨慎。
C003169,1,P024,manager,工作日18:00-21:00,钻石贵宾专享：定开024号（R3·定开），业绩比较基准4.7%，90天，1000元起投，T+1 次日赎回，可为您预约专属认购。理财非存款，产品有风险，投资须谨慎。
C003169,2,P008,manager,周末09:00-12:00,钻石贵宾专享：定开008号（R3·定开），业绩比较基准5.1%，366天，10000元起投，封闭运作，可为您预约专属认购。理财非存款，产品有风险，投资须谨慎。
C003169,3,P025,manager,周末14:00-18:00,钻石贵宾专享：定开025号（R3·定开），业绩比较基准5.2%，366天，1000元起投，T+0 随时赎回，可为您预约专属认购。理财非存款，产品有风险，投资须谨慎。
C003172,1,P002,app_push,工作日12:00-14:00,专属推荐：固定期限002号（R5·固定期限），业绩比较基准11.3%，366天，1000元起投，T+0 随时赎回。理财非存款，产品有风险，投资须谨慎。
C003172,2,P023,app_push,周末14:00-18:00,专属推荐：固定期限023号（R5·固定期限），业绩比较基准9.8%，灵活存续，1000元起投，T+1 次日赎回。理财非存款，产品有风险，投资须谨慎。
C003172,3,P004,app_push,工作日18:00-21:00,专属推荐：现金管理004号（R5·现金管理），业绩比较基准8.6%，灵活存续，1000元起投，封闭运作。理财非存款，产品有风险，投资须谨慎。
C003173,1,P004,app_push,工作日09:00-12:00,专属推荐：现金管理004号（R5·现金管理），业绩比较基准8.6%，灵活存续，1000元起投，封闭运作。该产品风险等级高于您的风险偏好，请谨慎选择。理财非存款，产品有风险，投资须谨慎。
C003173,2,P029,app_push,工作日12:00-14:00,专属推荐：固定期限029号（R4·固定期限），业绩比较基准7.8%，灵活存续，10000元起投，封闭运作。理财非存款，产品有风险，投资须谨慎。
C003173,3,P017,app_push,工作日18:00-21:00,专属推荐：现金管理017号（R3·现金管理），业绩比较基准4.3%，180天，1000元起投，T+1 次日赎回。理财非存款，产品有风险，投资须谨慎。
C003176,1,P029,call,工作日09:00-12:00,您好，我是您的专属理财顾问，为您介绍：固定期限029号（R4·固定期限），业绩比较基准7.8%，灵活存续，10000元起投，封闭运作。理财非存款，产品有风险，投资须谨慎。
C003176,2,P002,call,工作日12:00-14:00,您好，我是您的专属理财顾问，为您介绍：固定期限002号（R5·固定期限），业绩比较基准11.3%，366天，1000元起投，T+0 随时赎回。该产品风险等级高于您的风险偏好，请谨慎选择。理财非存款，产品有风险，投资须谨慎。
C003176,3,P023,call,周末09:00-12:00,您好，我是您的专属理财顾问，为您介绍：固定期限023号（R5·固定期限），业绩比较基准9.8%，灵活存续，1000元起投，T+1 次日赎回。该产品风险等级高于您的风险偏好，请谨慎选择。理财非存款，产品有风险，投资须谨慎。
C003177,1,P004,manager,工作日09:00-12:00,钻石贵宾专享：现金管理004号（R5·现金管理），业绩比较基准8.6%，灵活存续，1000元起投，封闭运作，可为您预约专属认购。理财非存款，产品有风险，投资须谨慎。
C003177,2,P002,manager,工作日12:00-14:00,钻石贵宾专享：固定期限002号（R5·固定期限），业绩比较基准11.3%，366天，1000元起投，T+0 随时赎回，可为您预约专属认购。理财非存款，产品有风险，投资须谨慎。
C003177,3,P023,manager,工作日18:00-21:00,钻石贵宾专享：固定期限023号（R5·固定期限），业绩比较基准9.8%，灵活存续，1000元起投，T+1 次日赎回，可为您预约专属认购。理财非存款，产品有风险，投资须谨慎。
C003178,1,P006,app_push,工作日18:00-21:00,专属推荐：混合006号（R3·混合），业绩比较基准5.1%，灵活存续，50000元起投，T+1 次日赎回。理财非存款，产品有风险，投资须谨慎。
C003178,2,P025,app_push,周末14:00-18:00,专属推荐：定开025号（R3·定开），业绩比较基准5.2%，366天，1000元起投，T+0 随时赎回。理财非存款，产品有风险，投资须谨慎。
C003178,3,P001,app_push,周末09:00-12:00,专属推荐：混合001号（R3·混合），业绩比较基准5.5%，730天，50000元起投，封闭运作。理财非存款，产品有风险，投资须谨慎。
C003179,1,P014,call,工作日09:00-12:00,您好，我是您的专属理财顾问，为您介绍：混合014号（R1·混合），业绩比较基准2.3%，90天，10000元起投，T+1 次日赎回。理财非存款，产品有风险，投资须谨慎。
C003179,2,P010,call,工作日12:00-14:00,您好，我是您的专属理财顾问，为您介绍：现金管理010号（R1·现金管理），业绩比较基准2.8%，366天，50000元起投，T+0 随时赎回。理财非存款，产品有风险，投资须谨慎。
C003179,3,P026,call,工作日18:00-21:00,您好，我是您的专属理财顾问，为您介绍：混合026号（R2·混合），业绩比较基准3.1%，180天，1000元起投，T+1 次日赎回。该产品风险等级高于您的风险偏好，请谨慎选择。理财非存款，产品有风险，投资须谨慎。
C003185,1,P017,call,工作日18:00-21:00,您好，我是您的专属理财顾问，为您介绍：现金管理017号（R3·现金管理），业绩比较基准4.3%，180天，1000元起投，T+1 次日赎回。理财非存款，产品有风险，投资须谨慎。
C003185,2,P025,call,周末14:00-18:00,您好，我是您的专属理财顾问，为您介绍：定开025号（R3·定开），业绩比较基准5.2%，366天，1000元起投，T+0 随时赎回。理财非存款，产品有风险，投资须谨慎。
C003185,3,P024,call,周末09:00-12:00,您好，我是您的专属理财顾问，为您介绍：定开024号（R3·定开），业绩比较基准4.7%，90天，1000元起投，T+1 次日赎回。理财非存款，产品有风险，投资须谨慎。
C003186,1,P013,app_push,工作日18:00-21:00,专属推荐：定开013号（R2·定开），业绩比较基准3.5%，灵活存续，10000元起投，T+0 随时赎回。理财非存款，产品有风险，投资须谨慎。
C003186,2,P022,app_push,周末09:00-12:00,专属推荐：定开022号（R2·定开），业绩比较基准3.0%，730天，10000元起投，T+1 次日赎回。理财非存款，产品有风险，投资须谨慎。
C003186,3,P019,app_push,周末14:00-18:00,专属推荐：定开019号（R2·定开），业绩比较基准3.3%，灵活存续，1000元起投，T+0 随时赎回。理财非存款，产品有风险，投资须谨慎。
C003188,1,P017,app_push,工作日09:00-12:00,专属推荐：现金管理017号（R3·现金管理），业绩比较基准4.3%，180天，1000元起投，T+1 次日赎回。理财非存款，产品有风险，投资须谨慎。
C003188,2,P020,app_push,工作日12:00-14:00,专属推荐：现金管理020号（R2·现金管理），业绩比较基准3.6%，366天，10000元起投，T+1 次日赎回。理财非存款，产品有风险，投资须谨慎。
C003188,3,P018,app_push,工作日18:00-21:00,专属推荐：现金管理018号（R2·现金管理），业绩比较基准3.6%，730天，10000元起投，T+0 随时赎回。理财非存款，产品有风险，投资须谨慎。
C003194,1,P004,app_push,工作日18:00-21:00,专属推荐：现金管理004号（R5·现金管理），业绩比较基准8.6%，灵活存续，1000元起投，封闭运作。该产品风险等级高于您的风险偏好，请谨慎选择。理财非存款，产品有风险，投资须谨慎。
C003194,2,P029,app_push,周末09:00-12:00,专属推荐：固定期限029号（R4·固定期限），业绩比较基准7.8%，灵活存续，10000元起投，封闭运作。理财非存款，产品有风险，投资须谨慎。
C003194,3,P024,app_push,周末14:00-18:00,专属推荐：定开024号（R3·定开），业绩比较基准4.7%，90天，1000元起投，T+1 次日赎回。理财非存款，产品有风险，投资须谨慎。
C003196,1,P017,app_push,工作日12:00-14:00,专属推荐：现金管理017号（R3·现金管理），业绩比较基准4.3%，180天，1000元起投，T+1 次日赎回。理财非存款，产品有风险，投资须谨慎。
C003196,2,P029,app_push,工作日18:00-21:00,专属推荐：固定期限029号（R4·固定期限），业绩比较基准7.8%，灵活存续，10000元起投，封闭运作。该产品风险等级高于您的风险偏好，请谨慎选择。理财非存款，产品有风险，投资须谨慎。
C003196,3,P030,app_push,周末14:00-18:00,专属推荐：固定期限030号（R2·固定期限），业绩比较基准3.1%，730天，1000元起投，T+0 随时赎回。理财非存款，产品有风险，投资须谨慎。
C003199,1,P019,app_push,工作日18:00-21:00,专属推荐：定开019号（R2·定开），业绩比较基准3.3%，灵活存续，1000元起投，T+0 随时赎回。该产品风险等级高于您的风险偏好，请谨慎选择。理财非存款，产品有风险，投资须谨慎。
C003199,2,P026,app_push,周末09:00-12:00,专属推荐：混合026号（R2·混合），业绩比较基准3.1%，180天，1000元起投，T+1 次日赎回。该产品风险等级高于您的风险偏好，请谨慎选择。理财非存款，产品有风险，投资须谨慎。
C003199,3,P030,app_push,周末14:00-18:00,专属推荐：固定期限030号（R2·固定期限），业绩比较基准3.1%，730天，1000元起投，T+0 随时赎回。该产品风险等级高于您的风险偏好，请谨慎选择。理财非存款，产品有风险，投资须谨慎。
C003204,1,P030,app_push,工作日12:00-14:00,专属推荐：固定期限030号（R2·固定期限），业绩比较基准3.1%，730天，1000元起投，T+0 随时赎回。理财非存款，产品有风险，投资须谨慎。
C003204,2,P026,app_push,周末14:00-18:00,专属推荐：混合026号（R2·混合），业绩比较基准3.1%，180天，1000元起投，T+1 次日赎回。理财非存款，产品有风险，投资须谨慎。
C003204,3,P019,app_push,工作日18:00-21:00,专属推荐：定开019号（R2·定开），业绩比较基准3.3%，灵活存续，1000元起投，T+0 随时赎回。理财非存款，产品有风险，投资须谨慎。
C003208,1,P017,app_push,工作日18:00-21:00,专属推荐：现金管理017号（R3·现金管理），业绩比较基准4.3%，180天，1000元起投，T+1 次日赎回。该产品风险等级高于您的风险偏好，请谨慎选择。理财非存款，产品有风险，投资须谨慎。
C003208,2,P020,app_push,周末14:00-18:00,专属推荐：现金管理020号（R2·现金管理），业绩比较基准3.6%，366天，10000元起投，T+1 次日赎回。理财非存款，产品有风险，投资须谨慎。
C003208,3,P018,app_push,周末09:00-12:00,专属推荐：现金管理018号（R2·现金管理），业绩比较基准3.6%，730天，10000元起投，T+0 随时赎回。理财非存款，产品有风险，投资须谨慎。
C003214,1,P002,app_push,工作日12:00-14:00,专属推荐：固定期限002号（R5·固定期限），业绩比较基准11.3%，366天，1000元起投，T+0 随时赎回。理财非存款，产品有风险，投资须谨慎。
C003214,2,P023,app_push,周末14:00-18:00,专属推荐：固定期限023号（R5·固定期限），业绩比较基准9.8%，灵活存续，1000元起投，T+1 次日赎回。理财非存款，产品有风险，投资须谨慎。
C003214,3,P004,app_push,工作日18:00-21:00,专属推荐：现金管理004号（R5·现金管理），业绩比较基准8.6%，灵活存续，1000元起投，封闭运作。理财非存款，产品有风险，投资须谨慎。
C003217,1,P014,app_push,工作日09:00-12:00,专属推荐：混合014号（R1·混合），业绩比较基准2.3%，90天，10000元起投，T+1 次日赎回。理财非存款，产品有风险，投资须谨慎。
C003217,2,P010,app_push,工作日12:00-14:00,专属推荐：现金管理010号（R1·现金管理），业绩比较基准2.8%，366天，50000元起投，T+0 随时赎回。理财非存款，产品有风险，投资须谨慎。
C003217,3,P012,app_push,周末09:00-12:00,专属推荐：混合012号（R2·混合），业绩比较基准3.7%，90天，10000元起投，T+1 次日赎回。该产品风险等级高于您的风险偏好，请谨慎选择。理财非存款，产品有风险，投资须谨慎。
C003220,1,P014,app_push,工作日18:00-21:00,专属推荐：混合014号（R1·混合），业绩比较基准2.3%，90天，10000元起投，T+1 次日赎回。理财非存款，产品有风险，投资须谨慎。
C003220,2,P010,app_push,周末09:00-12:00,专属推荐：现金管理010号（R1·现金管理），业绩比较基准2.8%，366天，50000元起投，T+0 随时赎回。理财非存款，产品有风险，投资须谨慎。
C003220,3,P011,app_push,周末14:00-18:00,专属推荐：固定期限011号（R2·固定期限），业绩比较基准3.3%，90天，10000元起投，T+0 随时赎回。该产品风险等级高于您的风险偏好，请谨慎选择。理财非存款，产品有风险，投资须谨慎。
C003222,1,P012,app_push,工作日09:00-12:00,专属推荐：混合012号（R2·混合），业绩比较基准3.7%，90天，10000元起投，T+1 次日赎回。理财非存款，产品有风险，投资须谨慎。
C003222,2,P011,app_push,工作日18:00-21:00,专属推荐：固定期限011号（R2·固定期限），业绩比较基准3.3%，90天，10000元起投，T+0 随时赎回。理财非存款，产品有风险，投资须谨慎。
C003222,3,P026,app_push,周末14:00-18:00,专属推荐：混合026号（R2·混合），业绩比较基准3.1%，180天，1000元起投，T+1 次日赎回。理财非存款，产品有风险，投资须谨慎。
C003224,1,P002,app_push,工作日18:00-21:00,专属推荐：固定期限002号（R5·固定期限），业绩比较基准11.3%，366天，1000元起投，T+0 随时赎回。该产品风险等级高于您的风险偏好，请谨慎选择。理财非存款，产品有风险，投资须谨慎。
C003224,2,P029,app_push,周末09:00-12:00,专属推荐：固定期限029号（R4·固定期限），业绩比较基准7.8%，灵活存续，10000元起投，封闭运作。理财非存款，产品有风险，投资须谨慎。
C003224,3,P023,app_push,周末14:00-18:00,专属推荐：固定期限023号（R5·固定期限），业绩比较基准9.8%，灵活存续，1000元起投，T+1 次日赎回。该产品风险等级高于您的风险偏好，请谨慎选择。理财非存款，产品有风险，投资须谨慎。
C003229,1,P014,app_push,工作日12:00-14:00,专属推荐：混合014号（R1·混合），业绩比较基准2.3%，90天，10000元起投，T+1 次日赎回。理财非存款，产品有风险，投资须谨慎。
C003229,2,P012,app_push,工作日18:00-21:00,专属推荐：混合012号（R2·混合），业绩比较基准3.7%，90天，10000元起投，T+1 次日赎回。该产品风险等级高于您的风险偏好，请谨慎选择。理财非存款，产品有风险，投资须谨慎。
C003229,3,P010,app_push,周末14:00-18:00,专属推荐：现金管理010号（R1·现金管理），业绩比较基准2.8%，366天，50000元起投，T+0 随时赎回。理财非存款，产品有风险，投资须谨慎。
C003234,1,P012,app_push,工作日09:00-12:00,专属推荐：混合012号（R2·混合），业绩比较基准3.7%，90天，10000元起投，T+1 次日赎回。理财非存款，产品有风险，投资须谨慎。
C003234,2,P026,app_push,工作日12:00-14:00,专属推荐：混合026号（R2·混合），业绩比较基准3.1%，180天，1000元起投，T+1 次日赎回。理财非存款，产品有风险，投资须谨慎。
C003234,3,P013,app_push,周末09:00-12:00,专属推荐：定开013号（R2·定开），业绩比较基准3.5%，灵活存续，10000元起投，T+0 随时赎回。理财非存款，产品有风险，投资须谨慎。
C003237,1,P029,call,工作日09:00-12:00,您好，我是您的专属理财顾问，为您介绍：固定期限029号（R4·固定期限），业绩比较基准7.8%，灵活存续，10000元起投，封闭运作。理财非存款，产品有风险，投资须谨慎。
C003237,2,P002,call,工作日12:00-14:00,您好，我是您的专属理财顾问，为您介绍：固定期限002号（R5·固定期限），业绩比较基准11.3%，366天，1000元起投，T+0 随时赎回。该产品风险等级高于您的风险偏好，请谨慎选择。理财非存款，产品有风险，投资须谨慎。
C003237,3,P023,call,周末09:00-12:00,您好，我是您的专属理财顾问，为您介绍：固定期限023号（R5·固定期限），业绩比较基准9.8%，灵活存续，1000元起投，T+1 次日赎回。该产品风险等级高于您的风险偏好，请谨慎选择。理财非存款，产品有风险，投资须谨慎。
C003245,1,P012,app_push,工作日18:00-21:00,专属推荐：混合012号（R2·混合），业绩比较基准3.7%，90天，10000元起投，T+1 次日赎回。理财非存款，产品有风险，投资须谨慎。
C003245,2,P026,app_push,周末09:00-12:00,专属推荐：混合026号（R2·混合），业绩比较基准3.1%，180天，1000元起投，T+1 次日赎回。理财非存款，产品有风险，投资须谨慎。
C003245,3,P014,app_push,周末14:00-18:00,专属推荐：混合014号（R1·混合），业绩比较基准2.3%，90天，10000元起投，T+1 次日赎回。理财非存款，产品有风险，投资须谨慎。
C003251,1,P029,app_push,工作日09:00-12:00,专属推荐：固定期限029号（R4·固定期限），业绩比较基准7.8%，灵活存续，10000元起投，封闭运作。理财非存款，产品有风险，投资须谨慎。
C003251,2,P002,app_push,工作日12:00-14:00,专属推荐：固定期限002号（R5·固定期限），业绩比较基准11.3%，366天，1000元起投，T+0 随时赎回。该产品风险等级高于您的风险偏好，请谨慎选择。理财非存款，产品有风险，投资须谨慎。
C003251,3,P023,app_push,周末09:00-12:00,专属推荐：固定期限023号（R5·固定期限），业绩比较基准9.8%，灵活存续，1000元起投，T+1 次日赎回。该产品风险等级高于您的风险偏好，请谨慎选择。理财非存款，产品有风险，投资须谨慎。
C003252,1,P012,app_push,工作日09:00-12:00,专属推荐：混合012号（R2·混合），业绩比较基准3.7%，90天，10000元起投，T+1 次日赎回。理财非存款，产品有风险，投资须谨慎。
C003252,2,P013,app_push,工作日12:00-14:00,专属推荐：定开013号（R2·定开），业绩比较基准3.5%，灵活存续，10000元起投，T+0 随时赎回。理财非存款，产品有风险，投资须谨慎。
C003252,3,P030,app_push,周末09:00-12:00,专属推荐：固定期限030号（R2·固定期限），业绩比较基准3.1%，730天，1000元起投，T+0 随时赎回。理财非存款，产品有风险，投资须谨慎。
C003255,1,P022,manager,工作日09:00-12:00,金卡贵宾专享：定开022号（R2·定开），业绩比较基准3.0%，730天，10000元起投，T+1 次日赎回，可为您预约专属认购。理财非存款，产品有风险，投资须谨慎。
C003255,2,P013,manager,工作日12:00-14:00,金卡贵宾专享：定开013号（R2·定开），业绩比较基准3.5%，灵活存续，10000元起投，T+0 随时赎回，可为您预约专属认购。理财非存款，产品有风险，投资须谨慎。
C003255,3,P025,manager,工作日18:00-21:00,金卡贵宾专享：定开025号（R3·定开），业绩比较基准5.2%，366天，1000元起投，T+0 随时赎回，可为您预约专属认购。该产品风险等级高于您的风险偏好，请谨慎选择。理财非存款，产品有风险，投资须谨慎。
C003263,1,P006,manager,工作日09:00-12:00,金卡贵宾专享：混合006号（R3·混合），业绩比较基准5.1%，灵活存续，50000元起投，T+1 次日赎回，可为您预约专属认购。理财非存款，产品有风险，投资须谨慎。
C003263,2,P001,manager,工作日12:00-14:00,金卡贵宾专享：混合001号（R3·混合），业绩比较基准5.5%，730天，50000元起投，封闭运作，可为您预约专属认购。理财非存款，产品有风险，投资须谨慎。
C003263,3,P029,manager,工作日18:00-21:00,金卡贵宾专享：固定期限029号（R4·固定期限），业绩比较基准7.8%，灵活存续，10000元起投，封闭运作，可为您预约专属认购。该产品风险等级高于您的风险偏好，请谨慎选择。理财非存款，产品有风险，投资须谨慎。
C003268,1,P025,app_push,工作日18:00-21:00,专属推荐：定开025号（R3·定开），业绩比较基准5.2%，366天，1000元起投，T+0 随时赎回。理财非存款，产品有风险，投资须谨慎。
C003268,2,P024,app_push,周末14:00-18:00,专属推荐：定开024号（R3·定开），业绩比较基准4.7%，90天，1000元起投，T+1 次日赎回。理财非存款，产品有风险，投资须谨慎。
C003268,3,P008,app_push,周末09:00-12:00,专属推荐：定开008号（R3·定开），业绩比较基准5.1%，366天，10000元起投，封闭运作。理财非存款，产品有风险，投资须谨慎。
C003277,1,P030,app_push,工作日18:00-21:00,专属推荐：固定期限030号（R2·固定期限），业绩比较基准3.1%，730天，1000元起投，T+0 随时赎回。理财非存款，产品有风险，投资须谨慎。
C003277,2,P025,app_push,周末09:00-12:00,专属推荐：定开025号（R3·定开），业绩比较基准5.2%，366天，1000元起投，T+0 随时赎回。理财非存款，产品有风险，投资须谨慎。
C003277,3,P024,app_push,周末14:00-18:00,专属推荐：定开024号（R3·定开），业绩比较基准4.7%，90天，1000元起投，T+1 次日赎回。理财非存款，产品有风险，投资须谨慎。
C003279,1,P025,app_push,工作日12:00-14:00,专属推荐：定开025号（R3·定开），业绩比较基准5.2%，366天，1000元起投，T+0 随时赎回。理财非存款，产品有风险，投资须谨慎。
C003279,2,P008,app_push,周末14:00-18:00,专属推荐：定开008号（R3·定开），业绩比较基准5.1%，366天，10000元起投，封闭运作。理财非存款，产品有风险，投资须谨慎。
C003279,3,P024,app_push,工作日18:00-21:00,专属推荐：定开024号（R3·定开），业绩比较基准4.7%，90天，1000元起投，T+1 次日赎回。理财非存款，产品有风险，投资须谨慎。
C003286,1,P008,call,工作日12:00-14:00,您好，我是您的专属理财顾问，为您介绍：定开008号（R3·定开），业绩比较基准5.1%，366天，10000元起投，封闭运作。理财非存款，产品有风险，投资须谨慎。
C003286,2,P025,call,周末14:00-18:00,您好，我是您的专属理财顾问，为您介绍：定开025号（R3·定开），业绩比较基准5.2%，366天，1000元起投，T+0 随时赎回。理财非存款，产品有风险，投资须谨慎。
C003286,3,P024,call,工作日18:00-21:00,您好，我是您的专属理财顾问，为您介绍：定开024号（R3·定开），业绩比较基准4.7%，90天，1000元起投，T+1 次日赎回。理财非存款，产品有风险，投资须谨慎。
C003287,1,P025,call,工作日18:00-21:00,您好，我是您的专属理财顾问，为您介绍：定开025号（R3·定开），业绩比较基准5.2%，366天，1000元起投，T+0 随时赎回。理财非存款，产品有风险，投资须谨慎。
C003287,2,P006,call,周末14:00-18:00,您好，我是您的专属理财顾问，为您介绍：混合006号（R3·混合），业绩比较基准5.1%，灵活存续，50000元起投，T+1 次日赎回。理财非存款，产品有风险，投资须谨慎。
C003287,3,P001,call,周末09:00-12:00,您好，我是您的专属理财顾问，为您介绍：混合001号（R3·混合），业绩比较基准5.5%，730天，50000元起投，封闭运作。理财非存款，产品有风险，投资须谨慎。
C003289,1,P013,manager,工作日09:00-12:00,金卡贵宾专享：定开013号（R2·定开），业绩比较基准3.5%，灵活存续，10000元起投，T+0 随时赎回，可为您预约专属认购。该产品风险等级高于您的风险偏好，请谨慎选择。理财非存款，产品有风险，投资须谨慎。
C003289,2,P022,manager,工作日12:00-14:00,金卡贵宾专享：定开022号（R2·定开），业绩比较基准3.0%，730天，10000元起投，T+1 次日赎回，可为您预约专属认购。该产品风险等级高于您的风险偏好，请谨慎选择。理财非存款，产品有风险，投资须谨慎。
C003289,3,P019,manager,工作日18:00-21:00,金卡贵宾专享：定开019号（R2·定开），业绩比较基准3.3%，灵活存续，1000元起投，T+0 随时赎回，可为您预约专属认购。该产品风险等级高于您的风险偏好，请谨慎选择。理财非存款，产品有风险，投资须谨慎。
C003291,1,P007,manager,工作日09:00-12:00,钻石贵宾专享：定开007号（R3·定开），业绩比较基准4.6%，730天，50000元起投，封闭运作，可为您预约专属认购。理财非存款，产品有风险，投资须谨慎。
C003291,2,P008,manager,工作日12:00-14:00,钻石贵宾专享：定开008号（R3·定开），业绩比较基准5.1%，366天，10000元起投，封闭运作，可为您预约专属认购。理财非存款，产品有风险，投资须谨慎。
C003291,3,P025,manager,工作日18:00-21:00,钻石贵宾专享：定开025号（R3·定开），业绩比较基准5.2%，366天，1000元起投，T+0 随时赎回，可为您预约专属认购。理财非存款，产品有风险，投资须谨慎。
C003293,1,P025,app_push,工作日09:00-12:00,专属推荐：定开025号（R3·定开），业绩比较基准5.2%，366天，1000元起投，T+0 随时赎回。理财非存款，产品有风险，投资须谨慎。
C003293,2,P024,app_push,工作日12:00-14:00,专属推荐：定开024号（R3·定开），业绩比较基准4.7%，90天，1000元起投，T+1 次日赎回。理财非存款，产品有风险，投资须谨慎。
C003293,3,P017,app_push,周末09:00-12:00,专属推荐：现金管理017号（R3·现金管理），业绩比较基准4.3%，180天，1000元起投，T+1 次日赎回。理财非存款，产品有风险，投资须谨慎。
C003298,1,P014,app_push,工作日09:00-12:00,专属推荐：混合014号（R1·混合），业绩比较基准2.3%，90天，10000元起投，T+1 次日赎回。理财非存款，产品有风险，投资须谨慎。
C003298,2,P013,app_push,工作日12:00-14:00,专属推荐：定开013号（R2·定开），业绩比较基准3.5%，灵活存续，10000元起投，T+0 随时赎回。该产品风险等级高于您的风险偏好，请谨慎选择。理财非存款，产品有风险，投资须谨慎。
C003298,3,P011,app_push,工作日18:00-21:00,专属推荐：固定期限011号（R2·固定期限），业绩比较基准3.3%，90天，10000元起投，T+0 随时赎回。该产品风险等级高于您的风险偏好，请谨慎选择。理财非存款，产品有风险，投资须谨慎。
C003303,1,P006,manager,工作日12:00-14:00,普通贵宾专享：混合006号（R3·混合），业绩比较基准5.1%，灵活存续，50000元起投，T+1 次日赎回，可为您预约专属认购。理财非存款，产品有风险，投资须谨慎。
C003303,2,P025,manager,工作日18:00-21:00,普通贵宾专享：定开025号（R3·定开），业绩比较基准5.2%，366天，1000元起投，T+0 随时赎回，可为您预约专属认购。理财非存款，产品有风险，投资须谨慎。
C003303,3,P001,manager,周末14:00-18:00,普通贵宾专享：混合001号（R3·混合），业绩比较基准5.5%，730天，50000元起投，封闭运作，可为您预约专属认购。理财非存款，产品有风险，投资须谨慎。
C003304,1,P011,app_push,工作日09:00-12:00,专属推荐：固定期限011号（R2·固定期限），业绩比较基准3.3%，90天，10000元起投，T+0 随时赎回。该产品风险等级高于您的风险偏好，请谨慎选择。理财非存款，产品有风险，投资须谨慎。
C003304,2,P014,app_push,工作日12:00-14:00,专属推荐：混合014号（R1·混合），业绩比较基准2.3%，90天，10000元起投，T+1 次日赎回。理财非存款，产品有风险，投资须谨慎。
C003304,3,P030,app_push,工作日18:00-21:00,专属推荐：固定期限030号（R2·固定期限），业绩比较基准3.1%，730天，1000元起投，T+0 随时赎回。该产品风险等级高于您的风险偏好，请谨慎选择。理财非存款，产品有风险，投资须谨慎。
C003307,1,P017,app_push,工作日09:00-12:00,专属推荐：现金管理017号（R3·现金管理），业绩比较基准4.3%，180天，1000元起投，T+1 次日赎回。该产品风险等级高于您的风险偏好，请谨慎选择。理财非存款，产品有风险，投资须谨慎。
C003307,2,P026,app_push,工作日12:00-14:00,专属推荐：混合026号（R2·混合），业绩比较基准3.1%，180天，1000元起投，T+1 次日赎回。理财非存款，产品有风险，投资须谨慎。
C003307,3,P019,app_push,工作日18:00-21:00,专属推荐：定开019号（R2·定开），业绩比较基准3.3%，灵活存续，1000元起投，T+0 随时赎回。理财非存款，产品有风险，投资须谨慎。
C003308,1,P015,app_push,工作日09:00-12:00,专属推荐：固定期限015号（R4·固定期限），业绩比较基准6.7%，366天，50000元起投，封闭运作。理财非存款，产品有风险，投资须谨慎。
C003308,2,P029,app_push,工作日12:00-14:00,专属推荐：固定期限029号（R4·固定期限），业绩比较基准7.8%，灵活存续，10000元起投，封闭运作。理财非存款，产品有风险，投资须谨慎。
C003308,3,P002,app_push,工作日18:00-21:00,专属推荐：固定期限002号（R5·固定期限），业绩比较基准11.3%，366天，1000元起投，T+0 随时赎回。该产品风险等级高于您的风险偏好，请谨慎选择。理财非存款，产品有风险，投资须谨慎。
C003311,1,P014,call,工作日09:00-12:00,您好，我是您的专属理财顾问，为您介绍：混合014号（R1·混合），业绩比较基准2.3%，90天，10000元起投，T+1 次日赎回。理财非存款，产品有风险，投资须谨慎。
C003311,2,P011,call,工作日12:00-14:00,您好，我是您的专属理财顾问，为您介绍：固定期限011号（R2·固定期限），业绩比较基准3.3%，90天，10000元起投，T+0 随时赎回。该产品风险等级高于您的风险偏好，请谨慎选择。理财非存款，产品有风险，投资须谨慎。
C003311,3,P012,call,工作日18:00-21:00,您好，我是您的专属理财顾问，为您介绍：混合012号（R2·混合），业绩比较基准3.7%，90天，10000元起投，T+1 次日赎回。该产品风险等级高于您的风险偏好，请谨慎选择。理财非存款，产品有风险，投资须谨慎。
C003316,1,P026,app_push,工作日18:00-21:00,专属推荐：混合026号（R2·混合），业绩比较基准3.1%，180天，1000元起投，T+1 次日赎回。该产品风险等级高于您的风险偏好，请谨慎选择。理财非存款，产品有风险，投资须谨慎。
C003316,2,P019,app_push,周末09:00-12:00,专属推荐：定开019号（R2·定开），业绩比较基准3.3%，灵活存续，1000元起投，T+0 随时赎回。该产品风险等级高于您的风险偏好，请谨慎选择。理财非存款，产品有风险，投资须谨慎。
C003316,3,P030,app_push,周末14:00-18:00,专属推荐：固定期限030号（R2·固定期限），业绩比较基准3.1%，730天，1000元起投，T+0 随时赎回。该产品风险等级高于您的风险偏好，请谨慎选择。理财非存款，产品有风险，投资须谨慎。
C003324,1,P011,app_push,工作日09:00-12:00,专属推荐：固定期限011号（R2·固定期限），业绩比较基准3.3%，90天，10000元起投，T+0 随时赎回。理财非存款，产品有风险，投资须谨慎。
C003324,2,P012,app_push,工作日12:00-14:00,专属推荐：混合012号（R2·混合），业绩比较基准3.7%，90天，10000元起投，T+1 次日赎回。理财非存款，产品有风险，投资须谨慎。
C003324,3,P026,app_push,周末14:00-18:00,专属推荐：混合026号（R2·混合），业绩比较基准3.1%，180天，1000元起投，T+1 次日赎回。理财非存款，产品有风险，投资须谨慎。
C003329,1,P014,call,工作日18:00-21:00,您好，我是您的专属理财顾问，为您介绍：混合014号（R1·混合），业绩比较基准2.3%，90天，10000元起投，T+1 次日赎回。理财非存款，产品有风险，投资须谨慎。
C003329,2,P026,call,周末09:00-12:00,您好，我是您的专属理财顾问，为您介绍：混合026号（R2·混合），业绩比较基准3.1%，180天，1000元起投，T+1 次日赎回。该产品风险等级高于您的风险偏好，请谨慎选择。理财非存款，产品有风险，投资须谨慎。
C003329,3,P028,call,周末14:00-18:00,您好，我是您的专属理财顾问，为您介绍：定开028号（R2·定开），业绩比较基准3.6%，366天，100000元起投，T+1 次日赎回。该产品风险等级高于您的风险偏好，请谨慎选择。理财非存款，产品有风险，投资须谨慎。
C003334,1,P026,app_push,工作日09:00-12:00,专属推荐：混合026号（R2·混合），业绩比较基准3.1%，180天，1000元起投，T+1 次日赎回。理财非存款，产品有风险，投资须谨慎。
C003334,2,P012,app_push,工作日12:00-14:00,专属推荐：混合012号（R2·混合），业绩比较基准3.7%，90天，10000元起投，T+1 次日赎回。理财非存款，产品有风险，投资须谨慎。
C003334,3,P025,app_push,工作日18:00-21:00,专属推荐：定开025号（R3·定开），业绩比较基准5.2%，366天，1000元起投，T+0 随时赎回。理财非存款，产品有风险，投资须谨慎。
C003337,1,P014,app_push,工作日18:00-21:00,专属推荐：混合014号（R1·混合），业绩比较基准2.3%，90天，10000元起投，T+1 次日赎回。理财非存款，产品有风险，投资须谨慎。
C003337,2,P026,app_push,周末14:00-18:00,专属推荐：混合026号（R2·混合），业绩比较基准3.1%，180天，1000元起投，T+1 次日赎回。该产品风险等级高于您的风险偏好，请谨慎选择。理财非存款，产品有风险，投资须谨慎。
C003337,3,P019,app_push,周末09:00-12:00,专属推荐：定开019号（R2·定开），业绩比较基准3.3%，灵活存续，1000元起投，T+0 随时赎回。该产品风险等级高于您的风险偏好，请谨慎选择。理财非存款，产品有风险，投资须谨慎。
C003340,1,P002,app_push,工作日18:00-21:00,专属推荐：固定期限002号（R5·固定期限），业绩比较基准11.3%，366天，1000元起投，T+0 随时赎回。该产品风险等级高于您的风险偏好，请谨慎选择。理财非存款，产品有风险，投资须谨慎。
C003340,2,P023,app_push,周末14:00-18:00,专属推荐：固定期限023号（R5·固定期限），业绩比较基准9.8%，灵活存续，1000元起投，T+1 次日赎回。该产品风险等级高于您的风险偏好，请谨慎选择。理财非存款，产品有风险，投资须谨慎。
C003340,3,P004,app_push,周末09:00-12:00,专属推荐：现金管理004号（R5·现金管理），业绩比较基准8.6%，灵活存续，1000元起投，封闭运作。该产品风险等级高于您的风险偏好，请谨慎选择。理财非存款，产品有风险，投资须谨慎。
C003347,1,P004,app_push,工作日09:00-12:00,专属推荐：现金管理004号（R5·现金管理），业绩比较基准8.6%，灵活存续，1000元起投，封闭运作。该产品风险等级高于您的风险偏好，请谨慎选择。理财非存款，产品有风险，投资须谨慎。
C003347,2,P024,app_push,工作日12:00-14:00,专属推荐：定开024号（R3·定开），业绩比较基准4.7%，90天，1000元起投，T+1 次日赎回。理财非存款，产品有风险，投资须谨慎。
C003347,3,P029,app_push,周末14:00-18:00,专属推荐：固定期限029号（R4·固定期限），业绩比较基准7.8%，灵活存续，10000元起投，封闭运作。理财非存款，产品有风险，投资须谨慎。
C003349,1,P012,app_push,工作日12:00-14:00,专属推荐：混合012号（R2·混合），业绩比较基准3.7%，90天，10000元起投，T+1 次日赎回。理财非存款，产品有风险，投资须谨慎。
C003349,2,P013,app_push,工作日18:00-21:00,专属推荐：定开013号（R2·定开），业绩比较基准3.5%，灵活存续，10000元起投，T+0 随时赎回。理财非存款，产品有风险，投资须谨慎。
C003349,3,P026,app_push,周末14:00-18:00,专属推荐：混合026号（R2·混合），业绩比较基准3.1%，180天，1000元起投，T+1 次日赎回。理财非存款，产品有风险，投资须谨慎。
C003356,1,P014,app_push,工作日12:00-14:00,专属推荐：混合014号（R1·混合），业绩比较基准2.3%，90天，10000元起投，T+1 次日赎回。理财非存款，产品有风险，投资须谨慎。
C003356,2,P026,app_push,周末14:00-18:00,专属推荐：混合026号（R2·混合），业绩比较基准3.1%，180天，1000元起投，T+1 次日赎回。该产品风险等级高于您的风险偏好，请谨慎选择。理财非存款，产品有风险，投资须谨慎。
C003356,3,P012,app_push,工作日18:00-21:00,专属推荐：混合012号（R2·混合），业绩比较基准3.7%，90天，10000元起投，T+1 次日赎回。该产品风险等级高于您的风险偏好，请谨慎选择。理财非存款，产品有风险，投资须谨慎。
C003358,1,P006,app_push,工作日12:00-14:00,专属推荐：混合006号（R3·混合），业绩比较基准5.1%，灵活存续，50000元起投，T+1 次日赎回。理财非存款，产品有风险，投资须谨慎。
C003358,2,P001,app_push,工作日18:00-21:00,专属推荐：混合001号（R3·混合），业绩比较基准5.5%，730天，50000元起投，封闭运作。理财非存款，产品有风险，投资须谨慎。
C003358,3,P021,app_push,周末14:00-18:00,专属推荐：混合021号（R3·混合），业绩比较基准5.4%，730天，100000元起投，封闭运作。理财非存款，产品有风险，投资须谨慎。
C003361,1,P014,app_push,工作日12:00-14:00,专属推荐：混合014号（R1·混合），业绩比较基准2.3%，90天，10000元起投，T+1 次日赎回。理财非存款，产品有风险，投资须谨慎。
C003361,2,P026,app_push,工作日18:00-21:00,专属推荐：混合026号（R2·混合），业绩比较基准3.1%，180天，1000元起投，T+1 次日赎回。该产品风险等级高于您的风险偏好，请谨慎选择。理财非存款，产品有风险，投资须谨慎。
C003361,3,P010,app_push,周末14:00-18:00,专属推荐：现金管理010号（R1·现金管理），业绩比较基准2.8%，366天，50000元起投，T+0 随时赎回。理财非存款，产品有风险，投资须谨慎。
C003371,1,P026,app_push,工作日09:00-12:00,专属推荐：混合026号（R2·混合），业绩比较基准3.1%，180天，1000元起投，T+1 次日赎回。理财非存款，产品有风险，投资须谨慎。
C003371,2,P024,app_push,工作日12:00-14:00,专属推荐：定开024号（R3·定开），业绩比较基准4.7%，90天，1000元起投，T+1 次日赎回。理财非存款，产品有风险，投资须谨慎。
C003371,3,P025,app_push,工作日18:00-21:00,专属推荐：定开025号（R3·定开），业绩比较基准5.2%，366天，1000元起投，T+0 随时赎回。理财非存款，产品有风险，投资须谨慎。
C003380,1,P017,call,工作日09:00-12:00,您好，我是您的专属理财顾问，为您介绍：现金管理017号（R3·现金管理），业绩比较基准4.3%，180天，1000元起投，T+1 次日赎回。理财非存款，产品有风险，投资须谨慎。
C003380,2,P025,call,工作日12:00-14:00,您好，我是您的专属理财顾问，为您介绍：定开025号（R3·定开），业绩比较基准5.2%，366天，1000元起投，T+0 随时赎回。理财非存款，产品有风险，投资须谨慎。
C003380,3,P024,call,周末09:00-12:00,您好，我是您的专属理财顾问，为您介绍：定开024号（R3·定开），业绩比较基准4.7%，90天，1000元起投，T+1 次日赎回。理财非存款，产品有风险，投资须谨慎。
C003387,1,P026,app_push,工作日18:00-21:00,专属推荐：混合026号（R2·混合），业绩比较基准3.1%，180天，1000元起投，T+1 次日赎回。理财非存款，产品有风险，投资须谨慎。
C003387,2,P019,app_push,周末14:00-18:00,专属推荐：定开019号（R2·定开），业绩比较基准3.3%，灵活存续，1000元起投，T+0 随时赎回。理财非存款，产品有风险，投资须谨慎。
C003387,3,P030,app_push,周末09:00-12:00,专属推荐：固定期限030号（R2·固定期限），业绩比较基准3.1%，730天，1000元起投，T+0 随时赎回。理财非存款，产品有风险，投资须谨慎。
C003395,1,P014,app_push,工作日09:00-12:00,专属推荐：混合014号（R1·混合），业绩比较基准2.3%，90天，10000元起投，T+1 次日赎回。理财非存款，产品有风险，投资须谨慎。
C003395,2,P010,app_push,工作日12:00-14:00,专属推荐：现金管理010号（R1·现金管理），业绩比较基准2.8%，366天，50000元起投，T+0 随时赎回。理财非存款，产品有风险，投资须谨慎。
C003395,3,P012,app_push,周末09:00-12:00,专属推荐：混合012号（R2·混合），业绩比较基准3.7%，90天，10000元起投，T+1 次日赎回。该产品风险等级高于您的风险偏好，请谨慎选择。理财非存款，产品有风险，投资须谨慎。
C003397,1,P016,manager,工作日12:00-14:00,金卡贵宾专享：现金管理016号（R2·现金管理），业绩比较基准3.1%，180天，100000元起投，T+0 随时赎回，可为您预约专属认购。理财非存款，产品有风险，投资须谨慎。
C003397,2,P026,manager,工作日18:00-21:00,金卡贵宾专享：混合026号（R2·混合），业绩比较基准3.1%，180天，1000元起投，T+1 次日赎回，可为您预约专属认购。理财非存款，产品有风险，投资须谨慎。
C003397,3,P028,manager,周末14:00-18:00,金卡贵宾专享：定开028号（R2·定开），业绩比较基准3.6%，366天，100000元起投，T+1 次日赎回，可为您预约专属认购。理财非存款，产品有风险，投资须谨慎。
C003398,1,P029,app_push,工作日12:00-14:00,专属推荐：固定期限029号（R4·固定期限），业绩比较基准7.8%，灵活存续，10000元起投，封闭运作。理财非存款，产品有风险，投资须谨慎。
C003398,2,P027,app_push,周末14:00-18:00,专属推荐：现金管理027号（R4·现金管理），业绩比较基准7.7%，366天，100000元起投，T+1 次日赎回。理财非存款，产品有风险，投资须谨慎。
C003398,3,P015,app_push,工作日18:00-21:00,专属推荐：固定期限015号（R4·固定期限），业绩比较基准6.7%，366天，50000元起投，封闭运作。理财非存款，产品有风险，投资须谨慎。
C003407,1,P017,app_push,工作日09:00-12:00,专属推荐：现金管理017号（R3·现金管理），业绩比较基准4.3%，180天，1000元起投，T+1 次日赎回。理财非存款，产品有风险，投资须谨慎。
C003407,2,P018,app_push,工作日12:00-14:00,专属推荐：现金管理018号（R2·现金管理），业绩比较基准3.6%，730天，10000元起投，T+0 随时赎回。理财非存款，产品有风险，投资须谨慎。
C003407,3,P020,app_push,周末09:00-12:00,专属推荐：现金管理020号（R2·现金管理），业绩比较基准3.6%，366天，10000元起投，T+1 次日赎回。理财非存款，产品有风险，投资须谨慎。
C003411,1,P019,app_push,工作日09:00-12:00,专属推荐：定开019号（R2·定开），业绩比较基准3.3%，灵活存续，1000元起投，T+0 随时赎回。该产品风险等级高于您的风险偏好，请谨慎选择。理财非存款，产品有风险，投资须谨慎。
C003411,2,P026,app_push,工作日12:00-14:00,专属推荐：混合026号（R2·混合），业绩比较基准3.1%，180天，1000元起投，T+1 次日赎回。该产品风险等级高于您的风险偏好，请谨慎选择。理财非存款，产品有风险，投资须谨慎。
C003411,3,P030,app_push,周末09:00-12:00,专属推荐：固定期限030号（R2·固定期限），业绩比较基准3.1%，730天，1000元起投，T+0 随时赎回。该产品风险等级高于您的风险偏好，请谨慎选择。理财非存款，产品有风险，投资须谨慎。
C003418,1,P025,call,工作日09:00-12:00,您好，我是您的专属理财顾问，为您介绍：定开025号（R3·定开），业绩比较基准5.2%，366天，1000元起投，T+0 随时赎回。理财非存款，产品有风险，投资须谨慎。
C003418,2,P024,call,工作日12:00-14:00,您好，我是您的专属理财顾问，为您介绍：定开024号（R3·定开），业绩比较基准4.7%，90天，1000元起投，T+1 次日赎回。理财非存款，产品有风险，投资须谨慎。
C003418,3,P017,call,周末09:00-12:00,您好，我是您的专属理财顾问，为您介绍：现金管理017号（R3·现金管理），业绩比较基准4.3%，180天，1000元起投，T+1 次日赎回。理财非存款，产品有风险，投资须谨慎。
C003423,1,P022,app_push,工作日12:00-14:00,专属推荐：定开022号（R2·定开），业绩比较基准3.0%，730天，10000元起投，T+1 次日赎回。理财非存款，产品有风险，投资须谨慎。
C003423,2,P019,app_push,周末14:00-18:00,专属推荐：定开019号（R2·定开），业绩比较基准3.3%，灵活存续，1000元起投，T+0 随时赎回。理财非存款，产品有风险，投资须谨慎。
C003423,3,P013,app_push,工作日18:00-21:00,专属推荐：定开013号（R2·定开），业绩比较基准3.5%，灵活存续，10000元起投，T+0 随时赎回。理财非存款，产品有风险，投资须谨慎。
C003429,1,P029,app_push,工作日09:00-12:00,专属推荐：固定期限029号（R4·固定期限），业绩比较基准7.8%，灵活存续，10000元起投，封闭运作。该产品风险等级高于您的风险偏好，请谨慎选择。理财非存款，产品有风险，投资须谨慎。
C003429,2,P017,app_push,工作日18:00-21:00,专属推荐：现金管理017号（R3·现金管理），业绩比较基准4.3%，180天，1000元起投，T+1 次日赎回。理财非存款，产品有风险，投资须谨慎。
C003429,3,P025,app_push,周末14:00-18:00,专属推荐：定开025号（R3·定开），业绩比较基准5.2%，366天，1000元起投，T+0 随时赎回。理财非存款，产品有风险，投资须谨慎。
C003431,1,P030,app_push,工作日09:00-12:00,专属推荐：固定期限030号（R2·固定期限），业绩比较基准3.1%，730天，1000元起投，T+0 随时赎回。理财非存款，产品有风险，投资须谨慎。
C003431,2,P019,app_push,工作日12:00-14:00,专属推荐：定开019号（R2·定开），业绩比较基准3.3%，灵活存续，1000元起投，T+0 随时赎回。理财非存款，产品有风险，投资须谨慎。
C003431,3,P026,app_push,周末09:00-12:00,专属推荐：混合026号（R2·混合），业绩比较基准3.1%，180天，1000元起投，T+1 次日赎回。理财非存款，产品有风险，投资须谨慎。
C003432,1,P017,call,工作日12:00-14:00,您好，我是您的专属理财顾问，为您介绍：现金管理017号（R3·现金管理），业绩比较基准4.3%，180天，1000元起投，T+1 次日赎回。理财非存款，产品有风险，投资须谨慎。
C003432,2,P025,call,周末14:00-18:00,您好，我是您的专属理财顾问，为您介绍：定开025号（R3·定开），业绩比较基准5.2%，366天，1000元起投，T+0 随时赎回。理财非存款，产品有风险，投资须谨慎。
C003432,3,P024,call,工作日18:00-21:00,您好，我是您的专属理财顾问，为您介绍：定开024号（R3·定开），业绩比较基准4.7%，90天，1000元起投，T+1 次日赎回。理财非存款，产品有风险，投资须谨慎。
C003435,1,P019,app_push,工作日09:00-12:00,专属推荐：定开019号（R2·定开），业绩比较基准3.3%，灵活存续，1000元起投，T+0 随时赎回。理财非存款，产品有风险，投资须谨慎。
C003435,2,P018,app_push,工作日12:00-14:00,专属推荐：现金管理018号（R2·现金管理），业绩比较基准3.6%，730天，10000元起投，T+0 随时赎回。理财非存款，产品有风险，投资须谨慎。
C003435,3,P013,app_push,工作日18:00-21:00,专属推荐：定开013号（R2·定开），业绩比较基准3.5%，灵活存续，10000元起投，T+0 随时赎回。理财非存款，产品有风险，投资须谨慎。
C003439,1,P009,app_push,工作日09:00-12:00,专属推荐：现金管理009号（R2·现金管理），业绩比较基准4.0%，730天，50000元起投，T+0 随时赎回。理财非存款，产品有风险，投资须谨慎。
C003439,2,P030,app_push,工作日12:00-14:00,专属推荐：固定期限030号（R2·固定期限），业绩比较基准3.1%，730天，1000元起投，T+0 随时赎回。理财非存款，产品有风险，投资须谨慎。
C003439,3,P011,app_push,工作日18:00-21:00,专属推荐：固定期限011号（R2·固定期限），业绩比较基准3.3%，90天，10000元起投，T+0 随时赎回。理财非存款，产品有风险，投资须谨慎。
C003444,1,P025,call,工作日18:00-21:00,您好，我是您的专属理财顾问，为您介绍：定开025号（R3·定开），业绩比较基准5.2%，366天，1000元起投，T+0 随时赎回。理财非存款，产品有风险，投资须谨慎。
C003444,2,P024,call,周末09:00-12:00,您好，我是您的专属理财顾问，为您介绍：定开024号（R3·定开），业绩比较基准4.7%，90天，1000元起投，T+1 次日赎回。理财非存款，产品有风险，投资须谨慎。
C003444,3,P017,call,周末14:00-18:00,您好，我是您的专属理财顾问，为您介绍：现金管理017号（R3·现金管理），业绩比较基准4.3%，180天，1000元起投，T+1 次日赎回。理财非存款，产品有风险，投资须谨慎。
C003446,1,P014,call,工作日12:00-14:00,您好，我是您的专属理财顾问，为您介绍：混合014号（R1·混合），业绩比较基准2.3%，90天，10000元起投，T+1 次日赎回。理财非存款，产品有风险，投资须谨慎。
C003446,2,P026,call,周末14:00-18:00,您好，我是您的专属理财顾问，为您介绍：混合026号（R2·混合），业绩比较基准3.1%，180天，1000元起投，T+1 次日赎回。该产品风险等级高于您的风险偏好，请谨慎选择。理财非存款，产品有风险，投资须谨慎。
C003446,3,P030,call,工作日18:00-21:00,您好，我是您的专属理财顾问，为您介绍：固定期限030号（R2·固定期限），业绩比较基准3.1%，730天，1000元起投，T+0 随时赎回。该产品风险等级高于您的风险偏好，请谨慎选择。理财非存款，产品有风险，投资须谨慎。
C003449,1,P025,app_push,工作日09:00-12:00,专属推荐：定开025号（R3·定开），业绩比较基准5.2%，366天，1000元起投，T+0 随时赎回。理财非存款，产品有风险，投资须谨慎。
C003449,2,P024,app_push,工作日12:00-14:00,专属推荐：定开024号（R3·定开），业绩比较基准4.7%，90天，1000元起投，T+1 次日赎回。理财非存款，产品有风险，投资须谨慎。
C003449,3,P017,app_push,周末09:00-12:00,专属推荐：现金管理017号（R3·现金管理），业绩比较基准4.3%，180天，1000元起投，T+1 次日赎回。理财非存款，产品有风险，投资须谨慎。
C003456,1,P025,app_push,工作日09:00-12:00,专属推荐：定开025号（R3·定开），业绩比较基准5.2%，366天，1000元起投，T+0 随时赎回。理财非存款，产品有风险，投资须谨慎。
C003456,2,P024,app_push,工作日12:00-14:00,专属推荐：定开024号（R3·定开），业绩比较基准4.7%，90天，1000元起投，T+1 次日赎回。理财非存款，产品有风险，投资须谨慎。
C003456,3,P017,app_push,周末14:00-18:00,专属推荐：现金管理017号（R3·现金管理），业绩比较基准4.3%，180天，1000元起投，T+1 次日赎回。理财非存款，产品有风险，投资须谨慎。
C003459,1,P026,manager,工作日12:00-14:00,金卡贵宾专享：混合026号（R2·混合），业绩比较基准3.1%，180天，1000元起投，T+1 次日赎回，可为您预约专属认购。理财非存款，产品有风险，投资须谨慎。
C003459,2,P020,manager,工作日18:00-21:00,金卡贵宾专享：现金管理020号（R2·现金管理），业绩比较基准3.6%，366天，10000元起投，T+1 次日赎回，可为您预约专属认购。理财非存款，产品有风险，投资须谨慎。
C003459,3,P012,manager,周末14:00-18:00,金卡贵宾专享：混合012号（R2·混合），业绩比较基准3.7%，90天，10000元起投，T+1 次日赎回，可为您预约专属认购。理财非存款，产品有风险，投资须谨慎。
C003462,1,P011,call,工作日09:00-12:00,您好，我是您的专属理财顾问，为您介绍：固定期限011号（R2·固定期限），业绩比较基准3.3%，90天，10000元起投，T+0 随时赎回。理财非存款，产品有风险，投资须谨慎。
C003462,2,P012,call,工作日12:00-14:00,您好，我是您的专属理财顾问，为您介绍：混合012号（R2·混合），业绩比较基准3.7%，90天，10000元起投，T+1 次日赎回。理财非存款，产品有风险，投资须谨慎。
C003462,3,P013,call,工作日18:00-21:00,您好，我是您的专属理财顾问，为您介绍：定开013号（R2·定开），业绩比较基准3.5%，灵活存续，10000元起投，T+0 随时赎回。理财非存款，产品有风险，投资须谨慎。
C003463,1,P002,call,工作日18:00-21:00,您好，我是您的专属理财顾问，为您介绍：固定期限002号（R5·固定期限），业绩比较基准11.3%，366天，1000元起投，T+0 随时赎回。理财非存款，产品有风险，投资须谨慎。
C003463,2,P023,call,周末14:00-18:00,您好，我是您的专属理财顾问，为您介绍：固定期限023号（R5·固定期限），业绩比较基准9.8%，灵活存续，1000元起投，T+1 次日赎回。理财非存款，产品有风险，投资须谨慎。
C003463,3,P004,call,周末09:00-12:00,您好，我是您的专属理财顾问，为您介绍：现金管理004号（R5·现金管理），业绩比较基准8.6%，灵活存续，1000元起投，封闭运作。理财非存款，产品有风险，投资须谨慎。
C003465,1,P018,app_push,工作日12:00-14:00,专属推荐：现金管理018号（R2·现金管理），业绩比较基准3.6%，730天，10000元起投，T+0 随时赎回。该产品风险等级高于您的风险偏好，请谨慎选择。理财非存款，产品有风险，投资须谨慎。
C003465,2,P020,app_push,工作日18:00-21:00,专属推荐：现金管理020号（R2·现金管理），业绩比较基准3.6%，366天，10000元起投，T+1 次日赎回。该产品风险等级高于您的风险偏好，请谨慎选择。理财非存款，产品有风险，投资须谨慎。
C003465,3,P010,app_push,周末14:00-18:00,专属推荐：现金管理010号（R1·现金管理），业绩比较基准2.8%，366天，50000元起投，T+0 随时赎回。理财非存款，产品有风险，投资须谨慎。
C003467,1,P002,app_push,工作日09:00-12:00,专属推荐：固定期限002号（R5·固定期限），业绩比较基准11.3%，366天，1000元起投，T+0 随时赎回。理财非存款，产品有风险，投资须谨慎。
C003467,2,P023,app_push,工作日12:00-14:00,专属推荐：固定期限023号（R5·固定期限），业绩比较基准9.8%，灵活存续，1000元起投，T+1 次日赎回。理财非存款，产品有风险，投资须谨慎。
C003467,3,P004,app_push,工作日18:00-21:00,专属推荐：现金管理004号（R5·现金管理），业绩比较基准8.6%，灵活存续，1000元起投，封闭运作。理财非存款，产品有风险，投资须谨慎。
C003468,1,P025,app_push,工作日18:00-21:00,专属推荐：定开025号（R3·定开），业绩比较基准5.2%，366天，1000元起投，T+0 随时赎回。理财非存款，产品有风险，投资须谨慎。
C003468,2,P008,app_push,周末14:00-18:00,专属推荐：定开008号（R3·定开），业绩比较基准5.1%，366天，10000元起投，封闭运作。理财非存款，产品有风险，投资须谨慎。
C003468,3,P024,app_push,周末09:00-12:00,专属推荐：定开024号（R3·定开），业绩比较基准4.7%，90天，1000元起投，T+1 次日赎回。理财非存款，产品有风险，投资须谨慎。
C003470,1,P018,app_push,工作日09:00-12:00,专属推荐：现金管理018号（R2·现金管理），业绩比较基准3.6%，730天，10000元起投，T+0 随时赎回。理财非存款，产品有风险，投资须谨慎。
C003470,2,P020,app_push,工作日12:00-14:00,专属推荐：现金管理020号（R2·现金管理），业绩比较基准3.6%，366天，10000元起投，T+1 次日赎回。理财非存款，产品有风险，投资须谨慎。
C003470,3,P017,app_push,周末14:00-18:00,专属推荐：现金管理017号（R3·现金管理），业绩比较基准4.3%，180天，1000元起投，T+1 次日赎回。该产品风险等级高于您的风险偏好，请谨慎选择。理财非存款，产品有风险，投资须谨慎。
C003478,1,P013,app_push,工作日09:00-12:00,专属推荐：定开013号（R2·定开），业绩比较基准3.5%，灵活存续，10000元起投，T+0 随时赎回。理财非存款，产品有风险，投资须谨慎。
C003478,2,P022,app_push,工作日12:00-14:00,专属推荐：定开022号（R2·定开），业绩比较基准3.0%，730天，10000元起投，T+1 次日赎回。理财非存款，产品有风险，投资须谨慎。
C003478,3,P019,app_push,周末09:00-12:00,专属推荐：定开019号（R2·定开），业绩比较基准3.3%，灵活存续，1000元起投，T+0 随时赎回。理财非存款，产品有风险，投资须谨慎。
C003479,1,P004,app_push,工作日09:00-12:00,专属推荐：现金管理004号（R5·现金管理），业绩比较基准8.6%，灵活存续，1000元起投，封闭运作。该产品风险等级高于您的风险偏好，请谨慎选择。理财非存款，产品有风险，投资须谨慎。
C003479,2,P029,app_push,工作日12:00-14:00,专属推荐：固定期限029号（R4·固定期限），业绩比较基准7.8%，灵活存续，10000元起投，封闭运作。理财非存款，产品有风险，投资须谨慎。
C003479,3,P006,app_push,周末09:00-12:00,专属推荐：混合006号（R3·混合），业绩比较基准5.1%，灵活存续，50000元起投，T+1 次日赎回。理财非存款，产品有风险，投资须谨慎。
C003489,1,P030,app_push,工作日18:00-21:00,专属推荐：固定期限030号（R2·固定期限），业绩比较基准3.1%，730天，1000元起投，T+0 随时赎回。理财非存款，产品有风险，投资须谨慎。
C003489,2,P011,app_push,周末09:00-12:00,专属推荐：固定期限011号（R2·固定期限），业绩比较基准3.3%，90天，10000元起投，T+0 随时赎回。理财非存款，产品有风险，投资须谨慎。
C003489,3,P012,app_push,周末14:00-18:00,专属推荐：混合012号（R2·混合），业绩比较基准3.7%，90天，10000元起投，T+1 次日赎回。理财非存款，产品有风险，投资须谨慎。
C003495,1,P002,app_push,工作日09:00-12:00,专属推荐：固定期限002号（R5·固定期限），业绩比较基准11.3%，366天，1000元起投，T+0 随时赎回。理财非存款，产品有风险，投资须谨慎。
C003495,2,P023,app_push,工作日12:00-14:00,专属推荐：固定期限023号（R5·固定期限），业绩比较基准9.8%，灵活存续，1000元起投，T+1 次日赎回。理财非存款，产品有风险，投资须谨慎。
C003495,3,P004,app_push,周末09:00-12:00,专属推荐：现金管理004号（R5·现金管理），业绩比较基准8.6%，灵活存续，1000元起投，封闭运作。理财非存款，产品有风险，投资须谨慎。
C003501,1,P025,app_push,工作日18:00-21:00,专属推荐：定开025号（R3·定开），业绩比较基准5.2%，366天，1000元起投，T+0 随时赎回。理财非存款，产品有风险，投资须谨慎。
C003501,2,P008,app_push,周末09:00-12:00,专属推荐：定开008号（R3·定开），业绩比较基准5.1%，366天，10000元起投，封闭运作。理财非存款，产品有风险，投资须谨慎。
C003501,3,P024,app_push,周末14:00-18:00,专属推荐：定开024号（R3·定开），业绩比较基准4.7%，90天，1000元起投，T+1 次日赎回。理财非存款，产品有风险，投资须谨慎。
C003504,1,P029,app_push,工作日12:00-14:00,专属推荐：固定期限029号（R4·固定期限），业绩比较基准7.8%，灵活存续，10000元起投，封闭运作。理财非存款，产品有风险，投资须谨慎。
C003504,2,P002,app_push,周末14:00-18:00,专属推荐：固定期限002号（R5·固定期限），业绩比较基准11.3%，366天，1000元起投，T+0 随时赎回。该产品风险等级高于您的风险偏好，请谨慎选择。理财非存款，产品有风险，投资须谨慎。
C003504,3,P023,app_push,工作日18:00-21:00,专属推荐：固定期限023号（R5·固定期限），业绩比较基准9.8%，灵活存续，1000元起投，T+1 次日赎回。该产品风险等级高于您的风险偏好，请谨慎选择。理财非存款，产品有风险，投资须谨慎。
C003508,1,P014,app_push,工作日09:00-12:00,专属推荐：混合014号（R1·混合），业绩比较基准2.3%，90天，10000元起投，T+1 次日赎回。理财非存款，产品有风险，投资须谨慎。
C003508,2,P019,app_push,工作日18:00-21:00,专属推荐：定开019号（R2·定开），业绩比较基准3.3%，灵活存续，1000元起投，T+0 随时赎回。该产品风险等级高于您的风险偏好，请谨慎选择。理财非存款，产品有风险，投资须谨慎。
C003508,3,P030,app_push,周末14:00-18:00,专属推荐：固定期限030号（R2·固定期限），业绩比较基准3.1%，730天，1000元起投，T+0 随时赎回。该产品风险等级高于您的风险偏好，请谨慎选择。理财非存款，产品有风险，投资须谨慎。
C003513,1,P025,app_push,工作日09:00-12:00,专属推荐：定开025号（R3·定开），业绩比较基准5.2%，366天，1000元起投，T+0 随时赎回。理财非存款，产品有风险，投资须谨慎。
C003513,2,P024,app_push,工作日12:00-14:00,专属推荐：定开024号（R3·定开），业绩比较基准4.7%，90天，1000元起投，T+1 次日赎回。理财非存款，产品有风险，投资须谨慎。
C003513,3,P008,app_push,工作日18:00-21:00,专属推荐：定开008号（R3·定开），业绩比较基准5.1%，366天，10000元起投，封闭运作。理财非存款，产品有风险，投资须谨慎。
C003521,1,P002,app_push,工作日09:00-12:00,专属推荐：固定期限002号（R5·固定期限），业绩比较基准11.3%，366天，1000元起投，T+0 随时赎回。理财非存款，产品有风险，投资须谨慎。
C003521,2,P023,app_push,工作日12:00-14:00,专属推荐：固定期限023号（R5·固定期限），业绩比较基准9.8%，灵活存续，1000元起投，T+1 次日赎回。理财非存款，产品有风险，投资须谨慎。
C003521,3,P004,app_push,周末09:00-12:00,专属推荐：现金管理004号（R5·现金管理），业绩比较基准8.6%，灵活存续，1000元起投，封闭运作。理财非存款，产品有风险，投资须谨慎。
C003522,1,P024,app_push,工作日09:00-12:00,专属推荐：定开024号（R3·定开），业绩比较基准4.7%，90天，1000元起投，T+1 次日赎回。理财非存款，产品有风险，投资须谨慎。
C003522,2,P025,app_push,工作日18:00-21:00,专属推荐：定开025号（R3·定开），业绩比较基准5.2%，366天，1000元起投，T+0 随时赎回。理财非存款，产品有风险，投资须谨慎。
C003522,3,P017,app_push,周末09:00-12:00,专属推荐：现金管理017号（R3·现金管理），业绩比较基准4.3%，180天，1000元起投，T+1 次日赎回。理财非存款，产品有风险，投资须谨慎。
C003528,1,P027,app_push,工作日18:00-21:00,专属推荐：现金管理027号（R4·现金管理），业绩比较基准7.7%，366天，100000元起投，T+1 次日赎回。理财非存款，产品有风险，投资须谨慎。
C003528,2,P029,app_push,周末14:00-18:00,专属推荐：固定期限029号（R4·固定期限），业绩比较基准7.8%，灵活存续，10000元起投，封闭运作。理财非存款，产品有风险，投资须谨慎。
C003528,3,P004,app_push,周末09:00-12:00,专属推荐：现金管理004号（R5·现金管理），业绩比较基准8.6%，灵活存续，1000元起投，封闭运作。该产品风险等级高于您的风险偏好，请谨慎选择。理财非存款，产品有风险，投资须谨慎。
C003530,1,P017,call,工作日18:00-21:00,您好，我是您的专属理财顾问，为您介绍：现金管理017号（R3·现金管理），业绩比较基准4.3%，180天，1000元起投，T+1 次日赎回。理财非存款，产品有风险，投资须谨慎。
C003530,2,P029,call,周末09:00-12:00,您好，我是您的专属理财顾问，为您介绍：固定期限029号（R4·固定期限），业绩比较基准7.8%，灵活存续，10000元起投，封闭运作。该产品风险等级高于您的风险偏好，请谨慎选择。理财非存款，产品有风险，投资须谨慎。
C003530,3,P025,call,周末14:00-18:00,您好，我是您的专属理财顾问，为您介绍：定开025号（R3·定开），业绩比较基准5.2%，366天，1000元起投，T+0 随时赎回。理财非存款，产品有风险，投资须谨慎。
C003533,1,P030,call,工作日12:00-14:00,您好，我是您的专属理财顾问，为您介绍：固定期限030号（R2·固定期限），业绩比较基准3.1%，730天，1000元起投，T+0 随时赎回。理财非存款，产品有风险，投资须谨慎。
C003533,2,P011,call,周末14:00-18:00,您好，我是您的专属理财顾问，为您介绍：固定期限011号（R2·固定期限），业绩比较基准3.3%，90天，10000元起投，T+0 随时赎回。理财非存款，产品有风险，投资须谨慎。
C003533,3,P025,call,工作日18:00-21:00,您好，我是您的专属理财顾问，为您介绍：定开025号（R3·定开），业绩比较基准5.2%，366天，1000元起投，T+0 随时赎回。理财非存款，产品有风险，投资须谨慎。
C003534,1,P006,app_push,工作日18:00-21:00,专属推荐：混合006号（R3·混合），业绩比较基准5.1%，灵活存续，50000元起投，T+1 次日赎回。理财非存款，产品有风险，投资须谨慎。
C003534,2,P025,app_push,周末09:00-12:00,专属推荐：定开025号（R3·定开），业绩比较基准5.2%，366天，1000元起投，T+0 随时赎回。理财非存款，产品有风险，投资须谨慎。
C003534,3,P001,app_push,周末14:00-18:00,专属推荐：混合001号（R3·混合），业绩比较基准5.5%，730天，50000元起投，封闭运作。理财非存款，产品有风险，投资须谨慎。
C003539,1,P008,manager,工作日12:00-14:00,钻石贵宾专享：定开008号（R3·定开），业绩比较基准5.1%，366天，10000元起投，封闭运作，可为您预约专属认购。该产品风险等级高于您的风险偏好，请谨慎选择。理财非存款，产品有风险，投资须谨慎。
C003539,2,P013,manager,工作日18:00-21:00,钻石贵宾专享：定开013号（R2·定开），业绩比较基准3.5%，灵活存续，10000元起投，T+0 随时赎回，可为您预约专属认购。理财非存款，产品有风险，投资须谨慎。
C003539,3,P028,manager,周末14:00-18:00,钻石贵宾专享：定开028号（R2·定开），业绩比较基准3.6%，366天，100000元起投，T+1 次日赎回，可为您预约专属认购。理财非存款，产品有风险，投资须谨慎。
C003542,1,P026,app_push,工作日09:00-12:00,专属推荐：混合026号（R2·混合），业绩比较基准3.1%，180天，1000元起投，T+1 次日赎回。理财非存款，产品有风险，投资须谨慎。
C003542,2,P019,app_push,工作日12:00-14:00,专属推荐：定开019号（R2·定开），业绩比较基准3.3%，灵活存续，1000元起投，T+0 随时赎回。理财非存款，产品有风险，投资须谨慎。
C003542,3,P030,app_push,工作日18:00-21:00,专属推荐：固定期限030号（R2·固定期限），业绩比较基准3.1%，730天，1000元起投，T+0 随时赎回。理财非存款，产品有风险，投资须谨慎。
C003546,1,P014,manager,工作日09:00-12:00,金卡贵宾专享：混合014号（R1·混合），业绩比较基准2.3%，90天，10000元起投，T+1 次日赎回，可为您预约专属认购。理财非存款，产品有风险，投资须谨慎。
C003546,2,P019,manager,工作日12:00-14:00,金卡贵宾专享：定开019号（R2·定开），业绩比较基准3.3%，灵活存续，1000元起投，T+0 随时赎回，可为您预约专属认购。该产品风险等级高于您的风险偏好，请谨慎选择。理财非存款，产品有风险，投资须谨慎。
C003546,3,P030,manager,周末09:00-12:00,金卡贵宾专享：固定期限030号（R2·固定期限），业绩比较基准3.1%，730天，1000元起投，T+0 随时赎回，可为您预约专属认购。该产品风险等级高于您的风险偏好，请谨慎选择。理财非存款，产品有风险，投资须谨慎。
C003548,1,P003,app_push,工作日09:00-12:00,专属推荐：固定期限003号（R3·固定期限），业绩比较基准4.5%，730天，50000元起投，封闭运作。理财非存款，产品有风险，投资须谨慎。
C003548,2,P029,app_push,工作日18:00-21:00,专属推荐：固定期限029号（R4·固定期限），业绩比较基准7.8%，灵活存续，10000元起投，封闭运作。该产品风险等级高于您的风险偏好，请谨慎选择。理财非存款，产品有风险，投资须谨慎。
C003548,3,P006,app_push,周末14:00-18:00,专属推荐：混合006号（R3·混合），业绩比较基准5.1%，灵活存续，50000元起投，T+1 次日赎回。理财非存款，产品有风险，投资须谨慎。
C003549,1,P030,call,工作日12:00-14:00,您好，我是您的专属理财顾问，为您介绍：固定期限030号（R2·固定期限），业绩比较基准3.1%，730天，1000元起投，T+0 随时赎回。理财非存款，产品有风险，投资须谨慎。
C003549,2,P025,call,周末14:00-18:00,您好，我是您的专属理财顾问，为您介绍：定开025号（R3·定开），业绩比较基准5.2%，366天，1000元起投，T+0 随时赎回。理财非存款，产品有风险，投资须谨慎。
C003549,3,P024,call,工作日18:00-21:00,您好，我是您的专属理财顾问，为您介绍：定开024号（R3·定开），业绩比较基准4.7%，90天，1000元起投，T+1 次日赎回。理财非存款，产品有风险，投资须谨慎。
C003550,1,P014,app_push,工作日09:00-12:00,专属推荐：混合014号（R1·混合），业绩比较基准2.3%，90天，10000元起投，T+1 次日赎回。理财非存款，产品有风险，投资须谨慎。
C003550,2,P012,app_push,工作日18:00-21:00,专属推荐：混合012号（R2·混合），业绩比较基准3.7%，90天，10000元起投，T+1 次日赎回。该产品风险等级高于您的风险偏好，请谨慎选择。理财非存款，产品有风险，投资须谨慎。
C003550,3,P011,app_push,周末09:00-12:00,专属推荐：固定期限011号（R2·固定期限），业绩比较基准3.3%，90天，10000元起投，T+0 随时赎回。该产品风险等级高于您的风险偏好，请谨慎选择。理财非存款，产品有风险，投资须谨慎。
C003560,1,P011,app_push,工作日18:00-21:00,专属推荐：固定期限011号（R2·固定期限），业绩比较基准3.3%，90天，10000元起投，T+0 随时赎回。理财非存款，产品有风险，投资须谨慎。
C003560,2,P030,app_push,周末14:00-18:00,专属推荐：固定期限030号（R2·固定期限），业绩比较基准3.1%，730天，1000元起投，T+0 随时赎回。理财非存款，产品有风险，投资须谨慎。
C003560,3,P012,app_push,周末09:00-12:00,专属推荐：混合012号（R2·混合），业绩比较基准3.7%，90天，10000元起投，T+1 次日赎回。理财非存款，产品有风险，投资须谨慎。
C003567,1,P025,app_push,工作日09:00-12:00,专属推荐：定开025号（R3·定开），业绩比较基准5.2%，366天，1000元起投，T+0 随时赎回。理财非存款，产品有风险，投资须谨慎。
C003567,2,P024,app_push,工作日12:00-14:00,专属推荐：定开024号（R3·定开），业绩比较基准4.7%，90天，1000元起投，T+1 次日赎回。理财非存款，产品有风险，投资须谨慎。
C003567,3,P017,app_push,周末14:00-18:00,专属推荐：现金管理017号（R3·现金管理），业绩比较基准4.3%，180天，1000元起投，T+1 次日赎回。理财非存款，产品有风险，投资须谨慎。
C003568,1,P001,call,工作日12:00-14:00,您好，我是您的专属理财顾问，为您介绍：混合001号（R3·混合），业绩比较基准5.5%，730天，50000元起投，封闭运作。该产品风险等级高于您的风险偏好，请谨慎选择。理财非存款，产品有风险，投资须谨慎。
C003568,2,P006,call,周末14:00-18:00,您好，我是您的专属理财顾问，为您介绍：混合006号（R3·混合），业绩比较基准5.1%，灵活存续，50000元起投，T+1 次日赎回。该产品风险等级高于您的风险偏好，请谨慎选择。理财非存款，产品有风险，投资须谨慎。
C003568,3,P022,call,工作日18:00-21:00,您好，我是您的专属理财顾问，为您介绍：定开022号（R2·定开），业绩比较基准3.0%，730天，10000元起投，T+1 次日赎回。理财非存款，产品有风险，投资须谨慎。
C003573,1,P026,call,工作日18:00-21:00,您好，我是您的专属理财顾问，为您介绍：混合026号（R2·混合），业绩比较基准3.1%，180天，1000元起投，T+1 次日赎回。理财非存款，产品有风险，投资须谨慎。
C003573,2,P019,call,周末14:00-18:00,您好，我是您的专属理财顾问，为您介绍：定开019号（R2·定开），业绩比较基准3.3%，灵活存续，1000元起投，T+0 随时赎回。理财非存款，产品有风险，投资须谨慎。
C003573,3,P030,call,周末09:00-12:00,您好，我是您的专属理财顾问，为您介绍：固定期限030号（R2·固定期限），业绩比较基准3.1%，730天，1000元起投，T+0 随时赎回。理财非存款，产品有风险，投资须谨慎。
C003576,1,P019,app_push,工作日12:00-14:00,专属推荐：定开019号（R2·定开），业绩比较基准3.3%，灵活存续，1000元起投，T+0 随时赎回。该产品风险等级高于您的风险偏好，请谨慎选择。理财非存款，产品有风险，投资须谨慎。
C003576,2,P026,app_push,周末14:00-18:00,专属推荐：混合026号（R2·混合），业绩比较基准3.1%，180天，1000元起投，T+1 次日赎回。该产品风险等级高于您的风险偏好，请谨慎选择。理财非存款，产品有风险，投资须谨慎。
C003576,3,P030,app_push,工作日18:00-21:00,专属推荐：固定期限030号（R2·固定期限），业绩比较基准3.1%，730天，1000元起投，T+0 随时赎回。该产品风险等级高于您的风险偏好，请谨慎选择。理财非存款，产品有风险，投资须谨慎。
C003585,1,P002,call,工作日09:00-12:00,您好，我是您的专属理财顾问，为您介绍：固定期限002号（R5·固定期限），业绩比较基准11.3%，366天，1000元起投，T+0 随时赎回。理财非存款，产品有风险，投资须谨慎。
C003585,2,P023,call,工作日12:00-14:00,您好，我是您的专属理财顾问，为您介绍：固定期限023号（R5·固定期限），业绩比较基准9.8%，灵活存续，1000元起投，T+1 次日赎回。理财非存款，产品有风险，投资须谨慎。
C003585,3,P004,call,工作日18:00-21:00,您好，我是您的专属理财顾问，为您介绍：现金管理004号（R5·现金管理），业绩比较基准8.6%，灵活存续，1000元起投，封闭运作。理财非存款，产品有风险，投资须谨慎。
C003586,1,P006,app_push,工作日09:00-12:00,专属推荐：混合006号（R3·混合），业绩比较基准5.1%，灵活存续，50000元起投，T+1 次日赎回。理财非存款，产品有风险，投资须谨慎。
C003586,2,P017,app_push,工作日12:00-14:00,专属推荐：现金管理017号（R3·现金管理），业绩比较基准4.3%，180天，1000元起投，T+1 次日赎回。理财非存款，产品有风险，投资须谨慎。
C003586,3,P001,app_push,工作日18:00-21:00,专属推荐：混合001号（R3·混合），业绩比较基准5.5%，730天，50000元起投，封闭运作。理财非存款，产品有风险，投资须谨慎。
C003590,1,P025,app_push,工作日18:00-21:00,专属推荐：定开025号（R3·定开），业绩比较基准5.2%，366天，1000元起投，T+0 随时赎回。理财非存款，产品有风险，投资须谨慎。
C003590,2,P024,app_push,周末09:00-12:00,专属推荐：定开024号（R3·定开），业绩比较基准4.7%，90天，1000元起投，T+1 次日赎回。理财非存款，产品有风险，投资须谨慎。
C003590,3,P019,app_push,周末14:00-18:00,专属推荐：定开019号（R2·定开），业绩比较基准3.3%，灵活存续，1000元起投，T+0 随时赎回。理财非存款，产品有风险，投资须谨慎。
C003591,1,P002,app_push,工作日09:00-12:00,专属推荐：固定期限002号（R5·固定期限），业绩比较基准11.3%，366天，1000元起投，T+0 随时赎回。该产品风险等级高于您的风险偏好，请谨慎选择。理财非存款，产品有风险，投资须谨慎。
C003591,2,P023,app_push,工作日12:00-14:00,专属推荐：固定期限023号（R5·固定期限），业绩比较基准9.8%，灵活存续，1000元起投，T+1 次日赎回。该产品风险等级高于您的风险偏好，请谨慎选择。理财非存款，产品有风险，投资须谨慎。
C003591,3,P024,app_push,周末14:00-18:00,专属推荐：定开024号（R3·定开），业绩比较基准4.7%，90天，1000元起投，T+1 次日赎回。理财非存款，产品有风险，投资须谨慎。
C003596,1,P014,app_push,工作日09:00-12:00,专属推荐：混合014号（R1·混合），业绩比较基准2.3%，90天，10000元起投，T+1 次日赎回。理财非存款，产品有风险，投资须谨慎。
C003596,2,P026,app_push,工作日12:00-14:00,专属推荐：混合026号（R2·混合），业绩比较基准3.1%，180天，1000元起投，T+1 次日赎回。该产品风险等级高于您的风险偏好，请谨慎选择。理财非存款，产品有风险，投资须谨慎。
C003596,3,P019,app_push,周末14:00-18:00,专属推荐：定开019号（R2·定开），业绩比较基准3.3%，灵活存续，1000元起投，T+0 随时赎回。该产品风险等级高于您的风险偏好，请谨慎选择。理财非存款，产品有风险，投资须谨慎。
C003602,1,P011,call,工作日09:00-12:00,您好，我是您的专属理财顾问，为您介绍：固定期限011号（R2·固定期限），业绩比较基准3.3%，90天，10000元起投，T+0 随时赎回。理财非存款，产品有风险，投资须谨慎。
C003602,2,P030,call,工作日12:00-14:00,您好，我是您的专属理财顾问，为您介绍：固定期限030号（R2·固定期限），业绩比较基准3.1%，730天，1000元起投，T+0 随时赎回。理财非存款，产品有风险，投资须谨慎。
C003602,3,P017,call,工作日18:00-21:00,您好，我是您的专属理财顾问，为您介绍：现金管理017号（R3·现金管理），业绩比较基准4.3%，180天，1000元起投，T+1 次日赎回。该产品风险等级高于您的风险偏好，请谨慎选择。理财非存款，产品有风险，投资须谨慎。
C003603,1,P002,app_push,工作日18:00-21:00,专属推荐：固定期限002号（R5·固定期限），业绩比较基准11.3%，366天，1000元起投，T+0 随时赎回。该产品风险等级高于您的风险偏好，请谨慎选择。理财非存款，产品有风险，投资须谨慎。
C003603,2,P029,app_push,周末09:00-12:00,专属推荐：固定期限029号（R4·固定期限），业绩比较基准7.8%，灵活存续，10000元起投，封闭运作。理财非存款，产品有风险，投资须谨慎。
C003603,3,P023,app_push,周末14:00-18:00,专属推荐：固定期限023号（R5·固定期限），业绩比较基准9.8%，灵活存续，1000元起投，T+1 次日赎回。该产品风险等级高于您的风险偏好，请谨慎选择。理财非存款，产品有风险，投资须谨慎。
C003608,1,P014,app_push,工作日12:00-14:00,专属推荐：混合014号（R1·混合），业绩比较基准2.3%，90天，10000元起投，T+1 次日赎回。理财非存款，产品有风险，投资须谨慎。
C003608,2,P013,app_push,工作日18:00-21:00,专属推荐：定开013号（R2·定开），业绩比较基准3.5%，灵活存续，10000元起投，T+0 随时赎回。该产品风险等级高于您的风险偏好，请谨慎选择。理财非存款，产品有风险，投资须谨慎。
C003608,3,P022,app_push,周末14:00-18:00,专属推荐：定开022号（R2·定开），业绩比较基准3.0%，730天，10000元起投，T+1 次日赎回。该产品风险等级高于您的风险偏好，请谨慎选择。理财非存款，产品有风险，投资须谨慎。
C003609,1,P025,call,工作日18:00-21:00,您好，我是您的专属理财顾问，为您介绍：定开025号（R3·定开），业绩比较基准5.2%，366天，1000元起投，T+0 随时赎回。理财非存款，产品有风险，投资须谨慎。
C003609,2,P024,call,周末14:00-18:00,您好，我是您的专属理财顾问，为您介绍：定开024号（R3·定开），业绩比较基准4.7%，90天，1000元起投，T+1 次日赎回。理财非存款，产品有风险，投资须谨慎。
C003609,3,P008,call,周末09:00-12:00,您好，我是您的专属理财顾问，为您介绍：定开008号（R3·定开），业绩比较基准5.1%，366天，10000元起投，封闭运作。理财非存款，产品有风险，投资须谨慎。
C003611,1,P025,call,工作日09:00-12:00,您好，我是您的专属理财顾问，为您介绍：定开025号（R3·定开），业绩比较基准5.2%，366天，1000元起投，T+0 随时赎回。理财非存款，产品有风险，投资须谨慎。
C003611,2,P024,call,工作日12:00-14:00,您好，我是您的专属理财顾问，为您介绍：定开024号（R3·定开），业绩比较基准4.7%，90天，1000元起投，T+1 次日赎回。理财非存款，产品有风险，投资须谨慎。
C003611,3,P017,call,周末09:00-12:00,您好，我是您的专属理财顾问，为您介绍：现金管理017号（R3·现金管理），业绩比较基准4.3%，180天，1000元起投，T+1 次日赎回。理财非存款，产品有风险，投资须谨慎。
C003624,1,P029,app_push,工作日09:00-12:00,专属推荐：固定期限029号（R4·固定期限），业绩比较基准7.8%，灵活存续，10000元起投，封闭运作。理财非存款，产品有风险，投资须谨慎。
C003624,2,P002,app_push,工作日12:00-14:00,专属推荐：固定期限002号（R5·固定期限），业绩比较基准11.3%，366天，1000元起投，T+0 随时赎回。该产品风险等级高于您的风险偏好，请谨慎选择。理财非存款，产品有风险，投资须谨慎。
C003624,3,P023,app_push,周末09:00-12:00,专属推荐：固定期限023号（R5·固定期限），业绩比较基准9.8%，灵活存续，1000元起投，T+1 次日赎回。该产品风险等级高于您的风险偏好，请谨慎选择。理财非存款，产品有风险，投资须谨慎。
C003628,1,P012,manager,工作日09:00-12:00,金卡贵宾专享：混合012号（R2·混合），业绩比较基准3.7%，90天，10000元起投，T+1 次日赎回，可为您预约专属认购。理财非存款，产品有风险，投资须谨慎。
C003628,2,P026,manager,工作日12:00-14:00,金卡贵宾专享：混合026号（R2·混合），业绩比较基准3.1%，180天，1000元起投，T+1 次日赎回，可为您预约专属认购。理财非存款，产品有风险，投资须谨慎。
C003628,3,P030,manager,周末09:00-12:00,金卡贵宾专享：固定期限030号（R2·固定期限），业绩比较基准3.1%，730天，1000元起投，T+0 随时赎回，可为您预约专属认购。理财非存款，产品有风险，投资须谨慎。
C003633,1,P008,manager,工作日12:00-14:00,钻石贵宾专享：定开008号（R3·定开），业绩比较基准5.1%，366天，10000元起投，封闭运作，可为您预约专属认购。理财非存款，产品有风险，投资须谨慎。
C003633,2,P025,manager,周末14:00-18:00,钻石贵宾专享：定开025号（R3·定开），业绩比较基准5.2%，366天，1000元起投，T+0 随时赎回，可为您预约专属认购。理财非存款，产品有风险，投资须谨慎。
C003633,3,P024,manager,工作日18:00-21:00,钻石贵宾专享：定开024号（R3·定开），业绩比较基准4.7%，90天，1000元起投，T+1 次日赎回，可为您预约专属认购。理财非存款，产品有风险，投资须谨慎。
C003641,1,P012,app_push,工作日12:00-14:00,专属推荐：混合012号（R2·混合），业绩比较基准3.7%，90天，10000元起投，T+1 次日赎回。理财非存款，产品有风险，投资须谨慎。
C003641,2,P013,app_push,周末14:00-18:00,专属推荐：定开013号（R2·定开），业绩比较基准3.5%，灵活存续，10000元起投，T+0 随时赎回。理财非存款，产品有风险，投资须谨慎。
C003641,3,P011,app_push,工作日18:00-21:00,专属推荐：固定期限011号（R2·固定期限），业绩比较基准3.3%，90天，10000元起投，T+0 随时赎回。理财非存款，产品有风险，投资须谨慎。
C003643,1,P014,app_push,工作日09:00-12:00,专属推荐：混合014号（R1·混合），业绩比较基准2.3%，90天，10000元起投，T+1 次日赎回。理财非存款，产品有风险，投资须谨慎。
C003643,2,P012,app_push,工作日18:00-21:00,专属推荐：混合012号（R2·混合），业绩比较基准3.7%，90天，10000元起投，T+1 次日赎回。该产品风险等级高于您的风险偏好，请谨慎选择。理财非存款，产品有风险，投资须谨慎。
C003643,3,P011,app_push,周末09:00-12:00,专属推荐：固定期限011号（R2·固定期限），业绩比较基准3.3%，90天，10000元起投，T+0 随时赎回。该产品风险等级高于您的风险偏好，请谨慎选择。理财非存款，产品有风险，投资须谨慎。
C003646,1,P019,app_push,工作日12:00-14:00,专属推荐：定开019号（R2·定开），业绩比较基准3.3%，灵活存续，1000元起投，T+0 随时赎回。理财非存款，产品有风险，投资须谨慎。
C003646,2,P026,app_push,工作日18:00-21:00,专属推荐：混合026号（R2·混合），业绩比较基准3.1%，180天，1000元起投，T+1 次日赎回。理财非存款，产品有风险，投资须谨慎。
C003646,3,P030,app_push,周末14:00-18:00,专属推荐：固定期限030号（R2·固定期限），业绩比较基准3.1%，730天，1000元起投，T+0 随时赎回。理财非存款，产品有风险，投资须谨慎。
C003648,1,P029,app_push,工作日12:00-14:00,专属推荐：固定期限029号（R4·固定期限），业绩比较基准7.8%，灵活存续，10000元起投，封闭运作。该产品风险等级高于您的风险偏好，请谨慎选择。理财非存款，产品有风险，投资须谨慎。
C003648,2,P025,app_push,周末14:00-18:00,专属推荐：定开025号（R3·定开），业绩比较基准5.2%，366天，1000元起投，T+0 随时赎回。理财非存款，产品有风险，投资须谨慎。
C003648,3,P011,app_push,工作日18:00-21:00,专属推荐：固定期限011号（R2·固定期限），业绩比较基准3.3%，90天，10000元起投，T+0 随时赎回。理财非存款，产品有风险，投资须谨慎。
C003652,1,P004,app_push,工作日18:00-21:00,专属推荐：现金管理004号（R5·现金管理），业绩比较基准8.6%，灵活存续，1000元起投，封闭运作。理财非存款，产品有风险，投资须谨慎。
C003652,2,P002,app_push,周末14:00-18:00,专属推荐：固定期限002号（R5·固定期限），业绩比较基准11.3%，366天，1000元起投，T+0 随时赎回。理财非存款，产品有风险，投资须谨慎。
C003652,3,P023,app_push,周末09:00-12:00,专属推荐：固定期限023号（R5·固定期限），业绩比较基准9.8%，灵活存续，1000元起投，T+1 次日赎回。理财非存款，产品有风险，投资须谨慎。
C003655,1,P026,app_push,工作日18:00-21:00,专属推荐：混合026号（R2·混合），业绩比较基准3.1%，180天，1000元起投，T+1 次日赎回。理财非存款，产品有风险，投资须谨慎。
C003655,2,P019,app_push,周末09:00-12:00,专属推荐：定开019号（R2·定开），业绩比较基准3.3%，灵活存续，1000元起投，T+0 随时赎回。理财非存款，产品有风险，投资须谨慎。
C003655,3,P030,app_push,周末14:00-18:00,专属推荐：固定期限030号（R2·固定期限），业绩比较基准3.1%，730天，1000元起投，T+0 随时赎回。理财非存款，产品有风险，投资须谨慎。
C003656,1,P018,app_push,工作日18:00-21:00,专属推荐：现金管理018号（R2·现金管理），业绩比较基准3.6%，730天，10000元起投，T+0 随时赎回。该产品风险等级高于您的风险偏好，请谨慎选择。理财非存款，产品有风险，投资须谨慎。
C003656,2,P020,app_push,周末09:00-12:00,专属推荐：现金管理020号（R2·现金管理），业绩比较基准3.6%，366天，10000元起投，T+1 次日赎回。该产品风险等级高于您的风险偏好，请谨慎选择。理财非存款，产品有风险，投资须谨慎。
C003656,3,P014,app_push,周末14:00-18:00,专属推荐：混合014号（R1·混合），业绩比较基准2.3%，90天，10000元起投，T+1 次日赎回。理财非存款，产品有风险，投资须谨慎。
C003660,1,P027,call,工作日12:00-14:00,您好，我是您的专属理财顾问，为您介绍：现金管理027号（R4·现金管理），业绩比较基准7.7%，366天，100000元起投，T+1 次日赎回。理财非存款，产品有风险，投资须谨慎。
C003660,2,P004,call,周末14:00-18:00,您好，我是您的专属理财顾问，为您介绍：现金管理004号（R5·现金管理），业绩比较基准8.6%，灵活存续，1000元起投，封闭运作。该产品风险等级高于您的风险偏好，请谨慎选择。理财非存款，产品有风险，投资须谨慎。
C003660,3,P005,call,工作日18:00-21:00,您好，我是您的专属理财顾问，为您介绍：现金管理005号（R5·现金管理），业绩比较基准11.0%，灵活存续，100000元起投，T+0 随时赎回。该产品风险等级高于您的风险偏好，请谨慎选择。理财非存款，产品有风险，投资须谨慎。
C003668,1,P004,call,工作日09:00-12:00,您好，我是您的专属理财顾问，为您介绍：现金管理004号（R5·现金管理），业绩比较基准8.6%，灵活存续，1000元起投，封闭运作。该产品风险等级高于您的风险偏好，请谨慎选择。理财非存款，产品有风险，投资须谨慎。
C003668,2,P027,call,工作日12:00-14:00,您好，我是您的专属理财顾问，为您介绍：现金管理027号（R4·现金管理），业绩比较基准7.7%，366天，100000元起投，T+1 次日赎回。理财非存款，产品有风险，投资须谨慎。
C003668,3,P029,call,周末09:00-12:00,您好，我是您的专属理财顾问，为您介绍：固定期限029号（R4·固定期限），业绩比较基准7.8%，灵活存续，10000元起投，封闭运作。理财非存款，产品有风险，投资须谨慎。
C003679,1,P029,manager,工作日09:00-12:00,金卡贵宾专享：固定期限029号（R4·固定期限），业绩比较基准7.8%，灵活存续，10000元起投，封闭运作，可为您预约专属认购。理财非存款，产品有风险，投资须谨慎。
C003679,2,P002,manager,工作日12:00-14:00,金卡贵宾专享：固定期限002号（R5·固定期限），业绩比较基准11.3%，366天，1000元起投，T+0 随时赎回，可为您预约专属认购。该产品风险等级高于您的风险偏好，请谨慎选择。理财非存款，产品有风险，投资须谨慎。
C003679,3,P023,manager,周末09:00-12:00,金卡贵宾专享：固定期限023号（R5·固定期限），业绩比较基准9.8%，灵活存续，1000元起投，T+1 次日赎回，可为您预约专属认购。该产品风险等级高于您的风险偏好，请谨慎选择。理财非存款，产品有风险，投资须谨慎。
C003680,1,P025,call,工作日18:00-21:00,您好，我是您的专属理财顾问，为您介绍：定开025号（R3·定开），业绩比较基准5.2%，366天，1000元起投，T+0 随时赎回。理财非存款，产品有风险，投资须谨慎。
C003680,2,P024,call,周末09:00-12:00,您好，我是您的专属理财顾问，为您介绍：定开024号（R3·定开），业绩比较基准4.7%，90天，1000元起投，T+1 次日赎回。理财非存款，产品有风险，投资须谨慎。
C003680,3,P008,call,周末14:00-18:00,您好，我是您的专属理财顾问，为您介绍：定开008号（R3·定开），业绩比较基准5.1%，366天，10000元起投，封闭运作。理财非存款，产品有风险，投资须谨慎。
C003681,1,P030,app_push,工作日09:00-12:00,专属推荐：固定期限030号（R2·固定期限），业绩比较基准3.1%，730天，1000元起投，T+0 随时赎回。该产品风险等级高于您的风险偏好，请谨慎选择。理财非存款，产品有风险，投资须谨慎。
C003681,2,P011,app_push,工作日12:00-14:00,专属推荐：固定期限011号（R2·固定期限），业绩比较基准3.3%，90天，10000元起投，T+0 随时赎回。该产品风险等级高于您的风险偏好，请谨慎选择。理财非存款，产品有风险，投资须谨慎。
C003681,3,P014,app_push,工作日18:00-21:00,专属推荐：混合014号（R1·混合），业绩比较基准2.3%，90天，10000元起投，T+1 次日赎回。理财非存款，产品有风险，投资须谨慎。
C003684,1,P006,app_push,工作日12:00-14:00,专属推荐：混合006号（R3·混合），业绩比较基准5.1%，灵活存续，50000元起投，T+1 次日赎回。理财非存款，产品有风险，投资须谨慎。
C003684,2,P025,app_push,工作日18:00-21:00,专属推荐：定开025号（R3·定开），业绩比较基准5.2%，366天，1000元起投，T+0 随时赎回。理财非存款，产品有风险，投资须谨慎。
C003684,3,P001,app_push,周末14:00-18:00,专属推荐：混合001号（R3·混合），业绩比较基准5.5%，730天，50000元起投，封闭运作。理财非存款，产品有风险，投资须谨慎。
C003697,1,P012,app_push,工作日12:00-14:00,专属推荐：混合012号（R2·混合），业绩比较基准3.7%，90天，10000元起投，T+1 次日赎回。理财非存款，产品有风险，投资须谨慎。
C003697,2,P026,app_push,工作日18:00-21:00,专属推荐：混合026号（R2·混合），业绩比较基准3.1%，180天，1000元起投，T+1 次日赎回。理财非存款，产品有风险，投资须谨慎。
C003697,3,P013,app_push,周末14:00-18:00,专属推荐：定开013号（R2·定开），业绩比较基准3.5%，灵活存续，10000元起投，T+0 随时赎回。理财非存款，产品有风险，投资须谨慎。
C003699,1,P025,call,工作日09:00-12:00,您好，我是您的专属理财顾问，为您介绍：定开025号（R3·定开），业绩比较基准5.2%，366天，1000元起投，T+0 随时赎回。理财非存款，产品有风险，投资须谨慎。
C003699,2,P024,call,工作日12:00-14:00,您好，我是您的专属理财顾问，为您介绍：定开024号（R3·定开），业绩比较基准4.7%，90天，1000元起投，T+1 次日赎回。理财非存款，产品有风险，投资须谨慎。
C003699,3,P008,call,周末09:00-12:00,您好，我是您的专属理财顾问，为您介绍：定开008号（R3·定开），业绩比较基准5.1%，366天，10000元起投，封闭运作。理财非存款，产品有风险，投资须谨慎。
C003700,1,P013,app_push,工作日12:00-14:00,专属推荐：定开013号（R2·定开），业绩比较基准3.5%，灵活存续，10000元起投，T+0 随时赎回。理财非存款，产品有风险，投资须谨慎。
C003700,2,P028,app_push,工作日18:00-21:00,专属推荐：定开028号（R2·定开），业绩比较基准3.6%，366天，100000元起投，T+1 次日赎回。理财非存款，产品有风险，投资须谨慎。
C003700,3,P019,app_push,周末14:00-18:00,专属推荐：定开019号（R2·定开），业绩比较基准3.3%，灵活存续，1000元起投，T+0 随时赎回。理财非存款，产品有风险，投资须谨慎。
C003705,1,P004,app_push,工作日18:00-21:00,专属推荐：现金管理004号（R5·现金管理），业绩比较基准8.6%，灵活存续，1000元起投，封闭运作。该产品风险等级高于您的风险偏好，请谨慎选择。理财非存款，产品有风险，投资须谨慎。
C003705,2,P017,app_push,周末14:00-18:00,专属推荐：现金管理017号（R3·现金管理），业绩比较基准4.3%，180天，1000元起投，T+1 次日赎回。理财非存款，产品有风险，投资须谨慎。
C003705,3,P002,app_push,周末09:00-12:00,专属推荐：固定期限002号（R5·固定期限），业绩比较基准11.3%，366天，1000元起投，T+0 随时赎回。该产品风险等级高于您的风险偏好，请谨慎选择。理财非存款，产品有风险，投资须谨慎。
C003706,1,P030,call,工作日09:00-12:00,您好，我是您的专属理财顾问，为您介绍：固定期限030号（R2·固定期限），业绩比较基准3.1%，730天，1000元起投，T+0 随时赎回。理财非存款，产品有风险，投资须谨慎。
C003706,2,P011,call,工作日12:00-14:00,您好，我是您的专属理财顾问，为您介绍：固定期限011号（R2·固定期限），业绩比较基准3.3%，90天，10000元起投，T+0 随时赎回。理财非存款，产品有风险，投资须谨慎。
C003706,3,P012,call,周末09:00-12:00,您好，我是您的专属理财顾问，为您介绍：混合012号（R2·混合），业绩比较基准3.7%，90天，10000元起投，T+1 次日赎回。理财非存款，产品有风险，投资须谨慎。
C003710,1,P014,app_push,工作日09:00-12:00,专属推荐：混合014号（R1·混合），业绩比较基准2.3%，90天，10000元起投，T+1 次日赎回。理财非存款，产品有风险，投资须谨慎。
C003710,2,P012,app_push,工作日12:00-14:00,专属推荐：混合012号（R2·混合），业绩比较基准3.7%，90天，10000元起投，T+1 次日赎回。该产品风险等级高于您的风险偏好，请谨慎选择。理财非存款，产品有风险，投资须谨慎。
C003710,3,P013,app_push,周末09:00-12:00,专属推荐：定开013号（R2·定开），业绩比较基准3.5%，灵活存续，10000元起投，T+0 随时赎回。该产品风险等级高于您的风险偏好，请谨慎选择。理财非存款，产品有风险，投资须谨慎。
C003713,1,P025,app_push,工作日09:00-12:00,专属推荐：定开025号（R3·定开），业绩比较基准5.2%，366天，1000元起投，T+0 随时赎回。理财非存款，产品有风险，投资须谨慎。
C003713,2,P024,app_push,工作日12:00-14:00,专属推荐：定开024号（R3·定开），业绩比较基准4.7%，90天，1000元起投，T+1 次日赎回。理财非存款，产品有风险，投资须谨慎。
C003713,3,P017,app_push,周末09:00-12:00,专属推荐：现金管理017号（R3·现金管理），业绩比较基准4.3%，180天，1000元起投，T+1 次日赎回。理财非存款，产品有风险，投资须谨慎。
C003715,1,P014,app_push,工作日09:00-12:00,专属推荐：混合014号（R1·混合），业绩比较基准2.3%，90天，10000元起投，T+1 次日赎回。理财非存款，产品有风险，投资须谨慎。
C003715,2,P010,app_push,工作日12:00-14:00,专属推荐：现金管理010号（R1·现金管理），业绩比较基准2.8%，366天，50000元起投，T+0 随时赎回。理财非存款，产品有风险，投资须谨慎。
C003715,3,P012,app_push,工作日18:00-21:00,专属推荐：混合012号（R2·混合），业绩比较基准3.7%，90天，10000元起投，T+1 次日赎回。该产品风险等级高于您的风险偏好，请谨慎选择。理财非存款，产品有风险，投资须谨慎。
C003721,1,P025,app_push,工作日18:00-21:00,专属推荐：定开025号（R3·定开），业绩比较基准5.2%，366天，1000元起投，T+0 随时赎回。理财非存款，产品有风险，投资须谨慎。
C003721,2,P024,app_push,周末09:00-12:00,专属推荐：定开024号（R3·定开），业绩比较基准4.7%，90天，1000元起投，T+1 次日赎回。理财非存款，产品有风险，投资须谨慎。
C003721,3,P026,app_push,周末14:00-18:00,专属推荐：混合026号（R2·混合），业绩比较基准3.1%，180天，1000元起投，T+1 次日赎回。理财非存款，产品有风险，投资须谨慎。
C003726,1,P024,app_push,工作日09:00-12:00,专属推荐：定开024号（R3·定开），业绩比较基准4.7%，90天，1000元起投，T+1 次日赎回。理财非存款，产品有风险，投资须谨慎。
C003726,2,P025,app_push,工作日12:00-14:00,专属推荐：定开025号（R3·定开），业绩比较基准5.2%，366天，1000元起投，T+0 随时赎回。理财非存款，产品有风险，投资须谨慎。
C003726,3,P017,app_push,工作日18:00-21:00,专属推荐：现金管理017号（R3·现金管理），业绩比较基准4.3%，180天，1000元起投，T+1 次日赎回。理财非存款，产品有风险，投资须谨慎。
C003727,1,P014,app_push,工作日09:00-12:00,专属推荐：混合014号（R1·混合），业绩比较基准2.3%，90天，10000元起投，T+1 次日赎回。理财非存款，产品有风险，投资须谨慎。
C003727,2,P012,app_push,工作日12:00-14:00,专属推荐：混合012号（R2·混合），业绩比较基准3.7%，90天，10000元起投，T+1 次日赎回。该产品风险等级高于您的风险偏好，请谨慎选择。理财非存款，产品有风险，投资须谨慎。
C003727,3,P011,app_push,工作日18:00-21:00,专属推荐：固定期限011号（R2·固定期限），业绩比较基准3.3%，90天，10000元起投，T+0 随时赎回。该产品风险等级高于您的风险偏好，请谨慎选择。理财非存款，产品有风险，投资须谨慎。
C003730,1,P025,app_push,工作日09:00-12:00,专属推荐：定开025号（R3·定开），业绩比较基准5.2%，366天，1000元起投，T+0 随时赎回。理财非存款，产品有风险，投资须谨慎。
C003730,2,P024,app_push,工作日12:00-14:00,专属推荐：定开024号（R3·定开），业绩比较基准4.7%，90天，1000元起投，T+1 次日赎回。理财非存款，产品有风险，投资须谨慎。
C003730,3,P017,app_push,周末09:00-12:00,专属推荐：现金管理017号（R3·现金管理），业绩比较基准4.3%，180天，1000元起投，T+1 次日赎回。理财非存款，产品有风险，投资须谨慎。
C003734,1,P004,app_push,工作日09:00-12:00,专属推荐：现金管理004号（R5·现金管理），业绩比较基准8.6%，灵活存续，1000元起投，封闭运作。该产品风险等级高于您的风险偏好，请谨慎选择。理财非存款，产品有风险，投资须谨慎。
C003734,2,P017,app_push,工作日12:00-14:00,专属推荐：现金管理017号（R3·现金管理），业绩比较基准4.3%，180天，1000元起投，T+1 次日赎回。理财非存款，产品有风险，投资须谨慎。
C003734,3,P002,app_push,工作日18:00-21:00,专属推荐：固定期限002号（R5·固定期限），业绩比较基准11.3%，366天，1000元起投，T+0 随时赎回。该产品风险等级高于您的风险偏好，请谨慎选择。理财非存款，产品有风险，投资须谨慎。
C003735,1,P011,app_push,工作日09:00-12:00,专属推荐：固定期限011号（R2·固定期限），业绩比较基准3.3%，90天，10000元起投，T+0 随时赎回。理财非存款，产品有风险，投资须谨慎。
C003735,2,P009,app_push,工作日12:00-14:00,专属推荐：现金管理009号（R2·现金管理），业绩比较基准4.0%，730天，50000元起投，T+0 随时赎回。理财非存款，产品有风险，投资须谨慎。
C003735,3,P030,app_push,工作日18:00-21:00,专属推荐：固定期限030号（R2·固定期限），业绩比较基准3.1%，730天，1000元起投，T+0 随时赎回。理财非存款，产品有风险，投资须谨慎。
C003736,1,P012,call,工作日09:00-12:00,您好，我是您的专属理财顾问，为您介绍：混合012号（R2·混合），业绩比较基准3.7%，90天，10000元起投，T+1 次日赎回。理财非存款，产品有风险，投资须谨慎。
C003736,2,P011,call,工作日18:00-21:00,您好，我是您的专属理财顾问，为您介绍：固定期限011号（R2·固定期限），业绩比较基准3.3%，90天，10000元起投，T+0 随时赎回。理财非存款，产品有风险，投资须谨慎。
C003736,3,P013,call,周末09:00-12:00,您好，我是您的专属理财顾问，为您介绍：定开013号（R2·定开），业绩比较基准3.5%，灵活存续，10000元起投，T+0 随时赎回。理财非存款，产品有风险，投资须谨慎。
C003740,1,P004,manager,工作日09:00-12:00,钻石贵宾专享：现金管理004号（R5·现金管理），业绩比较基准8.6%，灵活存续，1000元起投，封闭运作，可为您预约专属认购。该产品风险等级高于您的风险偏好，请谨慎选择。理财非存款，产品有风险，投资须谨慎。
C003740,2,P025,manager,工作日12:00-14:00,钻石贵宾专享：定开025号（R3·定开），业绩比较基准5.2%，366天，1000元起投，T+0 随时赎回，可为您预约专属认购。理财非存款，产品有风险，投资须谨慎。
C003740,3,P029,manager,周末09:00-12:00,钻石贵宾专享：固定期限029号（R4·固定期限），业绩比较基准7.8%，灵活存续，10000元起投，封闭运作，可为您预约专属认购。理财非存款，产品有风险，投资须谨慎。
C003750,1,P027,manager,工作日18:00-21:00,钻石贵宾专享：现金管理027号（R4·现金管理），业绩比较基准7.7%，366天，100000元起投，T+1 次日赎回，可为您预约专属认购。理财非存款，产品有风险，投资须谨慎。
C003750,2,P001,manager,周末09:00-12:00,钻石贵宾专享：混合001号（R3·混合），业绩比较基准5.5%，730天，50000元起投，封闭运作，可为您预约专属认购。理财非存款，产品有风险，投资须谨慎。
C003750,3,P004,manager,周末14:00-18:00,钻石贵宾专享：现金管理004号（R5·现金管理），业绩比较基准8.6%，灵活存续，1000元起投，封闭运作，可为您预约专属认购。该产品风险等级高于您的风险偏好，请谨慎选择。理财非存款，产品有风险，投资须谨慎。
C003753,1,P014,call,工作日18:00-21:00,您好，我是您的专属理财顾问，为您介绍：混合014号（R1·混合），业绩比较基准2.3%，90天，10000元起投，T+1 次日赎回。理财非存款，产品有风险，投资须谨慎。
C003753,2,P012,call,周末09:00-12:00,您好，我是您的专属理财顾问，为您介绍：混合012号（R2·混合），业绩比较基准3.7%，90天，10000元起投，T+1 次日赎回。该产品风险等级高于您的风险偏好，请谨慎选择。理财非存款，产品有风险，投资须谨慎。
C003753,3,P013,call,周末14:00-18:00,您好，我是您的专属理财顾问，为您介绍：定开013号（R2·定开），业绩比较基准3.5%，灵活存续，10000元起投，T+0 随时赎回。该产品风险等级高于您的风险偏好，请谨慎选择。理财非存款，产品有风险，投资须谨慎。
C003755,1,P026,app_push,工作日12:00-14:00,专属推荐：混合026号（R2·混合），业绩比较基准3.1%，180天，1000元起投，T+1 次日赎回。理财非存款，产品有风险，投资须谨慎。
C003755,2,P030,app_push,周末14:00-18:00,专属推荐：固定期限030号（R2·固定期限），业绩比较基准3.1%，730天，1000元起投，T+0 随时赎回。理财非存款，产品有风险，投资须谨慎。
C003755,3,P019,app_push,工作日18:00-21:00,专属推荐：定开019号（R2·定开），业绩比较基准3.3%，灵活存续，1000元起投，T+0 随时赎回。理财非存款，产品有风险，投资须谨慎。
C003757,1,P006,manager,工作日12:00-14:00,金卡贵宾专享：混合006号（R3·混合），业绩比较基准5.1%，灵活存续，50000元起投，T+1 次日赎回，可为您预约专属认购。理财非存款，产品有风险，投资须谨慎。
C003757,2,P025,manager,工作日18:00-21:00,金卡贵宾专享：定开025号（R3·定开），业绩比较基准5.2%，366天，1000元起投，T+0 随时赎回，可为您预约专属认购。理财非存款，产品有风险，投资须谨慎。
C003757,3,P021,manager,周末14:00-18:00,金卡贵宾专享：混合021号（R3·混合），业绩比较基准5.4%，730天，100000元起投，封闭运作，可为您预约专属认购。理财非存款，产品有风险，投资须谨慎。
C003760,1,P014,app_push,工作日09:00-12:00,专属推荐：混合014号（R1·混合），业绩比较基准2.3%，90天，10000元起投，T+1 次日赎回。理财非存款，产品有风险，投资须谨慎。
C003760,2,P012,app_push,工作日12:00-14:00,专属推荐：混合012号（R2·混合），业绩比较基准3.7%，90天，10000元起投，T+1 次日赎回。该产品风险等级高于您的风险偏好，请谨慎选择。理财非存款，产品有风险，投资须谨慎。
C003760,3,P026,app_push,周末09:00-12:00,专属推荐：混合026号（R2·混合），业绩比较基准3.1%，180天，1000元起投，T+1 次日赎回。该产品风险等级高于您的风险偏好，请谨慎选择。理财非存款，产品有风险，投资须谨慎。
C003761,1,P014,call,工作日09:00-12:00,您好，我是您的专属理财顾问，为您介绍：混合014号（R1·混合），业绩比较基准2.3%，90天，10000元起投，T+1 次日赎回。理财非存款，产品有风险，投资须谨慎。
C003761,2,P010,call,工作日12:00-14:00,您好，我是您的专属理财顾问，为您介绍：现金管理010号（R1·现金管理），业绩比较基准2.8%，366天，50000元起投，T+0 随时赎回。理财非存款，产品有风险，投资须谨慎。
C003761,3,P012,call,工作日18:00-21:00,您好，我是您的专属理财顾问，为您介绍：混合012号（R2·混合），业绩比较基准3.7%，90天，10000元起投，T+1 次日赎回。该产品风险等级高于您的风险偏好，请谨慎选择。理财非存款，产品有风险，投资须谨慎。
C003772,1,P020,app_push,工作日09:00-12:00,专属推荐：现金管理020号（R2·现金管理），业绩比较基准3.6%，366天，10000元起投，T+1 次日赎回。该产品风险等级高于您的风险偏好，请谨慎选择。理财非存款，产品有风险，投资须谨慎。
C003772,2,P018,app_push,工作日12:00-14:00,专属推荐：现金管理018号（R2·现金管理），业绩比较基准3.6%，730天，10000元起投，T+0 随时赎回。该产品风险等级高于您的风险偏好，请谨慎选择。理财非存款，产品有风险，投资须谨慎。
C003772,3,P014,app_push,周末09:00-12:00,专属推荐：混合014号（R1·混合），业绩比较基准2.3%，90天，10000元起投，T+1 次日赎回。理财非存款，产品有风险，投资须谨慎。
C003774,1,P025,call,工作日09:00-12:00,您好，我是您的专属理财顾问，为您介绍：定开025号（R3·定开），业绩比较基准5.2%，366天，1000元起投，T+0 随时赎回。理财非存款，产品有风险，投资须谨慎。
C003774,2,P024,call,工作日18:00-21:00,您好，我是您的专属理财顾问，为您介绍：定开024号（R3·定开），业绩比较基准4.7%，90天，1000元起投，T+1 次日赎回。理财非存款，产品有风险，投资须谨慎。
C003774,3,P008,call,周末09:00-12:00,您好，我是您的专属理财顾问，为您介绍：定开008号（R3·定开），业绩比较基准5.1%，366天，10000元起投，封闭运作。理财非存款，产品有风险，投资须谨慎。
C003784,1,P019,call,工作日09:00-12:00,您好，我是您的专属理财顾问，为您介绍：定开019号（R2·定开），业绩比较基准3.3%，灵活存续，1000元起投，T+0 随时赎回。该产品风险等级高于您的风险偏好，请谨慎选择。理财非存款，产品有风险，投资须谨慎。
C003784,2,P022,call,工作日12:00-14:00,您好，我是您的专属理财顾问，为您介绍：定开022号（R2·定开），业绩比较基准3.0%，730天，10000元起投，T+1 次日赎回。该产品风险等级高于您的风险偏好，请谨慎选择。理财非存款，产品有风险，投资须谨慎。
C003784,3,P013,call,周末09:00-12:00,您好，我是您的专属理财顾问，为您介绍：定开013号（R2·定开），业绩比较基准3.5%，灵活存续，10000元起投，T+0 随时赎回。该产品风险等级高于您的风险偏好，请谨慎选择。理财非存款，产品有风险，投资须谨慎。
C003789,1,P029,call,工作日12:00-14:00,您好，我是您的专属理财顾问，为您介绍：固定期限029号（R4·固定期限），业绩比较基准7.8%，灵活存续，10000元起投，封闭运作。理财非存款，产品有风险，投资须谨慎。
C003789,2,P015,call,工作日18:00-21:00,您好，我是您的专属理财顾问，为您介绍：固定期限015号（R4·固定期限），业绩比较基准6.7%，366天，50000元起投，封闭运作。理财非存款，产品有风险，投资须谨慎。
C003789,3,P002,call,周末14:00-18:00,您好，我是您的专属理财顾问，为您介绍：固定期限002号（R5·固定期限），业绩比较基准11.3%，366天，1000元起投，T+0 随时赎回。该产品风险等级高于您的风险偏好，请谨慎选择。理财非存款，产品有风险，投资须谨慎。
C003798,1,P014,app_push,工作日09:00-12:00,专属推荐：混合014号（R1·混合），业绩比较基准2.3%，90天，10000元起投，T+1 次日赎回。理财非存款，产品有风险，投资须谨慎。
C003798,2,P026,app_push,工作日12:00-14:00,专属推荐：混合026号（R2·混合），业绩比较基准3.1%，180天，1000元起投，T+1 次日赎回。该产品风险等级高于您的风险偏好，请谨慎选择。理财非存款，产品有风险，投资须谨慎。
C003798,3,P019,app_push,工作日18:00-21:00,专属推荐：定开019号（R2·定开），业绩比较基准3.3%，灵活存续，1000元起投，T+0 随时赎回。该产品风险等级高于您的风险偏好，请谨慎选择。理财非存款，产品有风险，投资须谨慎。
C003807,1,P024,app_push,工作日12:00-14:00,专属推荐：定开024号（R3·定开），业绩比较基准4.7%，90天，1000元起投，T+1 次日赎回。理财非存款，产品有风险，投资须谨慎。
C003807,2,P008,app_push,周末14:00-18:00,专属推荐：定开008号（R3·定开），业绩比较基准5.1%，366天，10000元起投，封闭运作。理财非存款，产品有风险，投资须谨慎。
C003807,3,P025,app_push,工作日18:00-21:00,专属推荐：定开025号（R3·定开），业绩比较基准5.2%，366天，1000元起投，T+0 随时赎回。理财非存款，产品有风险，投资须谨慎。
C003808,1,P030,app_push,工作日18:00-21:00,专属推荐：固定期限030号（R2·固定期限），业绩比较基准3.1%，730天，1000元起投，T+0 随时赎回。该产品风险等级高于您的风险偏好，请谨慎选择。理财非存款，产品有风险，投资须谨慎。
C003808,2,P014,app_push,周末09:00-12:00,专属推荐：混合014号（R1·混合），业绩比较基准2.3%，90天，10000元起投，T+1 次日赎回。理财非存款，产品有风险，投资须谨慎。
C003808,3,P011,app_push,周末14:00-18:00,专属推荐：固定期限011号（R2·固定期限），业绩比较基准3.3%，90天，10000元起投，T+0 随时赎回。该产品风险等级高于您的风险偏好，请谨慎选择。理财非存款，产品有风险，投资须谨慎。
C003816,1,P004,app_push,工作日12:00-14:00,专属推荐：现金管理004号（R5·现金管理），业绩比较基准8.6%，灵活存续，1000元起投，封闭运作。该产品风险等级高于您的风险偏好，请谨慎选择。理财非存款，产品有风险，投资须谨慎。
C003816,2,P029,app_push,工作日18:00-21:00,专属推荐：固定期限029号（R4·固定期限），业绩比较基准7.8%，灵活存续，10000元起投，封闭运作。理财非存款，产品有风险，投资须谨慎。
C003816,3,P008,app_push,周末14:00-18:00,专属推荐：定开008号（R3·定开），业绩比较基准5.1%，366天，10000元起投，封闭运作。理财非存款，产品有风险，投资须谨慎。
C003820,1,P010,app_push,工作日09:00-12:00,专属推荐：现金管理010号（R1·现金管理），业绩比较基准2.8%，366天，50000元起投，T+0 随时赎回。理财非存款，产品有风险，投资须谨慎。
C003820,2,P018,app_push,工作日18:00-21:00,专属推荐：现金管理018号（R2·现金管理），业绩比较基准3.6%，730天，10000元起投，T+0 随时赎回。该产品风险等级高于您的风险偏好，请谨慎选择。理财非存款，产品有风险，投资须谨慎。
C003820,3,P020,app_push,周末09:00-12:00,专属推荐：现金管理020号（R2·现金管理），业绩比较基准3.6%，366天，10000元起投，T+1 次日赎回。该产品风险等级高于您的风险偏好，请谨慎选择。理财非存款，产品有风险，投资须谨慎。
C003823,1,P006,app_push,工作日12:00-14:00,专属推荐：混合006号（R3·混合），业绩比较基准5.1%，灵活存续，50000元起投，T+1 次日赎回。理财非存款，产品有风险，投资须谨慎。
C003823,2,P024,app_push,周末14:00-18:00,专属推荐：定开024号（R3·定开），业绩比较基准4.7%，90天，1000元起投，T+1 次日赎回。理财非存款，产品有风险，投资须谨慎。
C003823,3,P025,app_push,工作日18:00-21:00,专属推荐：定开025号（R3·定开），业绩比较基准5.2%，366天，1000元起投，T+0 随时赎回。理财非存款，产品有风险，投资须谨慎。
C003824,1,P014,app_push,工作日12:00-14:00,专属推荐：混合014号（R1·混合），业绩比较基准2.3%，90天，10000元起投，T+1 次日赎回。理财非存款，产品有风险，投资须谨慎。
C003824,2,P012,app_push,周末14:00-18:00,专属推荐：混合012号（R2·混合），业绩比较基准3.7%，90天，10000元起投，T+1 次日赎回。该产品风险等级高于您的风险偏好，请谨慎选择。理财非存款，产品有风险，投资须谨慎。
C003824,3,P011,app_push,工作日18:00-21:00,专属推荐：固定期限011号（R2·固定期限），业绩比较基准3.3%，90天，10000元起投，T+0 随时赎回。该产品风险等级高于您的风险偏好，请谨慎选择。理财非存款，产品有风险，投资须谨慎。
C003833,1,P002,app_push,工作日18:00-21:00,专属推荐：固定期限002号（R5·固定期限），业绩比较基准11.3%，366天，1000元起投，T+0 随时赎回。该产品风险等级高于您的风险偏好，请谨慎选择。理财非存款，产品有风险，投资须谨慎。
C003833,2,P023,app_push,周末14:00-18:00,专属推荐：固定期限023号（R5·固定期限），业绩比较基准9.8%，灵活存续，1000元起投，T+1 次日赎回。该产品风险等级高于您的风险偏好，请谨慎选择。理财非存款，产品有风险，投资须谨慎。
C003833,3,P029,app_push,周末09:00-12:00,专属推荐：固定期限029号（R4·固定期限），业绩比较基准7.8%，灵活存续，10000元起投，封闭运作。理财非存款，产品有风险，投资须谨慎。
C003840,1,P025,app_push,工作日18:00-21:00,专属推荐：定开025号（R3·定开），业绩比较基准5.2%，366天，1000元起投，T+0 随时赎回。理财非存款，产品有风险，投资须谨慎。
C003840,2,P024,app_push,周末14:00-18:00,专属推荐：定开024号（R3·定开），业绩比较基准4.7%，90天，1000元起投，T+1 次日赎回。理财非存款，产品有风险，投资须谨慎。
C003840,3,P017,app_push,周末09:00-12:00,专属推荐：现金管理017号（R3·现金管理），业绩比较基准4.3%，180天，1000元起投，T+1 次日赎回。理财非存款，产品有风险，投资须谨慎。
C003851,1,P026,app_push,工作日12:00-14:00,专属推荐：混合026号（R2·混合），业绩比较基准3.1%，180天，1000元起投，T+1 次日赎回。该产品风险等级高于您的风险偏好，请谨慎选择。理财非存款，产品有风险，投资须谨慎。
C003851,2,P019,app_push,周末14:00-18:00,专属推荐：定开019号（R2·定开），业绩比较基准3.3%，灵活存续，1000元起投，T+0 随时赎回。该产品风险等级高于您的风险偏好，请谨慎选择。理财非存款，产品有风险，投资须谨慎。
C003851,3,P030,app_push,工作日18:00-21:00,专属推荐：固定期限030号（R2·固定期限），业绩比较基准3.1%，730天，1000元起投，T+0 随时赎回。该产品风险等级高于您的风险偏好，请谨慎选择。理财非存款，产品有风险，投资须谨慎。
C003853,1,P025,app_push,工作日18:00-21:00,专属推荐：定开025号（R3·定开），业绩比较基准5.2%，366天，1000元起投，T+0 随时赎回。理财非存款，产品有风险，投资须谨慎。
C003853,2,P008,app_push,周末14:00-18:00,专属推荐：定开008号（R3·定开），业绩比较基准5.1%，366天，10000元起投，封闭运作。理财非存款，产品有风险，投资须谨慎。
C003853,3,P024,app_push,周末09:00-12:00,专属推荐：定开024号（R3·定开），业绩比较基准4.7%，90天，1000元起投，T+1 次日赎回。理财非存款，产品有风险，投资须谨慎。
C003854,1,P025,manager,工作日18:00-21:00,钻石贵宾专享：定开025号（R3·定开），业绩比较基准5.2%，366天，1000元起投，T+0 随时赎回，可为您预约专属认购。理财非存款，产品有风险，投资须谨慎。
C003854,2,P008,manager,周末09:00-12:00,钻石贵宾专享：定开008号（R3·定开），业绩比较基准5.1%，366天，10000元起投，封闭运作，可为您预约专属认购。理财非存款，产品有风险，投资须谨慎。
C003854,3,P029,manager,周末14:00-18:00,钻石贵宾专享：固定期限029号（R4·固定期限），业绩比较基准7.8%，灵活存续，10000元起投，封闭运作，可为您预约专属认购。该产品风险等级高于您的风险偏好，请谨慎选择。理财非存款，产品有风险，投资须谨慎。
C003856,1,P008,call,工作日12:00-14:00,您好，我是您的专属理财顾问，为您介绍：定开008号（R3·定开），业绩比较基准5.1%，366天，10000元起投，封闭运作。理财非存款，产品有风险，投资须谨慎。
C003856,2,P024,call,周末14:00-18:00,您好，我是您的专属理财顾问，为您介绍：定开024号（R3·定开），业绩比较基准4.7%，90天，1000元起投，T+1 次日赎回。理财非存款，产品有风险，投资须谨慎。
C003856,3,P025,call,工作日18:00-21:00,您好，我是您的专属理财顾问，为您介绍：定开025号（R3·定开），业绩比较基准5.2%，366天，1000元起投，T+0 随时赎回。理财非存款，产品有风险，投资须谨慎。
C003865,1,P013,app_push,工作日09:00-12:00,专属推荐：定开013号（R2·定开），业绩比较基准3.5%，灵活存续，10000元起投，T+0 随时赎回。理财非存款，产品有风险，投资须谨慎。
C003865,2,P022,app_push,工作日12:00-14:00,专属推荐：定开022号（R2·定开），业绩比较基准3.0%，730天，10000元起投，T+1 次日赎回。理财非存款，产品有风险，投资须谨慎。
C003865,3,P018,app_push,工作日18:00-21:00,专属推荐：现金管理018号（R2·现金管理），业绩比较基准3.6%，730天，10000元起投，T+0 随时赎回。理财非存款，产品有风险，投资须谨慎。
C003871,1,P026,app_push,工作日18:00-21:00,专属推荐：混合026号（R2·混合），业绩比较基准3.1%，180天，1000元起投，T+1 次日赎回。理财非存款，产品有风险，投资须谨慎。
C003871,2,P025,app_push,周末09:00-12:00,专属推荐：定开025号（R3·定开），业绩比较基准5.2%，366天，1000元起投，T+0 随时赎回。理财非存款，产品有风险，投资须谨慎。
C003871,3,P024,app_push,周末14:00-18:00,专属推荐：定开024号（R3·定开），业绩比较基准4.7%，90天，1000元起投，T+1 次日赎回。理财非存款，产品有风险，投资须谨慎。
C003872,1,P012,app_push,工作日12:00-14:00,专属推荐：混合012号（R2·混合），业绩比较基准3.7%，90天，10000元起投，T+1 次日赎回。理财非存款，产品有风险，投资须谨慎。
C003872,2,P026,app_push,周末14:00-18:00,专属推荐：混合026号（R2·混合），业绩比较基准3.1%，180天，1000元起投，T+1 次日赎回。理财非存款，产品有风险，投资须谨慎。
C003872,3,P020,app_push,工作日18:00-21:00,专属推荐：现金管理020号（R2·现金管理），业绩比较基准3.6%，366天，10000元起投，T+1 次日赎回。理财非存款，产品有风险，投资须谨慎。
C003873,1,P029,call,工作日09:00-12:00,您好，我是您的专属理财顾问，为您介绍：固定期限029号（R4·固定期限），业绩比较基准7.8%，灵活存续，10000元起投，封闭运作。该产品风险等级高于您的风险偏好，请谨慎选择。理财非存款，产品有风险，投资须谨慎。
C003873,2,P011,call,工作日12:00-14:00,您好，我是您的专属理财顾问，为您介绍：固定期限011号（R2·固定期限），业绩比较基准3.3%，90天，10000元起投，T+0 随时赎回。理财非存款，产品有风险，投资须谨慎。
C003873,3,P030,call,周末09:00-12:00,您好，我是您的专属理财顾问，为您介绍：固定期限030号（R2·固定期限），业绩比较基准3.1%，730天，1000元起投，T+0 随时赎回。理财非存款，产品有风险，投资须谨慎。
C003876,1,P011,call,工作日18:00-21:00,您好，我是您的专属理财顾问，为您介绍：固定期限011号（R2·固定期限），业绩比较基准3.3%，90天，10000元起投，T+0 随时赎回。理财非存款，产品有风险，投资须谨慎。
C003876,2,P030,call,周末09:00-12:00,您好，我是您的专属理财顾问，为您介绍：固定期限030号（R2·固定期限），业绩比较基准3.1%，730天，1000元起投，T+0 随时赎回。理财非存款，产品有风险，投资须谨慎。
C003876,3,P012,call,周末14:00-18:00,您好，我是您的专属理财顾问，为您介绍：混合012号（R2·混合），业绩比较基准3.7%，90天，10000元起投，T+1 次日赎回。理财非存款，产品有风险，投资须谨慎。
C003878,1,P026,app_push,工作日09:00-12:00,专属推荐：混合026号（R2·混合），业绩比较基准3.1%，180天，1000元起投，T+1 次日赎回。理财非存款，产品有风险，投资须谨慎。
C003878,2,P019,app_push,工作日18:00-21:00,专属推荐：定开019号（R2·定开），业绩比较基准3.3%，灵活存续，1000元起投，T+0 随时赎回。理财非存款，产品有风险，投资须谨慎。
C003878,3,P030,app_push,周末09:00-12:00,专属推荐：固定期限030号（R2·固定期限），业绩比较基准3.1%，730天，1000元起投，T+0 随时赎回。理财非存款，产品有风险，投资须谨慎。
C003880,1,P014,call,工作日12:00-14:00,您好，我是您的专属理财顾问，为您介绍：混合014号（R1·混合），业绩比较基准2.3%，90天，10000元起投，T+1 次日赎回。理财非存款，产品有风险，投资须谨慎。
C003880,2,P012,call,周末14:00-18:00,您好，我是您的专属理财顾问，为您介绍：混合012号（R2·混合），业绩比较基准3.7%，90天，10000元起投，T+1 次日赎回。该产品风险等级高于您的风险偏好，请谨慎选择。理财非存款，产品有风险，投资须谨慎。
C003880,3,P013,call,工作日18:00-21:00,您好，我是您的专属理财顾问，为您介绍：定开013号（R2·定开），业绩比较基准3.5%，灵活存续，10000元起投，T+0 随时赎回。该产品风险等级高于您的风险偏好，请谨慎选择。理财非存款，产品有风险，投资须谨慎。
C003884,1,P012,call,工作日18:00-21:00,您好，我是您的专属理财顾问，为您介绍：混合012号（R2·混合），业绩比较基准3.7%，90天，10000元起投，T+1 次日赎回。理财非存款，产品有风险，投资须谨慎。
C003884,2,P011,call,周末14:00-18:00,您好，我是您的专属理财顾问，为您介绍：固定期限011号（R2·固定期限），业绩比较基准3.3%，90天，10000元起投，T+0 随时赎回。理财非存款，产品有风险，投资须谨慎。
C003884,3,P013,call,周末09:00-12:00,您好，我是您的专属理财顾问，为您介绍：定开013号（R2·定开），业绩比较基准3.5%，灵活存续，10000元起投，T+0 随时赎回。理财非存款，产品有风险，投资须谨慎。
C003885,1,P025,app_push,工作日09:00-12:00,专属推荐：定开025号（R3·定开），业绩比较基准5.2%，366天，1000元起投，T+0 随时赎回。理财非存款，产品有风险，投资须谨慎。
C003885,2,P024,app_push,工作日18:00-21:00,专属推荐：定开024号（R3·定开），业绩比较基准4.7%，90天，1000元起投，T+1 次日赎回。理财非存款，产品有风险，投资须谨慎。
C003885,3,P008,app_push,周末09:00-12:00,专属推荐：定开008号（R3·定开），业绩比较基准5.1%，366天，10000元起投，封闭运作。理财非存款，产品有风险，投资须谨慎。
C003887,1,P014,app_push,工作日09:00-12:00,专属推荐：混合014号（R1·混合），业绩比较基准2.3%，90天，10000元起投，T+1 次日赎回。理财非存款，产品有风险，投资须谨慎。
C003887,2,P010,app_push,工作日12:00-14:00,专属推荐：现金管理010号（R1·现金管理），业绩比较基准2.8%，366天，50000元起投，T+0 随时赎回。理财非存款，产品有风险，投资须谨慎。
C003887,3,P011,app_push,工作日18:00-21:00,专属推荐：固定期限011号（R2·固定期限），业绩比较基准3.3%，90天，10000元起投，T+0 随时赎回。该产品风险等级高于您的风险偏好，请谨慎选择。理财非存款，产品有风险，投资须谨慎。
C003891,1,P012,call,工作日09:00-12:00,您好，我是您的专属理财顾问，为您介绍：混合012号（R2·混合），业绩比较基准3.7%，90天，10000元起投，T+1 次日赎回。理财非存款，产品有风险，投资须谨慎。
C003891,2,P011,call,工作日12:00-14:00,您好，我是您的专属理财顾问，为您介绍：固定期限011号（R2·固定期限），业绩比较基准3.3%，90天，10000元起投，T+0 随时赎回。理财非存款，产品有风险，投资须谨慎。
C003891,3,P026,call,周末09:00-12:00,您好，我是您的专属理财顾问，为您介绍：混合026号（R2·混合），业绩比较基准3.1%，180天，1000元起投，T+1 次日赎回。理财非存款，产品有风险，投资须谨慎。
C003903,1,P011,app_push,工作日18:00-21:00,专属推荐：固定期限011号（R2·固定期限），业绩比较基准3.3%，90天，10000元起投，T+0 随时赎回。理财非存款，产品有风险，投资须谨慎。
C003903,2,P012,app_push,周末14:00-18:00,专属推荐：混合012号（R2·混合），业绩比较基准3.7%，90天，10000元起投，T+1 次日赎回。理财非存款，产品有风险，投资须谨慎。
C003903,3,P013,app_push,周末09:00-12:00,专属推荐：定开013号（R2·定开），业绩比较基准3.5%，灵活存续，10000元起投，T+0 随时赎回。理财非存款，产品有风险，投资须谨慎。
C003909,1,P017,call,工作日12:00-14:00,您好，我是您的专属理财顾问，为您介绍：现金管理017号（R3·现金管理），业绩比较基准4.3%，180天，1000元起投，T+1 次日赎回。理财非存款，产品有风险，投资须谨慎。
C003909,2,P018,call,周末14:00-18:00,您好，我是您的专属理财顾问，为您介绍：现金管理018号（R2·现金管理），业绩比较基准3.6%，730天，10000元起投，T+0 随时赎回。理财非存款，产品有风险，投资须谨慎。
C003909,3,P020,call,工作日18:00-21:00,您好，我是您的专属理财顾问，为您介绍：现金管理020号（R2·现金管理），业绩比较基准3.6%，366天，10000元起投，T+1 次日赎回。理财非存款，产品有风险，投资须谨慎。
C003910,1,P002,app_push,工作日09:00-12:00,专属推荐：固定期限002号（R5·固定期限），业绩比较基准11.3%，366天，1000元起投，T+0 随时赎回。该产品风险等级高于您的风险偏好，请谨慎选择。理财非存款，产品有风险，投资须谨慎。
C003910,2,P023,app_push,工作日12:00-14:00,专属推荐：固定期限023号（R5·固定期限），业绩比较基准9.8%，灵活存续，1000元起投，T+1 次日赎回。该产品风险等级高于您的风险偏好，请谨慎选择。理财非存款，产品有风险，投资须谨慎。
C003910,3,P029,app_push,工作日18:00-21:00,专属推荐：固定期限029号（R4·固定期限），业绩比较基准7.8%，灵活存续，10000元起投，封闭运作。理财非存款，产品有风险，投资须谨慎。
C003914,1,P019,app_push,工作日12:00-14:00,专属推荐：定开019号（R2·定开），业绩比较基准3.3%，灵活存续，1000元起投，T+0 随时赎回。理财非存款，产品有风险，投资须谨慎。
C003914,2,P026,app_push,工作日18:00-21:00,专属推荐：混合026号（R2·混合），业绩比较基准3.1%，180天，1000元起投，T+1 次日赎回。理财非存款，产品有风险，投资须谨慎。
C003914,3,P030,app_push,周末14:00-18:00,专属推荐：固定期限030号（R2·固定期限），业绩比较基准3.1%，730天，1000元起投，T+0 随时赎回。理财非存款，产品有风险，投资须谨慎。
C003915,1,P020,call,工作日18:00-21:00,您好，我是您的专属理财顾问，为您介绍：现金管理020号（R2·现金管理），业绩比较基准3.6%，366天，10000元起投，T+1 次日赎回。理财非存款，产品有风险，投资须谨慎。
C003915,2,P009,call,周末14:00-18:00,您好，我是您的专属理财顾问，为您介绍：现金管理009号（R2·现金管理），业绩比较基准4.0%，730天，50000元起投，T+0 随时赎回。理财非存款，产品有风险，投资须谨慎。
C003915,3,P013,call,周末09:00-12:00,您好，我是您的专属理财顾问，为您介绍：定开013号（R2·定开），业绩比较基准3.5%，灵活存续，10000元起投，T+0 随时赎回。理财非存款，产品有风险，投资须谨慎。
C003917,1,P030,app_push,工作日12:00-14:00,专属推荐：固定期限030号（R2·固定期限），业绩比较基准3.1%，730天，1000元起投，T+0 随时赎回。理财非存款，产品有风险，投资须谨慎。
C003917,2,P019,app_push,周末14:00-18:00,专属推荐：定开019号（R2·定开），业绩比较基准3.3%，灵活存续，1000元起投，T+0 随时赎回。理财非存款，产品有风险，投资须谨慎。
C003917,3,P020,app_push,工作日18:00-21:00,专属推荐：现金管理020号（R2·现金管理），业绩比较基准3.6%，366天，10000元起投，T+1 次日赎回。理财非存款，产品有风险，投资须谨慎。
C003922,1,P030,app_push,工作日09:00-12:00,专属推荐：固定期限030号（R2·固定期限），业绩比较基准3.1%，730天，1000元起投，T+0 随时赎回。理财非存款，产品有风险，投资须谨慎。
C003922,2,P011,app_push,工作日12:00-14:00,专属推荐：固定期限011号（R2·固定期限），业绩比较基准3.3%，90天，10000元起投，T+0 随时赎回。理财非存款，产品有风险，投资须谨慎。
C003922,3,P019,app_push,工作日18:00-21:00,专属推荐：定开019号（R2·定开），业绩比较基准3.3%，灵活存续，1000元起投，T+0 随时赎回。理财非存款，产品有风险，投资须谨慎。
C003923,1,P009,manager,工作日12:00-14:00,金卡贵宾专享：现金管理009号（R2·现金管理），业绩比较基准4.0%，730天，50000元起投，T+0 随时赎回，可为您预约专属认购。理财非存款，产品有风险，投资须谨慎。
C003923,2,P008,manager,工作日18:00-21:00,金卡贵宾专享：定开008号（R3·定开），业绩比较基准5.1%，366天，10000元起投，封闭运作，可为您预约专属认购。该产品风险等级高于您的风险偏好，请谨慎选择。理财非存款，产品有风险，投资须谨慎。
C003923,3,P010,manager,周末14:00-18:00,金卡贵宾专享：现金管理010号（R1·现金管理），业绩比较基准2.8%，366天，50000元起投，T+0 随时赎回，可为您预约专属认购。理财非存款，产品有风险，投资须谨慎。
C003927,1,P002,call,工作日09:00-12:00,您好，我是您的专属理财顾问，为您介绍：固定期限002号（R5·固定期限），业绩比较基准11.3%，366天，1000元起投，T+0 随时赎回。该产品风险等级高于您的风险偏好，请谨慎选择。理财非存款，产品有风险，投资须谨慎。
C003927,2,P023,call,工作日12:00-14:00,您好，我是您的专属理财顾问，为您介绍：固定期限023号（R5·固定期限），业绩比较基准9.8%，灵活存续，1000元起投，T+1 次日赎回。该产品风险等级高于您的风险偏好，请谨慎选择。理财非存款，产品有风险，投资须谨慎。
C003927,3,P004,call,工作日18:00-21:00,您好，我是您的专属理财顾问，为您介绍：现金管理004号（R5·现金管理），业绩比较基准8.6%，灵活存续，1000元起投，封闭运作。该产品风险等级高于您的风险偏好，请谨慎选择。理财非存款，产品有风险，投资须谨慎。
C003930,1,P002,app_push,工作日09:00-12:00,专属推荐：固定期限002号（R5·固定期限），业绩比较基准11.3%，366天，1000元起投，T+0 随时赎回。理财非存款，产品有风险，投资须谨慎。
C003930,2,P023,app_push,工作日12:00-14:00,专属推荐：固定期限023号（R5·固定期限），业绩比较基准9.8%，灵活存续，1000元起投，T+1 次日赎回。理财非存款，产品有风险，投资须谨慎。
C003930,3,P005,app_push,周末09:00-12:00,专属推荐：现金管理005号（R5·现金管理），业绩比较基准11.0%，灵活存续，100000元起投，T+0 随时赎回。理财非存款，产品有风险，投资须谨慎。
C003934,1,P018,app_push,工作日18:00-21:00,专属推荐：现金管理018号（R2·现金管理），业绩比较基准3.6%，730天，10000元起投，T+0 随时赎回。理财非存款，产品有风险，投资须谨慎。
C003934,2,P020,app_push,周末14:00-18:00,专属推荐：现金管理020号（R2·现金管理），业绩比较基准3.6%，366天，10000元起投，T+1 次日赎回。理财非存款，产品有风险，投资须谨慎。
C003934,3,P009,app_push,周末09:00-12:00,专属推荐：现金管理009号（R2·现金管理），业绩比较基准4.0%，730天，50000元起投，T+0 随时赎回。理财非存款，产品有风险，投资须谨慎。
C003939,1,P018,app_push,工作日09:00-12:00,专属推荐：现金管理018号（R2·现金管理），业绩比较基准3.6%，730天，10000元起投，T+0 随时赎回。理财非存款，产品有风险，投资须谨慎。
C003939,2,P020,app_push,工作日12:00-14:00,专属推荐：现金管理020号（R2·现金管理），业绩比较基准3.6%，366天，10000元起投，T+1 次日赎回。理财非存款，产品有风险，投资须谨慎。
C003939,3,P017,app_push,周末09:00-12:00,专属推荐：现金管理017号（R3·现金管理），业绩比较基准4.3%，180天，1000元起投，T+1 次日赎回。该产品风险等级高于您的风险偏好，请谨慎选择。理财非存款，产品有风险，投资须谨慎。
C003945,1,P026,call,工作日12:00-14:00,您好，我是您的专属理财顾问，为您介绍：混合026号（R2·混合），业绩比较基准3.1%，180天，1000元起投，T+1 次日赎回。理财非存款，产品有风险，投资须谨慎。
C003945,2,P025,call,周末14:00-18:00,您好，我是您的专属理财顾问，为您介绍：定开025号（R3·定开），业绩比较基准5.2%，366天，1000元起投，T+0 随时赎回。理财非存款，产品有风险，投资须谨慎。
C003945,3,P024,call,工作日18:00-21:00,您好，我是您的专属理财顾问，为您介绍：定开024号（R3·定开），业绩比较基准4.7%，90天，1000元起投，T+1 次日赎回。理财非存款，产品有风险，投资须谨慎。
C003950,1,P014,app_push,工作日09:00-12:00,专属推荐：混合014号（R1·混合），业绩比较基准2.3%，90天，10000元起投，T+1 次日赎回。理财非存款，产品有风险，投资须谨慎。
C003950,2,P011,app_push,工作日12:00-14:00,专属推荐：固定期限011号（R2·固定期限），业绩比较基准3.3%，90天，10000元起投，T+0 随时赎回。该产品风险等级高于您的风险偏好，请谨慎选择。理财非存款，产品有风险，投资须谨慎。
C003950,3,P013,app_push,工作日18:00-21:00,专属推荐：定开013号（R2·定开），业绩比较基准3.5%，灵活存续，10000元起投，T+0 随时赎回。该产品风险等级高于您的风险偏好，请谨慎选择。理财非存款，产品有风险，投资须谨慎。
C003952,1,P014,call,工作日09:00-12:00,您好，我是您的专属理财顾问，为您介绍：混合014号（R1·混合），业绩比较基准2.3%，90天，10000元起投，T+1 次日赎回。理财非存款，产品有风险，投资须谨慎。
C003952,2,P030,call,工作日12:00-14:00,您好，我是您的专属理财顾问，为您介绍：固定期限030号（R2·固定期限），业绩比较基准3.1%，730天，1000元起投，T+0 随时赎回。该产品风险等级高于您的风险偏好，请谨慎选择。理财非存款，产品有风险，投资须谨慎。
C003952,3,P012,call,工作日18:00-21:00,您好，我是您的专属理财顾问，为您介绍：混合012号（R2·混合），业绩比较基准3.7%，90天，10000元起投，T+1 次日赎回。该产品风险等级高于您的风险偏好，请谨慎选择。理财非存款，产品有风险，投资须谨慎。
C003953,1,P002,call,工作日09:00-12:00,您好，我是您的专属理财顾问，为您介绍：固定期限002号（R5·固定期限），业绩比较基准11.3%，366天，1000元起投，T+0 随时赎回。该产品风险等级高于您的风险偏好，请谨慎选择。理财非存款，产品有风险，投资须谨慎。
C003953,2,P023,call,工作日12:00-14:00,您好，我是您的专属理财顾问，为您介绍：固定期限023号（R5·固定期限），业绩比较基准9.8%，灵活存续，1000元起投，T+1 次日赎回。该产品风险等级高于您的风险偏好，请谨慎选择。理财非存款，产品有风险，投资须谨慎。
C003953,3,P004,call,周末09:00-12:00,您好，我是您的专属理财顾问，为您介绍：现金管理004号（R5·现金管理），业绩比较基准8.6%，灵活存续，1000元起投，封闭运作。该产品风险等级高于您的风险偏好，请谨慎选择。理财非存款，产品有风险，投资须谨慎。
C003963,1,P029,app_push,工作日18:00-21:00,专属推荐：固定期限029号（R4·固定期限），业绩比较基准7.8%，灵活存续，10000元起投，封闭运作。理财非存款，产品有风险，投资须谨慎。
C003963,2,P015,app_push,周末14:00-18:00,专属推荐：固定期限015号（R4·固定期限），业绩比较基准6.7%，366天，50000元起投，封闭运作。理财非存款，产品有风险，投资须谨慎。
C003963,3,P002,app_push,周末09:00-12:00,专属推荐：固定期限002号（R5·固定期限），业绩比较基准11.3%，366天，1000元起投，T+0 随时赎回。该产品风险等级高于您的风险偏好，请谨慎选择。理财非存款，产品有风险，投资须谨慎。
C003965,1,P026,call,工作日09:00-12:00,您好，我是您的专属理财顾问，为您介绍：混合026号（R2·混合），业绩比较基准3.1%，180天，1000元起投，T+1 次日赎回。理财非存款，产品有风险，投资须谨慎。
C003965,2,P019,call,工作日12:00-14:00,您好，我是您的专属理财顾问，为您介绍：定开019号（R2·定开），业绩比较基准3.3%，灵活存续，1000元起投，T+0 随时赎回。理财非存款，产品有风险，投资须谨慎。
C003965,3,P030,call,工作日18:00-21:00,您好，我是您的专属理财顾问，为您介绍：固定期限030号（R2·固定期限），业绩比较基准3.1%，730天，1000元起投，T+0 随时赎回。理财非存款，产品有风险，投资须谨慎。
C003971,1,P014,app_push,工作日09:00-12:00,专属推荐：混合014号（R1·混合），业绩比较基准2.3%，90天，10000元起投，T+1 次日赎回。理财非存款，产品有风险，投资须谨慎。
C003971,2,P010,app_push,工作日12:00-14:00,专属推荐：现金管理010号（R1·现金管理），业绩比较基准2.8%，366天，50000元起投，T+0 随时赎回。理财非存款，产品有风险，投资须谨慎。
C003971,3,P012,app_push,工作日18:00-21:00,专属推荐：混合012号（R2·混合），业绩比较基准3.7%，90天，10000元起投，T+1 次日赎回。该产品风险等级高于您的风险偏好，请谨慎选择。理财非存款，产品有风险，投资须谨慎。
C003974,1,P017,call,工作日09:00-12:00,您好，我是您的专属理财顾问，为您介绍：现金管理017号（R3·现金管理），业绩比较基准4.3%，180天，1000元起投，T+1 次日赎回。理财非存款，产品有风险，投资须谨慎。
C003974,2,P020,call,工作日12:00-14:00,您好，我是您的专属理财顾问，为您介绍：现金管理020号（R2·现金管理），业绩比较基准3.6%，366天，10000元起投，T+1 次日赎回。理财非存款，产品有风险，投资须谨慎。
C003974,3,P018,call,工作日18:00-21:00,您好，我是您的专属理财顾问，为您介绍：现金管理018号（R2·现金管理），业绩比较基准3.6%，730天，10000元起投，T+0 随时赎回。理财非存款，产品有风险，投资须谨慎。
C003982,1,P019,app_push,工作日12:00-14:00,专属推荐：定开019号（R2·定开），业绩比较基准3.3%，灵活存续，1000元起投，T+0 随时赎回。理财非存款，产品有风险，投资须谨慎。
C003982,2,P030,app_push,周末14:00-18:00,专属推荐：固定期限030号（R2·固定期限），业绩比较基准3.1%，730天，1000元起投，T+0 随时赎回。理财非存款，产品有风险，投资须谨慎。
C003982,3,P026,app_push,工作日18:00-21:00,专属推荐：混合026号（R2·混合），业绩比较基准3.1%，180天，1000元起投，T+1 次日赎回。理财非存款，产品有风险，投资须谨慎。
C003992,1,P025,call,工作日09:00-12:00,您好，我是您的专属理财顾问，为您介绍：定开025号（R3·定开），业绩比较基准5.2%，366天，1000元起投，T+0 随时赎回。理财非存款，产品有风险，投资须谨慎。
C003992,2,P024,call,工作日12:00-14:00,您好，我是您的专属理财顾问，为您介绍：定开024号（R3·定开），业绩比较基准4.7%，90天，1000元起投，T+1 次日赎回。理财非存款，产品有风险，投资须谨慎。
C003992,3,P017,call,周末09:00-12:00,您好，我是您的专属理财顾问，为您介绍：现金管理017号（R3·现金管理），业绩比较基准4.3%，180天，1000元起投，T+1 次日赎回。理财非存款，产品有风险，投资须谨慎。
C003995,1,P018,app_push,工作日18:00-21:00,专属推荐：现金管理018号（R2·现金管理），业绩比较基准3.6%，730天，10000元起投，T+0 随时赎回。理财非存款，产品有风险，投资须谨慎。
C003995,2,P020,app_push,周末09:00-12:00,专属推荐：现金管理020号（R2·现金管理），业绩比较基准3.6%，366天，10000元起投，T+1 次日赎回。理财非存款，产品有风险，投资须谨慎。
C003995,3,P017,app_push,周末14:00-18:00,专属推荐：现金管理017号（R3·现金管理），业绩比较基准4.3%，180天，1000元起投，T+1 次日赎回。该产品风险等级高于您的风险偏好，请谨慎选择。理财非存款，产品有风险，投资须谨慎。
C003999,1,P011,call,工作日18:00-21:00,您好，我是您的专属理财顾问，为您介绍：固定期限011号（R2·固定期限），业绩比较基准3.3%，90天，10000元起投，T+0 随时赎回。理财非存款，产品有风险，投资须谨慎。
C003999,2,P009,call,周末09:00-12:00,您好，我是您的专属理财顾问，为您介绍：现金管理009号（R2·现金管理），业绩比较基准4.0%，730天，50000元起投，T+0 随时赎回。理财非存款，产品有风险，投资须谨慎。
C003999,3,P012,call,周末14:00-18:00,您好，我是您的专属理财顾问，为您介绍：混合012号（R2·混合），业绩比较基准3.7%，90天，10000元起投，T+1 次日赎回。理财非存款，产品有风险，投资须谨慎。
C004003,1,P026,app_push,工作日09:00-12:00,专属推荐：混合026号（R2·混合），业绩比较基准3.1%，180天，1000元起投，T+1 次日赎回。该产品风险等级高于您的风险偏好，请谨慎选择。理财非存款，产品有风险，投资须谨慎。
C004003,2,P019,app_push,工作日18:00-21:00,专属推荐：定开019号（R2·定开），业绩比较基准3.3%，灵活存续，1000元起投，T+0 随时赎回。该产品风险等级高于您的风险偏好，请谨慎选择。理财非存款，产品有风险，投资须谨慎。
C004003,3,P030,app_push,周末14:00-18:00,专属推荐：固定期限030号（R2·固定期限），业绩比较基准3.1%，730天，1000元起投，T+0 随时赎回。该产品风险等级高于您的风险偏好，请谨慎选择。理财非存款，产品有风险，投资须谨慎。
C004006,1,P026,app_push,工作日18:00-21:00,专属推荐：混合026号（R2·混合），业绩比较基准3.1%，180天，1000元起投，T+1 次日赎回。该产品风险等级高于您的风险偏好，请谨慎选择。理财非存款，产品有风险，投资须谨慎。
C004006,2,P019,app_push,周末14:00-18:00,专属推荐：定开019号（R2·定开），业绩比较基准3.3%，灵活存续，1000元起投，T+0 随时赎回。该产品风险等级高于您的风险偏好，请谨慎选择。理财非存款，产品有风险，投资须谨慎。
C004006,3,P030,app_push,周末09:00-12:00,专属推荐：固定期限030号（R2·固定期限），业绩比较基准3.1%，730天，1000元起投，T+0 随时赎回。该产品风险等级高于您的风险偏好，请谨慎选择。理财非存款，产品有风险，投资须谨慎。
C004008,1,P006,manager,工作日18:00-21:00,普通贵宾专享：混合006号（R3·混合），业绩比较基准5.1%，灵活存续，50000元起投，T+1 次日赎回，可为您预约专属认购。理财非存款，产品有风险，投资须谨慎。
C004008,2,P025,manager,周末09:00-12:00,普通贵宾专享：定开025号（R3·定开），业绩比较基准5.2%，366天，1000元起投，T+0 随时赎回，可为您预约专属认购。理财非存款，产品有风险，投资须谨慎。
C004008,3,P001,manager,周末14:00-18:00,普通贵宾专享：混合001号（R3·混合），业绩比较基准5.5%，730天，50000元起投，封闭运作，可为您预约专属认购。理财非存款，产品有风险，投资须谨慎。
C004026,1,P004,app_push,工作日09:00-12:00,专属推荐：现金管理004号（R5·现金管理），业绩比较基准8.6%，灵活存续，1000元起投，封闭运作。理财非存款，产品有风险，投资须谨慎。
C004026,2,P002,app_push,工作日18:00-21:00,专属推荐：固定期限002号（R5·固定期限），业绩比较基准11.3%，366天，1000元起投，T+0 随时赎回。理财非存款，产品有风险，投资须谨慎。
C004026,3,P023,app_push,周末09:00-12:00,专属推荐：固定期限023号（R5·固定期限），业绩比较基准9.8%，灵活存续，1000元起投，T+1 次日赎回。理财非存款，产品有风险，投资须谨慎。
C004027,1,P006,app_push,工作日18:00-21:00,专属推荐：混合006号（R3·混合），业绩比较基准5.1%，灵活存续，50000元起投，T+1 次日赎回。理财非存款，产品有风险，投资须谨慎。
C004027,2,P025,app_push,周末09:00-12:00,专属推荐：定开025号（R3·定开），业绩比较基准5.2%，366天，1000元起投，T+0 随时赎回。理财非存款，产品有风险，投资须谨慎。
C004027,3,P001,app_push,周末14:00-18:00,专属推荐：混合001号（R3·混合），业绩比较基准5.5%，730天，50000元起投，封闭运作。理财非存款，产品有风险，投资须谨慎。
C004028,1,P025,call,工作日12:00-14:00,您好，我是您的专属理财顾问，为您介绍：定开025号（R3·定开），业绩比较基准5.2%，366天，1000元起投，T+0 随时赎回。理财非存款，产品有风险，投资须谨慎。
C004028,2,P008,call,工作日18:00-21:00,您好，我是您的专属理财顾问，为您介绍：定开008号（R3·定开），业绩比较基准5.1%，366天，10000元起投，封闭运作。理财非存款，产品有风险，投资须谨慎。
C004028,3,P024,call,周末14:00-18:00,您好，我是您的专属理财顾问，为您介绍：定开024号（R3·定开），业绩比较基准4.7%，90天，1000元起投，T+1 次日赎回。理财非存款，产品有风险，投资须谨慎。
C004030,1,P024,manager,工作日09:00-12:00,钻石贵宾专享：定开024号（R3·定开），业绩比较基准4.7%，90天，1000元起投，T+1 次日赎回，可为您预约专属认购。理财非存款，产品有风险，投资须谨慎。
C004030,2,P025,manager,工作日18:00-21:00,钻石贵宾专享：定开025号（R3·定开），业绩比较基准5.2%，366天，1000元起投，T+0 随时赎回，可为您预约专属认购。理财非存款，产品有风险，投资须谨慎。
C004030,3,P008,manager,周末14:00-18:00,钻石贵宾专享：定开008号（R3·定开），业绩比较基准5.1%，366天，10000元起投，封闭运作，可为您预约专属认购。理财非存款，产品有风险，投资须谨慎。
C004032,1,P022,app_push,工作日12:00-14:00,专属推荐：定开022号（R2·定开），业绩比较基准3.0%，730天，10000元起投，T+1 次日赎回。理财非存款，产品有风险，投资须谨慎。
C004032,2,P013,app_push,工作日18:00-21:00,专属推荐：定开013号（R2·定开），业绩比较基准3.5%，灵活存续，10000元起投，T+0 随时赎回。理财非存款，产品有风险，投资须谨慎。
C004032,3,P012,app_push,周末14:00-18:00,专属推荐：混合012号（R2·混合），业绩比较基准3.7%，90天，10000元起投，T+1 次日赎回。理财非存款，产品有风险，投资须谨慎。
C004058,1,P025,app_push,工作日09:00-12:00,专属推荐：定开025号（R3·定开），业绩比较基准5.2%，366天，1000元起投，T+0 随时赎回。理财非存款，产品有风险，投资须谨慎。
C004058,2,P006,app_push,工作日12:00-14:00,专属推荐：混合006号（R3·混合），业绩比较基准5.1%，灵活存续，50000元起投，T+1 次日赎回。理财非存款，产品有风险，投资须谨慎。
C004058,3,P001,app_push,周末09:00-12:00,专属推荐：混合001号（R3·混合），业绩比较基准5.5%，730天，50000元起投，封闭运作。理财非存款，产品有风险，投资须谨慎。
C004061,1,P004,app_push,工作日09:00-12:00,专属推荐：现金管理004号（R5·现金管理），业绩比较基准8.6%，灵活存续，1000元起投，封闭运作。该产品风险等级高于您的风险偏好，请谨慎选择。理财非存款，产品有风险，投资须谨慎。
C004061,2,P017,app_push,工作日12:00-14:00,专属推荐：现金管理017号（R3·现金管理），业绩比较基准4.3%，180天，1000元起投，T+1 次日赎回。理财非存款，产品有风险，投资须谨慎。
C004061,3,P029,app_push,周末14:00-18:00,专属推荐：固定期限029号（R4·固定期限），业绩比较基准7.8%，灵活存续，10000元起投，封闭运作。理财非存款，产品有风险，投资须谨慎。
C004069,1,P014,app_push,工作日09:00-12:00,专属推荐：混合014号（R1·混合），业绩比较基准2.3%，90天，10000元起投，T+1 次日赎回。理财非存款，产品有风险，投资须谨慎。
C004069,2,P026,app_push,工作日12:00-14:00,专属推荐：混合026号（R2·混合），业绩比较基准3.1%，180天，1000元起投，T+1 次日赎回。该产品风险等级高于您的风险偏好，请谨慎选择。理财非存款，产品有风险，投资须谨慎。
C004069,3,P019,app_push,周末14:00-18:00,专属推荐：定开019号（R2·定开），业绩比较基准3.3%，灵活存续，1000元起投，T+0 随时赎回。该产品风险等级高于您的风险偏好，请谨慎选择。理财非存款，产品有风险，投资须谨慎。
C004072,1,P019,call,工作日12:00-14:00,您好，我是您的专属理财顾问，为您介绍：定开019号（R2·定开），业绩比较基准3.3%，灵活存续，1000元起投，T+0 随时赎回。理财非存款，产品有风险，投资须谨慎。
C004072,2,P025,call,周末14:00-18:00,您好，我是您的专属理财顾问，为您介绍：定开025号（R3·定开），业绩比较基准5.2%，366天，1000元起投，T+0 随时赎回。该产品风险等级高于您的风险偏好，请谨慎选择。理财非存款，产品有风险，投资须谨慎。
C004072,3,P017,call,工作日18:00-21:00,您好，我是您的专属理财顾问，为您介绍：现金管理017号（R3·现金管理），业绩比较基准4.3%，180天，1000元起投，T+1 次日赎回。该产品风险等级高于您的风险偏好，请谨慎选择。理财非存款，产品有风险，投资须谨慎。
C004073,1,P029,app_push,工作日09:00-12:00,专属推荐：固定期限029号（R4·固定期限），业绩比较基准7.8%，灵活存续，10000元起投，封闭运作。该产品风险等级高于您的风险偏好，请谨慎选择。理财非存款，产品有风险，投资须谨慎。
C004073,2,P011,app_push,工作日12:00-14:00,专属推荐：固定期限011号（R2·固定期限），业绩比较基准3.3%，90天，10000元起投，T+0 随时赎回。理财非存款，产品有风险，投资须谨慎。
C004073,3,P030,app_push,工作日18:00-21:00,专属推荐：固定期限030号（R2·固定期限），业绩比较基准3.1%，730天，1000元起投，T+0 随时赎回。理财非存款，产品有风险，投资须谨慎。
C004075,1,P014,call,工作日09:00-12:00,您好，我是您的专属理财顾问，为您介绍：混合014号（R1·混合），业绩比较基准2.3%，90天，10000元起投，T+1 次日赎回。理财非存款，产品有风险，投资须谨慎。
C004075,2,P018,call,工作日12:00-14:00,您好，我是您的专属理财顾问，为您介绍：现金管理018号（R2·现金管理），业绩比较基准3.6%，730天，10000元起投，T+0 随时赎回。该产品风险等级高于您的风险偏好，请谨慎选择。理财非存款，产品有风险，投资须谨慎。
C004075,3,P020,call,周末09:00-12:00,您好，我是您的专属理财顾问，为您介绍：现金管理020号（R2·现金管理），业绩比较基准3.6%，366天，10000元起投，T+1 次日赎回。该产品风险等级高于您的风险偏好，请谨慎选择。理财非存款，产品有风险，投资须谨慎。
C004085,1,P014,app_push,工作日09:00-12:00,专属推荐：混合014号（R1·混合），业绩比较基准2.3%，90天，10000元起投，T+1 次日赎回。理财非存款，产品有风险，投资须谨慎。
C004085,2,P011,app_push,工作日12:00-14:00,专属推荐：固定期限011号（R2·固定期限），业绩比较基准3.3%，90天，10000元起投，T+0 随时赎回。该产品风险等级高于您的风险偏好，请谨慎选择。理财非存款，产品有风险，投资须谨慎。
C004085,3,P013,app_push,工作日18:00-21:00,专属推荐：定开013号（R2·定开），业绩比较基准3.5%，灵活存续，10000元起投，T+0 随时赎回。该产品风险等级高于您的风险偏好，请谨慎选择。理财非存款，产品有风险，投资须谨慎。
C004087,1,P018,call,工作日12:00-14:00,您好，我是您的专属理财顾问，为您介绍：现金管理018号（R2·现金管理），业绩比较基准3.6%，730天，10000元起投，T+0 随时赎回。理财非存款，产品有风险，投资须谨慎。
C004087,2,P020,call,周末14:00-18:00,您好，我是您的专属理财顾问，为您介绍：现金管理020号（R2·现金管理），业绩比较基准3.6%，366天，10000元起投，T+1 次日赎回。理财非存款，产品有风险，投资须谨慎。
C004087,3,P009,call,工作日18:00-21:00,您好，我是您的专属理财顾问，为您介绍：现金管理009号（R2·现金管理），业绩比较基准4.0%，730天，50000元起投，T+0 随时赎回。理财非存款，产品有风险，投资须谨慎。
C004090,1,P014,call,工作日18:00-21:00,您好，我是您的专属理财顾问，为您介绍：混合014号（R1·混合），业绩比较基准2.3%，90天，10000元起投，T+1 次日赎回。理财非存款，产品有风险，投资须谨慎。
C004090,2,P012,call,周末09:00-12:00,您好，我是您的专属理财顾问，为您介绍：混合012号（R2·混合），业绩比较基准3.7%，90天，10000元起投，T+1 次日赎回。该产品风险等级高于您的风险偏好，请谨慎选择。理财非存款，产品有风险，投资须谨慎。
C004090,3,P010,call,周末14:00-18:00,您好，我是您的专属理财顾问，为您介绍：现金管理010号（R1·现金管理），业绩比较基准2.8%，366天，50000元起投，T+0 随时赎回。理财非存款，产品有风险，投资须谨慎。
C004092,1,P019,app_push,工作日09:00-12:00,专属推荐：定开019号（R2·定开），业绩比较基准3.3%，灵活存续，1000元起投，T+0 随时赎回。该产品风险等级高于您的风险偏好，请谨慎选择。理财非存款，产品有风险，投资须谨慎。
C004092,2,P030,app_push,工作日12:00-14:00,专属推荐：固定期限030号（R2·固定期限），业绩比较基准3.1%，730天，1000元起投，T+0 随时赎回。该产品风险等级高于您的风险偏好，请谨慎选择。理财非存款，产品有风险，投资须谨慎。
C004092,3,P026,app_push,工作日18:00-21:00,专属推荐：混合026号（R2·混合），业绩比较基准3.1%，180天，1000元起投，T+1 次日赎回。该产品风险等级高于您的风险偏好，请谨慎选择。理财非存款，产品有风险，投资须谨慎。
C004094,1,P011,app_push,工作日18:00-21:00,专属推荐：固定期限011号（R2·固定期限），业绩比较基准3.3%，90天，10000元起投，T+0 随时赎回。该产品风险等级高于您的风险偏好，请谨慎选择。理财非存款，产品有风险，投资须谨慎。
C004094,2,P014,app_push,周末14:00-18:00,专属推荐：混合014号（R1·混合），业绩比较基准2.3%，90天，10000元起投，T+1 次日赎回。理财非存款，产品有风险，投资须谨慎。
C004094,3,P030,app_push,周末09:00-12:00,专属推荐：固定期限030号（R2·固定期限），业绩比较基准3.1%，730天，1000元起投，T+0 随时赎回。该产品风险等级高于您的风险偏好，请谨慎选择。理财非存款，产品有风险，投资须谨慎。
C004095,1,P014,call,工作日12:00-14:00,您好，我是您的专属理财顾问，为您介绍：混合014号（R1·混合），业绩比较基准2.3%，90天，10000元起投，T+1 次日赎回。理财非存款，产品有风险，投资须谨慎。
C004095,2,P012,call,工作日18:00-21:00,您好，我是您的专属理财顾问，为您介绍：混合012号（R2·混合），业绩比较基准3.7%，90天，10000元起投，T+1 次日赎回。该产品风险等级高于您的风险偏好，请谨慎选择。理财非存款，产品有风险，投资须谨慎。
C004095,3,P026,call,周末14:00-18:00,您好，我是您的专属理财顾问，为您介绍：混合026号（R2·混合），业绩比较基准3.1%，180天，1000元起投，T+1 次日赎回。该产品风险等级高于您的风险偏好，请谨慎选择。理财非存款，产品有风险，投资须谨慎。
C004098,1,P025,app_push,工作日18:00-21:00,专属推荐：定开025号（R3·定开），业绩比较基准5.2%，366天，1000元起投，T+0 随时赎回。理财非存款，产品有风险，投资须谨慎。
C004098,2,P024,app_push,周末14:00-18:00,专属推荐：定开024号（R3·定开），业绩比较基准4.7%，90天，1000元起投，T+1 次日赎回。理财非存款，产品有风险，投资须谨慎。
C004098,3,P017,app_push,周末09:00-12:00,专属推荐：现金管理017号（R3·现金管理），业绩比较基准4.3%，180天，1000元起投，T+1 次日赎回。理财非存款，产品有风险，投资须谨慎。
C004099,1,P017,app_push,工作日09:00-12:00,专属推荐：现金管理017号（R3·现金管理），业绩比较基准4.3%，180天，1000元起投，T+1 次日赎回。理财非存款，产品有风险，投资须谨慎。
C004099,2,P025,app_push,工作日12:00-14:00,专属推荐：定开025号（R3·定开），业绩比较基准5.2%，366天，1000元起投，T+0 随时赎回。理财非存款，产品有风险，投资须谨慎。
C004099,3,P024,app_push,工作日18:00-21:00,专属推荐：定开024号（R3·定开），业绩比较基准4.7%，90天，1000元起投，T+1 次日赎回。理财非存款，产品有风险，投资须谨慎。
C004100,1,P011,app_push,工作日09:00-12:00,专属推荐：固定期限011号（R2·固定期限），业绩比较基准3.3%，90天，10000元起投，T+0 随时赎回。理财非存款，产品有风险，投资须谨慎。
C004100,2,P013,app_push,工作日12:00-14:00,专属推荐：定开013号（R2·定开），业绩比较基准3.5%，灵活存续，10000元起投，T+0 随时赎回。理财非存款，产品有风险，投资须谨慎。
C004100,3,P030,app_push,工作日18:00-21:00,专属推荐：固定期限030号（R2·固定期限），业绩比较基准3.1%，730天，1000元起投，T+0 随时赎回。理财非存款，产品有风险，投资须谨慎。
C004101,1,P030,call,工作日09:00-12:00,您好，我是您的专属理财顾问，为您介绍：固定期限030号（R2·固定期限），业绩比较基准3.1%，730天，1000元起投，T+0 随时赎回。理财非存款，产品有风险，投资须谨慎。
C004101,2,P025,call,工作日12:00-14:00,您好，我是您的专属理财顾问，为您介绍：定开025号（R3·定开），业绩比较基准5.2%，366天，1000元起投，T+0 随时赎回。理财非存款，产品有风险，投资须谨慎。
C004101,3,P024,call,工作日18:00-21:00,您好，我是您的专属理财顾问，为您介绍：定开024号（R3·定开），业绩比较基准4.7%，90天，1000元起投，T+1 次日赎回。理财非存款，产品有风险，投资须谨慎。
C004102,1,P012,call,工作日09:00-12:00,您好，我是您的专属理财顾问，为您介绍：混合012号（R2·混合），业绩比较基准3.7%，90天，10000元起投，T+1 次日赎回。理财非存款，产品有风险，投资须谨慎。
C004102,2,P026,call,工作日12:00-14:00,您好，我是您的专属理财顾问，为您介绍：混合026号（R2·混合），业绩比较基准3.1%，180天，1000元起投，T+1 次日赎回。理财非存款，产品有风险，投资须谨慎。
C004102,3,P025,call,周末09:00-12:00,您好，我是您的专属理财顾问，为您介绍：定开025号（R3·定开），业绩比较基准5.2%，366天，1000元起投，T+0 随时赎回。理财非存款，产品有风险，投资须谨慎。
C004108,1,P025,app_push,工作日09:00-12:00,专属推荐：定开025号（R3·定开），业绩比较基准5.2%，366天，1000元起投，T+0 随时赎回。理财非存款，产品有风险，投资须谨慎。
C004108,2,P024,app_push,工作日12:00-14:00,专属推荐：定开024号（R3·定开），业绩比较基准4.7%，90天，1000元起投，T+1 次日赎回。理财非存款，产品有风险，投资须谨慎。
C004108,3,P017,app_push,工作日18:00-21:00,专属推荐：现金管理017号（R3·现金管理），业绩比较基准4.3%，180天，1000元起投，T+1 次日赎回。理财非存款，产品有风险，投资须谨慎。
C004117,1,P002,app_push,工作日09:00-12:00,专属推荐：固定期限002号（R5·固定期限），业绩比较基准11.3%，366天，1000元起投，T+0 随时赎回。理财非存款，产品有风险，投资须谨慎。
C004117,2,P023,app_push,工作日12:00-14:00,专属推荐：固定期限023号（R5·固定期限），业绩比较基准9.8%，灵活存续，1000元起投，T+1 次日赎回。理财非存款，产品有风险，投资须谨慎。
C004117,3,P004,app_push,工作日18:00-21:00,专属推荐：现金管理004号（R5·现金管理），业绩比较基准8.6%，灵活存续，1000元起投，封闭运作。理财非存款，产品有风险，投资须谨慎。
C004119,1,P030,call,工作日12:00-14:00,您好，我是您的专属理财顾问，为您介绍：固定期限030号（R2·固定期限），业绩比较基准3.1%，730天，1000元起投，T+0 随时赎回。该产品风险等级高于您的风险偏好，请谨慎选择。理财非存款，产品有风险，投资须谨慎。
C004119,2,P026,call,工作日18:00-21:00,您好，我是您的专属理财顾问，为您介绍：混合026号（R2·混合），业绩比较基准3.1%，180天，1000元起投，T+1 次日赎回。该产品风险等级高于您的风险偏好，请谨慎选择。理财非存款，产品有风险，投资须谨慎。
C004119,3,P019,call,周末14:00-18:00,您好，我是您的专属理财顾问，为您介绍：定开019号（R2·定开），业绩比较基准3.3%，灵活存续，1000元起投，T+0 随时赎回。该产品风险等级高于您的风险偏好，请谨慎选择。理财非存款，产品有风险，投资须谨慎。
C004125,1,P006,app_push,工作日09:00-12:00,专属推荐：混合006号（R3·混合），业绩比较基准5.1%，灵活存续，50000元起投，T+1 次日赎回。理财非存款，产品有风险，投资须谨慎。
C004125,2,P025,app_push,工作日18:00-21:00,专属推荐：定开025号（R3·定开），业绩比较基准5.2%，366天，1000元起投，T+0 随时赎回。理财非存款，产品有风险，投资须谨慎。
C004125,3,P001,app_push,周末09:00-12:00,专属推荐：混合001号（R3·混合），业绩比较基准5.5%，730天，50000元起投，封闭运作。理财非存款，产品有风险，投资须谨慎。
C004130,1,P012,call,工作日09:00-12:00,您好，我是您的专属理财顾问，为您介绍：混合012号（R2·混合），业绩比较基准3.7%，90天，10000元起投，T+1 次日赎回。理财非存款，产品有风险，投资须谨慎。
C004130,2,P011,call,工作日18:00-21:00,您好，我是您的专属理财顾问，为您介绍：固定期限011号（R2·固定期限），业绩比较基准3.3%，90天，10000元起投，T+0 随时赎回。理财非存款，产品有风险，投资须谨慎。
C004130,3,P026,call,周末14:00-18:00,您好，我是您的专属理财顾问，为您介绍：混合026号（R2·混合），业绩比较基准3.1%，180天，1000元起投，T+1 次日赎回。理财非存款，产品有风险，投资须谨慎。
C004133,1,P025,app_push,工作日12:00-14:00,专属推荐：定开025号（R3·定开），业绩比较基准5.2%，366天，1000元起投，T+0 随时赎回。理财非存款，产品有风险，投资须谨慎。
C004133,2,P024,app_push,周末14:00-18:00,专属推荐：定开024号（R3·定开），业绩比较基准4.7%，90天，1000元起投，T+1 次日赎回。理财非存款，产品有风险，投资须谨慎。
C004133,3,P008,app_push,工作日18:00-21:00,专属推荐：定开008号（R3·定开），业绩比较基准5.1%，366天，10000元起投，封闭运作。理财非存款，产品有风险，投资须谨慎。
C004137,1,P029,app_push,工作日12:00-14:00,专属推荐：固定期限029号（R4·固定期限），业绩比较基准7.8%，灵活存续，10000元起投，封闭运作。理财非存款，产品有风险，投资须谨慎。
C004137,2,P002,app_push,工作日18:00-21:00,专属推荐：固定期限002号（R5·固定期限），业绩比较基准11.3%，366天，1000元起投，T+0 随时赎回。该产品风险等级高于您的风险偏好，请谨慎选择。理财非存款，产品有风险，投资须谨慎。
C004137,3,P023,app_push,周末14:00-18:00,专属推荐：固定期限023号（R5·固定期限），业绩比较基准9.8%，灵活存续，1000元起投，T+1 次日赎回。该产品风险等级高于您的风险偏好，请谨慎选择。理财非存款，产品有风险，投资须谨慎。
C004140,1,P011,app_push,工作日09:00-12:00,专属推荐：固定期限011号（R2·固定期限），业绩比较基准3.3%，90天，10000元起投，T+0 随时赎回。理财非存款，产品有风险，投资须谨慎。
C004140,2,P022,app_push,工作日18:00-21:00,专属推荐：定开022号（R2·定开），业绩比较基准3.0%，730天，10000元起投，T+1 次日赎回。理财非存款，产品有风险，投资须谨慎。
C004140,3,P026,app_push,周末09:00-12:00,专属推荐：混合026号（R2·混合），业绩比较基准3.1%，180天，1000元起投，T+1 次日赎回。理财非存款，产品有风险，投资须谨慎。
C004141,1,P025,app_push,工作日09:00-12:00,专属推荐：定开025号（R3·定开），业绩比较基准5.2%，366天，1000元起投，T+0 随时赎回。理财非存款，产品有风险，投资须谨慎。
C004141,2,P008,app_push,工作日12:00-14:00,专属推荐：定开008号（R3·定开），业绩比较基准5.1%，366天，10000元起投，封闭运作。理财非存款，产品有风险，投资须谨慎。
C004141,3,P024,app_push,工作日18:00-21:00,专属推荐：定开024号（R3·定开），业绩比较基准4.7%，90天，1000元起投，T+1 次日赎回。理财非存款，产品有风险，投资须谨慎。
C004143,1,P014,call,工作日12:00-14:00,您好，我是您的专属理财顾问，为您介绍：混合014号（R1·混合），业绩比较基准2.3%，90天，10000元起投，T+1 次日赎回。理财非存款，产品有风险，投资须谨慎。
C004143,2,P010,call,工作日18:00-21:00,您好，我是您的专属理财顾问，为您介绍：现金管理010号（R1·现金管理），业绩比较基准2.8%，366天，50000元起投，T+0 随时赎回。理财非存款，产品有风险，投资须谨慎。
C004143,3,P012,call,周末14:00-18:00,您好，我是您的专属理财顾问，为您介绍：混合012号（R2·混合），业绩比较基准3.7%，90天，10000元起投，T+1 次日赎回。该产品风险等级高于您的风险偏好，请谨慎选择。理财非存款，产品有风险，投资须谨慎。
C004146,1,P026,app_push,工作日18:00-21:00,专属推荐：混合026号（R2·混合），业绩比较基准3.1%，180天，1000元起投，T+1 次日赎回。理财非存款，产品有风险，投资须谨慎。
C004146,2,P030,app_push,周末09:00-12:00,专属推荐：固定期限030号（R2·固定期限），业绩比较基准3.1%，730天，1000元起投，T+0 随时赎回。理财非存款，产品有风险，投资须谨慎。
C004146,3,P019,app_push,周末14:00-18:00,专属推荐：定开019号（R2·定开），业绩比较基准3.3%，灵活存续，1000元起投，T+0 随时赎回。理财非存款，产品有风险，投资须谨慎。
C004151,1,P025,app_push,工作日12:00-14:00,专属推荐：定开025号（R3·定开），业绩比较基准5.2%，366天，1000元起投，T+0 随时赎回。理财非存款，产品有风险，投资须谨慎。
C004151,2,P024,app_push,工作日18:00-21:00,专属推荐：定开024号（R3·定开），业绩比较基准4.7%，90天，1000元起投，T+1 次日赎回。理财非存款，产品有风险，投资须谨慎。
C004151,3,P017,app_push,周末14:00-18:00,专属推荐：现金管理017号（R3·现金管理），业绩比较基准4.3%，180天，1000元起投，T+1 次日赎回。理财非存款，产品有风险，投资须谨慎。
C004154,1,P002,app_push,工作日18:00-21:00,专属推荐：固定期限002号（R5·固定期限），业绩比较基准11.3%，366天，1000元起投，T+0 随时赎回。理财非存款，产品有风险，投资须谨慎。
C004154,2,P023,app_push,周末09:00-12:00,专属推荐：固定期限023号（R5·固定期限），业绩比较基准9.8%，灵活存续，1000元起投，T+1 次日赎回。理财非存款，产品有风险，投资须谨慎。
C004154,3,P004,app_push,周末14:00-18:00,专属推荐：现金管理004号（R5·现金管理），业绩比较基准8.6%，灵活存续，1000元起投，封闭运作。理财非存款，产品有风险，投资须谨慎。
C004162,1,P017,call,工作日12:00-14:00,您好，我是您的专属理财顾问，为您介绍：现金管理017号（R3·现金管理），业绩比较基准4.3%，180天，1000元起投，T+1 次日赎回。理财非存款，产品有风险，投资须谨慎。
C004162,2,P020,call,周末14:00-18:00,您好，我是您的专属理财顾问，为您介绍：现金管理020号（R2·现金管理），业绩比较基准3.6%，366天，10000元起投，T+1 次日赎回。理财非存款，产品有风险，投资须谨慎。
C004162,3,P018,call,工作日18:00-21:00,您好，我是您的专属理财顾问，为您介绍：现金管理018号（R2·现金管理），业绩比较基准3.6%，730天，10000元起投，T+0 随时赎回。理财非存款，产品有风险，投资须谨慎。
C004165,1,P025,app_push,工作日18:00-21:00,专属推荐：定开025号（R3·定开），业绩比较基准5.2%，366天，1000元起投，T+0 随时赎回。理财非存款，产品有风险，投资须谨慎。
C004165,2,P024,app_push,周末09:00-12:00,专属推荐：定开024号（R3·定开），业绩比较基准4.7%，90天，1000元起投，T+1 次日赎回。理财非存款，产品有风险，投资须谨慎。
C004165,3,P017,app_push,周末14:00-18:00,专属推荐：现金管理017号（R3·现金管理），业绩比较基准4.3%，180天，1000元起投，T+1 次日赎回。理财非存款，产品有风险，投资须谨慎。
C004171,1,P006,call,工作日09:00-12:00,您好，我是您的专属理财顾问，为您介绍：混合006号（R3·混合），业绩比较基准5.1%，灵活存续，50000元起投，T+1 次日赎回。理财非存款，产品有风险，投资须谨慎。
C004171,2,P001,call,工作日12:00-14:00,您好，我是您的专属理财顾问，为您介绍：混合001号（R3·混合），业绩比较基准5.5%，730天，50000元起投，封闭运作。理财非存款，产品有风险，投资须谨慎。
C004171,3,P025,call,工作日18:00-21:00,您好，我是您的专属理财顾问，为您介绍：定开025号（R3·定开），业绩比较基准5.2%，366天，1000元起投，T+0 随时赎回。理财非存款，产品有风险，投资须谨慎。
C004175,1,P013,manager,工作日09:00-12:00,银卡贵宾专享：定开013号（R2·定开），业绩比较基准3.5%，灵活存续，10000元起投，T+0 随时赎回，可为您预约专属认购。理财非存款，产品有风险，投资须谨慎。
C004175,2,P026,manager,工作日12:00-14:00,银卡贵宾专享：混合026号（R2·混合），业绩比较基准3.1%，180天，1000元起投，T+1 次日赎回，可为您预约专属认购。理财非存款，产品有风险，投资须谨慎。
C004175,3,P012,manager,周末14:00-18:00,银卡贵宾专享：混合012号（R2·混合），业绩比较基准3.7%，90天，10000元起投，T+1 次日赎回，可为您预约专属认购。理财非存款，产品有风险，投资须谨慎。
C004180,1,P025,app_push,工作日09:00-12:00,专属推荐：定开025号（R3·定开），业绩比较基准5.2%，366天，1000元起投，T+0 随时赎回。理财非存款，产品有风险，投资须谨慎。
C004180,2,P024,app_push,工作日12:00-14:00,专属推荐：定开024号（R3·定开），业绩比较基准4.7%，90天，1000元起投，T+1 次日赎回。理财非存款，产品有风险，投资须谨慎。
C004180,3,P017,app_push,工作日18:00-21:00,专属推荐：现金管理017号（R3·现金管理），业绩比较基准4.3%，180天，1000元起投，T+1 次日赎回。理财非存款，产品有风险，投资须谨慎。
C004190,1,P019,app_push,工作日18:00-21:00,专属推荐：定开019号（R2·定开），业绩比较基准3.3%，灵活存续，1000元起投，T+0 随时赎回。理财非存款，产品有风险，投资须谨慎。
C004190,2,P030,app_push,周末14:00-18:00,专属推荐：固定期限030号（R2·固定期限），业绩比较基准3.1%，730天，1000元起投，T+0 随时赎回。理财非存款，产品有风险，投资须谨慎。
C004190,3,P011,app_push,周末09:00-12:00,专属推荐：固定期限011号（R2·固定期限），业绩比较基准3.3%，90天，10000元起投，T+0 随时赎回。理财非存款，产品有风险，投资须谨慎。
C004192,1,P029,app_push,工作日18:00-21:00,专属推荐：固定期限029号（R4·固定期限），业绩比较基准7.8%，灵活存续，10000元起投，封闭运作。理财非存款，产品有风险，投资须谨慎。
C004192,2,P002,app_push,周末09:00-12:00,专属推荐：固定期限002号（R5·固定期限），业绩比较基准11.3%，366天，1000元起投，T+0 随时赎回。该产品风险等级高于您的风险偏好，请谨慎选择。理财非存款，产品有风险，投资须谨慎。
C004192,3,P023,app_push,周末14:00-18:00,专属推荐：固定期限023号（R5·固定期限），业绩比较基准9.8%，灵活存续，1000元起投，T+1 次日赎回。该产品风险等级高于您的风险偏好，请谨慎选择。理财非存款，产品有风险，投资须谨慎。
C004195,1,P004,call,工作日18:00-21:00,您好，我是您的专属理财顾问，为您介绍：现金管理004号（R5·现金管理），业绩比较基准8.6%，灵活存续，1000元起投，封闭运作。该产品风险等级高于您的风险偏好，请谨慎选择。理财非存款，产品有风险，投资须谨慎。
C004195,2,P017,call,周末09:00-12:00,您好，我是您的专属理财顾问，为您介绍：现金管理017号（R3·现金管理），业绩比较基准4.3%，180天，1000元起投，T+1 次日赎回。理财非存款，产品有风险，投资须谨慎。
C004195,3,P002,call,周末14:00-18:00,您好，我是您的专属理财顾问，为您介绍：固定期限002号（R5·固定期限），业绩比较基准11.3%，366天，1000元起投，T+0 随时赎回。该产品风险等级高于您的风险偏好，请谨慎选择。理财非存款，产品有风险，投资须谨慎。
C004196,1,P024,app_push,工作日09:00-12:00,专属推荐：定开024号（R3·定开），业绩比较基准4.7%，90天，1000元起投，T+1 次日赎回。理财非存款，产品有风险，投资须谨慎。
C004196,2,P025,app_push,工作日12:00-14:00,专属推荐：定开025号（R3·定开），业绩比较基准5.2%，366天，1000元起投，T+0 随时赎回。理财非存款，产品有风险，投资须谨慎。
C004196,3,P019,app_push,工作日18:00-21:00,专属推荐：定开019号（R2·定开），业绩比较基准3.3%，灵活存续，1000元起投，T+0 随时赎回。理财非存款，产品有风险，投资须谨慎。
C004202,1,P017,app_push,工作日09:00-12:00,专属推荐：现金管理017号（R3·现金管理），业绩比较基准4.3%，180天，1000元起投，T+1 次日赎回。理财非存款，产品有风险，投资须谨慎。
C004202,2,P027,app_push,工作日12:00-14:00,专属推荐：现金管理027号（R4·现金管理），业绩比较基准7.7%，366天，100000元起投，T+1 次日赎回。该产品风险等级高于您的风险偏好，请谨慎选择。理财非存款，产品有风险，投资须谨慎。
C004202,3,P011,app_push,周末14:00-18:00,专属推荐：固定期限011号（R2·固定期限），业绩比较基准3.3%，90天，10000元起投，T+0 随时赎回。理财非存款，产品有风险，投资须谨慎。
C004204,1,P025,app_push,工作日09:00-12:00,专属推荐：定开025号（R3·定开），业绩比较基准5.2%，366天，1000元起投，T+0 随时赎回。理财非存款，产品有风险，投资须谨慎。
C004204,2,P006,app_push,工作日12:00-14:00,专属推荐：混合006号（R3·混合），业绩比较基准5.1%，灵活存续，50000元起投，T+1 次日赎回。理财非存款，产品有风险，投资须谨慎。
C004204,3,P001,app_push,工作日18:00-21:00,专属推荐：混合001号（R3·混合），业绩比较基准5.5%，730天，50000元起投，封闭运作。理财非存款，产品有风险，投资须谨慎。
C004207,1,P012,app_push,工作日09:00-12:00,专属推荐：混合012号（R2·混合），业绩比较基准3.7%，90天，10000元起投，T+1 次日赎回。理财非存款，产品有风险，投资须谨慎。
C004207,2,P013,app_push,工作日12:00-14:00,专属推荐：定开013号（R2·定开），业绩比较基准3.5%，灵活存续，10000元起投，T+0 随时赎回。理财非存款，产品有风险，投资须谨慎。
C004207,3,P026,app_push,周末09:00-12:00,专属推荐：混合026号（R2·混合），业绩比较基准3.1%，180天，1000元起投，T+1 次日赎回。理财非存款，产品有风险，投资须谨慎。
C004214,1,P019,call,工作日18:00-21:00,您好，我是您的专属理财顾问，为您介绍：定开019号（R2·定开），业绩比较基准3.3%，灵活存续，1000元起投，T+0 随时赎回。该产品风险等级高于您的风险偏好，请谨慎选择。理财非存款，产品有风险，投资须谨慎。
C004214,2,P014,call,周末14:00-18:00,您好，我是您的专属理财顾问，为您介绍：混合014号（R1·混合），业绩比较基准2.3%，90天，10000元起投，T+1 次日赎回。理财非存款，产品有风险，投资须谨慎。
C004214,3,P011,call,周末09:00-12:00,您好，我是您的专属理财顾问，为您介绍：固定期限011号（R2·固定期限），业绩比较基准3.3%，90天，10000元起投，T+0 随时赎回。该产品风险等级高于您的风险偏好，请谨慎选择。理财非存款，产品有风险，投资须谨慎。
C004217,1,P014,app_push,工作日18:00-21:00,专属推荐：混合014号（R1·混合），业绩比较基准2.3%，90天，10000元起投，T+1 次日赎回。理财非存款，产品有风险，投资须谨慎。
C004217,2,P012,app_push,周末14:00-18:00,专属推荐：混合012号（R2·混合），业绩比较基准3.7%，90天，10000元起投，T+1 次日赎回。该产品风险等级高于您的风险偏好，请谨慎选择。理财非存款，产品有风险，投资须谨慎。
C004217,3,P013,app_push,周末09:00-12:00,专属推荐：定开013号（R2·定开），业绩比较基准3.5%，灵活存续，10000元起投，T+0 随时赎回。该产品风险等级高于您的风险偏好，请谨慎选择。理财非存款，产品有风险，投资须谨慎。
C004218,1,P029,call,工作日12:00-14:00,您好，我是您的专属理财顾问，为您介绍：固定期限029号（R4·固定期限），业绩比较基准7.8%，灵活存续，10000元起投，封闭运作。理财非存款，产品有风险，投资须谨慎。
C004218,2,P002,call,工作日18:00-21:00,您好，我是您的专属理财顾问，为您介绍：固定期限002号（R5·固定期限），业绩比较基准11.3%，366天，1000元起投，T+0 随时赎回。该产品风险等级高于您的风险偏好，请谨慎选择。理财非存款，产品有风险，投资须谨慎。
C004218,3,P023,call,周末14:00-18:00,您好，我是您的专属理财顾问，为您介绍：固定期限023号（R5·固定期限），业绩比较基准9.8%，灵活存续，1000元起投，T+1 次日赎回。该产品风险等级高于您的风险偏好，请谨慎选择。理财非存款，产品有风险，投资须谨慎。
C004220,1,P025,app_push,工作日09:00-12:00,专属推荐：定开025号（R3·定开），业绩比较基准5.2%，366天，1000元起投，T+0 随时赎回。理财非存款，产品有风险，投资须谨慎。
C004220,2,P024,app_push,工作日12:00-14:00,专属推荐：定开024号（R3·定开），业绩比较基准4.7%，90天，1000元起投，T+1 次日赎回。理财非存款，产品有风险，投资须谨慎。
C004220,3,P008,app_push,周末09:00-12:00,专属推荐：定开008号（R3·定开），业绩比较基准5.1%，366天，10000元起投，封闭运作。理财非存款，产品有风险，投资须谨慎。
C004222,1,P025,app_push,工作日18:00-21:00,专属推荐：定开025号（R3·定开），业绩比较基准5.2%，366天，1000元起投，T+0 随时赎回。理财非存款，产品有风险，投资须谨慎。
C004222,2,P008,app_push,周末09:00-12:00,专属推荐：定开008号（R3·定开），业绩比较基准5.1%，366天，10000元起投，封闭运作。理财非存款，产品有风险，投资须谨慎。
C004222,3,P024,app_push,周末14:00-18:00,专属推荐：定开024号（R3·定开），业绩比较基准4.7%，90天，1000元起投，T+1 次日赎回。理财非存款，产品有风险，投资须谨慎。
C004226,1,P024,app_push,工作日09:00-12:00,专属推荐：定开024号（R3·定开），业绩比较基准4.7%，90天，1000元起投，T+1 次日赎回。理财非存款，产品有风险，投资须谨慎。
C004226,2,P025,app_push,工作日12:00-14:00,专属推荐：定开025号（R3·定开），业绩比较基准5.2%，366天，1000元起投，T+0 随时赎回。理财非存款，产品有风险，投资须谨慎。
C004226,3,P017,app_push,工作日18:00-21:00,专属推荐：现金管理017号（R3·现金管理），业绩比较基准4.3%，180天，1000元起投，T+1 次日赎回。理财非存款，产品有风险，投资须谨慎。
C004232,1,P027,app_push,工作日12:00-14:00,专属推荐：现金管理027号（R4·现金管理），业绩比较基准7.7%，366天，100000元起投，T+1 次日赎回。理财非存款，产品有风险，投资须谨慎。
C004232,2,P004,app_push,周末14:00-18:00,专属推荐：现金管理004号（R5·现金管理），业绩比较基准8.6%，灵活存续，1000元起投，封闭运作。该产品风险等级高于您的风险偏好，请谨慎选择。理财非存款，产品有风险，投资须谨慎。
C004232,3,P005,app_push,工作日18:00-21:00,专属推荐：现金管理005号（R5·现金管理），业绩比较基准11.0%，灵活存续，100000元起投，T+0 随时赎回。该产品风险等级高于您的风险偏好，请谨慎选择。理财非存款，产品有风险，投资须谨慎。
C004233,1,P026,app_push,工作日18:00-21:00,专属推荐：混合026号（R2·混合），业绩比较基准3.1%，180天，1000元起投，T+1 次日赎回。理财非存款，产品有风险，投资须谨慎。
C004233,2,P019,app_push,周末14:00-18:00,专属推荐：定开019号（R2·定开），业绩比较基准3.3%，灵活存续，1000元起投，T+0 随时赎回。理财非存款，产品有风险，投资须谨慎。
C004233,3,P030,app_push,周末09:00-12:00,专属推荐：固定期限030号（R2·固定期限），业绩比较基准3.1%，730天，1000元起投，T+0 随时赎回。理财非存款，产品有风险，投资须谨慎。
C004234,1,P024,app_push,工作日12:00-14:00,专属推荐：定开024号（R3·定开），业绩比较基准4.7%，90天，1000元起投，T+1 次日赎回。理财非存款，产品有风险，投资须谨慎。
C004234,2,P025,app_push,周末14:00-18:00,专属推荐：定开025号（R3·定开），业绩比较基准5.2%，366天，1000元起投，T+0 随时赎回。理财非存款，产品有风险，投资须谨慎。
C004234,3,P002,app_push,工作日18:00-21:00,专属推荐：固定期限002号（R5·固定期限），业绩比较基准11.3%，366天，1000元起投，T+0 随时赎回。该产品风险等级高于您的风险偏好，请谨慎选择。理财非存款，产品有风险，投资须谨慎。
C004235,1,P029,manager,工作日18:00-21:00,金卡贵宾专享：固定期限029号（R4·固定期限），业绩比较基准7.8%，灵活存续，10000元起投，封闭运作，可为您预约专属认购。理财非存款，产品有风险，投资须谨慎。
C004235,2,P015,manager,周末14:00-18:00,金卡贵宾专享：固定期限015号（R4·固定期限），业绩比较基准6.7%，366天，50000元起投，封闭运作，可为您预约专属认购。理财非存款，产品有风险，投资须谨慎。
C004235,3,P002,manager,周末09:00-12:00,金卡贵宾专享：固定期限002号（R5·固定期限），业绩比较基准11.3%，366天，1000元起投，T+0 随时赎回，可为您预约专属认购。该产品风险等级高于您的风险偏好，请谨慎选择。理财非存款，产品有风险，投资须谨慎。
C004239,1,P025,app_push,工作日12:00-14:00,专属推荐：定开025号（R3·定开），业绩比较基准5.2%，366天，1000元起投，T+0 随时赎回。理财非存款，产品有风险，投资须谨慎。
C004239,2,P006,app_push,工作日18:00-21:00,专属推荐：混合006号（R3·混合），业绩比较基准5.1%，灵活存续，50000元起投，T+1 次日赎回。理财非存款，产品有风险，投资须谨慎。
C004239,3,P001,app_push,周末14:00-18:00,专属推荐：混合001号（R3·混合），业绩比较基准5.5%，730天，50000元起投，封闭运作。理财非存款，产品有风险，投资须谨慎。
C004241,1,P008,app_push,工作日09:00-12:00,专属推荐：定开008号（R3·定开），业绩比较基准5.1%，366天，10000元起投，封闭运作。理财非存款，产品有风险，投资须谨慎。
C004241,2,P024,app_push,工作日12:00-14:00,专属推荐：定开024号（R3·定开），业绩比较基准4.7%，90天，1000元起投，T+1 次日赎回。理财非存款，产品有风险，投资须谨慎。
C004241,3,P025,app_push,周末14:00-18:00,专属推荐：定开025号（R3·定开），业绩比较基准5.2%，366天，1000元起投，T+0 随时赎回。理财非存款，产品有风险，投资须谨慎。
C004243,1,P014,app_push,工作日12:00-14:00,专属推荐：混合014号（R1·混合），业绩比较基准2.3%，90天，10000元起投，T+1 次日赎回。理财非存款，产品有风险，投资须谨慎。
C004243,2,P011,app_push,周末14:00-18:00,专属推荐：固定期限011号（R2·固定期限），业绩比较基准3.3%，90天，10000元起投，T+0 随时赎回。该产品风险等级高于您的风险偏好，请谨慎选择。理财非存款，产品有风险，投资须谨慎。
C004243,3,P012,app_push,工作日18:00-21:00,专属推荐：混合012号（R2·混合），业绩比较基准3.7%，90天，10000元起投，T+1 次日赎回。该产品风险等级高于您的风险偏好，请谨慎选择。理财非存款，产品有风险，投资须谨慎。
C004244,1,P006,app_push,工作日09:00-12:00,专属推荐：混合006号（R3·混合），业绩比较基准5.1%，灵活存续，50000元起投，T+1 次日赎回。理财非存款，产品有风险，投资须谨慎。
C004244,2,P025,app_push,工作日12:00-14:00,专属推荐：定开025号（R3·定开），业绩比较基准5.2%，366天，1000元起投，T+0 随时赎回。理财非存款，产品有风险，投资须谨慎。
C004244,3,P001,app_push,周末09:00-12:00,专属推荐：混合001号（R3·混合），业绩比较基准5.5%，730天，50000元起投，封闭运作。理财非存款，产品有风险，投资须谨慎。
C004246,1,P025,app_push,工作日18:00-21:00,专属推荐：定开025号（R3·定开），业绩比较基准5.2%，366天，1000元起投，T+0 随时赎回。理财非存款，产品有风险，投资须谨慎。
C004246,2,P008,app_push,周末09:00-12:00,专属推荐：定开008号（R3·定开），业绩比较基准5.1%，366天，10000元起投，封闭运作。理财非存款，产品有风险，投资须谨慎。
C004246,3,P024,app_push,周末14:00-18:00,专属推荐：定开024号（R3·定开），业绩比较基准4.7%，90天，1000元起投，T+1 次日赎回。理财非存款，产品有风险，投资须谨慎。
C004251,1,P017,call,工作日09:00-12:00,您好，我是您的专属理财顾问，为您介绍：现金管理017号（R3·现金管理），业绩比较基准4.3%，180天，1000元起投，T+1 次日赎回。理财非存款，产品有风险，投资须谨慎。
C004251,2,P025,call,工作日12:00-14:00,您好，我是您的专属理财顾问，为您介绍：定开025号（R3·定开），业绩比较基准5.2%，366天，1000元起投，T+0 随时赎回。理财非存款，产品有风险，投资须谨慎。
C004251,3,P024,call,工作日18:00-21:00,您好，我是您的专属理财顾问，为您介绍：定开024号（R3·定开），业绩比较基准4.7%，90天，1000元起投，T+1 次日赎回。理财非存款，产品有风险，投资须谨慎。
C004253,1,P019,app_push,工作日09:00-12:00,专属推荐：定开019号（R2·定开），业绩比较基准3.3%，灵活存续，1000元起投，T+0 随时赎回。该产品风险等级高于您的风险偏好，请谨慎选择。理财非存款，产品有风险，投资须谨慎。
C004253,2,P014,app_push,工作日12:00-14:00,专属推荐：混合014号（R1·混合），业绩比较基准2.3%，90天，10000元起投，T+1 次日赎回。理财非存款，产品有风险，投资须谨慎。
C004253,3,P013,app_push,周末09:00-12:00,专属推荐：定开013号（R2·定开），业绩比较基准3.5%，灵活存续，10000元起投，T+0 随时赎回。该产品风险等级高于您的风险偏好，请谨慎选择。理财非存款，产品有风险，投资须谨慎。
C004255,1,P004,call,工作日09:00-12:00,您好，我是您的专属理财顾问，为您介绍：现金管理004号（R5·现金管理），业绩比较基准8.6%，灵活存续，1000元起投，封闭运作。该产品风险等级高于您的风险偏好，请谨慎选择。理财非存款，产品有风险，投资须谨慎。
C004255,2,P017,call,工作日18:00-21:00,您好，我是您的专属理财顾问，为您介绍：现金管理017号（R3·现金管理），业绩比较基准4.3%，180天，1000元起投，T+1 次日赎回。理财非存款，产品有风险，投资须谨慎。
C004255,3,P029,call,周末14:00-18:00,您好，我是您的专属理财顾问，为您介绍：固定期限029号（R4·固定期限），业绩比较基准7.8%，灵活存续，10000元起投，封闭运作。理财非存款，产品有风险，投资须谨慎。
C004257,1,P012,app_push,工作日09:00-12:00,专属推荐：混合012号（R2·混合），业绩比较基准3.7%，90天，10000元起投，T+1 次日赎回。理财非存款，产品有风险，投资须谨慎。
C004257,2,P011,app_push,工作日12:00-14:00,专属推荐：固定期限011号（R2·固定期限），业绩比较基准3.3%，90天，10000元起投，T+0 随时赎回。理财非存款，产品有风险，投资须谨慎。
C004257,3,P013,app_push,工作日18:00-21:00,专属推荐：定开013号（R2·定开），业绩比较基准3.5%，灵活存续，10000元起投，T+0 随时赎回。理财非存款，产品有风险，投资须谨慎。
C004262,1,P014,app_push,工作日09:00-12:00,专属推荐：混合014号（R1·混合），业绩比较基准2.3%，90天，10000元起投，T+1 次日赎回。理财非存款，产品有风险，投资须谨慎。
C004262,2,P012,app_push,工作日18:00-21:00,专属推荐：混合012号（R2·混合），业绩比较基准3.7%，90天，10000元起投，T+1 次日赎回。该产品风险等级高于您的风险偏好，请谨慎选择。理财非存款，产品有风险，投资须谨慎。
C004262,3,P013,app_push,周末09:00-12:00,专属推荐：定开013号（R2·定开），业绩比较基准3.5%，灵活存续，10000元起投，T+0 随时赎回。该产品风险等级高于您的风险偏好，请谨慎选择。理财非存款，产品有风险，投资须谨慎。
C004266,1,P002,app_push,工作日18:00-21:00,专属推荐：固定期限002号（R5·固定期限），业绩比较基准11.3%，366天，1000元起投，T+0 随时赎回。理财非存款，产品有风险，投资须谨慎。
C004266,2,P023,app_push,周末09:00-12:00,专属推荐：固定期限023号（R5·固定期限），业绩比较基准9.8%，灵活存续，1000元起投，T+1 次日赎回。理财非存款，产品有风险，投资须谨慎。
C004266,3,P004,app_push,周末14:00-18:00,专属推荐：现金管理004号（R5·现金管理），业绩比较基准8.6%，灵活存续，1000元起投，封闭运作。理财非存款，产品有风险，投资须谨慎。
C004273,1,P024,app_push,工作日09:00-12:00,专属推荐：定开024号（R3·定开），业绩比较基准4.7%，90天，1000元起投，T+1 次日赎回。理财非存款，产品有风险，投资须谨慎。
C004273,2,P025,app_push,工作日12:00-14:00,专属推荐：定开025号（R3·定开），业绩比较基准5.2%，366天，1000元起投，T+0 随时赎回。理财非存款，产品有风险，投资须谨慎。
C004273,3,P017,app_push,工作日18:00-21:00,专属推荐：现金管理017号（R3·现金管理），业绩比较基准4.3%，180天，1000元起投，T+1 次日赎回。理财非存款，产品有风险，投资须谨慎。
C004274,1,P014,app_push,工作日09:00-12:00,专属推荐：混合014号（R1·混合），业绩比较基准2.3%，90天，10000元起投，T+1 次日赎回。理财非存款，产品有风险，投资须谨慎。
C004274,2,P026,app_push,工作日12:00-14:00,专属推荐：混合026号（R2·混合），业绩比较基准3.1%，180天，1000元起投，T+1 次日赎回。该产品风险等级高于您的风险偏好，请谨慎选择。理财非存款，产品有风险，投资须谨慎。
C004274,3,P019,app_push,周末14:00-18:00,专属推荐：定开019号（R2·定开），业绩比较基准3.3%，灵活存续，1000元起投，T+0 随时赎回。该产品风险等级高于您的风险偏好，请谨慎选择。理财非存款，产品有风险，投资须谨慎。
C004279,1,P012,call,工作日18:00-21:00,您好，我是您的专属理财顾问，为您介绍：混合012号（R2·混合），业绩比较基准3.7%，90天，10000元起投，T+1 次日赎回。理财非存款，产品有风险，投资须谨慎。
C004279,2,P013,call,周末09:00-12:00,您好，我是您的专属理财顾问，为您介绍：定开013号（R2·定开），业绩比较基准3.5%，灵活存续，10000元起投，T+0 随时赎回。理财非存款，产品有风险，投资须谨慎。
C004279,3,P026,call,周末14:00-18:00,您好，我是您的专属理财顾问，为您介绍：混合026号（R2·混合），业绩比较基准3.1%，180天，1000元起投，T+1 次日赎回。理财非存款，产品有风险，投资须谨慎。
C004295,1,P025,app_push,工作日09:00-12:00,专属推荐：定开025号（R3·定开），业绩比较基准5.2%，366天，1000元起投，T+0 随时赎回。理财非存款，产品有风险，投资须谨慎。
C004295,2,P008,app_push,工作日18:00-21:00,专属推荐：定开008号（R3·定开），业绩比较基准5.1%，366天，10000元起投，封闭运作。理财非存款，产品有风险，投资须谨慎。
C004295,3,P024,app_push,周末09:00-12:00,专属推荐：定开024号（R3·定开），业绩比较基准4.7%，90天，1000元起投，T+1 次日赎回。理财非存款，产品有风险，投资须谨慎。
C004300,1,P002,call,工作日18:00-21:00,您好，我是您的专属理财顾问，为您介绍：固定期限002号（R5·固定期限），业绩比较基准11.3%，366天，1000元起投，T+0 随时赎回。理财非存款，产品有风险，投资须谨慎。
C004300,2,P023,call,周末09:00-12:00,您好，我是您的专属理财顾问，为您介绍：固定期限023号（R5·固定期限），业绩比较基准9.8%，灵活存续，1000元起投，T+1 次日赎回。理财非存款，产品有风险，投资须谨慎。
C004300,3,P029,call,周末14:00-18:00,您好，我是您的专属理财顾问，为您介绍：固定期限029号（R4·固定期限），业绩比较基准7.8%，灵活存续，10000元起投，封闭运作。理财非存款，产品有风险，投资须谨慎。
C004302,1,P013,app_push,工作日09:00-12:00,专属推荐：定开013号（R2·定开），业绩比较基准3.5%，灵活存续，10000元起投，T+0 随时赎回。理财非存款，产品有风险，投资须谨慎。
C004302,2,P011,app_push,工作日12:00-14:00,专属推荐：固定期限011号（R2·固定期限），业绩比较基准3.3%，90天，10000元起投，T+0 随时赎回。理财非存款，产品有风险，投资须谨慎。
C004302,3,P022,app_push,周末09:00-12:00,专属推荐：定开022号（R2·定开），业绩比较基准3.0%，730天，10000元起投，T+1 次日赎回。理财非存款，产品有风险，投资须谨慎。
C004303,1,P009,call,工作日09:00-12:00,您好，我是您的专属理财顾问，为您介绍：现金管理009号（R2·现金管理），业绩比较基准4.0%，730天，50000元起投，T+0 随时赎回。理财非存款，产品有风险，投资须谨慎。
C004303,2,P017,call,工作日12:00-14:00,您好，我是您的专属理财顾问，为您介绍：现金管理017号（R3·现金管理），业绩比较基准4.3%，180天，1000元起投，T+1 次日赎回。理财非存款，产品有风险，投资须谨慎。
C004303,3,P006,call,周末14:00-18:00,您好，我是您的专属理财顾问，为您介绍：混合006号（R3·混合），业绩比较基准5.1%，灵活存续，50000元起投，T+1 次日赎回。理财非存款，产品有风险，投资须谨慎。
C004307,1,P012,app_push,工作日12:00-14:00,专属推荐：混合012号（R2·混合），业绩比较基准3.7%，90天，10000元起投，T+1 次日赎回。理财非存款，产品有风险，投资须谨慎。
C004307,2,P026,app_push,工作日18:00-21:00,专属推荐：混合026号（R2·混合），业绩比较基准3.1%，180天，1000元起投，T+1 次日赎回。理财非存款，产品有风险，投资须谨慎。
C004307,3,P025,app_push,周末14:00-18:00,专属推荐：定开025号（R3·定开），业绩比较基准5.2%，366天，1000元起投，T+0 随时赎回。理财非存款，产品有风险，投资须谨慎。
C004309,1,P025,call,工作日09:00-12:00,您好，我是您的专属理财顾问，为您介绍：定开025号（R3·定开），业绩比较基准5.2%，366天，1000元起投，T+0 随时赎回。理财非存款，产品有风险，投资须谨慎。
C004309,2,P024,call,工作日12:00-14:00,您好，我是您的专属理财顾问，为您介绍：定开024号（R3·定开），业绩比较基准4.7%，90天，1000元起投，T+1 次日赎回。理财非存款，产品有风险，投资须谨慎。
C004309,3,P008,call,周末14:00-18:00,您好，我是您的专属理财顾问，为您介绍：定开008号（R3·定开），业绩比较基准5.1%，366天，10000元起投，封闭运作。理财非存款，产品有风险，投资须谨慎。
C004316,1,P025,app_push,工作日12:00-14:00,专属推荐：定开025号（R3·定开），业绩比较基准5.2%，366天，1000元起投，T+0 随时赎回。理财非存款，产品有风险，投资须谨慎。
C004316,2,P008,app_push,周末14:00-18:00,专属推荐：定开008号（R3·定开），业绩比较基准5.1%，366天，10000元起投，封闭运作。理财非存款，产品有风险，投资须谨慎。
C004316,3,P024,app_push,工作日18:00-21:00,专属推荐：定开024号（R3·定开），业绩比较基准4.7%，90天，1000元起投，T+1 次日赎回。理财非存款，产品有风险，投资须谨慎。
C004320,1,P014,app_push,工作日09:00-12:00,专属推荐：混合014号（R1·混合），业绩比较基准2.3%，90天，10000元起投，T+1 次日赎回。理财非存款，产品有风险，投资须谨慎。
C004320,2,P012,app_push,工作日12:00-14:00,专属推荐：混合012号（R2·混合），业绩比较基准3.7%，90天，10000元起投，T+1 次日赎回。该产品风险等级高于您的风险偏好，请谨慎选择。理财非存款，产品有风险，投资须谨慎。
C004320,3,P010,app_push,工作日18:00-21:00,专属推荐：现金管理010号（R1·现金管理），业绩比较基准2.8%，366天，50000元起投，T+0 随时赎回。理财非存款，产品有风险，投资须谨慎。
C004321,1,P023,call,工作日09:00-12:00,您好，我是您的专属理财顾问，为您介绍：固定期限023号（R5·固定期限），业绩比较基准9.8%，灵活存续，1000元起投，T+1 次日赎回。该产品风险等级高于您的风险偏好，请谨慎选择。理财非存款，产品有风险，投资须谨慎。
C004321,2,P029,call,工作日12:00-14:00,您好，我是您的专属理财顾问，为您介绍：固定期限029号（R4·固定期限），业绩比较基准7.8%，灵活存续，10000元起投，封闭运作。理财非存款，产品有风险，投资须谨慎。
C004321,3,P002,call,工作日18:00-21:00,您好，我是您的专属理财顾问，为您介绍：固定期限002号（R5·固定期限），业绩比较基准11.3%，366天，1000元起投，T+0 随时赎回。该产品风险等级高于您的风险偏好，请谨慎选择。理财非存款，产品有风险，投资须谨慎。
C004335,1,P024,call,工作日09:00-12:00,您好，我是您的专属理财顾问，为您介绍：定开024号（R3·定开），业绩比较基准4.7%，90天，1000元起投，T+1 次日赎回。理财非存款，产品有风险，投资须谨慎。
C004335,2,P025,call,工作日12:00-14:00,您好，我是您的专属理财顾问，为您介绍：定开025号（R3·定开），业绩比较基准5.2%，366天，1000元起投，T+0 随时赎回。理财非存款，产品有风险，投资须谨慎。
C004335,3,P017,call,工作日18:00-21:00,您好，我是您的专属理财顾问，为您介绍：现金管理017号（R3·现金管理），业绩比较基准4.3%，180天，1000元起投，T+1 次日赎回。理财非存款，产品有风险，投资须谨慎。
C004338,1,P025,call,工作日09:00-12:00,您好，我是您的专属理财顾问，为您介绍：定开025号（R3·定开），业绩比较基准5.2%，366天，1000元起投，T+0 随时赎回。理财非存款，产品有风险，投资须谨慎。
C004338,2,P024,call,工作日12:00-14:00,您好，我是您的专属理财顾问，为您介绍：定开024号（R3·定开），业绩比较基准4.7%，90天，1000元起投，T+1 次日赎回。理财非存款，产品有风险，投资须谨慎。
C004338,3,P017,call,周末09:00-12:00,您好，我是您的专属理财顾问，为您介绍：现金管理017号（R3·现金管理），业绩比较基准4.3%，180天，1000元起投，T+1 次日赎回。理财非存款，产品有风险，投资须谨慎。
C004341,1,P018,app_push,工作日18:00-21:00,专属推荐：现金管理018号（R2·现金管理），业绩比较基准3.6%，730天，10000元起投，T+0 随时赎回。理财非存款，产品有风险，投资须谨慎。
C004341,2,P017,app_push,周末09:00-12:00,专属推荐：现金管理017号（R3·现金管理），业绩比较基准4.3%，180天，1000元起投，T+1 次日赎回。理财非存款，产品有风险，投资须谨慎。
C004341,3,P020,app_push,周末14:00-18:00,专属推荐：现金管理020号（R2·现金管理），业绩比较基准3.6%，366天，10000元起投，T+1 次日赎回。理财非存款，产品有风险，投资须谨慎。
C004342,1,P012,manager,工作日18:00-21:00,金卡贵宾专享：混合012号（R2·混合），业绩比较基准3.7%，90天，10000元起投，T+1 次日赎回，可为您预约专属认购。理财非存款，产品有风险，投资须谨慎。
C004342,2,P026,manager,周末14:00-18:00,金卡贵宾专享：混合026号（R2·混合），业绩比较基准3.1%，180天，1000元起投，T+1 次日赎回，可为您预约专属认购。理财非存款，产品有风险，投资须谨慎。
C004342,3,P013,manager,周末09:00-12:00,金卡贵宾专享：定开013号（R2·定开），业绩比较基准3.5%，灵活存续，10000元起投，T+0 随时赎回，可为您预约专属认购。理财非存款，产品有风险，投资须谨慎。
C004348,1,P002,app_push,工作日09:00-12:00,专属推荐：固定期限002号（R5·固定期限），业绩比较基准11.3%，366天，1000元起投，T+0 随时赎回。理财非存款，产品有风险，投资须谨慎。
C004348,2,P023,app_push,工作日12:00-14:00,专属推荐：固定期限023号（R5·固定期限），业绩比较基准9.8%，灵活存续，1000元起投，T+1 次日赎回。理财非存款，产品有风险，投资须谨慎。
C004348,3,P004,app_push,工作日18:00-21:00,专属推荐：现金管理004号（R5·现金管理），业绩比较基准8.6%，灵活存续，1000元起投，封闭运作。理财非存款，产品有风险，投资须谨慎。
C004350,1,P014,call,工作日09:00-12:00,您好，我是您的专属理财顾问，为您介绍：混合014号（R1·混合），业绩比较基准2.3%，90天，10000元起投，T+1 次日赎回。理财非存款，产品有风险，投资须谨慎。
C004350,2,P012,call,工作日12:00-14:00,您好，我是您的专属理财顾问，为您介绍：混合012号（R2·混合），业绩比较基准3.7%，90天，10000元起投，T+1 次日赎回。该产品风险等级高于您的风险偏好，请谨慎选择。理财非存款，产品有风险，投资须谨慎。
C004350,3,P013,call,周末14:00-18:00,您好，我是您的专属理财顾问，为您介绍：定开013号（R2·定开），业绩比较基准3.5%，灵活存续，10000元起投，T+0 随时赎回。该产品风险等级高于您的风险偏好，请谨慎选择。理财非存款，产品有风险，投资须谨慎。
C004366,1,P022,app_push,工作日18:00-21:00,专属推荐：定开022号（R2·定开），业绩比较基准3.0%，730天，10000元起投，T+1 次日赎回。理财非存款，产品有风险，投资须谨慎。
C004366,2,P028,app_push,周末14:00-18:00,专属推荐：定开028号（R2·定开），业绩比较基准3.6%，366天，100000元起投，T+1 次日赎回。理财非存款，产品有风险，投资须谨慎。
C004366,3,P013,app_push,周末09:00-12:00,专属推荐：定开013号（R2·定开），业绩比较基准3.5%，灵活存续，10000元起投，T+0 随时赎回。理财非存款，产品有风险，投资须谨慎。
C004370,1,P002,app_push,工作日12:00-14:00,专属推荐：固定期限002号（R5·固定期限），业绩比较基准11.3%，366天，1000元起投，T+0 随时赎回。理财非存款，产品有风险，投资须谨慎。
C004370,2,P023,app_push,工作日18:00-21:00,专属推荐：固定期限023号（R5·固定期限），业绩比较基准9.8%，灵活存续，1000元起投，T+1 次日赎回。理财非存款，产品有风险，投资须谨慎。
C004370,3,P004,app_push,周末14:00-18:00,专属推荐：现金管理004号（R5·现金管理），业绩比较基准8.6%，灵活存续，1000元起投，封闭运作。理财非存款，产品有风险，投资须谨慎。
C004371,1,P004,app_push,工作日12:00-14:00,专属推荐：现金管理004号（R5·现金管理），业绩比较基准8.6%，灵活存续，1000元起投，封闭运作。理财非存款，产品有风险，投资须谨慎。
C004371,2,P002,app_push,周末14:00-18:00,专属推荐：固定期限002号（R5·固定期限），业绩比较基准11.3%，366天，1000元起投，T+0 随时赎回。理财非存款，产品有风险，投资须谨慎。
C004371,3,P023,app_push,工作日18:00-21:00,专属推荐：固定期限023号（R5·固定期限），业绩比较基准9.8%，灵活存续，1000元起投，T+1 次日赎回。理财非存款，产品有风险，投资须谨慎。
C004373,1,P017,app_push,工作日09:00-12:00,专属推荐：现金管理017号（R3·现金管理），业绩比较基准4.3%，180天，1000元起投，T+1 次日赎回。理财非存款，产品有风险，投资须谨慎。
C004373,2,P025,app_push,工作日12:00-14:00,专属推荐：定开025号（R3·定开），业绩比较基准5.2%，366天，1000元起投，T+0 随时赎回。理财非存款，产品有风险，投资须谨慎。
C004373,3,P024,app_push,工作日18:00-21:00,专属推荐：定开024号（R3·定开），业绩比较基准4.7%，90天，1000元起投，T+1 次日赎回。理财非存款，产品有风险，投资须谨慎。
C004375,1,P026,call,工作日18:00-21:00,您好，我是您的专属理财顾问，为您介绍：混合026号（R2·混合），业绩比较基准3.1%，180天，1000元起投，T+1 次日赎回。理财非存款，产品有风险，投资须谨慎。
C004375,2,P025,call,周末09:00-12:00,您好，我是您的专属理财顾问，为您介绍：定开025号（R3·定开），业绩比较基准5.2%，366天，1000元起投，T+0 随时赎回。理财非存款，产品有风险，投资须谨慎。
C004375,3,P024,call,周末14:00-18:00,您好，我是您的专属理财顾问，为您介绍：定开024号（R3·定开），业绩比较基准4.7%，90天，1000元起投，T+1 次日赎回。理财非存款，产品有风险，投资须谨慎。
C004380,1,P024,call,工作日18:00-21:00,您好，我是您的专属理财顾问，为您介绍：定开024号（R3·定开），业绩比较基准4.7%，90天，1000元起投，T+1 次日赎回。理财非存款，产品有风险，投资须谨慎。
C004380,2,P017,call,周末09:00-12:00,您好，我是您的专属理财顾问，为您介绍：现金管理017号（R3·现金管理），业绩比较基准4.3%，180天，1000元起投，T+1 次日赎回。理财非存款，产品有风险，投资须谨慎。
C004380,3,P025,call,周末14:00-18:00,您好，我是您的专属理财顾问，为您介绍：定开025号（R3·定开），业绩比较基准5.2%，366天，1000元起投，T+0 随时赎回。理财非存款，产品有风险，投资须谨慎。
C004382,1,P011,app_push,工作日18:00-21:00,专属推荐：固定期限011号（R2·固定期限），业绩比较基准3.3%，90天，10000元起投，T+0 随时赎回。该产品风险等级高于您的风险偏好，请谨慎选择。理财非存款，产品有风险，投资须谨慎。
C004382,2,P030,app_push,周末09:00-12:00,专属推荐：固定期限030号（R2·固定期限），业绩比较基准3.1%，730天，1000元起投，T+0 随时赎回。该产品风险等级高于您的风险偏好，请谨慎选择。理财非存款，产品有风险，投资须谨慎。
C004382,3,P014,app_push,周末14:00-18:00,专属推荐：混合014号（R1·混合），业绩比较基准2.3%，90天，10000元起投，T+1 次日赎回。理财非存款，产品有风险，投资须谨慎。
C004401,1,P029,app_push,工作日09:00-12:00,专属推荐：固定期限029号（R4·固定期限），业绩比较基准7.8%，灵活存续，10000元起投，封闭运作。理财非存款，产品有风险，投资须谨慎。
C004401,2,P002,app_push,工作日12:00-14:00,专属推荐：固定期限002号（R5·固定期限），业绩比较基准11.3%，366天，1000元起投，T+0 随时赎回。该产品风险等级高于您的风险偏好，请谨慎选择。理财非存款，产品有风险，投资须谨慎。
C004401,3,P023,app_push,工作日18:00-21:00,专属推荐：固定期限023号（R5·固定期限），业绩比较基准9.8%，灵活存续，1000元起投，T+1 次日赎回。该产品风险等级高于您的风险偏好，请谨慎选择。理财非存款，产品有风险，投资须谨慎。
C004404,1,P025,app_push,工作日12:00-14:00,专属推荐：定开025号（R3·定开），业绩比较基准5.2%，366天，1000元起投，T+0 随时赎回。理财非存款，产品有风险，投资须谨慎。
C004404,2,P024,app_push,周末14:00-18:00,专属推荐：定开024号（R3·定开），业绩比较基准4.7%，90天，1000元起投，T+1 次日赎回。理财非存款，产品有风险，投资须谨慎。
C004404,3,P008,app_push,工作日18:00-21:00,专属推荐：定开008号（R3·定开），业绩比较基准5.1%，366天，10000元起投，封闭运作。理财非存款，产品有风险，投资须谨慎。
C004405,1,P003,app_push,工作日18:00-21:00,专属推荐：固定期限003号（R3·固定期限），业绩比较基准4.5%，730天，50000元起投，封闭运作。理财非存款，产品有风险，投资须谨慎。
C004405,2,P007,app_push,周末09:00-12:00,专属推荐：定开007号（R3·定开），业绩比较基准4.6%，730天，50000元起投，封闭运作。理财非存款，产品有风险，投资须谨慎。
C004405,3,P025,app_push,周末14:00-18:00,专属推荐：定开025号（R3·定开），业绩比较基准5.2%，366天，1000元起投，T+0 随时赎回。理财非存款，产品有风险，投资须谨慎。
C004407,1,P024,call,工作日09:00-12:00,您好，我是您的专属理财顾问，为您介绍：定开024号（R3·定开），业绩比较基准4.7%，90天，1000元起投，T+1 次日赎回。理财非存款，产品有风险，投资须谨慎。
C004407,2,P025,call,工作日12:00-14:00,您好，我是您的专属理财顾问，为您介绍：定开025号（R3·定开），业绩比较基准5.2%，366天，1000元起投，T+0 随时赎回。理财非存款，产品有风险，投资须谨慎。
C004407,3,P017,call,工作日18:00-21:00,您好，我是您的专属理财顾问，为您介绍：现金管理017号（R3·现金管理），业绩比较基准4.3%，180天，1000元起投，T+1 次日赎回。理财非存款，产品有风险，投资须谨慎。
C004415,1,P019,manager,工作日09:00-12:00,金卡贵宾专享：定开019号（R2·定开），业绩比较基准3.3%，灵活存续，1000元起投，T+0 随时赎回，可为您预约专属认购。理财非存款，产品有风险，投资须谨慎。
C004415,2,P018,manager,工作日12:00-14:00,金卡贵宾专享：现金管理018号（R2·现金管理），业绩比较基准3.6%，730天，10000元起投，T+0 随时赎回，可为您预约专属认购。理财非存款，产品有风险，投资须谨慎。
C004415,3,P012,manager,周末09:00-12:00,金卡贵宾专享：混合012号（R2·混合），业绩比较基准3.7%，90天，10000元起投，T+1 次日赎回，可为您预约专属认购。理财非存款，产品有风险，投资须谨慎。
C004416,1,P025,app_push,工作日09:00-12:00,专属推荐：定开025号（R3·定开），业绩比较基准5.2%，366天，1000元起投，T+0 随时赎回。理财非存款，产品有风险，投资须谨慎。
C004416,2,P006,app_push,工作日12:00-14:00,专属推荐：混合006号（R3·混合），业绩比较基准5.1%，灵活存续，50000元起投，T+1 次日赎回。理财非存款，产品有风险，投资须谨慎。
C004416,3,P024,app_push,工作日18:00-21:00,专属推荐：定开024号（R3·定开），业绩比较基准4.7%，90天，1000元起投，T+1 次日赎回。理财非存款，产品有风险，投资须谨慎。
C004420,1,P025,call,工作日18:00-21:00,您好，我是您的专属理财顾问，为您介绍：定开025号（R3·定开），业绩比较基准5.2%，366天，1000元起投，T+0 随时赎回。理财非存款，产品有风险，投资须谨慎。
C004420,2,P024,call,周末14:00-18:00,您好，我是您的专属理财顾问，为您介绍：定开024号（R3·定开），业绩比较基准4.7%，90天，1000元起投，T+1 次日赎回。理财非存款，产品有风险，投资须谨慎。
C004420,3,P017,call,周末09:00-12:00,您好，我是您的专属理财顾问，为您介绍：现金管理017号（R3·现金管理），业绩比较基准4.3%，180天，1000元起投，T+1 次日赎回。理财非存款，产品有风险，投资须谨慎。
C004425,1,P018,app_push,工作日09:00-12:00,专属推荐：现金管理018号（R2·现金管理），业绩比较基准3.6%，730天，10000元起投，T+0 随时赎回。理财非存款，产品有风险，投资须谨慎。
C004425,2,P020,app_push,工作日12:00-14:00,专属推荐：现金管理020号（R2·现金管理），业绩比较基准3.6%，366天，10000元起投，T+1 次日赎回。理财非存款，产品有风险，投资须谨慎。
C004425,3,P017,app_push,周末09:00-12:00,专属推荐：现金管理017号（R3·现金管理），业绩比较基准4.3%，180天，1000元起投，T+1 次日赎回。该产品风险等级高于您的风险偏好，请谨慎选择。理财非存款，产品有风险，投资须谨慎。
C004428,1,P018,call,工作日12:00-14:00,您好，我是您的专属理财顾问，为您介绍：现金管理018号（R2·现金管理），业绩比较基准3.6%，730天，10000元起投，T+0 随时赎回。该产品风险等级高于您的风险偏好，请谨慎选择。理财非存款，产品有风险，投资须谨慎。
C004428,2,P010,call,工作日18:00-21:00,您好，我是您的专属理财顾问，为您介绍：现金管理010号（R1·现金管理），业绩比较基准2.8%，366天，50000元起投，T+0 随时赎回。理财非存款，产品有风险，投资须谨慎。
C004428,3,P020,call,周末14:00-18:00,您好，我是您的专属理财顾问，为您介绍：现金管理020号（R2·现金管理），业绩比较基准3.6%，366天，10000元起投，T+1 次日赎回。该产品风险等级高于您的风险偏好，请谨慎选择。理财非存款，产品有风险，投资须谨慎。
C004430,1,P025,app_push,工作日09:00-12:00,专属推荐：定开025号（R3·定开），业绩比较基准5.2%，366天，1000元起投，T+0 随时赎回。理财非存款，产品有风险，投资须谨慎。
C004430,2,P008,app_push,工作日12:00-14:00,专属推荐：定开008号（R3·定开），业绩比较基准5.1%，366天，10000元起投，封闭运作。理财非存款，产品有风险，投资须谨慎。
C004430,3,P024,app_push,工作日18:00-21:00,专属推荐：定开024号（R3·定开），业绩比较基准4.7%，90天，1000元起投，T+1 次日赎回。理财非存款，产品有风险，投资须谨慎。
C004434,1,P025,call,工作日12:00-14:00,您好，我是您的专属理财顾问，为您介绍：定开025号（R3·定开），业绩比较基准5.2%，366天，1000元起投，T+0 随时赎回。理财非存款，产品有风险，投资须谨慎。
C004434,2,P006,call,工作日18:00-21:00,您好，我是您的专属理财顾问，为您介绍：混合006号（R3·混合），业绩比较基准5.1%，灵活存续，50000元起投，T+1 次日赎回。理财非存款，产品有风险，投资须谨慎。
C004434,3,P001,call,周末14:00-18:00,您好，我是您的专属理财顾问，为您介绍：混合001号（R3·混合），业绩比较基准5.5%，730天，50000元起投，封闭运作。理财非存款，产品有风险，投资须谨慎。
C004437,1,P002,call,工作日09:00-12:00,您好，我是您的专属理财顾问，为您介绍：固定期限002号（R5·固定期限），业绩比较基准11.3%，366天，1000元起投，T+0 随时赎回。该产品风险等级高于您的风险偏好，请谨慎选择。理财非存款，产品有风险，投资须谨慎。
C004437,2,P026,call,工作日18:00-21:00,您好，我是您的专属理财顾问，为您介绍：混合026号（R2·混合），业绩比较基准3.1%，180天，1000元起投，T+1 次日赎回。理财非存款，产品有风险，投资须谨慎。
C004437,3,P023,call,周末09:00-12:00,您好，我是您的专属理财顾问，为您介绍：固定期限023号（R5·固定期限），业绩比较基准9.8%，灵活存续，1000元起投，T+1 次日赎回。该产品风险等级高于您的风险偏好，请谨慎选择。理财非存款，产品有风险，投资须谨慎。
C004454,1,P011,app_push,工作日12:00-14:00,专属推荐：固定期限011号（R2·固定期限），业绩比较基准3.3%，90天，10000元起投，T+0 随时赎回。理财非存款，产品有风险，投资须谨慎。
C004454,2,P009,app_push,工作日18:00-21:00,专属推荐：现金管理009号（R2·现金管理），业绩比较基准4.0%，730天，50000元起投，T+0 随时赎回。理财非存款，产品有风险，投资须谨慎。
C004454,3,P030,app_push,周末14:00-18:00,专属推荐：固定期限030号（R2·固定期限），业绩比较基准3.1%，730天，1000元起投，T+0 随时赎回。理财非存款，产品有风险，投资须谨慎。
C004456,1,P011,call,工作日09:00-12:00,您好，我是您的专属理财顾问，为您介绍：固定期限011号（R2·固定期限），业绩比较基准3.3%，90天，10000元起投，T+0 随时赎回。理财非存款，产品有风险，投资须谨慎。
C004456,2,P012,call,工作日12:00-14:00,您好，我是您的专属理财顾问，为您介绍：混合012号（R2·混合），业绩比较基准3.7%，90天，10000元起投，T+1 次日赎回。理财非存款，产品有风险，投资须谨慎。
C004456,3,P009,call,周末09:00-12:00,您好，我是您的专属理财顾问，为您介绍：现金管理009号（R2·现金管理），业绩比较基准4.0%，730天，50000元起投，T+0 随时赎回。理财非存款，产品有风险，投资须谨慎。
C004459,1,P003,call,工作日12:00-14:00,您好，我是您的专属理财顾问，为您介绍：固定期限003号（R3·固定期限），业绩比较基准4.5%，730天，50000元起投，封闭运作。理财非存款，产品有风险，投资须谨慎。
C004459,2,P017,call,工作日18:00-21:00,您好，我是您的专属理财顾问，为您介绍：现金管理017号（R3·现金管理），业绩比较基准4.3%，180天，1000元起投，T+1 次日赎回。理财非存款，产品有风险，投资须谨慎。
C004459,3,P006,call,周末14:00-18:00,您好，我是您的专属理财顾问，为您介绍：混合006号（R3·混合），业绩比较基准5.1%，灵活存续，50000元起投，T+1 次日赎回。理财非存款，产品有风险，投资须谨慎。
C004460,1,P012,app_push,工作日09:00-12:00,专属推荐：混合012号（R2·混合），业绩比较基准3.7%，90天，10000元起投，T+1 次日赎回。理财非存款，产品有风险，投资须谨慎。
C004460,2,P013,app_push,工作日12:00-14:00,专属推荐：定开013号（R2·定开），业绩比较基准3.5%，灵活存续，10000元起投，T+0 随时赎回。理财非存款，产品有风险，投资须谨慎。
C004460,3,P019,app_push,周末09:00-12:00,专属推荐：定开019号（R2·定开），业绩比较基准3.3%，灵活存续，1000元起投，T+0 随时赎回。理财非存款，产品有风险，投资须谨慎。
C004461,1,P025,call,工作日18:00-21:00,您好，我是您的专属理财顾问，为您介绍：定开025号（R3·定开），业绩比较基准5.2%，366天，1000元起投，T+0 随时赎回。理财非存款，产品有风险，投资须谨慎。
C004461,2,P008,call,周末09:00-12:00,您好，我是您的专属理财顾问，为您介绍：定开008号（R3·定开），业绩比较基准5.1%，366天，10000元起投，封闭运作。理财非存款，产品有风险，投资须谨慎。
C004461,3,P024,call,周末14:00-18:00,您好，我是您的专属理财顾问，为您介绍：定开024号（R3·定开），业绩比较基准4.7%，90天，1000元起投，T+1 次日赎回。理财非存款，产品有风险，投资须谨慎。
C004467,1,P030,manager,工作日09:00-12:00,金卡贵宾专享：固定期限030号（R2·固定期限），业绩比较基准3.1%，730天，1000元起投，T+0 随时赎回，可为您预约专属认购。该产品风险等级高于您的风险偏好，请谨慎选择。理财非存款，产品有风险，投资须谨慎。
C004467,2,P026,manager,工作日12:00-14:00,金卡贵宾专享：混合026号（R2·混合），业绩比较基准3.1%，180天，1000元起投，T+1 次日赎回，可为您预约专属认购。该产品风险等级高于您的风险偏好，请谨慎选择。理财非存款，产品有风险，投资须谨慎。
C004467,3,P019,manager,工作日18:00-21:00,金卡贵宾专享：定开019号（R2·定开），业绩比较基准3.3%，灵活存续，1000元起投，T+0 随时赎回，可为您预约专属认购。该产品风险等级高于您的风险偏好，请谨慎选择。理财非存款，产品有风险，投资须谨慎。
C004471,1,P002,app_push,工作日09:00-12:00,专属推荐：固定期限002号（R5·固定期限），业绩比较基准11.3%，366天，1000元起投，T+0 随时赎回。理财非存款，产品有风险，投资须谨慎。
C004471,2,P023,app_push,工作日18:00-21:00,专属推荐：固定期限023号（R5·固定期限），业绩比较基准9.8%，灵活存续，1000元起投，T+1 次日赎回。理财非存款，产品有风险，投资须谨慎。
C004471,3,P004,app_push,周末09:00-12:00,专属推荐：现金管理004号（R5·现金管理），业绩比较基准8.6%，灵活存续，1000元起投，封闭运作。理财非存款，产品有风险，投资须谨慎。
C004484,1,P029,app_push,工作日09:00-12:00,专属推荐：固定期限029号（R4·固定期限），业绩比较基准7.8%，灵活存续，10000元起投，封闭运作。理财非存款，产品有风险，投资须谨慎。
C004484,2,P006,app_push,工作日12:00-14:00,专属推荐：混合006号（R3·混合），业绩比较基准5.1%，灵活存续，50000元起投，T+1 次日赎回。理财非存款，产品有风险，投资须谨慎。
C004484,3,P002,app_push,周末09:00-12:00,专属推荐：固定期限002号（R5·固定期限），业绩比较基准11.3%，366天，1000元起投，T+0 随时赎回。该产品风险等级高于您的风险偏好，请谨慎选择。理财非存款，产品有风险，投资须谨慎。
C004487,1,P026,call,工作日09:00-12:00,您好，我是您的专属理财顾问，为您介绍：混合026号（R2·混合），业绩比较基准3.1%，180天，1000元起投，T+1 次日赎回。理财非存款，产品有风险，投资须谨慎。
C004487,2,P025,call,工作日12:00-14:00,您好，我是您的专属理财顾问，为您介绍：定开025号（R3·定开），业绩比较基准5.2%，366天，1000元起投，T+0 随时赎回。理财非存款，产品有风险，投资须谨慎。
C004487,3,P024,call,工作日18:00-21:00,您好，我是您的专属理财顾问，为您介绍：定开024号（R3·定开），业绩比较基准4.7%，90天，1000元起投，T+1 次日赎回。理财非存款，产品有风险，投资须谨慎。
C004491,1,P026,app_push,工作日09:00-12:00,专属推荐：混合026号（R2·混合），业绩比较基准3.1%，180天，1000元起投，T+1 次日赎回。该产品风险等级高于您的风险偏好，请谨慎选择。理财非存款，产品有风险，投资须谨慎。
C004491,2,P014,app_push,工作日12:00-14:00,专属推荐：混合014号（R1·混合），业绩比较基准2.3%，90天，10000元起投，T+1 次日赎回。理财非存款，产品有风险，投资须谨慎。
C004491,3,P012,app_push,周末09:00-12:00,专属推荐：混合012号（R2·混合），业绩比较基准3.7%，90天，10000元起投，T+1 次日赎回。该产品风险等级高于您的风险偏好，请谨慎选择。理财非存款，产品有风险，投资须谨慎。
C004493,1,P025,app_push,工作日09:00-12:00,专属推荐：定开025号（R3·定开），业绩比较基准5.2%，366天，1000元起投，T+0 随时赎回。理财非存款，产品有风险，投资须谨慎。
C004493,2,P024,app_push,工作日12:00-14:00,专属推荐：定开024号（R3·定开），业绩比较基准4.7%，90天，1000元起投，T+1 次日赎回。理财非存款，产品有风险，投资须谨慎。
C004493,3,P008,app_push,工作日18:00-21:00,专属推荐：定开008号（R3·定开），业绩比较基准5.1%，366天，10000元起投，封闭运作。理财非存款，产品有风险，投资须谨慎。
C004495,1,P025,call,工作日12:00-14:00,您好，我是您的专属理财顾问，为您介绍：定开025号（R3·定开），业绩比较基准5.2%，366天，1000元起投，T+0 随时赎回。理财非存款，产品有风险，投资须谨慎。
C004495,2,P024,call,工作日18:00-21:00,您好，我是您的专属理财顾问，为您介绍：定开024号（R3·定开），业绩比较基准4.7%，90天，1000元起投，T+1 次日赎回。理财非存款，产品有风险，投资须谨慎。
C004495,3,P008,call,周末14:00-18:00,您好，我是您的专属理财顾问，为您介绍：定开008号（R3·定开），业绩比较基准5.1%，366天，10000元起投，封闭运作。理财非存款，产品有风险，投资须谨慎。
C004496,1,P012,call,工作日18:00-21:00,您好，我是您的专属理财顾问，为您介绍：混合012号（R2·混合），业绩比较基准3.7%，90天，10000元起投，T+1 次日赎回。理财非存款，产品有风险，投资须谨慎。
C004496,2,P011,call,周末09:00-12:00,您好，我是您的专属理财顾问，为您介绍：固定期限011号（R2·固定期限），业绩比较基准3.3%，90天，10000元起投，T+0 随时赎回。理财非存款，产品有风险，投资须谨慎。
C004496,3,P013,call,周末14:00-18:00,您好，我是您的专属理财顾问，为您介绍：定开013号（R2·定开），业绩比较基准3.5%，灵活存续，10000元起投，T+0 随时赎回。理财非存款，产品有风险，投资须谨慎。
C004502,1,P025,call,工作日12:00-14:00,您好，我是您的专属理财顾问，为您介绍：定开025号（R3·定开），业绩比较基准5.2%，366天，1000元起投，T+0 随时赎回。理财非存款，产品有风险，投资须谨慎。
C004502,2,P024,call,工作日18:00-21:00,您好，我是您的专属理财顾问，为您介绍：定开024号（R3·定开），业绩比较基准4.7%，90天，1000元起投，T+1 次日赎回。理财非存款，产品有风险，投资须谨慎。
C004502,3,P017,call,周末14:00-18:00,您好，我是您的专属理财顾问，为您介绍：现金管理017号（R3·现金管理），业绩比较基准4.3%，180天，1000元起投，T+1 次日赎回。理财非存款，产品有风险，投资须谨慎。
C004505,1,P014,app_push,工作日12:00-14:00,专属推荐：混合014号（R1·混合），业绩比较基准2.3%，90天，10000元起投，T+1 次日赎回。理财非存款，产品有风险，投资须谨慎。
C004505,2,P019,app_push,工作日18:00-21:00,专属推荐：定开019号（R2·定开），业绩比较基准3.3%，灵活存续，1000元起投，T+0 随时赎回。该产品风险等级高于您的风险偏好，请谨慎选择。理财非存款，产品有风险，投资须谨慎。
C004505,3,P012,app_push,周末14:00-18:00,专属推荐：混合012号（R2·混合），业绩比较基准3.7%，90天，10000元起投，T+1 次日赎回。该产品风险等级高于您的风险偏好，请谨慎选择。理财非存款，产品有风险，投资须谨慎。
C004509,1,P024,manager,工作日18:00-21:00,金卡贵宾专享：定开024号（R3·定开），业绩比较基准4.7%，90天，1000元起投，T+1 次日赎回，可为您预约专属认购。理财非存款，产品有风险，投资须谨慎。
C004509,2,P025,manager,周末14:00-18:00,金卡贵宾专享：定开025号（R3·定开），业绩比较基准5.2%，366天，1000元起投，T+0 随时赎回，可为您预约专属认购。理财非存款，产品有风险，投资须谨慎。
C004509,3,P008,manager,周末09:00-12:00,金卡贵宾专享：定开008号（R3·定开），业绩比较基准5.1%，366天，10000元起投，封闭运作，可为您预约专属认购。理财非存款，产品有风险，投资须谨慎。
C004511,1,P030,app_push,工作日09:00-12:00,专属推荐：固定期限030号（R2·固定期限），业绩比较基准3.1%，730天，1000元起投，T+0 随时赎回。理财非存款，产品有风险，投资须谨慎。
C004511,2,P019,app_push,工作日12:00-14:00,专属推荐：定开019号（R2·定开），业绩比较基准3.3%，灵活存续，1000元起投，T+0 随时赎回。理财非存款，产品有风险，投资须谨慎。
C004511,3,P026,app_push,工作日18:00-21:00,专属推荐：混合026号（R2·混合），业绩比较基准3.1%，180天，1000元起投，T+1 次日赎回。理财非存款，产品有风险，投资须谨慎。
C004515,1,P029,app_push,工作日12:00-14:00,专属推荐：固定期限029号（R4·固定期限），业绩比较基准7.8%，灵活存续，10000元起投，封闭运作。理财非存款，产品有风险，投资须谨慎。
C004515,2,P002,app_push,周末14:00-18:00,专属推荐：固定期限002号（R5·固定期限），业绩比较基准11.3%，366天，1000元起投，T+0 随时赎回。该产品风险等级高于您的风险偏好，请谨慎选择。理财非存款，产品有风险，投资须谨慎。
C004515,3,P023,app_push,工作日18:00-21:00,专属推荐：固定期限023号（R5·固定期限），业绩比较基准9.8%，灵活存续，1000元起投，T+1 次日赎回。该产品风险等级高于您的风险偏好，请谨慎选择。理财非存款，产品有风险，投资须谨慎。
C004518,1,P025,app_push,工作日18:00-21:00,专属推荐：定开025号（R3·定开），业绩比较基准5.2%，366天，1000元起投，T+0 随时赎回。理财非存款，产品有风险，投资须谨慎。
C004518,2,P008,app_push,周末09:00-12:00,专属推荐：定开008号（R3·定开），业绩比较基准5.1%，366天，10000元起投，封闭运作。理财非存款，产品有风险，投资须谨慎。
C004518,3,P024,app_push,周末14:00-18:00,专属推荐：定开024号（R3·定开），业绩比较基准4.7%，90天，1000元起投，T+1 次日赎回。理财非存款，产品有风险，投资须谨慎。
C004522,1,P002,call,工作日18:00-21:00,您好，我是您的专属理财顾问，为您介绍：固定期限002号（R5·固定期限），业绩比较基准11.3%，366天，1000元起投，T+0 随时赎回。理财非存款，产品有风险，投资须谨慎。
C004522,2,P023,call,周末09:00-12:00,您好，我是您的专属理财顾问，为您介绍：固定期限023号（R5·固定期限），业绩比较基准9.8%，灵活存续，1000元起投，T+1 次日赎回。理财非存款，产品有风险，投资须谨慎。
C004522,3,P004,call,周末14:00-18:00,您好，我是您的专属理财顾问，为您介绍：现金管理004号（R5·现金管理），业绩比较基准8.6%，灵活存续，1000元起投，封闭运作。理财非存款，产品有风险，投资须谨慎。
C004525,1,P029,call,工作日18:00-21:00,您好，我是您的专属理财顾问，为您介绍：固定期限029号（R4·固定期限），业绩比较基准7.8%，灵活存续，10000元起投，封闭运作。理财非存款，产品有风险，投资须谨慎。
C004525,2,P002,call,周末09:00-12:00,您好，我是您的专属理财顾问，为您介绍：固定期限002号（R5·固定期限），业绩比较基准11.3%，366天，1000元起投，T+0 随时赎回。该产品风险等级高于您的风险偏好，请谨慎选择。理财非存款，产品有风险，投资须谨慎。
C004525,3,P023,call,周末14:00-18:00,您好，我是您的专属理财顾问，为您介绍：固定期限023号（R5·固定期限），业绩比较基准9.8%，灵活存续，1000元起投，T+1 次日赎回。该产品风险等级高于您的风险偏好，请谨慎选择。理财非存款，产品有风险，投资须谨慎。
C004526,1,P019,call,工作日18:00-21:00,您好，我是您的专属理财顾问，为您介绍：定开019号（R2·定开），业绩比较基准3.3%，灵活存续，1000元起投，T+0 随时赎回。该产品风险等级高于您的风险偏好，请谨慎选择。理财非存款，产品有风险，投资须谨慎。
C004526,2,P013,call,周末09:00-12:00,您好，我是您的专属理财顾问，为您介绍：定开013号（R2·定开），业绩比较基准3.5%，灵活存续，10000元起投，T+0 随时赎回。该产品风险等级高于您的风险偏好，请谨慎选择。理财非存款，产品有风险，投资须谨慎。
C004526,3,P022,call,周末14:00-18:00,您好，我是您的专属理财顾问，为您介绍：定开022号（R2·定开），业绩比较基准3.0%，730天，10000元起投，T+1 次日赎回。该产品风险等级高于您的风险偏好，请谨慎选择。理财非存款，产品有风险，投资须谨慎。
C004530,1,P026,call,工作日18:00-21:00,您好，我是您的专属理财顾问，为您介绍：混合026号（R2·混合），业绩比较基准3.1%，180天，1000元起投，T+1 次日赎回。理财非存款，产品有风险，投资须谨慎。
C004530,2,P019,call,周末14:00-18:00,您好，我是您的专属理财顾问，为您介绍：定开019号（R2·定开），业绩比较基准3.3%，灵活存续，1000元起投，T+0 随时赎回。理财非存款，产品有风险，投资须谨慎。
C004530,3,P030,call,周末09:00-12:00,您好，我是您的专属理财顾问，为您介绍：固定期限030号（R2·固定期限），业绩比较基准3.1%，730天，1000元起投，T+0 随时赎回。理财非存款，产品有风险，投资须谨慎。
C004534,1,P029,call,工作日12:00-14:00,您好，我是您的专属理财顾问，为您介绍：固定期限029号（R4·固定期限），业绩比较基准7.8%，灵活存续，10000元起投，封闭运作。理财非存款，产品有风险，投资须谨慎。
C004534,2,P002,call,周末14:00-18:00,您好，我是您的专属理财顾问，为您介绍：固定期限002号（R5·固定期限），业绩比较基准11.3%，366天，1000元起投，T+0 随时赎回。该产品风险等级高于您的风险偏好，请谨慎选择。理财非存款，产品有风险，投资须谨慎。
C004534,3,P023,call,工作日18:00-21:00,您好，我是您的专属理财顾问，为您介绍：固定期限023号（R5·固定期限），业绩比较基准9.8%，灵活存续，1000元起投，T+1 次日赎回。该产品风险等级高于您的风险偏好，请谨慎选择。理财非存款，产品有风险，投资须谨慎。
C004536,1,P012,app_push,工作日12:00-14:00,专属推荐：混合012号（R2·混合），业绩比较基准3.7%，90天，10000元起投，T+1 次日赎回。理财非存款，产品有风险，投资须谨慎。
C004536,2,P026,app_push,工作日18:00-21:00,专属推荐：混合026号（R2·混合），业绩比较基准3.1%，180天，1000元起投，T+1 次日赎回。理财非存款，产品有风险，投资须谨慎。
C004536,3,P011,app_push,周末14:00-18:00,专属推荐：固定期限011号（R2·固定期限），业绩比较基准3.3%，90天，10000元起投，T+0 随时赎回。理财非存款，产品有风险，投资须谨慎。
C004539,1,P022,call,工作日12:00-14:00,您好，我是您的专属理财顾问，为您介绍：定开022号（R2·定开），业绩比较基准3.0%，730天，10000元起投，T+1 次日赎回。该产品风险等级高于您的风险偏好，请谨慎选择。理财非存款，产品有风险，投资须谨慎。
C004539,2,P014,call,工作日18:00-21:00,您好，我是您的专属理财顾问，为您介绍：混合014号（R1·混合），业绩比较基准2.3%，90天，10000元起投，T+1 次日赎回。理财非存款，产品有风险，投资须谨慎。
C004539,3,P011,call,周末14:00-18:00,您好，我是您的专属理财顾问，为您介绍：固定期限011号（R2·固定期限），业绩比较基准3.3%，90天，10000元起投，T+0 随时赎回。该产品风险等级高于您的风险偏好，请谨慎选择。理财非存款，产品有风险，投资须谨慎。
C004540,1,P017,app_push,工作日18:00-21:00,专属推荐：现金管理017号（R3·现金管理），业绩比较基准4.3%，180天，1000元起投，T+1 次日赎回。理财非存款，产品有风险，投资须谨慎。
C004540,2,P025,app_push,周末14:00-18:00,专属推荐：定开025号（R3·定开），业绩比较基准5.2%，366天，1000元起投，T+0 随时赎回。理财非存款，产品有风险，投资须谨慎。
C004540,3,P008,app_push,周末09:00-12:00,专属推荐：定开008号（R3·定开），业绩比较基准5.1%，366天，10000元起投，封闭运作。理财非存款，产品有风险，投资须谨慎。
C004541,1,P025,manager,工作日09:00-12:00,钻石贵宾专享：定开025号（R3·定开），业绩比较基准5.2%，366天，1000元起投，T+0 随时赎回，可为您预约专属认购。理财非存款，产品有风险，投资须谨慎。
C004541,2,P024,manager,工作日12:00-14:00,钻石贵宾专享：定开024号（R3·定开），业绩比较基准4.7%，90天，1000元起投，T+1 次日赎回，可为您预约专属认购。理财非存款，产品有风险，投资须谨慎。
C004541,3,P017,manager,工作日18:00-21:00,钻石贵宾专享：现金管理017号（R3·现金管理），业绩比较基准4.3%，180天，1000元起投，T+1 次日赎回，可为您预约专属认购。理财非存款，产品有风险，投资须谨慎。
C004542,1,P004,call,工作日12:00-14:00,您好，我是您的专属理财顾问，为您介绍：现金管理004号（R5·现金管理），业绩比较基准8.6%，灵活存续，1000元起投，封闭运作。该产品风险等级高于您的风险偏好，请谨慎选择。理财非存款，产品有风险，投资须谨慎。
C004542,2,P017,call,周末14:00-18:00,您好，我是您的专属理财顾问，为您介绍：现金管理017号（R3·现金管理），业绩比较基准4.3%，180天，1000元起投，T+1 次日赎回。理财非存款，产品有风险，投资须谨慎。
C004542,3,P029,call,工作日18:00-21:00,您好，我是您的专属理财顾问，为您介绍：固定期限029号（R4·固定期限），业绩比较基准7.8%，灵活存续，10000元起投，封闭运作。理财非存款，产品有风险，投资须谨慎。
C004543,1,P026,app_push,工作日09:00-12:00,专属推荐：混合026号（R2·混合），业绩比较基准3.1%，180天，1000元起投，T+1 次日赎回。理财非存款，产品有风险，投资须谨慎。
C004543,2,P019,app_push,工作日18:00-21:00,专属推荐：定开019号（R2·定开），业绩比较基准3.3%，灵活存续，1000元起投，T+0 随时赎回。理财非存款，产品有风险，投资须谨慎。
C004543,3,P030,app_push,周末14:00-18:00,专属推荐：固定期限030号（R2·固定期限），业绩比较基准3.1%，730天，1000元起投，T+0 随时赎回。理财非存款，产品有风险，投资须谨慎。
C004545,1,P025,call,工作日18:00-21:00,您好，我是您的专属理财顾问，为您介绍：定开025号（R3·定开），业绩比较基准5.2%，366天，1000元起投，T+0 随时赎回。理财非存款，产品有风险，投资须谨慎。
C004545,2,P008,call,周末14:00-18:00,您好，我是您的专属理财顾问，为您介绍：定开008号（R3·定开），业绩比较基准5.1%，366天，10000元起投，封闭运作。理财非存款，产品有风险，投资须谨慎。
C004545,3,P024,call,周末09:00-12:00,您好，我是您的专属理财顾问，为您介绍：定开024号（R3·定开），业绩比较基准4.7%，90天，1000元起投，T+1 次日赎回。理财非存款，产品有风险，投资须谨慎。
C004551,1,P002,call,工作日09:00-12:00,您好，我是您的专属理财顾问，为您介绍：固定期限002号（R5·固定期限），业绩比较基准11.3%，366天，1000元起投，T+0 随时赎回。理财非存款，产品有风险，投资须谨慎。
C004551,2,P023,call,工作日12:00-14:00,您好，我是您的专属理财顾问，为您介绍：固定期限023号（R5·固定期限），业绩比较基准9.8%，灵活存续，1000元起投，T+1 次日赎回。理财非存款，产品有风险，投资须谨慎。
C004551,3,P004,call,工作日18:00-21:00,您好，我是您的专属理财顾问，为您介绍：现金管理004号（R5·现金管理），业绩比较基准8.6%，灵活存续，1000元起投，封闭运作。理财非存款，产品有风险，投资须谨慎。
C004552,1,P014,app_push,工作日18:00-21:00,专属推荐：混合014号（R1·混合），业绩比较基准2.3%，90天，10000元起投，T+1 次日赎回。理财非存款，产品有风险，投资须谨慎。
C004552,2,P011,app_push,周末09:00-12:00,专属推荐：固定期限011号（R2·固定期限），业绩比较基准3.3%，90天，10000元起投，T+0 随时赎回。该产品风险等级高于您的风险偏好，请谨慎选择。理财非存款，产品有风险，投资须谨慎。
C004552,3,P012,app_push,周末14:00-18:00,专属推荐：混合012号（R2·混合），业绩比较基准3.7%，90天，10000元起投，T+1 次日赎回。该产品风险等级高于您的风险偏好，请谨慎选择。理财非存款，产品有风险，投资须谨慎。
C004554,1,P013,app_push,工作日09:00-12:00,专属推荐：定开013号（R2·定开），业绩比较基准3.5%，灵活存续，10000元起投，T+0 随时赎回。该产品风险等级高于您的风险偏好，请谨慎选择。理财非存款，产品有风险，投资须谨慎。
C004554,2,P022,app_push,工作日12:00-14:00,专属推荐：定开022号（R2·定开），业绩比较基准3.0%，730天，10000元起投，T+1 次日赎回。该产品风险等级高于您的风险偏好，请谨慎选择。理财非存款，产品有风险，投资须谨慎。
C004554,3,P019,app_push,工作日18:00-21:00,专属推荐：定开019号（R2·定开），业绩比较基准3.3%，灵活存续，1000元起投，T+0 随时赎回。该产品风险等级高于您的风险偏好，请谨慎选择。理财非存款，产品有风险，投资须谨慎。
C004558,1,P014,app_push,工作日18:00-21:00,专属推荐：混合014号（R1·混合），业绩比较基准2.3%，90天，10000元起投，T+1 次日赎回。理财非存款，产品有风险，投资须谨慎。
C004558,2,P030,app_push,周末09:00-12:00,专属推荐：固定期限030号（R2·固定期限），业绩比较基准3.1%，730天，1000元起投，T+0 随时赎回。该产品风险等级高于您的风险偏好，请谨慎选择。理财非存款，产品有风险，投资须谨慎。
C004558,3,P012,app_push,周末14:00-18:00,专属推荐：混合012号（R2·混合），业绩比较基准3.7%，90天，10000元起投，T+1 次日赎回。该产品风险等级高于您的风险偏好，请谨慎选择。理财非存款，产品有风险，投资须谨慎。
C004559,1,P012,app_push,工作日12:00-14:00,专属推荐：混合012号（R2·混合），业绩比较基准3.7%，90天，10000元起投，T+1 次日赎回。理财非存款，产品有风险，投资须谨慎。
C004559,2,P011,app_push,工作日18:00-21:00,专属推荐：固定期限011号（R2·固定期限），业绩比较基准3.3%，90天，10000元起投，T+0 随时赎回。理财非存款，产品有风险，投资须谨慎。
C004559,3,P013,app_push,周末14:00-18:00,专属推荐：定开013号（R2·定开），业绩比较基准3.5%，灵活存续，10000元起投，T+0 随时赎回。理财非存款，产品有风险，投资须谨慎。
C004560,1,P019,app_push,工作日09:00-12:00,专属推荐：定开019号（R2·定开），业绩比较基准3.3%，灵活存续，1000元起投，T+0 随时赎回。该产品风险等级高于您的风险偏好，请谨慎选择。理财非存款，产品有风险，投资须谨慎。
C004560,2,P013,app_push,工作日12:00-14:00,专属推荐：定开013号（R2·定开），业绩比较基准3.5%，灵活存续，10000元起投，T+0 随时赎回。该产品风险等级高于您的风险偏好，请谨慎选择。理财非存款，产品有风险，投资须谨慎。
C004560,3,P014,app_push,周末09:00-12:00,专属推荐：混合014号（R1·混合），业绩比较基准2.3%，90天，10000元起投，T+1 次日赎回。理财非存款，产品有风险，投资须谨慎。
C004561,1,P019,call,工作日09:00-12:00,您好，我是您的专属理财顾问，为您介绍：定开019号（R2·定开），业绩比较基准3.3%，灵活存续，1000元起投，T+0 随时赎回。理财非存款，产品有风险，投资须谨慎。
C004561,2,P013,call,工作日18:00-21:00,您好，我是您的专属理财顾问，为您介绍：定开013号（R2·定开），业绩比较基准3.5%，灵活存续，10000元起投，T+0 随时赎回。理财非存款，产品有风险，投资须谨慎。
C004561,3,P018,call,周末09:00-12:00,您好，我是您的专属理财顾问，为您介绍：现金管理018号（R2·现金管理），业绩比较基准3.6%，730天，10000元起投，T+0 随时赎回。理财非存款，产品有风险，投资须谨慎。
C004567,1,P014,call,工作日09:00-12:00,您好，我是您的专属理财顾问，为您介绍：混合014号（R1·混合），业绩比较基准2.3%，90天，10000元起投，T+1 次日赎回。理财非存款，产品有风险，投资须谨慎。
C004567,2,P012,call,工作日12:00-14:00,您好，我是您的专属理财顾问，为您介绍：混合012号（R2·混合），业绩比较基准3.7%，90天，10000元起投，T+1 次日赎回。该产品风险等级高于您的风险偏好，请谨慎选择。理财非存款，产品有风险，投资须谨慎。
C004567,3,P011,call,周末09:00-12:00,您好，我是您的专属理财顾问，为您介绍：固定期限011号（R2·固定期限），业绩比较基准3.3%，90天，10000元起投，T+0 随时赎回。该产品风险等级高于您的风险偏好，请谨慎选择。理财非存款，产品有风险，投资须谨慎。
C004578,1,P011,app_push,工作日09:00-12:00,专属推荐：固定期限011号（R2·固定期限），业绩比较基准3.3%，90天，10000元起投，T+0 随时赎回。理财非存款，产品有风险，投资须谨慎。
C004578,2,P025,app_push,工作日12:00-14:00,专属推荐：定开025号（R3·定开），业绩比较基准5.2%，366天，1000元起投，T+0 随时赎回。该产品风险等级高于您的风险偏好，请谨慎选择。理财非存款，产品有风险，投资须谨慎。
C004578,3,P013,app_push,周末09:00-12:00,专属推荐：定开013号（R2·定开），业绩比较基准3.5%，灵活存续，10000元起投，T+0 随时赎回。理财非存款，产品有风险，投资须谨慎。
C004580,1,P012,call,工作日12:00-14:00,您好，我是您的专属理财顾问，为您介绍：混合012号（R2·混合），业绩比较基准3.7%，90天，10000元起投，T+1 次日赎回。理财非存款，产品有风险，投资须谨慎。
C004580,2,P013,call,周末14:00-18:00,您好，我是您的专属理财顾问，为您介绍：定开013号（R2·定开），业绩比较基准3.5%，灵活存续，10000元起投，T+0 随时赎回。理财非存款，产品有风险，投资须谨慎。
C004580,3,P026,call,工作日18:00-21:00,您好，我是您的专属理财顾问，为您介绍：混合026号（R2·混合），业绩比较基准3.1%，180天，1000元起投，T+1 次日赎回。理财非存款，产品有风险，投资须谨慎。
C004581,1,P025,app_push,工作日12:00-14:00,专属推荐：定开025号（R3·定开），业绩比较基准5.2%，366天，1000元起投，T+0 随时赎回。理财非存款，产品有风险，投资须谨慎。
C004581,2,P024,app_push,工作日18:00-21:00,专属推荐：定开024号（R3·定开），业绩比较基准4.7%，90天，1000元起投，T+1 次日赎回。理财非存款，产品有风险，投资须谨慎。
C004581,3,P017,app_push,周末14:00-18:00,专属推荐：现金管理017号（R3·现金管理），业绩比较基准4.3%，180天，1000元起投，T+1 次日赎回。理财非存款，产品有风险，投资须谨慎。
C004586,1,P025,app_push,工作日12:00-14:00,专属推荐：定开025号（R3·定开），业绩比较基准5.2%，366天，1000元起投，T+0 随时赎回。理财非存款，产品有风险，投资须谨慎。
C004586,2,P024,app_push,周末14:00-18:00,专属推荐：定开024号（R3·定开），业绩比较基准4.7%，90天，1000元起投，T+1 次日赎回。理财非存款，产品有风险，投资须谨慎。
C004586,3,P008,app_push,工作日18:00-21:00,专属推荐：定开008号（R3·定开），业绩比较基准5.1%，366天，10000元起投，封闭运作。理财非存款，产品有风险，投资须谨慎。
C004590,1,P006,call,工作日09:00-12:00,您好，我是您的专属理财顾问，为您介绍：混合006号（R3·混合），业绩比较基准5.1%，灵活存续，50000元起投，T+1 次日赎回。理财非存款，产品有风险，投资须谨慎。
C004590,2,P025,call,工作日12:00-14:00,您好，我是您的专属理财顾问，为您介绍：定开025号（R3·定开），业绩比较基准5.2%，366天，1000元起投，T+0 随时赎回。理财非存款，产品有风险，投资须谨慎。
C004590,3,P024,call,周末09:00-12:00,您好，我是您的专属理财顾问，为您介绍：定开024号（R3·定开），业绩比较基准4.7%，90天，1000元起投，T+1 次日赎回。理财非存款，产品有风险，投资须谨慎。
C004591,1,P004,app_push,工作日12:00-14:00,专属推荐：现金管理004号（R5·现金管理），业绩比较基准8.6%，灵活存续，1000元起投，封闭运作。该产品风险等级高于您的风险偏好，请谨慎选择。理财非存款，产品有风险，投资须谨慎。
C004591,2,P029,app_push,工作日18:00-21:00,专属推荐：固定期限029号（R4·固定期限），业绩比较基准7.8%，灵活存续，10000元起投，封闭运作。理财非存款，产品有风险，投资须谨慎。
C004591,3,P017,app_push,周末14:00-18:00,专属推荐：现金管理017号（R3·现金管理），业绩比较基准4.3%，180天，1000元起投，T+1 次日赎回。理财非存款，产品有风险，投资须谨慎。
C004594,1,P018,app_push,工作日09:00-12:00,专属推荐：现金管理018号（R2·现金管理），业绩比较基准3.6%，730天，10000元起投，T+0 随时赎回。该产品风险等级高于您的风险偏好，请谨慎选择。理财非存款，产品有风险，投资须谨慎。
C004594,2,P020,app_push,工作日12:00-14:00,专属推荐：现金管理020号（R2·现金管理），业绩比较基准3.6%，366天，10000元起投，T+1 次日赎回。该产品风险等级高于您的风险偏好，请谨慎选择。理财非存款，产品有风险，投资须谨慎。
C004594,3,P014,app_push,工作日18:00-21:00,专属推荐：混合014号（R1·混合），业绩比较基准2.3%，90天，10000元起投，T+1 次日赎回。理财非存款，产品有风险，投资须谨慎。
C004599,1,P002,app_push,工作日09:00-12:00,专属推荐：固定期限002号（R5·固定期限），业绩比较基准11.3%，366天，1000元起投，T+0 随时赎回。该产品风险等级高于您的风险偏好，请谨慎选择。理财非存款，产品有风险，投资须谨慎。
C004599,2,P023,app_push,工作日12:00-14:00,专属推荐：固定期限023号（R5·固定期限），业绩比较基准9.8%，灵活存续，1000元起投，T+1 次日赎回。该产品风险等级高于您的风险偏好，请谨慎选择。理财非存款，产品有风险，投资须谨慎。
C004599,3,P029,app_push,周末09:00-12:00,专属推荐：固定期限029号（R4·固定期限），业绩比较基准7.8%，灵活存续，10000元起投，封闭运作。理财非存款，产品有风险，投资须谨慎。
C004601,1,P008,app_push,工作日09:00-12:00,专属推荐：定开008号（R3·定开），业绩比较基准5.1%，366天，10000元起投，封闭运作。理财非存款，产品有风险，投资须谨慎。
C004601,2,P025,app_push,工作日12:00-14:00,专属推荐：定开025号（R3·定开），业绩比较基准5.2%，366天，1000元起投，T+0 随时赎回。理财非存款，产品有风险，投资须谨慎。
C004601,3,P024,app_push,工作日18:00-21:00,专属推荐：定开024号（R3·定开），业绩比较基准4.7%，90天，1000元起投，T+1 次日赎回。理财非存款，产品有风险，投资须谨慎。
C004604,1,P018,app_push,工作日18:00-21:00,专属推荐：现金管理018号（R2·现金管理），业绩比较基准3.6%，730天，10000元起投，T+0 随时赎回。理财非存款，产品有风险，投资须谨慎。
C004604,2,P020,app_push,周末09:00-12:00,专属推荐：现金管理020号（R2·现金管理），业绩比较基准3.6%，366天，10000元起投，T+1 次日赎回。理财非存款，产品有风险，投资须谨慎。
C004604,3,P017,app_push,周末14:00-18:00,专属推荐：现金管理017号（R3·现金管理），业绩比较基准4.3%，180天，1000元起投，T+1 次日赎回。该产品风险等级高于您的风险偏好，请谨慎选择。理财非存款，产品有风险，投资须谨慎。
C004609,1,P013,app_push,工作日18:00-21:00,专属推荐：定开013号（R2·定开），业绩比较基准3.5%，灵活存续，10000元起投，T+0 随时赎回。理财非存款，产品有风险，投资须谨慎。
C004609,2,P022,app_push,周末14:00-18:00,专属推荐：定开022号（R2·定开），业绩比较基准3.0%，730天，10000元起投，T+1 次日赎回。理财非存款，产品有风险，投资须谨慎。
C004609,3,P019,app_push,周末09:00-12:00,专属推荐：定开019号（R2·定开），业绩比较基准3.3%，灵活存续，1000元起投，T+0 随时赎回。理财非存款，产品有风险，投资须谨慎。
C004611,1,P030,app_push,工作日09:00-12:00,专属推荐：固定期限030号（R2·固定期限），业绩比较基准3.1%，730天，1000元起投，T+0 随时赎回。理财非存款，产品有风险，投资须谨慎。
C004611,2,P012,app_push,工作日18:00-21:00,专属推荐：混合012号（R2·混合），业绩比较基准3.7%，90天，10000元起投，T+1 次日赎回。理财非存款，产品有风险，投资须谨慎。
C004611,3,P011,app_push,周末09:00-12:00,专属推荐：固定期限011号（R2·固定期限），业绩比较基准3.3%，90天，10000元起投，T+0 随时赎回。理财非存款，产品有风险，投资须谨慎。
C004614,1,P014,app_push,工作日12:00-14:00,专属推荐：混合014号（R1·混合），业绩比较基准2.3%，90天，10000元起投，T+1 次日赎回。理财非存款，产品有风险，投资须谨慎。
C004614,2,P010,app_push,工作日18:00-21:00,专属推荐：现金管理010号（R1·现金管理），业绩比较基准2.8%，366天，50000元起投，T+0 随时赎回。理财非存款，产品有风险，投资须谨慎。
C004614,3,P012,app_push,周末14:00-18:00,专属推荐：混合012号（R2·混合），业绩比较基准3.7%，90天，10000元起投，T+1 次日赎回。该产品风险等级高于您的风险偏好，请谨慎选择。理财非存款，产品有风险，投资须谨慎。
C004615,1,P026,app_push,工作日09:00-12:00,专属推荐：混合026号（R2·混合），业绩比较基准3.1%，180天，1000元起投，T+1 次日赎回。理财非存款，产品有风险，投资须谨慎。
C004615,2,P025,app_push,工作日12:00-14:00,专属推荐：定开025号（R3·定开），业绩比较基准5.2%，366天，1000元起投，T+0 随时赎回。理财非存款，产品有风险，投资须谨慎。
C004615,3,P024,app_push,工作日18:00-21:00,专属推荐：定开024号（R3·定开），业绩比较基准4.7%，90天，1000元起投，T+1 次日赎回。理财非存款，产品有风险，投资须谨慎。
C004629,1,P019,call,工作日12:00-14:00,您好，我是您的专属理财顾问，为您介绍：定开019号（R2·定开），业绩比较基准3.3%，灵活存续，1000元起投，T+0 随时赎回。理财非存款，产品有风险，投资须谨慎。
C004629,2,P022,call,工作日18:00-21:00,您好，我是您的专属理财顾问，为您介绍：定开022号（R2·定开），业绩比较基准3.0%，730天，10000元起投，T+1 次日赎回。理财非存款，产品有风险，投资须谨慎。
C004629,3,P013,call,周末14:00-18:00,您好，我是您的专属理财顾问，为您介绍：定开013号（R2·定开），业绩比较基准3.5%，灵活存续，10000元起投，T+0 随时赎回。理财非存款，产品有风险，投资须谨慎。
C004632,1,P014,app_push,工作日09:00-12:00,专属推荐：混合014号（R1·混合），业绩比较基准2.3%，90天，10000元起投，T+1 次日赎回。理财非存款，产品有风险，投资须谨慎。
C004632,2,P026,app_push,工作日12:00-14:00,专属推荐：混合026号（R2·混合），业绩比较基准3.1%，180天，1000元起投，T+1 次日赎回。该产品风险等级高于您的风险偏好，请谨慎选择。理财非存款，产品有风险，投资须谨慎。
C004632,3,P012,app_push,周末09:00-12:00,专属推荐：混合012号（R2·混合），业绩比较基准3.7%，90天，10000元起投，T+1 次日赎回。该产品风险等级高于您的风险偏好，请谨慎选择。理财非存款，产品有风险，投资须谨慎。
C004638,1,P014,app_push,工作日09:00-12:00,专属推荐：混合014号（R1·混合），业绩比较基准2.3%，90天，10000元起投，T+1 次日赎回。理财非存款，产品有风险，投资须谨慎。
C004638,2,P010,app_push,工作日12:00-14:00,专属推荐：现金管理010号（R1·现金管理），业绩比较基准2.8%，366天，50000元起投，T+0 随时赎回。理财非存款，产品有风险，投资须谨慎。
C004638,3,P012,app_push,工作日18:00-21:00,专属推荐：混合012号（R2·混合），业绩比较基准3.7%，90天，10000元起投，T+1 次日赎回。该产品风险等级高于您的风险偏好，请谨慎选择。理财非存款，产品有风险，投资须谨慎。
C004646,1,P006,app_push,工作日09:00-12:00,专属推荐：混合006号（R3·混合），业绩比较基准5.1%，灵活存续，50000元起投，T+1 次日赎回。理财非存款，产品有风险，投资须谨慎。
C004646,2,P025,app_push,工作日12:00-14:00,专属推荐：定开025号（R3·定开），业绩比较基准5.2%，366天，1000元起投，T+0 随时赎回。理财非存款，产品有风险，投资须谨慎。
C004646,3,P001,app_push,周末14:00-18:00,专属推荐：混合001号（R3·混合），业绩比较基准5.5%，730天，50000元起投，封闭运作。理财非存款，产品有风险，投资须谨慎。
C004648,1,P022,app_push,工作日18:00-21:00,专属推荐：定开022号（R2·定开），业绩比较基准3.0%，730天，10000元起投，T+1 次日赎回。理财非存款，产品有风险，投资须谨慎。
C004648,2,P013,app_push,周末09:00-12:00,专属推荐：定开013号（R2·定开），业绩比较基准3.5%，灵活存续，10000元起投，T+0 随时赎回。理财非存款，产品有风险，投资须谨慎。
C004648,3,P019,app_push,周末14:00-18:00,专属推荐：定开019号（R2·定开），业绩比较基准3.3%，灵活存续，1000元起投，T+0 随时赎回。理财非存款，产品有风险，投资须谨慎。
C004658,1,P023,app_push,工作日12:00-14:00,专属推荐：固定期限023号（R5·固定期限），业绩比较基准9.8%，灵活存续，1000元起投，T+1 次日赎回。理财非存款，产品有风险，投资须谨慎。
C004658,2,P002,app_push,周末14:00-18:00,专属推荐：固定期限002号（R5·固定期限），业绩比较基准11.3%，366天，1000元起投，T+0 随时赎回。理财非存款，产品有风险，投资须谨慎。
C004658,3,P004,app_push,工作日18:00-21:00,专属推荐：现金管理004号（R5·现金管理），业绩比较基准8.6%，灵活存续，1000元起投，封闭运作。理财非存款，产品有风险，投资须谨慎。
C004664,1,P001,app_push,工作日12:00-14:00,专属推荐：混合001号（R3·混合），业绩比较基准5.5%，730天，50000元起投，封闭运作。理财非存款，产品有风险，投资须谨慎。
C004664,2,P006,app_push,周末14:00-18:00,专属推荐：混合006号（R3·混合），业绩比较基准5.1%，灵活存续，50000元起投，T+1 次日赎回。理财非存款，产品有风险，投资须谨慎。
C004664,3,P025,app_push,工作日18:00-21:00,专属推荐：定开025号（R3·定开），业绩比较基准5.2%，366天，1000元起投，T+0 随时赎回。理财非存款，产品有风险，投资须谨慎。
C004673,1,P002,app_push,工作日12:00-14:00,专属推荐：固定期限002号（R5·固定期限），业绩比较基准11.3%，366天，1000元起投，T+0 随时赎回。理财非存款，产品有风险，投资须谨慎。
C004673,2,P023,app_push,工作日18:00-21:00,专属推荐：固定期限023号（R5·固定期限），业绩比较基准9.8%，灵活存续，1000元起投，T+1 次日赎回。理财非存款，产品有风险，投资须谨慎。
C004673,3,P004,app_push,周末14:00-18:00,专属推荐：现金管理004号（R5·现金管理），业绩比较基准8.6%，灵活存续，1000元起投，封闭运作。理财非存款，产品有风险，投资须谨慎。
C004674,1,P012,call,工作日09:00-12:00,您好，我是您的专属理财顾问，为您介绍：混合012号（R2·混合），业绩比较基准3.7%，90天，10000元起投，T+1 次日赎回。理财非存款，产品有风险，投资须谨慎。
C004674,2,P011,call,工作日12:00-14:00,您好，我是您的专属理财顾问，为您介绍：固定期限011号（R2·固定期限），业绩比较基准3.3%，90天，10000元起投，T+0 随时赎回。理财非存款，产品有风险，投资须谨慎。
C004674,3,P013,call,周末09:00-12:00,您好，我是您的专属理财顾问，为您介绍：定开013号（R2·定开），业绩比较基准3.5%，灵活存续，10000元起投，T+0 随时赎回。理财非存款，产品有风险，投资须谨慎。
C004676,1,P002,app_push,工作日12:00-14:00,专属推荐：固定期限002号（R5·固定期限），业绩比较基准11.3%，366天，1000元起投，T+0 随时赎回。该产品风险等级高于您的风险偏好，请谨慎选择。理财非存款，产品有风险，投资须谨慎。
C004676,2,P023,app_push,工作日18:00-21:00,专属推荐：固定期限023号（R5·固定期限），业绩比较基准9.8%，灵活存续，1000元起投，T+1 次日赎回。该产品风险等级高于您的风险偏好，请谨慎选择。理财非存款，产品有风险，投资须谨慎。
C004676,3,P004,app_push,周末14:00-18:00,专属推荐：现金管理004号（R5·现金管理），业绩比较基准8.6%，灵活存续，1000元起投，封闭运作。该产品风险等级高于您的风险偏好，请谨慎选择。理财非存款，产品有风险，投资须谨慎。
C004677,1,P026,app_push,工作日09:00-12:00,专属推荐：混合026号（R2·混合），业绩比较基准3.1%，180天，1000元起投，T+1 次日赎回。理财非存款，产品有风险，投资须谨慎。
C004677,2,P019,app_push,工作日12:00-14:00,专属推荐：定开019号（R2·定开），业绩比较基准3.3%，灵活存续，1000元起投，T+0 随时赎回。理财非存款，产品有风险，投资须谨慎。
C004677,3,P030,app_push,周末09:00-12:00,专属推荐：固定期限030号（R2·固定期限），业绩比较基准3.1%，730天，1000元起投，T+0 随时赎回。理财非存款，产品有风险，投资须谨慎。
C004680,1,P019,app_push,工作日09:00-12:00,专属推荐：定开019号（R2·定开），业绩比较基准3.3%，灵活存续，1000元起投，T+0 随时赎回。该产品风险等级高于您的风险偏好，请谨慎选择。理财非存款，产品有风险，投资须谨慎。
C004680,2,P013,app_push,工作日18:00-21:00,专属推荐：定开013号（R2·定开），业绩比较基准3.5%，灵活存续，10000元起投，T+0 随时赎回。该产品风险等级高于您的风险偏好，请谨慎选择。理财非存款，产品有风险，投资须谨慎。
C004680,3,P014,app_push,周末14:00-18:00,专属推荐：混合014号（R1·混合），业绩比较基准2.3%，90天，10000元起投，T+1 次日赎回。理财非存款，产品有风险，投资须谨慎。
C004683,1,P019,app_push,工作日12:00-14:00,专属推荐：定开019号（R2·定开），业绩比较基准3.3%，灵活存续，1000元起投，T+0 随时赎回。理财非存款，产品有风险，投资须谨慎。
C004683,2,P026,app_push,周末14:00-18:00,专属推荐：混合026号（R2·混合），业绩比较基准3.1%，180天，1000元起投，T+1 次日赎回。理财非存款，产品有风险，投资须谨慎。
C004683,3,P030,app_push,工作日18:00-21:00,专属推荐：固定期限030号（R2·固定期限），业绩比较基准3.1%，730天，1000元起投，T+0 随时赎回。理财非存款，产品有风险，投资须谨慎。
C004688,1,P019,call,工作日18:00-21:00,您好，我是您的专属理财顾问，为您介绍：定开019号（R2·定开），业绩比较基准3.3%，灵活存续，1000元起投，T+0 随时赎回。理财非存款，产品有风险，投资须谨慎。
C004688,2,P013,call,周末14:00-18:00,您好，我是您的专属理财顾问，为您介绍：定开013号（R2·定开），业绩比较基准3.5%，灵活存续，10000元起投，T+0 随时赎回。理财非存款，产品有风险，投资须谨慎。
C004688,3,P022,call,周末09:00-12:00,您好，我是您的专属理财顾问，为您介绍：定开022号（R2·定开），业绩比较基准3.0%，730天，10000元起投，T+1 次日赎回。理财非存款，产品有风险，投资须谨慎。
C004690,1,P022,call,工作日09:00-12:00,您好，我是您的专属理财顾问，为您介绍：定开022号（R2·定开），业绩比较基准3.0%，730天，10000元起投，T+1 次日赎回。理财非存款，产品有风险，投资须谨慎。
C004690,2,P013,call,工作日12:00-14:00,您好，我是您的专属理财顾问，为您介绍：定开013号（R2·定开），业绩比较基准3.5%，灵活存续，10000元起投，T+0 随时赎回。理财非存款，产品有风险，投资须谨慎。
C004690,3,P019,call,工作日18:00-21:00,您好，我是您的专属理财顾问，为您介绍：定开019号（R2·定开），业绩比较基准3.3%，灵活存续，1000元起投，T+0 随时赎回。理财非存款，产品有风险，投资须谨慎。
C004692,1,P029,app_push,工作日12:00-14:00,专属推荐：固定期限029号（R4·固定期限），业绩比较基准7.8%，灵活存续，10000元起投，封闭运作。理财非存款，产品有风险，投资须谨慎。
C004692,2,P002,app_push,周末14:00-18:00,专属推荐：固定期限002号（R5·固定期限），业绩比较基准11.3%，366天，1000元起投，T+0 随时赎回。该产品风险等级高于您的风险偏好，请谨慎选择。理财非存款，产品有风险，投资须谨慎。
C004692,3,P023,app_push,工作日18:00-21:00,专属推荐：固定期限023号（R5·固定期限），业绩比较基准9.8%，灵活存续，1000元起投，T+1 次日赎回。该产品风险等级高于您的风险偏好，请谨慎选择。理财非存款，产品有风险，投资须谨慎。
C004698,1,P029,manager,工作日18:00-21:00,金卡贵宾专享：固定期限029号（R4·固定期限），业绩比较基准7.8%，灵活存续，10000元起投，封闭运作，可为您预约专属认购。理财非存款，产品有风险，投资须谨慎。
C004698,2,P015,manager,周末14:00-18:00,金卡贵宾专享：固定期限015号（R4·固定期限），业绩比较基准6.7%，366天，50000元起投，封闭运作，可为您预约专属认购。理财非存款，产品有风险，投资须谨慎。
C004698,3,P027,manager,周末09:00-12:00,金卡贵宾专享：现金管理027号（R4·现金管理），业绩比较基准7.7%，366天，100000元起投，T+1 次日赎回，可为您预约专属认购。理财非存款，产品有风险，投资须谨慎。
C004709,1,P001,app_push,工作日09:00-12:00,专属推荐：混合001号（R3·混合），业绩比较基准5.5%，730天，50000元起投，封闭运作。理财非存款，产品有风险，投资须谨慎。
C004709,2,P006,app_push,工作日12:00-14:00,专属推荐：混合006号（R3·混合），业绩比较基准5.1%，灵活存续，50000元起投，T+1 次日赎回。理财非存款，产品有风险，投资须谨慎。
C004709,3,P012,app_push,周末09:00-12:00,专属推荐：混合012号（R2·混合），业绩比较基准3.7%，90天，10000元起投，T+1 次日赎回。理财非存款，产品有风险，投资须谨慎。
C004710,1,P026,app_push,工作日12:00-14:00,专属推荐：混合026号（R2·混合），业绩比较基准3.1%，180天，1000元起投，T+1 次日赎回。理财非存款，产品有风险，投资须谨慎。
C004710,2,P019,app_push,工作日18:00-21:00,专属推荐：定开019号（R2·定开），业绩比较基准3.3%，灵活存续，1000元起投，T+0 随时赎回。理财非存款，产品有风险，投资须谨慎。
C004710,3,P030,app_push,周末14:00-18:00,专属推荐：固定期限030号（R2·固定期限），业绩比较基准3.1%，730天，1000元起投，T+0 随时赎回。理财非存款，产品有风险，投资须谨慎。
C004712,1,P026,app_push,工作日12:00-14:00,专属推荐：混合026号（R2·混合），业绩比较基准3.1%，180天，1000元起投，T+1 次日赎回。理财非存款，产品有风险，投资须谨慎。
C004712,2,P019,app_push,工作日18:00-21:00,专属推荐：定开019号（R2·定开），业绩比较基准3.3%，灵活存续，1000元起投，T+0 随时赎回。理财非存款，产品有风险，投资须谨慎。
C004712,3,P030,app_push,周末14:00-18:00,专属推荐：固定期限030号（R2·固定期限），业绩比较基准3.1%，730天，1000元起投，T+0 随时赎回。理财非存款，产品有风险，投资须谨慎。
C004715,1,P019,call,工作日09:00-12:00,您好，我是您的专属理财顾问，为您介绍：定开019号（R2·定开），业绩比较基准3.3%，灵活存续，1000元起投，T+0 随时赎回。该产品风险等级高于您的风险偏好，请谨慎选择。理财非存款，产品有风险，投资须谨慎。
C004715,2,P013,call,工作日12:00-14:00,您好，我是您的专属理财顾问，为您介绍：定开013号（R2·定开），业绩比较基准3.5%，灵活存续，10000元起投，T+0 随时赎回。该产品风险等级高于您的风险偏好，请谨慎选择。理财非存款，产品有风险，投资须谨慎。
C004715,3,P014,call,工作日18:00-21:00,您好，我是您的专属理财顾问，为您介绍：混合014号（R1·混合），业绩比较基准2.3%，90天，10000元起投，T+1 次日赎回。理财非存款，产品有风险，投资须谨慎。
C004723,1,P020,app_push,工作日18:00-21:00,专属推荐：现金管理020号（R2·现金管理），业绩比较基准3.6%，366天，10000元起投，T+1 次日赎回。理财非存款，产品有风险，投资须谨慎。
C004723,2,P017,app_push,周末09:00-12:00,专属推荐：现金管理017号（R3·现金管理），业绩比较基准4.3%，180天，1000元起投，T+1 次日赎回。该产品风险等级高于您的风险偏好，请谨慎选择。理财非存款，产品有风险，投资须谨慎。
C004723,3,P018,app_push,周末14:00-18:00,专属推荐：现金管理018号（R2·现金管理），业绩比较基准3.6%，730天，10000元起投，T+0 随时赎回。理财非存款，产品有风险，投资须谨慎。
C004726,1,P026,app_push,工作日09:00-12:00,专属推荐：混合026号（R2·混合），业绩比较基准3.1%，180天，1000元起投，T+1 次日赎回。理财非存款，产品有风险，投资须谨慎。
C004726,2,P019,app_push,工作日12:00-14:00,专属推荐：定开019号（R2·定开），业绩比较基准3.3%，灵活存续，1000元起投，T+0 随时赎回。理财非存款，产品有风险，投资须谨慎。
C004726,3,P030,app_push,周末09:00-12:00,专属推荐：固定期限030号（R2·固定期限），业绩比较基准3.1%，730天，1000元起投，T+0 随时赎回。理财非存款，产品有风险，投资须谨慎。
C004729,1,P011,app_push,工作日09:00-12:00,专属推荐：固定期限011号（R2·固定期限），业绩比较基准3.3%，90天，10000元起投，T+0 随时赎回。理财非存款，产品有风险，投资须谨慎。
C004729,2,P029,app_push,工作日12:00-14:00,专属推荐：固定期限029号（R4·固定期限），业绩比较基准7.8%，灵活存续，10000元起投，封闭运作。该产品风险等级高于您的风险偏好，请谨慎选择。理财非存款，产品有风险，投资须谨慎。
C004729,3,P025,app_push,工作日18:00-21:00,专属推荐：定开025号（R3·定开），业绩比较基准5.2%，366天，1000元起投，T+0 随时赎回。理财非存款，产品有风险，投资须谨慎。
C004733,1,P002,app_push,工作日12:00-14:00,专属推荐：固定期限002号（R5·固定期限），业绩比较基准11.3%，366天，1000元起投，T+0 随时赎回。该产品风险等级高于您的风险偏好，请谨慎选择。理财非存款，产品有风险，投资须谨慎。
C004733,2,P023,app_push,工作日18:00-21:00,专属推荐：固定期限023号（R5·固定期限），业绩比较基准9.8%，灵活存续，1000元起投，T+1 次日赎回。该产品风险等级高于您的风险偏好，请谨慎选择。理财非存款，产品有风险，投资须谨慎。
C004733,3,P004,app_push,周末14:00-18:00,专属推荐：现金管理004号（R5·现金管理），业绩比较基准8.6%，灵活存续，1000元起投，封闭运作。该产品风险等级高于您的风险偏好，请谨慎选择。理财非存款，产品有风险，投资须谨慎。
C004744,1,P011,app_push,工作日09:00-12:00,专属推荐：固定期限011号（R2·固定期限），业绩比较基准3.3%，90天，10000元起投，T+0 随时赎回。该产品风险等级高于您的风险偏好，请谨慎选择。理财非存款，产品有风险，投资须谨慎。
C004744,2,P030,app_push,工作日12:00-14:00,专属推荐：固定期限030号（R2·固定期限），业绩比较基准3.1%，730天，1000元起投，T+0 随时赎回。该产品风险等级高于您的风险偏好，请谨慎选择。理财非存款，产品有风险，投资须谨慎。
C004744,3,P014,app_push,工作日18:00-21:00,专属推荐：混合014号（R1·混合），业绩比较基准2.3%，90天，10000元起投，T+1 次日赎回。理财非存款，产品有风险，投资须谨慎。
C004746,1,P002,call,工作日09:00-12:00,您好，我是您的专属理财顾问，为您介绍：固定期限002号（R5·固定期限），业绩比较基准11.3%，366天，1000元起投，T+0 随时赎回。该产品风险等级高于您的风险偏好，请谨慎选择。理财非存款，产品有风险，投资须谨慎。
C004746,2,P023,call,工作日12:00-14:00,您好，我是您的专属理财顾问，为您介绍：固定期限023号（R5·固定期限），业绩比较基准9.8%，灵活存续，1000元起投，T+1 次日赎回。该产品风险等级高于您的风险偏好，请谨慎选择。理财非存款，产品有风险，投资须谨慎。
C004746,3,P029,call,工作日18:00-21:00,您好，我是您的专属理财顾问，为您介绍：固定期限029号（R4·固定期限），业绩比较基准7.8%，灵活存续，10000元起投，封闭运作。理财非存款，产品有风险，投资须谨慎。
C004748,1,P020,app_push,工作日12:00-14:00,专属推荐：现金管理020号（R2·现金管理），业绩比较基准3.6%，366天，10000元起投，T+1 次日赎回。该产品风险等级高于您的风险偏好，请谨慎选择。理财非存款，产品有风险，投资须谨慎。
C004748,2,P018,app_push,工作日18:00-21:00,专属推荐：现金管理018号（R2·现金管理），业绩比较基准3.6%，730天，10000元起投，T+0 随时赎回。该产品风险等级高于您的风险偏好，请谨慎选择。理财非存款，产品有风险，投资须谨慎。
C004748,3,P014,app_push,周末14:00-18:00,专属推荐：混合014号（R1·混合），业绩比较基准2.3%，90天，10000元起投，T+1 次日赎回。理财非存款，产品有风险，投资须谨慎。
C004750,1,P026,app_push,工作日09:00-12:00,专属推荐：混合026号（R2·混合），业绩比较基准3.1%，180天，1000元起投，T+1 次日赎回。理财非存款，产品有风险，投资须谨慎。
C004750,2,P030,app_push,工作日12:00-14:00,专属推荐：固定期限030号（R2·固定期限），业绩比较基准3.1%，730天，1000元起投，T+0 随时赎回。理财非存款，产品有风险，投资须谨慎。
C004750,3,P019,app_push,周末09:00-12:00,专属推荐：定开019号（R2·定开），业绩比较基准3.3%，灵活存续，1000元起投，T+0 随时赎回。理财非存款，产品有风险，投资须谨慎。
C004751,1,P019,manager,工作日09:00-12:00,金卡贵宾专享：定开019号（R2·定开），业绩比较基准3.3%，灵活存续，1000元起投，T+0 随时赎回，可为您预约专属认购。该产品风险等级高于您的风险偏好，请谨慎选择。理财非存款，产品有风险，投资须谨慎。
C004751,2,P013,manager,工作日12:00-14:00,金卡贵宾专享：定开013号（R2·定开），业绩比较基准3.5%，灵活存续，10000元起投，T+0 随时赎回，可为您预约专属认购。该产品风险等级高于您的风险偏好，请谨慎选择。理财非存款，产品有风险，投资须谨慎。
C004751,3,P028,manager,工作日18:00-21:00,金卡贵宾专享：定开028号（R2·定开），业绩比较基准3.6%，366天，100000元起投，T+1 次日赎回，可为您预约专属认购。该产品风险等级高于您的风险偏好，请谨慎选择。理财非存款，产品有风险，投资须谨慎。
C004754,1,P030,app_push,工作日09:00-12:00,专属推荐：固定期限030号（R2·固定期限），业绩比较基准3.1%，730天，1000元起投，T+0 随时赎回。理财非存款，产品有风险，投资须谨慎。
C004754,2,P025,app_push,工作日12:00-14:00,专属推荐：定开025号（R3·定开），业绩比较基准5.2%，366天，1000元起投，T+0 随时赎回。理财非存款，产品有风险，投资须谨慎。
C004754,3,P024,app_push,周末09:00-12:00,专属推荐：定开024号（R3·定开），业绩比较基准4.7%，90天，1000元起投，T+1 次日赎回。理财非存款，产品有风险，投资须谨慎。
C004762,1,P025,app_push,工作日18:00-21:00,专属推荐：定开025号（R3·定开），业绩比较基准5.2%，366天，1000元起投，T+0 随时赎回。理财非存款，产品有风险，投资须谨慎。
C004762,2,P024,app_push,周末09:00-12:00,专属推荐：定开024号（R3·定开），业绩比较基准4.7%，90天，1000元起投，T+1 次日赎回。理财非存款，产品有风险，投资须谨慎。
C004762,3,P002,app_push,周末14:00-18:00,专属推荐：固定期限002号（R5·固定期限），业绩比较基准11.3%，366天，1000元起投，T+0 随时赎回。该产品风险等级高于您的风险偏好，请谨慎选择。理财非存款，产品有风险，投资须谨慎。
C004763,1,P025,app_push,工作日09:00-12:00,专属推荐：定开025号（R3·定开），业绩比较基准5.2%，366天，1000元起投，T+0 随时赎回。理财非存款，产品有风险，投资须谨慎。
C004763,2,P024,app_push,工作日12:00-14:00,专属推荐：定开024号（R3·定开），业绩比较基准4.7%，90天，1000元起投，T+1 次日赎回。理财非存款，产品有风险，投资须谨慎。
C004763,3,P008,app_push,周末14:00-18:00,专属推荐：定开008号（R3·定开），业绩比较基准5.1%，366天，10000元起投，封闭运作。理财非存款，产品有风险，投资须谨慎。
C004764,1,P020,app_push,工作日12:00-14:00,专属推荐：现金管理020号（R2·现金管理），业绩比较基准3.6%，366天，10000元起投，T+1 次日赎回。该产品风险等级高于您的风险偏好，请谨慎选择。理财非存款，产品有风险，投资须谨慎。
C004764,2,P010,app_push,工作日18:00-21:00,专属推荐：现金管理010号（R1·现金管理），业绩比较基准2.8%，366天，50000元起投，T+0 随时赎回。理财非存款，产品有风险，投资须谨慎。
C004764,3,P018,app_push,周末14:00-18:00,专属推荐：现金管理018号（R2·现金管理），业绩比较基准3.6%，730天，10000元起投，T+0 随时赎回。该产品风险等级高于您的风险偏好，请谨慎选择。理财非存款，产品有风险，投资须谨慎。
C004766,1,P026,app_push,工作日18:00-21:00,专属推荐：混合026号（R2·混合），业绩比较基准3.1%，180天，1000元起投，T+1 次日赎回。该产品风险等级高于您的风险偏好，请谨慎选择。理财非存款，产品有风险，投资须谨慎。
C004766,2,P014,app_push,周末09:00-12:00,专属推荐：混合014号（R1·混合），业绩比较基准2.3%，90天，10000元起投，T+1 次日赎回。理财非存款，产品有风险，投资须谨慎。
C004766,3,P012,app_push,周末14:00-18:00,专属推荐：混合012号（R2·混合），业绩比较基准3.7%，90天，10000元起投，T+1 次日赎回。该产品风险等级高于您的风险偏好，请谨慎选择。理财非存款，产品有风险，投资须谨慎。
C004772,1,P017,app_push,工作日12:00-14:00,专属推荐：现金管理017号（R3·现金管理），业绩比较基准4.3%，180天，1000元起投，T+1 次日赎回。理财非存款，产品有风险，投资须谨慎。
C004772,2,P025,app_push,工作日18:00-21:00,专属推荐：定开025号（R3·定开），业绩比较基准5.2%，366天，1000元起投，T+0 随时赎回。理财非存款，产品有风险，投资须谨慎。
C004772,3,P024,app_push,周末14:00-18:00,专属推荐：定开024号（R3·定开），业绩比较基准4.7%，90天，1000元起投，T+1 次日赎回。理财非存款，产品有风险，投资须谨慎。
C004773,1,P018,call,工作日09:00-12:00,您好，我是您的专属理财顾问，为您介绍：现金管理018号（R2·现金管理），业绩比较基准3.6%，730天，10000元起投，T+0 随时赎回。该产品风险等级高于您的风险偏好，请谨慎选择。理财非存款，产品有风险，投资须谨慎。
C004773,2,P014,call,工作日12:00-14:00,您好，我是您的专属理财顾问，为您介绍：混合014号（R1·混合），业绩比较基准2.3%，90天，10000元起投，T+1 次日赎回。理财非存款，产品有风险，投资须谨慎。
C004773,3,P020,call,周末09:00-12:00,您好，我是您的专属理财顾问，为您介绍：现金管理020号（R2·现金管理），业绩比较基准3.6%，366天，10000元起投，T+1 次日赎回。该产品风险等级高于您的风险偏好，请谨慎选择。理财非存款，产品有风险，投资须谨慎。
C004778,1,P025,app_push,工作日18:00-21:00,专属推荐：定开025号（R3·定开），业绩比较基准5.2%，366天，1000元起投，T+0 随时赎回。理财非存款，产品有风险，投资须谨慎。
C004778,2,P024,app_push,周末09:00-12:00,专属推荐：定开024号（R3·定开），业绩比较基准4.7%，90天，1000元起投，T+1 次日赎回。理财非存款，产品有风险，投资须谨慎。
C004778,3,P017,app_push,周末14:00-18:00,专属推荐：现金管理017号（R3·现金管理），业绩比较基准4.3%，180天，1000元起投，T+1 次日赎回。理财非存款，产品有风险，投资须谨慎。
C004780,1,P012,call,工作日18:00-21:00,您好，我是您的专属理财顾问，为您介绍：混合012号（R2·混合），业绩比较基准3.7%，90天，10000元起投，T+1 次日赎回。理财非存款，产品有风险，投资须谨慎。
C004780,2,P013,call,周末14:00-18:00,您好，我是您的专属理财顾问，为您介绍：定开013号（R2·定开），业绩比较基准3.5%，灵活存续，10000元起投，T+0 随时赎回。理财非存款，产品有风险，投资须谨慎。
C004780,3,P011,call,周末09:00-12:00,您好，我是您的专属理财顾问，为您介绍：固定期限011号（R2·固定期限），业绩比较基准3.3%，90天，10000元起投，T+0 随时赎回。理财非存款，产品有风险，投资须谨慎。
C004782,1,P010,app_push,工作日09:00-12:00,专属推荐：现金管理010号（R1·现金管理），业绩比较基准2.8%，366天，50000元起投，T+0 随时赎回。理财非存款，产品有风险，投资须谨慎。
C004782,2,P014,app_push,工作日12:00-14:00,专属推荐：混合014号（R1·混合），业绩比较基准2.3%，90天，10000元起投，T+1 次日赎回。理财非存款，产品有风险，投资须谨慎。
C004782,3,P011,app_push,周末09:00-12:00,专属推荐：固定期限011号（R2·固定期限），业绩比较基准3.3%，90天，10000元起投，T+0 随时赎回。该产品风险等级高于您的风险偏好，请谨慎选择。理财非存款，产品有风险，投资须谨慎。
C004794,1,P019,app_push,工作日09:00-12:00,专属推荐：定开019号（R2·定开），业绩比较基准3.3%，灵活存续，1000元起投，T+0 随时赎回。理财非存款，产品有风险，投资须谨慎。
C004794,2,P025,app_push,工作日12:00-14:00,专属推荐：定开025号（R3·定开），业绩比较基准5.2%，366天，1000元起投，T+0 随时赎回。该产品风险等级高于您的风险偏好，请谨慎选择。理财非存款，产品有风险，投资须谨慎。
C004794,3,P024,app_push,周末09:00-12:00,专属推荐：定开024号（R3·定开），业绩比较基准4.7%，90天，1000元起投，T+1 次日赎回。该产品风险等级高于您的风险偏好，请谨慎选择。理财非存款，产品有风险，投资须谨慎。
C004795,1,P025,app_push,工作日09:00-12:00,专属推荐：定开025号（R3·定开），业绩比较基准5.2%，366天，1000元起投，T+0 随时赎回。理财非存款，产品有风险，投资须谨慎。
C004795,2,P030,app_push,工作日12:00-14:00,专属推荐：固定期限030号（R2·固定期限），业绩比较基准3.1%，730天，1000元起投，T+0 随时赎回。理财非存款，产品有风险，投资须谨慎。
C004795,3,P024,app_push,周末09:00-12:00,专属推荐：定开024号（R3·定开），业绩比较基准4.7%，90天，1000元起投，T+1 次日赎回。理财非存款，产品有风险，投资须谨慎。
C004796,1,P002,app_push,工作日09:00-12:00,专属推荐：固定期限002号（R5·固定期限），业绩比较基准11.3%，366天，1000元起投，T+0 随时赎回。该产品风险等级高于您的风险偏好，请谨慎选择。理财非存款，产品有风险，投资须谨慎。
C004796,2,P023,app_push,工作日12:00-14:00,专属推荐：固定期限023号（R5·固定期限），业绩比较基准9.8%，灵活存续，1000元起投，T+1 次日赎回。该产品风险等级高于您的风险偏好，请谨慎选择。理财非存款，产品有风险，投资须谨慎。
C004796,3,P029,app_push,周末09:00-12:00,专属推荐：固定期限029号（R4·固定期限），业绩比较基准7.8%，灵活存续，10000元起投，封闭运作。理财非存款，产品有风险，投资须谨慎。
C004805,1,P014,call,工作日09:00-12:00,您好，我是您的专属理财顾问，为您介绍：混合014号（R1·混合），业绩比较基准2.3%，90天，10000元起投，T+1 次日赎回。理财非存款，产品有风险，投资须谨慎。
C004805,2,P012,call,工作日18:00-21:00,您好，我是您的专属理财顾问，为您介绍：混合012号（R2·混合），业绩比较基准3.7%，90天，10000元起投，T+1 次日赎回。该产品风险等级高于您的风险偏好，请谨慎选择。理财非存款，产品有风险，投资须谨慎。
C004805,3,P013,call,周末14:00-18:00,您好，我是您的专属理财顾问，为您介绍：定开013号（R2·定开），业绩比较基准3.5%，灵活存续，10000元起投，T+0 随时赎回。该产品风险等级高于您的风险偏好，请谨慎选择。理财非存款，产品有风险，投资须谨慎。
C004807,1,P012,app_push,工作日09:00-12:00,专属推荐：混合012号（R2·混合），业绩比较基准3.7%，90天，10000元起投，T+1 次日赎回。理财非存款，产品有风险，投资须谨慎。
C004807,2,P011,app_push,工作日12:00-14:00,专属推荐：固定期限011号（R2·固定期限），业绩比较基准3.3%，90天，10000元起投，T+0 随时赎回。理财非存款，产品有风险，投资须谨慎。
C004807,3,P009,app_push,周末09:00-12:00,专属推荐：现金管理009号（R2·现金管理），业绩比较基准4.0%，730天，50000元起投，T+0 随时赎回。理财非存款，产品有风险，投资须谨慎。
C004822,1,P026,call,工作日12:00-14:00,您好，我是您的专属理财顾问，为您介绍：混合026号（R2·混合），业绩比较基准3.1%，180天，1000元起投，T+1 次日赎回。该产品风险等级高于您的风险偏好，请谨慎选择。理财非存款，产品有风险，投资须谨慎。
C004822,2,P019,call,周末14:00-18:00,您好，我是您的专属理财顾问，为您介绍：定开019号（R2·定开），业绩比较基准3.3%，灵活存续，1000元起投，T+0 随时赎回。该产品风险等级高于您的风险偏好，请谨慎选择。理财非存款，产品有风险，投资须谨慎。
C004822,3,P030,call,工作日18:00-21:00,您好，我是您的专属理财顾问，为您介绍：固定期限030号（R2·固定期限），业绩比较基准3.1%，730天，1000元起投，T+0 随时赎回。该产品风险等级高于您的风险偏好，请谨慎选择。理财非存款，产品有风险，投资须谨慎。
C004827,1,P029,call,工作日09:00-12:00,您好，我是您的专属理财顾问，为您介绍：固定期限029号（R4·固定期限），业绩比较基准7.8%，灵活存续，10000元起投，封闭运作。理财非存款，产品有风险，投资须谨慎。
C004827,2,P015,call,工作日12:00-14:00,您好，我是您的专属理财顾问，为您介绍：固定期限015号（R4·固定期限），业绩比较基准6.7%，366天，50000元起投，封闭运作。理财非存款，产品有风险，投资须谨慎。
C004827,3,P002,call,周末09:00-12:00,您好，我是您的专属理财顾问，为您介绍：固定期限002号（R5·固定期限），业绩比较基准11.3%，366天，1000元起投，T+0 随时赎回。该产品风险等级高于您的风险偏好，请谨慎选择。理财非存款，产品有风险，投资须谨慎。
C004829,1,P023,call,工作日09:00-12:00,您好，我是您的专属理财顾问，为您介绍：固定期限023号（R5·固定期限），业绩比较基准9.8%，灵活存续，1000元起投，T+1 次日赎回。该产品风险等级高于您的风险偏好，请谨慎选择。理财非存款，产品有风险，投资须谨慎。
C004829,2,P002,call,工作日12:00-14:00,您好，我是您的专属理财顾问，为您介绍：固定期限002号（R5·固定期限），业绩比较基准11.3%，366天，1000元起投，T+0 随时赎回。该产品风险等级高于您的风险偏好，请谨慎选择。理财非存款，产品有风险，投资须谨慎。
C004829,3,P029,call,工作日18:00-21:00,您好，我是您的专属理财顾问，为您介绍：固定期限029号（R4·固定期限），业绩比较基准7.8%，灵活存续，10000元起投，封闭运作。理财非存款，产品有风险，投资须谨慎。
C004831,1,P014,app_push,工作日18:00-21:00,专属推荐：混合014号（R1·混合），业绩比较基准2.3%，90天，10000元起投，T+1 次日赎回。理财非存款，产品有风险，投资须谨慎。
C004831,2,P012,app_push,周末09:00-12:00,专属推荐：混合012号（R2·混合），业绩比较基准3.7%，90天，10000元起投，T+1 次日赎回。该产品风险等级高于您的风险偏好，请谨慎选择。理财非存款，产品有风险，投资须谨慎。
C004831,3,P026,app_push,周末14:00-18:00,专属推荐：混合026号（R2·混合），业绩比较基准3.1%，180天，1000元起投，T+1 次日赎回。该产品风险等级高于您的风险偏好，请谨慎选择。理财非存款，产品有风险，投资须谨慎。
C004834,1,P002,app_push,工作日09:00-12:00,专属推荐：固定期限002号（R5·固定期限），业绩比较基准11.3%，366天，1000元起投，T+0 随时赎回。该产品风险等级高于您的风险偏好，请谨慎选择。理财非存款，产品有风险，投资须谨慎。
C004834,2,P023,app_push,工作日12:00-14:00,专属推荐：固定期限023号（R5·固定期限），业绩比较基准9.8%，灵活存续，1000元起投，T+1 次日赎回。该产品风险等级高于您的风险偏好，请谨慎选择。理财非存款，产品有风险，投资须谨慎。
C004834,3,P004,app_push,工作日18:00-21:00,专属推荐：现金管理004号（R5·现金管理），业绩比较基准8.6%，灵活存续，1000元起投，封闭运作。该产品风险等级高于您的风险偏好，请谨慎选择。理财非存款，产品有风险，投资须谨慎。
C004835,1,P002,app_push,工作日09:00-12:00,专属推荐：固定期限002号（R5·固定期限），业绩比较基准11.3%，366天，1000元起投，T+0 随时赎回。理财非存款，产品有风险，投资须谨慎。
C004835,2,P023,app_push,工作日12:00-14:00,专属推荐：固定期限023号（R5·固定期限），业绩比较基准9.8%，灵活存续，1000元起投，T+1 次日赎回。理财非存款，产品有风险，投资须谨慎。
C004835,3,P004,app_push,工作日18:00-21:00,专属推荐：现金管理004号（R5·现金管理），业绩比较基准8.6%，灵活存续，1000元起投，封闭运作。理财非存款，产品有风险，投资须谨慎。
C004836,1,P024,call,工作日09:00-12:00,您好，我是您的专属理财顾问，为您介绍：定开024号（R3·定开），业绩比较基准4.7%，90天，1000元起投，T+1 次日赎回。理财非存款，产品有风险，投资须谨慎。
C004836,2,P025,call,工作日12:00-14:00,您好，我是您的专属理财顾问，为您介绍：定开025号（R3·定开），业绩比较基准5.2%，366天，1000元起投，T+0 随时赎回。理财非存款，产品有风险，投资须谨慎。
C004836,3,P017,call,周末14:00-18:00,您好，我是您的专属理财顾问，为您介绍：现金管理017号（R3·现金管理），业绩比较基准4.3%，180天，1000元起投，T+1 次日赎回。理财非存款，产品有风险，投资须谨慎。
C004837,1,P006,manager,工作日12:00-14:00,银卡贵宾专享：混合006号（R3·混合），业绩比较基准5.1%，灵活存续，50000元起投，T+1 次日赎回，可为您预约专属认购。理财非存款，产品有风险，投资须谨慎。
C004837,2,P001,manager,工作日18:00-21:00,银卡贵宾专享：混合001号（R3·混合），业绩比较基准5.5%，730天，50000元起投，封闭运作，可为您预约专属认购。理财非存款，产品有风险，投资须谨慎。
C004837,3,P021,manager,周末14:00-18:00,银卡贵宾专享：混合021号（R3·混合），业绩比较基准5.4%，730天，100000元起投，封闭运作，可为您预约专属认购。理财非存款，产品有风险，投资须谨慎。
C004840,1,P029,app_push,工作日18:00-21:00,专属推荐：固定期限029号（R4·固定期限），业绩比较基准7.8%，灵活存续，10000元起投，封闭运作。理财非存款，产品有风险，投资须谨慎。
C004840,2,P015,app_push,周末09:00-12:00,专属推荐：固定期限015号（R4·固定期限），业绩比较基准6.7%，366天，50000元起投，封闭运作。理财非存款，产品有风险，投资须谨慎。
C004840,3,P002,app_push,周末14:00-18:00,专属推荐：固定期限002号（R5·固定期限），业绩比较基准11.3%，366天，1000元起投，T+0 随时赎回。该产品风险等级高于您的风险偏好，请谨慎选择。理财非存款，产品有风险，投资须谨慎。
C004845,1,P002,app_push,工作日12:00-14:00,专属推荐：固定期限002号（R5·固定期限），业绩比较基准11.3%，366天，1000元起投，T+0 随时赎回。该产品风险等级高于您的风险偏好，请谨慎选择。理财非存款，产品有风险，投资须谨慎。
C004845,2,P023,app_push,周末14:00-18:00,专属推荐：固定期限023号（R5·固定期限），业绩比较基准9.8%，灵活存续，1000元起投，T+1 次日赎回。该产品风险等级高于您的风险偏好，请谨慎选择。理财非存款，产品有风险，投资须谨慎。
C004845,3,P029,app_push,工作日18:00-21:00,专属推荐：固定期限029号（R4·固定期限），业绩比较基准7.8%，灵活存续，10000元起投，封闭运作。理财非存款，产品有风险，投资须谨慎。
C004851,1,P025,call,工作日18:00-21:00,您好，我是您的专属理财顾问，为您介绍：定开025号（R3·定开），业绩比较基准5.2%，366天，1000元起投，T+0 随时赎回。理财非存款，产品有风险，投资须谨慎。
C004851,2,P008,call,周末14:00-18:00,您好，我是您的专属理财顾问，为您介绍：定开008号（R3·定开），业绩比较基准5.1%，366天，10000元起投，封闭运作。理财非存款，产品有风险，投资须谨慎。
C004851,3,P024,call,周末09:00-12:00,您好，我是您的专属理财顾问，为您介绍：定开024号（R3·定开），业绩比较基准4.7%，90天，1000元起投，T+1 次日赎回。理财非存款，产品有风险，投资须谨慎。
C004852,1,P014,manager,工作日18:00-21:00,普通贵宾专享：混合014号（R1·混合），业绩比较基准2.3%，90天，10000元起投，T+1 次日赎回，可为您预约专属认购。理财非存款，产品有风险，投资须谨慎。
C004852,2,P010,manager,周末14:00-18:00,普通贵宾专享：现金管理010号（R1·现金管理），业绩比较基准2.8%，366天，50000元起投，T+0 随时赎回，可为您预约专属认购。理财非存款，产品有风险，投资须谨慎。
C004852,3,P013,manager,周末09:00-12:00,普通贵宾专享：定开013号（R2·定开），业绩比较基准3.5%，灵活存续，10000元起投，T+0 随时赎回，可为您预约专属认购。该产品风险等级高于您的风险偏好，请谨慎选择。理财非存款，产品有风险，投资须谨慎。
C004857,1,P024,manager,工作日12:00-14:00,钻石贵宾专享：定开024号（R3·定开），业绩比较基准4.7%，90天，1000元起投，T+1 次日赎回，可为您预约专属认购。该产品风险等级高于您的风险偏好，请谨慎选择。理财非存款，产品有风险，投资须谨慎。
C004857,2,P019,manager,周末14:00-18:00,钻石贵宾专享：定开019号（R2·定开），业绩比较基准3.3%，灵活存续，1000元起投，T+0 随时赎回，可为您预约专属认购。理财非存款，产品有风险，投资须谨慎。
C004857,3,P025,manager,工作日18:00-21:00,钻石贵宾专享：定开025号（R3·定开），业绩比较基准5.2%，366天，1000元起投，T+0 随时赎回，可为您预约专属认购。该产品风险等级高于您的风险偏好，请谨慎选择。理财非存款，产品有风险，投资须谨慎。
C004858,1,P019,app_push,工作日09:00-12:00,专属推荐：定开019号（R2·定开），业绩比较基准3.3%，灵活存续，1000元起投，T+0 随时赎回。理财非存款，产品有风险，投资须谨慎。
C004858,2,P013,app_push,工作日12:00-14:00,专属推荐：定开013号（R2·定开），业绩比较基准3.5%，灵活存续，10000元起投，T+0 随时赎回。理财非存款，产品有风险，投资须谨慎。
C004858,3,P025,app_push,工作日18:00-21:00,专属推荐：定开025号（R3·定开），业绩比较基准5.2%，366天，1000元起投，T+0 随时赎回。该产品风险等级高于您的风险偏好，请谨慎选择。理财非存款，产品有风险，投资须谨慎。
C004859,1,P012,call,工作日18:00-21:00,您好，我是您的专属理财顾问，为您介绍：混合012号（R2·混合），业绩比较基准3.7%，90天，10000元起投，T+1 次日赎回。理财非存款，产品有风险，投资须谨慎。
C004859,2,P011,call,周末09:00-12:00,您好，我是您的专属理财顾问，为您介绍：固定期限011号（R2·固定期限），业绩比较基准3.3%，90天，10000元起投，T+0 随时赎回。理财非存款，产品有风险，投资须谨慎。
C004859,3,P013,call,周末14:00-18:00,您好，我是您的专属理财顾问，为您介绍：定开013号（R2·定开），业绩比较基准3.5%，灵活存续，10000元起投，T+0 随时赎回。理财非存款，产品有风险，投资须谨慎。
C004860,1,P025,app_push,工作日09:00-12:00,专属推荐：定开025号（R3·定开），业绩比较基准5.2%，366天，1000元起投，T+0 随时赎回。理财非存款，产品有风险，投资须谨慎。
C004860,2,P024,app_push,工作日12:00-14:00,专属推荐：定开024号（R3·定开），业绩比较基准4.7%，90天，1000元起投，T+1 次日赎回。理财非存款，产品有风险，投资须谨慎。
C004860,3,P008,app_push,工作日18:00-21:00,专属推荐：定开008号（R3·定开），业绩比较基准5.1%，366天，10000元起投，封闭运作。理财非存款，产品有风险，投资须谨慎。
C004863,1,P026,call,工作日18:00-21:00,您好，我是您的专属理财顾问，为您介绍：混合026号（R2·混合），业绩比较基准3.1%，180天，1000元起投，T+1 次日赎回。理财非存款，产品有风险，投资须谨慎。
C004863,2,P019,call,周末09:00-12:00,您好，我是您的专属理财顾问，为您介绍：定开019号（R2·定开），业绩比较基准3.3%，灵活存续，1000元起投，T+0 随时赎回。理财非存款，产品有风险，投资须谨慎。
C004863,3,P030,call,周末14:00-18:00,您好，我是您的专属理财顾问，为您介绍：固定期限030号（R2·固定期限），业绩比较基准3.1%，730天，1000元起投，T+0 随时赎回。理财非存款，产品有风险，投资须谨慎。
C004865,1,P011,call,工作日12:00-14:00,您好，我是您的专属理财顾问，为您介绍：固定期限011号（R2·固定期限），业绩比较基准3.3%，90天，10000元起投，T+0 随时赎回。该产品风险等级高于您的风险偏好，请谨慎选择。理财非存款，产品有风险，投资须谨慎。
C004865,2,P014,call,工作日18:00-21:00,您好，我是您的专属理财顾问，为您介绍：混合014号（R1·混合），业绩比较基准2.3%，90天，10000元起投，T+1 次日赎回。理财非存款，产品有风险，投资须谨慎。
C004865,3,P030,call,周末14:00-18:00,您好，我是您的专属理财顾问，为您介绍：固定期限030号（R2·固定期限），业绩比较基准3.1%，730天，1000元起投，T+0 随时赎回。该产品风险等级高于您的风险偏好，请谨慎选择。理财非存款，产品有风险，投资须谨慎。
C004871,1,P026,app_push,工作日12:00-14:00,专属推荐：混合026号（R2·混合），业绩比较基准3.1%，180天，1000元起投，T+1 次日赎回。理财非存款，产品有风险，投资须谨慎。
C004871,2,P012,app_push,周末14:00-18:00,专属推荐：混合012号（R2·混合），业绩比较基准3.7%，90天，10000元起投，T+1 次日赎回。理财非存款，产品有风险，投资须谨慎。
C004871,3,P019,app_push,工作日18:00-21:00,专属推荐：定开019号（R2·定开），业绩比较基准3.3%，灵活存续，1000元起投，T+0 随时赎回。理财非存款，产品有风险，投资须谨慎。
C004875,1,P025,app_push,工作日18:00-21:00,专属推荐：定开025号（R3·定开），业绩比较基准5.2%，366天，1000元起投，T+0 随时赎回。理财非存款，产品有风险，投资须谨慎。
C004875,2,P008,app_push,周末09:00-12:00,专属推荐：定开008号（R3·定开），业绩比较基准5.1%，366天，10000元起投，封闭运作。理财非存款，产品有风险，投资须谨慎。
C004875,3,P024,app_push,周末14:00-18:00,专属推荐：定开024号（R3·定开），业绩比较基准4.7%，90天，1000元起投，T+1 次日赎回。理财非存款，产品有风险，投资须谨慎。
C004877,1,P006,app_push,工作日18:00-21:00,专属推荐：混合006号（R3·混合），业绩比较基准5.1%，灵活存续，50000元起投，T+1 次日赎回。理财非存款，产品有风险，投资须谨慎。
C004877,2,P001,app_push,周末14:00-18:00,专属推荐：混合001号（R3·混合），业绩比较基准5.5%，730天，50000元起投，封闭运作。理财非存款，产品有风险，投资须谨慎。
C004877,3,P025,app_push,周末09:00-12:00,专属推荐：定开025号（R3·定开），业绩比较基准5.2%，366天，1000元起投，T+0 随时赎回。理财非存款，产品有风险，投资须谨慎。
C004880,1,P014,call,工作日09:00-12:00,您好，我是您的专属理财顾问，为您介绍：混合014号（R1·混合），业绩比较基准2.3%，90天，10000元起投，T+1 次日赎回。理财非存款，产品有风险，投资须谨慎。
C004880,2,P022,call,工作日12:00-14:00,您好，我是您的专属理财顾问，为您介绍：定开022号（R2·定开），业绩比较基准3.0%，730天，10000元起投，T+1 次日赎回。该产品风险等级高于您的风险偏好，请谨慎选择。理财非存款，产品有风险，投资须谨慎。
C004880,3,P013,call,工作日18:00-21:00,您好，我是您的专属理财顾问，为您介绍：定开013号（R2·定开），业绩比较基准3.5%，灵活存续，10000元起投，T+0 随时赎回。该产品风险等级高于您的风险偏好，请谨慎选择。理财非存款，产品有风险，投资须谨慎。
C004886,1,P010,app_push,工作日09:00-12:00,专属推荐：现金管理010号（R1·现金管理），业绩比较基准2.8%，366天，50000元起投，T+0 随时赎回。理财非存款，产品有风险，投资须谨慎。
C004886,2,P030,app_push,工作日18:00-21:00,专属推荐：固定期限030号（R2·固定期限），业绩比较基准3.1%，730天，1000元起投，T+0 随时赎回。该产品风险等级高于您的风险偏好，请谨慎选择。理财非存款，产品有风险，投资须谨慎。
C004886,3,P014,app_push,周末09:00-12:00,专属推荐：混合014号（R1·混合），业绩比较基准2.3%，90天，10000元起投，T+1 次日赎回。理财非存款，产品有风险，投资须谨慎。
C004887,1,P013,call,工作日09:00-12:00,您好，我是您的专属理财顾问，为您介绍：定开013号（R2·定开），业绩比较基准3.5%，灵活存续，10000元起投，T+0 随时赎回。该产品风险等级高于您的风险偏好，请谨慎选择。理财非存款，产品有风险，投资须谨慎。
C004887,2,P019,call,工作日12:00-14:00,您好，我是您的专属理财顾问，为您介绍：定开019号（R2·定开），业绩比较基准3.3%，灵活存续，1000元起投，T+0 随时赎回。该产品风险等级高于您的风险偏好，请谨慎选择。理财非存款，产品有风险，投资须谨慎。
C004887,3,P022,call,周末09:00-12:00,您好，我是您的专属理财顾问，为您介绍：定开022号（R2·定开），业绩比较基准3.0%，730天，10000元起投，T+1 次日赎回。该产品风险等级高于您的风险偏好，请谨慎选择。理财非存款，产品有风险，投资须谨慎。
C004892,1,P012,app_push,工作日18:00-21:00,专属推荐：混合012号（R2·混合），业绩比较基准3.7%，90天，10000元起投，T+1 次日赎回。理财非存款，产品有风险，投资须谨慎。
C004892,2,P026,app_push,周末09:00-12:00,专属推荐：混合026号（R2·混合），业绩比较基准3.1%，180天，1000元起投，T+1 次日赎回。理财非存款，产品有风险，投资须谨慎。
C004892,3,P011,app_push,周末14:00-18:00,专属推荐：固定期限011号（R2·固定期限），业绩比较基准3.3%，90天，10000元起投，T+0 随时赎回。理财非存款，产品有风险，投资须谨慎。
C004893,1,P025,app_push,工作日09:00-12:00,专属推荐：定开025号（R3·定开），业绩比较基准5.2%，366天，1000元起投，T+0 随时赎回。理财非存款，产品有风险，投资须谨慎。
C004893,2,P024,app_push,工作日12:00-14:00,专属推荐：定开024号（R3·定开），业绩比较基准4.7%，90天，1000元起投，T+1 次日赎回。理财非存款，产品有风险，投资须谨慎。
C004893,3,P017,app_push,周末09:00-12:00,专属推荐：现金管理017号（R3·现金管理），业绩比较基准4.3%，180天，1000元起投，T+1 次日赎回。理财非存款，产品有风险，投资须谨慎。
C004896,1,P002,app_push,工作日18:00-21:00,专属推荐：固定期限002号（R5·固定期限），业绩比较基准11.3%，366天，1000元起投，T+0 随时赎回。理财非存款，产品有风险，投资须谨慎。
C004896,2,P023,app_push,周末09:00-12:00,专属推荐：固定期限023号（R5·固定期限），业绩比较基准9.8%，灵活存续，1000元起投，T+1 次日赎回。理财非存款，产品有风险，投资须谨慎。
C004896,3,P004,app_push,周末14:00-18:00,专属推荐：现金管理004号（R5·现金管理），业绩比较基准8.6%，灵活存续，1000元起投，封闭运作。理财非存款，产品有风险，投资须谨慎。
C004901,1,P014,app_push,工作日09:00-12:00,专属推荐：混合014号（R1·混合），业绩比较基准2.3%，90天，10000元起投，T+1 次日赎回。理财非存款，产品有风险，投资须谨慎。
C004901,2,P026,app_push,工作日12:00-14:00,专属推荐：混合026号（R2·混合），业绩比较基准3.1%，180天，1000元起投，T+1 次日赎回。该产品风险等级高于您的风险偏好，请谨慎选择。理财非存款，产品有风险，投资须谨慎。
C004901,3,P020,app_push,工作日18:00-21:00,专属推荐：现金管理020号（R2·现金管理），业绩比较基准3.6%，366天，10000元起投，T+1 次日赎回。该产品风险等级高于您的风险偏好，请谨慎选择。理财非存款，产品有风险，投资须谨慎。
C004902,1,P004,app_push,工作日09:00-12:00,专属推荐：现金管理004号（R5·现金管理），业绩比较基准8.6%，灵活存续，1000元起投，封闭运作。该产品风险等级高于您的风险偏好，请谨慎选择。理财非存款，产品有风险，投资须谨慎。
C004902,2,P029,app_push,工作日12:00-14:00,专属推荐：固定期限029号（R4·固定期限），业绩比较基准7.8%，灵活存续，10000元起投，封闭运作。理财非存款，产品有风险，投资须谨慎。
C004902,3,P017,app_push,周末09:00-12:00,专属推荐：现金管理017号（R3·现金管理），业绩比较基准4.3%，180天，1000元起投，T+1 次日赎回。理财非存款，产品有风险，投资须谨慎。
C004903,1,P015,app_push,工作日18:00-21:00,专属推荐：固定期限015号（R4·固定期限），业绩比较基准6.7%，366天，50000元起投，封闭运作。该产品风险等级高于您的风险偏好，请谨慎选择。理财非存款，产品有风险，投资须谨慎。
C004903,2,P003,app_push,周末09:00-12:00,专属推荐：固定期限003号（R3·固定期限），业绩比较基准4.5%，730天，50000元起投，封闭运作。理财非存款，产品有风险，投资须谨慎。
C004903,3,P011,app_push,周末14:00-18:00,专属推荐：固定期限011号（R2·固定期限），业绩比较基准3.3%，90天，10000元起投，T+0 随时赎回。理财非存款，产品有风险，投资须谨慎。
C004906,1,P011,app_push,工作日12:00-14:00,专属推荐：固定期限011号（R2·固定期限），业绩比较基准3.3%，90天，10000元起投，T+0 随时赎回。理财非存款，产品有风险，投资须谨慎。
C004906,2,P030,app_push,工作日18:00-21:00,专属推荐：固定期限030号（R2·固定期限），业绩比较基准3.1%，730天，1000元起投，T+0 随时赎回。理财非存款，产品有风险，投资须谨慎。
C004906,3,P003,app_push,周末14:00-18:00,专属推荐：固定期限003号（R3·固定期限），业绩比较基准4.5%，730天，50000元起投，封闭运作。该产品风险等级高于您的风险偏好，请谨慎选择。理财非存款，产品有风险，投资须谨慎。
C004907,1,P006,call,工作日09:00-12:00,您好，我是您的专属理财顾问，为您介绍：混合006号（R3·混合），业绩比较基准5.1%，灵活存续，50000元起投，T+1 次日赎回。理财非存款，产品有风险，投资须谨慎。
C004907,2,P029,call,工作日12:00-14:00,您好，我是您的专属理财顾问，为您介绍：固定期限029号（R4·固定期限），业绩比较基准7.8%，灵活存续，10000元起投，封闭运作。理财非存款，产品有风险，投资须谨慎。
C004907,3,P002,call,周末09:00-12:00,您好，我是您的专属理财顾问，为您介绍：固定期限002号（R5·固定期限），业绩比较基准11.3%，366天，1000元起投，T+0 随时赎回。该产品风险等级高于您的风险偏好，请谨慎选择。理财非存款，产品有风险，投资须谨慎。
C004909,1,P024,app_push,工作日18:00-21:00,专属推荐：定开024号（R3·定开），业绩比较基准4.7%，90天，1000元起投，T+1 次日赎回。理财非存款，产品有风险，投资须谨慎。
C004909,2,P025,app_push,周末09:00-12:00,专属推荐：定开025号（R3·定开），业绩比较基准5.2%，366天，1000元起投，T+0 随时赎回。理财非存款，产品有风险，投资须谨慎。
C004909,3,P008,app_push,周末14:00-18:00,专属推荐：定开008号（R3·定开），业绩比较基准5.1%，366天，10000元起投，封闭运作。理财非存款，产品有风险，投资须谨慎。
C004913,1,P004,app_push,工作日18:00-21:00,专属推荐：现金管理004号（R5·现金管理），业绩比较基准8.6%，灵活存续，1000元起投，封闭运作。该产品风险等级高于您的风险偏好，请谨慎选择。理财非存款，产品有风险，投资须谨慎。
C004913,2,P017,app_push,周末14:00-18:00,专属推荐：现金管理017号（R3·现金管理），业绩比较基准4.3%，180天，1000元起投，T+1 次日赎回。理财非存款，产品有风险，投资须谨慎。
C004913,3,P002,app_push,周末09:00-12:00,专属推荐：固定期限002号（R5·固定期限），业绩比较基准11.3%，366天，1000元起投，T+0 随时赎回。该产品风险等级高于您的风险偏好，请谨慎选择。理财非存款，产品有风险，投资须谨慎。
C004915,1,P026,app_push,工作日12:00-14:00,专属推荐：混合026号（R2·混合），业绩比较基准3.1%，180天，1000元起投，T+1 次日赎回。该产品风险等级高于您的风险偏好，请谨慎选择。理财非存款，产品有风险，投资须谨慎。
C004915,2,P019,app_push,工作日18:00-21:00,专属推荐：定开019号（R2·定开），业绩比较基准3.3%，灵活存续，1000元起投，T+0 随时赎回。该产品风险等级高于您的风险偏好，请谨慎选择。理财非存款，产品有风险，投资须谨慎。
C004915,3,P030,app_push,周末14:00-18:00,专属推荐：固定期限030号（R2·固定期限），业绩比较基准3.1%，730天，1000元起投，T+0 随时赎回。该产品风险等级高于您的风险偏好，请谨慎选择。理财非存款，产品有风险，投资须谨慎。
C004918,1,P029,app_push,工作日12:00-14:00,专属推荐：固定期限029号（R4·固定期限），业绩比较基准7.8%，灵活存续，10000元起投，封闭运作。理财非存款，产品有风险，投资须谨慎。
C004918,2,P015,app_push,工作日18:00-21:00,专属推荐：固定期限015号（R4·固定期限），业绩比较基准6.7%，366天，50000元起投，封闭运作。理财非存款，产品有风险，投资须谨慎。
C004918,3,P002,app_push,周末14:00-18:00,专属推荐：固定期限002号（R5·固定期限），业绩比较基准11.3%，366天，1000元起投，T+0 随时赎回。该产品风险等级高于您的风险偏好，请谨慎选择。理财非存款，产品有风险，投资须谨慎。
C004922,1,P006,app_push,工作日09:00-12:00,专属推荐：混合006号（R3·混合），业绩比较基准5.1%，灵活存续，50000元起投，T+1 次日赎回。理财非存款，产品有风险，投资须谨慎。
C004922,2,P001,app_push,工作日12:00-14:00,专属推荐：混合001号（R3·混合），业绩比较基准5.5%，730天，50000元起投，封闭运作。理财非存款，产品有风险，投资须谨慎。
C004922,3,P021,app_push,工作日18:00-21:00,专属推荐：混合021号（R3·混合），业绩比较基准5.4%，730天，100000元起投，封闭运作。理财非存款，产品有风险，投资须谨慎。
C004927,1,P012,app_push,工作日12:00-14:00,专属推荐：混合012号（R2·混合），业绩比较基准3.7%，90天，10000元起投，T+1 次日赎回。理财非存款，产品有风险，投资须谨慎。
C004927,2,P013,app_push,周末14:00-18:00,专属推荐：定开013号（R2·定开），业绩比较基准3.5%，灵活存续，10000元起投，T+0 随时赎回。理财非存款，产品有风险，投资须谨慎。
C004927,3,P026,app_push,工作日18:00-21:00,专属推荐：混合026号（R2·混合），业绩比较基准3.1%，180天，1000元起投，T+1 次日赎回。理财非存款，产品有风险，投资须谨慎。
C004933,1,P012,call,工作日09:00-12:00,您好，我是您的专属理财顾问，为您介绍：混合012号（R2·混合），业绩比较基准3.7%，90天，10000元起投，T+1 次日赎回。理财非存款，产品有风险，投资须谨慎。
C004933,2,P026,call,工作日12:00-14:00,您好，我是您的专属理财顾问，为您介绍：混合026号（R2·混合），业绩比较基准3.1%，180天，1000元起投，T+1 次日赎回。理财非存款，产品有风险，投资须谨慎。
C004933,3,P025,call,工作日18:00-21:00,您好，我是您的专属理财顾问，为您介绍：定开025号（R3·定开），业绩比较基准5.2%，366天，1000元起投，T+0 随时赎回。理财非存款，产品有风险，投资须谨慎。
C004943,1,P029,call,工作日09:00-12:00,您好，我是您的专属理财顾问，为您介绍：固定期限029号（R4·固定期限），业绩比较基准7.8%，灵活存续，10000元起投，封闭运作。理财非存款，产品有风险，投资须谨慎。
C004943,2,P002,call,工作日12:00-14:00,您好，我是您的专属理财顾问，为您介绍：固定期限002号（R5·固定期限），业绩比较基准11.3%，366天，1000元起投，T+0 随时赎回。该产品风险等级高于您的风险偏好，请谨慎选择。理财非存款，产品有风险，投资须谨慎。
C004943,3,P023,call,工作日18:00-21:00,您好，我是您的专属理财顾问，为您介绍：固定期限023号（R5·固定期限），业绩比较基准9.8%，灵活存续，1000元起投，T+1 次日赎回。该产品风险等级高于您的风险偏好，请谨慎选择。理财非存款，产品有风险，投资须谨慎。
C004948,1,P018,app_push,工作日09:00-12:00,专属推荐：现金管理018号（R2·现金管理），业绩比较基准3.6%，730天，10000元起投，T+0 随时赎回。理财非存款，产品有风险，投资须谨慎。
C004948,2,P017,app_push,工作日12:00-14:00,专属推荐：现金管理017号（R3·现金管理），业绩比较基准4.3%，180天，1000元起投，T+1 次日赎回。该产品风险等级高于您的风险偏好，请谨慎选择。理财非存款，产品有风险，投资须谨慎。
C004948,3,P026,app_push,周末14:00-18:00,专属推荐：混合026号（R2·混合），业绩比较基准3.1%，180天，1000元起投，T+1 次日赎回。理财非存款，产品有风险，投资须谨慎。
C004960,1,P022,manager,工作日18:00-21:00,钻石贵宾专享：定开022号（R2·定开），业绩比较基准3.0%，730天，10000元起投，T+1 次日赎回，可为您预约专属认购。理财非存款，产品有风险，投资须谨慎。
C004960,2,P013,manager,周末14:00-18:00,钻石贵宾专享：定开013号（R2·定开），业绩比较基准3.5%，灵活存续，10000元起投，T+0 随时赎回，可为您预约专属认购。理财非存款，产品有风险，投资须谨慎。
C004960,3,P011,manager,周末09:00-12:00,钻石贵宾专享：固定期限011号（R2·固定期限），业绩比较基准3.3%，90天，10000元起投，T+0 随时赎回，可为您预约专属认购。理财非存款，产品有风险，投资须谨慎。
C004963,1,P026,manager,工作日18:00-21:00,钻石贵宾专享：混合026号（R2·混合），业绩比较基准3.1%，180天，1000元起投，T+1 次日赎回，可为您预约专属认购。理财非存款，产品有风险，投资须谨慎。
C004963,2,P014,manager,周末14:00-18:00,钻石贵宾专享：混合014号（R1·混合），业绩比较基准2.3%，90天，10000元起投，T+1 次日赎回，可为您预约专属认购。理财非存款，产品有风险，投资须谨慎。
C004963,3,P007,manager,周末09:00-12:00,钻石贵宾专享：定开007号（R3·定开），业绩比较基准4.6%，730天，50000元起投，封闭运作，可为您预约专属认购。该产品风险等级高于您的风险偏好，请谨慎选择。理财非存款，产品有风险，投资须谨慎。
C004966,1,P012,app_push,工作日12:00-14:00,专属推荐：混合012号（R2·混合），业绩比较基准3.7%，90天，10000元起投，T+1 次日赎回。理财非存款，产品有风险，投资须谨慎。
C004966,2,P013,app_push,工作日18:00-21:00,专属推荐：定开013号（R2·定开），业绩比较基准3.5%，灵活存续，10000元起投，T+0 随时赎回。理财非存款，产品有风险，投资须谨慎。
C004966,3,P011,app_push,周末14:00-18:00,专属推荐：固定期限011号（R2·固定期限），业绩比较基准3.3%，90天，10000元起投，T+0 随时赎回。理财非存款，产品有风险，投资须谨慎。
C004968,1,P002,app_push,工作日12:00-14:00,专属推荐：固定期限002号（R5·固定期限），业绩比较基准11.3%，366天，1000元起投，T+0 随时赎回。理财非存款，产品有风险，投资须谨慎。
C004968,2,P023,app_push,周末14:00-18:00,专属推荐：固定期限023号（R5·固定期限），业绩比较基准9.8%，灵活存续，1000元起投，T+1 次日赎回。理财非存款，产品有风险，投资须谨慎。
C004968,3,P004,app_push,工作日18:00-21:00,专属推荐：现金管理004号（R5·现金管理），业绩比较基准8.6%，灵活存续，1000元起投，封闭运作。理财非存款，产品有风险，投资须谨慎。
C004971,1,P026,call,工作日12:00-14:00,您好，我是您的专属理财顾问，为您介绍：混合026号（R2·混合），业绩比较基准3.1%，180天，1000元起投，T+1 次日赎回。理财非存款，产品有风险，投资须谨慎。
C004971,2,P019,call,周末14:00-18:00,您好，我是您的专属理财顾问，为您介绍：定开019号（R2·定开），业绩比较基准3.3%，灵活存续，1000元起投，T+0 随时赎回。理财非存款，产品有风险，投资须谨慎。
C004971,3,P030,call,工作日18:00-21:00,您好，我是您的专属理财顾问，为您介绍：固定期限030号（R2·固定期限），业绩比较基准3.1%，730天，1000元起投，T+0 随时赎回。理财非存款，产品有风险，投资须谨慎。
C004972,1,P025,app_push,工作日09:00-12:00,专属推荐：定开025号（R3·定开），业绩比较基准5.2%，366天，1000元起投，T+0 随时赎回。理财非存款，产品有风险，投资须谨慎。
C004972,2,P024,app_push,工作日12:00-14:00,专属推荐：定开024号（R3·定开），业绩比较基准4.7%，90天，1000元起投，T+1 次日赎回。理财非存款，产品有风险，投资须谨慎。
C004972,3,P008,app_push,周末09:00-12:00,专属推荐：定开008号（R3·定开），业绩比较基准5.1%，366天，10000元起投，封闭运作。理财非存款，产品有风险，投资须谨慎。
C004973,1,P006,call,工作日09:00-12:00,您好，我是您的专属理财顾问，为您介绍：混合006号（R3·混合），业绩比较基准5.1%，灵活存续，50000元起投，T+1 次日赎回。理财非存款，产品有风险，投资须谨慎。
C004973,2,P025,call,工作日12:00-14:00,您好，我是您的专属理财顾问，为您介绍：定开025号（R3·定开），业绩比较基准5.2%，366天，1000元起投，T+0 随时赎回。理财非存款，产品有风险，投资须谨慎。
C004973,3,P001,call,周末09:00-12:00,您好，我是您的专属理财顾问，为您介绍：混合001号（R3·混合），业绩比较基准5.5%，730天，50000元起投，封闭运作。理财非存款，产品有风险，投资须谨慎。
C004975,1,P030,call,工作日12:00-14:00,您好，我是您的专属理财顾问，为您介绍：固定期限030号（R2·固定期限），业绩比较基准3.1%，730天，1000元起投，T+0 随时赎回。该产品风险等级高于您的风险偏好，请谨慎选择。理财非存款，产品有风险，投资须谨慎。
C004975,2,P026,call,周末14:00-18:00,您好，我是您的专属理财顾问，为您介绍：混合026号（R2·混合），业绩比较基准3.1%，180天，1000元起投，T+1 次日赎回。该产品风险等级高于您的风险偏好，请谨慎选择。理财非存款，产品有风险，投资须谨慎。
C004975,3,P019,call,工作日18:00-21:00,您好，我是您的专属理财顾问，为您介绍：定开019号（R2·定开），业绩比较基准3.3%，灵活存续，1000元起投，T+0 随时赎回。该产品风险等级高于您的风险偏好，请谨慎选择。理财非存款，产品有风险，投资须谨慎。
C004977,1,P025,app_push,工作日09:00-12:00,专属推荐：定开025号（R3·定开），业绩比较基准5.2%，366天，1000元起投，T+0 随时赎回。理财非存款，产品有风险，投资须谨慎。
C004977,2,P024,app_push,工作日12:00-14:00,专属推荐：定开024号（R3·定开），业绩比较基准4.7%，90天，1000元起投，T+1 次日赎回。理财非存款，产品有风险，投资须谨慎。
C004977,3,P008,app_push,周末09:00-12:00,专属推荐：定开008号（R3·定开），业绩比较基准5.1%，366天，10000元起投，封闭运作。理财非存款，产品有风险，投资须谨慎。
C004978,1,P002,app_push,工作日09:00-12:00,专属推荐：固定期限002号（R5·固定期限），业绩比较基准11.3%，366天，1000元起投，T+0 随时赎回。理财非存款，产品有风险，投资须谨慎。
C004978,2,P023,app_push,工作日12:00-14:00,专属推荐：固定期限023号（R5·固定期限），业绩比较基准9.8%，灵活存续，1000元起投，T+1 次日赎回。理财非存款，产品有风险，投资须谨慎。
C004978,3,P004,app_push,工作日18:00-21:00,专属推荐：现金管理004号（R5·现金管理），业绩比较基准8.6%，灵活存续，1000元起投，封闭运作。理财非存款，产品有风险，投资须谨慎。
C004983,1,P020,app_push,工作日09:00-12:00,专属推荐：现金管理020号（R2·现金管理），业绩比较基准3.6%，366天，10000元起投，T+1 次日赎回。理财非存款，产品有风险，投资须谨慎。
C004983,2,P011,app_push,工作日12:00-14:00,专属推荐：固定期限011号（R2·固定期限），业绩比较基准3.3%，90天，10000元起投，T+0 随时赎回。理财非存款，产品有风险，投资须谨慎。
C004983,3,P013,app_push,周末09:00-12:00,专属推荐：定开013号（R2·定开），业绩比较基准3.5%，灵活存续，10000元起投，T+0 随时赎回。理财非存款，产品有风险，投资须谨慎。
C004984,1,P014,app_push,工作日09:00-12:00,专属推荐：混合014号（R1·混合），业绩比较基准2.3%，90天，10000元起投，T+1 次日赎回。理财非存款，产品有风险，投资须谨慎。
C004984,2,P026,app_push,工作日12:00-14:00,专属推荐：混合026号（R2·混合），业绩比较基准3.1%，180天，1000元起投，T+1 次日赎回。该产品风险等级高于您的风险偏好，请谨慎选择。理财非存款，产品有风险，投资须谨慎。
C004984,3,P012,app_push,周末09:00-12:00,专属推荐：混合012号（R2·混合），业绩比较基准3.7%，90天，10000元起投，T+1 次日赎回。该产品风险等级高于您的风险偏好，请谨慎选择。理财非存款，产品有风险，投资须谨慎。
C004985,1,P004,app_push,工作日12:00-14:00,专属推荐：现金管理004号（R5·现金管理），业绩比较基准8.6%，灵活存续，1000元起投，封闭运作。理财非存款，产品有风险，投资须谨慎。
C004985,2,P002,app_push,周末14:00-18:00,专属推荐：固定期限002号（R5·固定期限），业绩比较基准11.3%，366天，1000元起投，T+0 随时赎回。理财非存款，产品有风险，投资须谨慎。
C004985,3,P023,app_push,工作日18:00-21:00,专属推荐：固定期限023号（R5·固定期限），业绩比较基准9.8%，灵活存续，1000元起投，T+1 次日赎回。理财非存款，产品有风险，投资须谨慎。
C004988,1,P019,call,工作日12:00-14:00,您好，我是您的专属理财顾问，为您介绍：定开019号（R2·定开），业绩比较基准3.3%，灵活存续，1000元起投，T+0 随时赎回。理财非存款，产品有风险，投资须谨慎。
C004988,2,P025,call,工作日18:00-21:00,您好，我是您的专属理财顾问，为您介绍：定开025号（R3·定开），业绩比较基准5.2%，366天，1000元起投，T+0 随时赎回。该产品风险等级高于您的风险偏好，请谨慎选择。理财非存款，产品有风险，投资须谨慎。
C004988,3,P013,call,周末14:00-18:00,您好，我是您的专属理财顾问，为您介绍：定开013号（R2·定开），业绩比较基准3.5%，灵活存续，10000元起投，T+0 随时赎回。理财非存款，产品有风险，投资须谨慎。
C004997,1,P004,app_push,工作日12:00-14:00,专属推荐：现金管理004号（R5·现金管理），业绩比较基准8.6%，灵活存续，1000元起投，封闭运作。理财非存款，产品有风险，投资须谨慎。
C004997,2,P002,app_push,周末14:00-18:00,专属推荐：固定期限002号（R5·固定期限），业绩比较基准11.3%，366天，1000元起投，T+0 随时赎回。理财非存款，产品有风险，投资须谨慎。
C004997,3,P023,app_push,工作日18:00-21:00,专属推荐：固定期限023号（R5·固定期限），业绩比较基准9.8%，灵活存续，1000元起投，T+1 次日赎回。理财非存款，产品有风险，投资须谨慎。
C004998,1,P012,app_push,工作日18:00-21:00,专属推荐：混合012号（R2·混合），业绩比较基准3.7%，90天，10000元起投，T+1 次日赎回。理财非存款，产品有风险，投资须谨慎。
C004998,2,P001,app_push,周末09:00-12:00,专属推荐：混合001号（R3·混合），业绩比较基准5.5%，730天，50000元起投，封闭运作。理财非存款，产品有风险，投资须谨慎。
C004998,3,P006,app_push,周末14:00-18:00,专属推荐：混合006号（R3·混合），业绩比较基准5.1%，灵活存续，50000元起投，T+1 次日赎回。理财非存款，产品有风险，投资须谨慎。
C005008,1,P011,app_push,工作日09:00-12:00,专属推荐：固定期限011号（R2·固定期限），业绩比较基准3.3%，90天，10000元起投，T+0 随时赎回。该产品风险等级高于您的风险偏好，请谨慎选择。理财非存款，产品有风险，投资须谨慎。
C005008,2,P030,app_push,工作日12:00-14:00,专属推荐：固定期限030号（R2·固定期限），业绩比较基准3.1%，730天，1000元起投，T+0 随时赎回。该产品风险等级高于您的风险偏好，请谨慎选择。理财非存款，产品有风险，投资须谨慎。
C005008,3,P014,app_push,周末09:00-12:00,专属推荐：混合014号（R1·混合），业绩比较基准2.3%，90天，10000元起投，T+1 次日赎回。理财非存款，产品有风险，投资须谨慎。
C005009,1,P008,call,工作日09:00-12:00,您好，我是您的专属理财顾问，为您介绍：定开008号（R3·定开），业绩比较基准5.1%，366天，10000元起投，封闭运作。理财非存款，产品有风险，投资须谨慎。
C005009,2,P025,call,工作日12:00-14:00,您好，我是您的专属理财顾问，为您介绍：定开025号（R3·定开），业绩比较基准5.2%，366天，1000元起投，T+0 随时赎回。理财非存款，产品有风险，投资须谨慎。
C005009,3,P024,call,工作日18:00-21:00,您好，我是您的专属理财顾问，为您介绍：定开024号（R3·定开），业绩比较基准4.7%，90天，1000元起投，T+1 次日赎回。理财非存款，产品有风险，投资须谨慎。
C005020,1,P017,app_push,工作日18:00-21:00,专属推荐：现金管理017号（R3·现金管理），业绩比较基准4.3%，180天，1000元起投，T+1 次日赎回。理财非存款，产品有风险，投资须谨慎。
C005020,2,P025,app_push,周末14:00-18:00,专属推荐：定开025号（R3·定开），业绩比较基准5.2%，366天，1000元起投，T+0 随时赎回。理财非存款，产品有风险，投资须谨慎。
C005020,3,P020,app_push,周末09:00-12:00,专属推荐：现金管理020号（R2·现金管理），业绩比较基准3.6%，366天，10000元起投，T+1 次日赎回。理财非存款，产品有风险，投资须谨慎。
C005024,1,P025,app_push,工作日18:00-21:00,专属推荐：定开025号（R3·定开），业绩比较基准5.2%，366天，1000元起投，T+0 随时赎回。理财非存款，产品有风险，投资须谨慎。
C005024,2,P024,app_push,周末14:00-18:00,专属推荐：定开024号（R3·定开），业绩比较基准4.7%，90天，1000元起投，T+1 次日赎回。理财非存款，产品有风险，投资须谨慎。
C005024,3,P008,app_push,周末09:00-12:00,专属推荐：定开008号（R3·定开），业绩比较基准5.1%，366天，10000元起投，封闭运作。理财非存款，产品有风险，投资须谨慎。
C005036,1,P029,app_push,工作日12:00-14:00,专属推荐：固定期限029号（R4·固定期限），业绩比较基准7.8%，灵活存续，10000元起投，封闭运作。该产品风险等级高于您的风险偏好，请谨慎选择。理财非存款，产品有风险，投资须谨慎。
C005036,2,P025,app_push,周末14:00-18:00,专属推荐：定开025号（R3·定开），业绩比较基准5.2%，366天，1000元起投，T+0 随时赎回。理财非存款，产品有风险，投资须谨慎。
C005036,3,P011,app_push,工作日18:00-21:00,专属推荐：固定期限011号（R2·固定期限），业绩比较基准3.3%，90天，10000元起投，T+0 随时赎回。理财非存款，产品有风险，投资须谨慎。
C005042,1,P012,manager,工作日09:00-12:00,钻石贵宾专享：混合012号（R2·混合），业绩比较基准3.7%，90天，10000元起投，T+1 次日赎回，可为您预约专属认购。该产品风险等级高于您的风险偏好，请谨慎选择。理财非存款，产品有风险，投资须谨慎。
C005042,2,P014,manager,工作日12:00-14:00,钻石贵宾专享：混合014号（R1·混合），业绩比较基准2.3%，90天，10000元起投，T+1 次日赎回，可为您预约专属认购。理财非存款，产品有风险，投资须谨慎。
C005042,3,P026,manager,周末09:00-12:00,钻石贵宾专享：混合026号（R2·混合），业绩比较基准3.1%，180天，1000元起投，T+1 次日赎回，可为您预约专属认购。该产品风险等级高于您的风险偏好，请谨慎选择。理财非存款，产品有风险，投资须谨慎。
C005053,1,P002,call,工作日18:00-21:00,您好，我是您的专属理财顾问，为您介绍：固定期限002号（R5·固定期限），业绩比较基准11.3%，366天，1000元起投，T+0 随时赎回。理财非存款，产品有风险，投资须谨慎。
C005053,2,P023,call,周末14:00-18:00,您好，我是您的专属理财顾问，为您介绍：固定期限023号（R5·固定期限），业绩比较基准9.8%，灵活存续，1000元起投，T+1 次日赎回。理财非存款，产品有风险，投资须谨慎。
C005053,3,P004,call,周末09:00-12:00,您好，我是您的专属理财顾问，为您介绍：现金管理004号（R5·现金管理），业绩比较基准8.6%，灵活存续，1000元起投，封闭运作。理财非存款，产品有风险，投资须谨慎。
C005055,1,P026,app_push,工作日09:00-12:00,专属推荐：混合026号（R2·混合），业绩比较基准3.1%，180天，1000元起投，T+1 次日赎回。理财非存款，产品有风险，投资须谨慎。
C005055,2,P019,app_push,工作日12:00-14:00,专属推荐：定开019号（R2·定开），业绩比较基准3.3%，灵活存续，1000元起投，T+0 随时赎回。理财非存款，产品有风险，投资须谨慎。
C005055,3,P030,app_push,工作日18:00-21:00,专属推荐：固定期限030号（R2·固定期限），业绩比较基准3.1%，730天，1000元起投，T+0 随时赎回。理财非存款，产品有风险，投资须谨慎。
C005058,1,P025,app_push,工作日12:00-14:00,专属推荐：定开025号（R3·定开），业绩比较基准5.2%，366天，1000元起投，T+0 随时赎回。理财非存款，产品有风险，投资须谨慎。
C005058,2,P008,app_push,周末14:00-18:00,专属推荐：定开008号（R3·定开），业绩比较基准5.1%，366天，10000元起投，封闭运作。理财非存款，产品有风险，投资须谨慎。
C005058,3,P024,app_push,工作日18:00-21:00,专属推荐：定开024号（R3·定开），业绩比较基准4.7%，90天，1000元起投，T+1 次日赎回。理财非存款，产品有风险，投资须谨慎。
C005059,1,P017,app_push,工作日12:00-14:00,专属推荐：现金管理017号（R3·现金管理），业绩比较基准4.3%，180天，1000元起投，T+1 次日赎回。理财非存款，产品有风险，投资须谨慎。
C005059,2,P018,app_push,周末14:00-18:00,专属推荐：现金管理018号（R2·现金管理），业绩比较基准3.6%，730天，10000元起投，T+0 随时赎回。理财非存款，产品有风险，投资须谨慎。
C005059,3,P025,app_push,工作日18:00-21:00,专属推荐：定开025号（R3·定开），业绩比较基准5.2%，366天，1000元起投，T+0 随时赎回。理财非存款，产品有风险，投资须谨慎。
C005067,1,P006,call,工作日18:00-21:00,您好，我是您的专属理财顾问，为您介绍：混合006号（R3·混合），业绩比较基准5.1%，灵活存续，50000元起投，T+1 次日赎回。理财非存款，产品有风险，投资须谨慎。
C005067,2,P001,call,周末09:00-12:00,您好，我是您的专属理财顾问，为您介绍：混合001号（R3·混合），业绩比较基准5.5%，730天，50000元起投，封闭运作。理财非存款，产品有风险，投资须谨慎。
C005067,3,P008,call,周末14:00-18:00,您好，我是您的专属理财顾问，为您介绍：定开008号（R3·定开），业绩比较基准5.1%，366天，10000元起投，封闭运作。理财非存款，产品有风险，投资须谨慎。
C005069,1,P002,manager,工作日18:00-21:00,钻石贵宾专享：固定期限002号（R5·固定期限），业绩比较基准11.3%，366天，1000元起投，T+0 随时赎回，可为您预约专属认购。该产品风险等级高于您的风险偏好，请谨慎选择。理财非存款，产品有风险，投资须谨慎。
C005069,2,P023,manager,周末14:00-18:00,钻石贵宾专享：固定期限023号（R5·固定期限），业绩比较基准9.8%，灵活存续，1000元起投，T+1 次日赎回，可为您预约专属认购。该产品风险等级高于您的风险偏好，请谨慎选择。理财非存款，产品有风险，投资须谨慎。
C005069,3,P004,manager,周末09:00-12:00,钻石贵宾专享：现金管理004号（R5·现金管理），业绩比较基准8.6%，灵活存续，1000元起投，封闭运作，可为您预约专属认购。该产品风险等级高于您的风险偏好，请谨慎选择。理财非存款，产品有风险，投资须谨慎。
C005076,1,P003,app_push,工作日09:00-12:00,专属推荐：固定期限003号（R3·固定期限），业绩比较基准4.5%，730天，50000元起投，封闭运作。理财非存款，产品有风险，投资须谨慎。
C005076,2,P025,app_push,工作日12:00-14:00,专属推荐：定开025号（R3·定开），业绩比较基准5.2%，366天，1000元起投，T+0 随时赎回。理财非存款，产品有风险，投资须谨慎。
C005076,3,P029,app_push,工作日18:00-21:00,专属推荐：固定期限029号（R4·固定期限），业绩比较基准7.8%，灵活存续，10000元起投，封闭运作。该产品风险等级高于您的风险偏好，请谨慎选择。理财非存款，产品有风险，投资须谨慎。
C005081,1,P025,call,工作日18:00-21:00,您好，我是您的专属理财顾问，为您介绍：定开025号（R3·定开），业绩比较基准5.2%，366天，1000元起投，T+0 随时赎回。理财非存款，产品有风险，投资须谨慎。
C005081,2,P029,call,周末14:00-18:00,您好，我是您的专属理财顾问，为您介绍：固定期限029号（R4·固定期限），业绩比较基准7.8%，灵活存续，10000元起投，封闭运作。理财非存款，产品有风险，投资须谨慎。
C005081,3,P024,call,周末09:00-12:00,您好，我是您的专属理财顾问，为您介绍：定开024号（R3·定开），业绩比较基准4.7%，90天，1000元起投，T+1 次日赎回。理财非存款，产品有风险，投资须谨慎。
C005083,1,P030,app_push,工作日18:00-21:00,专属推荐：固定期限030号（R2·固定期限），业绩比较基准3.1%，730天，1000元起投，T+0 随时赎回。理财非存款，产品有风险，投资须谨慎。
C005083,2,P025,app_push,周末14:00-18:00,专属推荐：定开025号（R3·定开），业绩比较基准5.2%，366天，1000元起投，T+0 随时赎回。理财非存款，产品有风险，投资须谨慎。
C005083,3,P024,app_push,周末09:00-12:00,专属推荐：定开024号（R3·定开），业绩比较基准4.7%，90天，1000元起投，T+1 次日赎回。理财非存款，产品有风险，投资须谨慎。
C005089,1,P029,manager,工作日09:00-12:00,钻石贵宾专享：固定期限029号（R4·固定期限），业绩比较基准7.8%，灵活存续，10000元起投，封闭运作，可为您预约专属认购。理财非存款，产品有风险，投资须谨慎。
C005089,2,P002,manager,工作日12:00-14:00,钻石贵宾专享：固定期限002号（R5·固定期限），业绩比较基准11.3%，366天，1000元起投，T+0 随时赎回，可为您预约专属认购。该产品风险等级高于您的风险偏好，请谨慎选择。理财非存款，产品有风险，投资须谨慎。
C005089,3,P023,manager,工作日18:00-21:00,钻石贵宾专享：固定期限023号（R5·固定期限），业绩比较基准9.8%，灵活存续，1000元起投，T+1 次日赎回，可为您预约专属认购。该产品风险等级高于您的风险偏好，请谨慎选择。理财非存款，产品有风险，投资须谨慎。
C005098,1,P002,app_push,工作日12:00-14:00,专属推荐：固定期限002号（R5·固定期限），业绩比较基准11.3%，366天，1000元起投，T+0 随时赎回。该产品风险等级高于您的风险偏好，请谨慎选择。理财非存款，产品有风险，投资须谨慎。
C005098,2,P023,app_push,工作日18:00-21:00,专属推荐：固定期限023号（R5·固定期限），业绩比较基准9.8%，灵活存续，1000元起投，T+1 次日赎回。该产品风险等级高于您的风险偏好，请谨慎选择。理财非存款，产品有风险，投资须谨慎。
C005098,3,P004,app_push,周末14:00-18:00,专属推荐：现金管理004号（R5·现金管理），业绩比较基准8.6%，灵活存续，1000元起投，封闭运作。该产品风险等级高于您的风险偏好，请谨慎选择。理财非存款，产品有风险，投资须谨慎。
C005102,1,P026,call,工作日09:00-12:00,您好，我是您的专属理财顾问，为您介绍：混合026号（R2·混合），业绩比较基准3.1%，180天，1000元起投，T+1 次日赎回。理财非存款，产品有风险，投资须谨慎。
C005102,2,P019,call,工作日12:00-14:00,您好，我是您的专属理财顾问，为您介绍：定开019号（R2·定开），业绩比较基准3.3%，灵活存续，1000元起投，T+0 随时赎回。理财非存款，产品有风险，投资须谨慎。
C005102,3,P030,call,工作日18:00-21:00,您好，我是您的专属理财顾问，为您介绍：固定期限030号（R2·固定期限），业绩比较基准3.1%，730天，1000元起投，T+0 随时赎回。理财非存款，产品有风险，投资须谨慎。
C005103,1,P018,app_push,工作日12:00-14:00,专属推荐：现金管理018号（R2·现金管理），业绩比较基准3.6%，730天，10000元起投，T+0 随时赎回。理财非存款，产品有风险，投资须谨慎。
C005103,2,P020,app_push,工作日18:00-21:00,专属推荐：现金管理020号（R2·现金管理），业绩比较基准3.6%，366天，10000元起投，T+1 次日赎回。理财非存款，产品有风险，投资须谨慎。
C005103,3,P012,app_push,周末14:00-18:00,专属推荐：混合012号（R2·混合），业绩比较基准3.7%，90天，10000元起投，T+1 次日赎回。理财非存款，产品有风险，投资须谨慎。
C005109,1,P011,call,工作日12:00-14:00,您好，我是您的专属理财顾问，为您介绍：固定期限011号（R2·固定期限），业绩比较基准3.3%，90天，10000元起投，T+0 随时赎回。理财非存款，产品有风险，投资须谨慎。
C005109,2,P026,call,工作日18:00-21:00,您好，我是您的专属理财顾问，为您介绍：混合026号（R2·混合），业绩比较基准3.1%，180天，1000元起投，T+1 次日赎回。理财非存款，产品有风险，投资须谨慎。
C005109,3,P012,call,周末14:00-18:00,您好，我是您的专属理财顾问，为您介绍：混合012号（R2·混合），业绩比较基准3.7%，90天，10000元起投，T+1 次日赎回。理财非存款，产品有风险，投资须谨慎。
C005111,1,P008,manager,工作日09:00-12:00,钻石贵宾专享：定开008号（R3·定开），业绩比较基准5.1%，366天，10000元起投，封闭运作，可为您预约专属认购。理财非存款，产品有风险，投资须谨慎。
C005111,2,P025,manager,工作日12:00-14:00,钻石贵宾专享：定开025号（R3·定开），业绩比较基准5.2%，366天，1000元起投，T+0 随时赎回，可为您预约专属认购。理财非存款，产品有风险，投资须谨慎。
C005111,3,P024,manager,工作日18:00-21:00,钻石贵宾专享：定开024号（R3·定开），业绩比较基准4.7%，90天，1000元起投，T+1 次日赎回，可为您预约专属认购。理财非存款，产品有风险，投资须谨慎。
C005119,1,P019,call,工作日12:00-14:00,您好，我是您的专属理财顾问，为您介绍：定开019号（R2·定开），业绩比较基准3.3%，灵活存续，1000元起投，T+0 随时赎回。该产品风险等级高于您的风险偏好，请谨慎选择。理财非存款，产品有风险，投资须谨慎。
C005119,2,P013,call,工作日18:00-21:00,您好，我是您的专属理财顾问，为您介绍：定开013号（R2·定开），业绩比较基准3.5%，灵活存续，10000元起投，T+0 随时赎回。该产品风险等级高于您的风险偏好，请谨慎选择。理财非存款，产品有风险，投资须谨慎。
C005119,3,P022,call,周末14:00-18:00,您好，我是您的专属理财顾问，为您介绍：定开022号（R2·定开），业绩比较基准3.0%，730天，10000元起投，T+1 次日赎回。该产品风险等级高于您的风险偏好，请谨慎选择。理财非存款，产品有风险，投资须谨慎。
C005122,1,P002,app_push,工作日09:00-12:00,专属推荐：固定期限002号（R5·固定期限），业绩比较基准11.3%，366天，1000元起投，T+0 随时赎回。理财非存款，产品有风险，投资须谨慎。
C005122,2,P023,app_push,工作日12:00-14:00,专属推荐：固定期限023号（R5·固定期限），业绩比较基准9.8%，灵活存续，1000元起投，T+1 次日赎回。理财非存款，产品有风险，投资须谨慎。
C005122,3,P004,app_push,工作日18:00-21:00,专属推荐：现金管理004号（R5·现金管理），业绩比较基准8.6%，灵活存续，1000元起投，封闭运作。理财非存款，产品有风险，投资须谨慎。
C005126,1,P002,call,工作日09:00-12:00,您好，我是您的专属理财顾问，为您介绍：固定期限002号（R5·固定期限），业绩比较基准11.3%，366天，1000元起投，T+0 随时赎回。该产品风险等级高于您的风险偏好，请谨慎选择。理财非存款，产品有风险，投资须谨慎。
C005126,2,P023,call,工作日12:00-14:00,您好，我是您的专属理财顾问，为您介绍：固定期限023号（R5·固定期限），业绩比较基准9.8%，灵活存续，1000元起投，T+1 次日赎回。该产品风险等级高于您的风险偏好，请谨慎选择。理财非存款，产品有风险，投资须谨慎。
C005126,3,P030,call,工作日18:00-21:00,您好，我是您的专属理财顾问，为您介绍：固定期限030号（R2·固定期限），业绩比较基准3.1%，730天，1000元起投，T+0 随时赎回。理财非存款，产品有风险，投资须谨慎。
C005129,1,P020,app_push,工作日09:00-12:00,专属推荐：现金管理020号（R2·现金管理），业绩比较基准3.6%，366天，10000元起投，T+1 次日赎回。该产品风险等级高于您的风险偏好，请谨慎选择。理财非存款，产品有风险，投资须谨慎。
C005129,2,P018,app_push,工作日12:00-14:00,专属推荐：现金管理018号（R2·现金管理），业绩比较基准3.6%，730天，10000元起投，T+0 随时赎回。该产品风险等级高于您的风险偏好，请谨慎选择。理财非存款，产品有风险，投资须谨慎。
C005129,3,P014,app_push,工作日18:00-21:00,专属推荐：混合014号（R1·混合），业绩比较基准2.3%，90天，10000元起投，T+1 次日赎回。理财非存款，产品有风险，投资须谨慎。
C005132,1,P014,call,工作日18:00-21:00,您好，我是您的专属理财顾问，为您介绍：混合014号（R1·混合），业绩比较基准2.3%，90天，10000元起投，T+1 次日赎回。理财非存款，产品有风险，投资须谨慎。
C005132,2,P010,call,周末09:00-12:00,您好，我是您的专属理财顾问，为您介绍：现金管理010号（R1·现金管理），业绩比较基准2.8%，366天，50000元起投，T+0 随时赎回。理财非存款，产品有风险，投资须谨慎。
C005132,3,P012,call,周末14:00-18:00,您好，我是您的专属理财顾问，为您介绍：混合012号（R2·混合），业绩比较基准3.7%，90天，10000元起投，T+1 次日赎回。该产品风险等级高于您的风险偏好，请谨慎选择。理财非存款，产品有风险，投资须谨慎。
C005133,1,P002,app_push,工作日09:00-12:00,专属推荐：固定期限002号（R5·固定期限），业绩比较基准11.3%，366天，1000元起投，T+0 随时赎回。理财非存款，产品有风险，投资须谨慎。
C005133,2,P023,app_push,工作日12:00-14:00,专属推荐：固定期限023号（R5·固定期限），业绩比较基准9.8%，灵活存续，1000元起投，T+1 次日赎回。理财非存款，产品有风险，投资须谨慎。
C005133,3,P004,app_push,周末09:00-12:00,专属推荐：现金管理004号（R5·现金管理），业绩比较基准8.6%，灵活存续，1000元起投，封闭运作。理财非存款，产品有风险，投资须谨慎。
C005135,1,P014,call,工作日09:00-12:00,您好，我是您的专属理财顾问，为您介绍：混合014号（R1·混合），业绩比较基准2.3%，90天，10000元起投，T+1 次日赎回。理财非存款，产品有风险，投资须谨慎。
C005135,2,P026,call,工作日18:00-21:00,您好，我是您的专属理财顾问，为您介绍：混合026号（R2·混合），业绩比较基准3.1%，180天，1000元起投，T+1 次日赎回。该产品风险等级高于您的风险偏好，请谨慎选择。理财非存款，产品有风险，投资须谨慎。
C005135,3,P019,call,周末09:00-12:00,您好，我是您的专属理财顾问，为您介绍：定开019号（R2·定开），业绩比较基准3.3%，灵活存续，1000元起投，T+0 随时赎回。该产品风险等级高于您的风险偏好，请谨慎选择。理财非存款，产品有风险，投资须谨慎。
C005140,1,P012,app_push,工作日09:00-12:00,专属推荐：混合012号（R2·混合），业绩比较基准3.7%，90天，10000元起投，T+1 次日赎回。理财非存款，产品有风险，投资须谨慎。
C005140,2,P013,app_push,工作日18:00-21:00,专属推荐：定开013号（R2·定开），业绩比较基准3.5%，灵活存续，10000元起投，T+0 随时赎回。理财非存款，产品有风险，投资须谨慎。
C005140,3,P011,app_push,周末09:00-12:00,专属推荐：固定期限011号（R2·固定期限），业绩比较基准3.3%，90天，10000元起投，T+0 随时赎回。理财非存款，产品有风险，投资须谨慎。
C005141,1,P011,call,工作日12:00-14:00,您好，我是您的专属理财顾问，为您介绍：固定期限011号（R2·固定期限），业绩比较基准3.3%，90天，10000元起投，T+0 随时赎回。理财非存款，产品有风险，投资须谨慎。
C005141,2,P030,call,工作日18:00-21:00,您好，我是您的专属理财顾问，为您介绍：固定期限030号（R2·固定期限），业绩比较基准3.1%，730天，1000元起投，T+0 随时赎回。理财非存款，产品有风险，投资须谨慎。
C005141,3,P003,call,周末14:00-18:00,您好，我是您的专属理财顾问，为您介绍：固定期限003号（R3·固定期限），业绩比较基准4.5%，730天，50000元起投，封闭运作。该产品风险等级高于您的风险偏好，请谨慎选择。理财非存款，产品有风险，投资须谨慎。
C005143,1,P026,app_push,工作日18:00-21:00,专属推荐：混合026号（R2·混合），业绩比较基准3.1%，180天，1000元起投，T+1 次日赎回。该产品风险等级高于您的风险偏好，请谨慎选择。理财非存款，产品有风险，投资须谨慎。
C005143,2,P019,app_push,周末09:00-12:00,专属推荐：定开019号（R2·定开），业绩比较基准3.3%，灵活存续，1000元起投，T+0 随时赎回。该产品风险等级高于您的风险偏好，请谨慎选择。理财非存款，产品有风险，投资须谨慎。
C005143,3,P030,app_push,周末14:00-18:00,专属推荐：固定期限030号（R2·固定期限），业绩比较基准3.1%，730天，1000元起投，T+0 随时赎回。该产品风险等级高于您的风险偏好，请谨慎选择。理财非存款，产品有风险，投资须谨慎。
C005149,1,P002,call,工作日09:00-12:00,您好，我是您的专属理财顾问，为您介绍：固定期限002号（R5·固定期限），业绩比较基准11.3%，366天，1000元起投，T+0 随时赎回。理财非存款，产品有风险，投资须谨慎。
C005149,2,P023,call,工作日12:00-14:00,您好，我是您的专属理财顾问，为您介绍：固定期限023号（R5·固定期限），业绩比较基准9.8%，灵活存续，1000元起投，T+1 次日赎回。理财非存款，产品有风险，投资须谨慎。
C005149,3,P004,call,周末14:00-18:00,您好，我是您的专属理财顾问，为您介绍：现金管理004号（R5·现金管理），业绩比较基准8.6%，灵活存续，1000元起投，封闭运作。理财非存款，产品有风险，投资须谨慎。
C005151,1,P012,app_push,工作日09:00-12:00,专属推荐：混合012号（R2·混合），业绩比较基准3.7%，90天，10000元起投，T+1 次日赎回。理财非存款，产品有风险，投资须谨慎。
C005151,2,P011,app_push,工作日12:00-14:00,专属推荐：固定期限011号（R2·固定期限），业绩比较基准3.3%，90天，10000元起投，T+0 随时赎回。理财非存款，产品有风险，投资须谨慎。
C005151,3,P013,app_push,周末09:00-12:00,专属推荐：定开013号（R2·定开），业绩比较基准3.5%，灵活存续，10000元起投，T+0 随时赎回。理财非存款，产品有风险，投资须谨慎。
C005157,1,P019,app_push,工作日18:00-21:00,专属推荐：定开019号（R2·定开），业绩比较基准3.3%，灵活存续，1000元起投，T+0 随时赎回。该产品风险等级高于您的风险偏好，请谨慎选择。理财非存款，产品有风险，投资须谨慎。
C005157,2,P030,app_push,周末09:00-12:00,专属推荐：固定期限030号（R2·固定期限），业绩比较基准3.1%，730天，1000元起投，T+0 随时赎回。该产品风险等级高于您的风险偏好，请谨慎选择。理财非存款，产品有风险，投资须谨慎。
C005157,3,P014,app_push,周末14:00-18:00,专属推荐：混合014号（R1·混合），业绩比较基准2.3%，90天，10000元起投，T+1 次日赎回。理财非存款，产品有风险，投资须谨慎。
C005159,1,P025,app_push,工作日09:00-12:00,专属推荐：定开025号（R3·定开），业绩比较基准5.2%，366天，1000元起投，T+0 随时赎回。理财非存款，产品有风险，投资须谨慎。
C005159,2,P024,app_push,工作日12:00-14:00,专属推荐：定开024号（R3·定开），业绩比较基准4.7%，90天，1000元起投，T+1 次日赎回。理财非存款，产品有风险，投资须谨慎。
C005159,3,P008,app_push,周末09:00-12:00,专属推荐：定开008号（R3·定开），业绩比较基准5.1%，366天，10000元起投，封闭运作。理财非存款，产品有风险，投资须谨慎。
C005167,1,P014,app_push,工作日12:00-14:00,专属推荐：混合014号（R1·混合），业绩比较基准2.3%，90天，10000元起投，T+1 次日赎回。理财非存款，产品有风险，投资须谨慎。
C005167,2,P026,app_push,周末14:00-18:00,专属推荐：混合026号（R2·混合），业绩比较基准3.1%，180天，1000元起投，T+1 次日赎回。该产品风险等级高于您的风险偏好，请谨慎选择。理财非存款，产品有风险，投资须谨慎。
C005167,3,P019,app_push,工作日18:00-21:00,专属推荐：定开019号（R2·定开），业绩比较基准3.3%，灵活存续，1000元起投，T+0 随时赎回。该产品风险等级高于您的风险偏好，请谨慎选择。理财非存款，产品有风险，投资须谨慎。
C005168,1,P012,app_push,工作日18:00-21:00,专属推荐：混合012号（R2·混合），业绩比较基准3.7%，90天，10000元起投，T+1 次日赎回。理财非存款，产品有风险，投资须谨慎。
C005168,2,P026,app_push,周末14:00-18:00,专属推荐：混合026号（R2·混合），业绩比较基准3.1%，180天，1000元起投，T+1 次日赎回。理财非存款，产品有风险，投资须谨慎。
C005168,3,P014,app_push,周末09:00-12:00,专属推荐：混合014号（R1·混合），业绩比较基准2.3%，90天，10000元起投，T+1 次日赎回。理财非存款，产品有风险，投资须谨慎。
C005169,1,P029,call,工作日09:00-12:00,您好，我是您的专属理财顾问，为您介绍：固定期限029号（R4·固定期限），业绩比较基准7.8%，灵活存续，10000元起投，封闭运作。理财非存款，产品有风险，投资须谨慎。
C005169,2,P002,call,工作日12:00-14:00,您好，我是您的专属理财顾问，为您介绍：固定期限002号（R5·固定期限），业绩比较基准11.3%，366天，1000元起投，T+0 随时赎回。该产品风险等级高于您的风险偏好，请谨慎选择。理财非存款，产品有风险，投资须谨慎。
C005169,3,P023,call,工作日18:00-21:00,您好，我是您的专属理财顾问，为您介绍：固定期限023号（R5·固定期限），业绩比较基准9.8%，灵活存续，1000元起投，T+1 次日赎回。该产品风险等级高于您的风险偏好，请谨慎选择。理财非存款，产品有风险，投资须谨慎。
C005174,1,P008,manager,工作日12:00-14:00,钻石贵宾专享：定开008号（R3·定开），业绩比较基准5.1%，366天，10000元起投，封闭运作，可为您预约专属认购。理财非存款，产品有风险，投资须谨慎。
C005174,2,P025,manager,工作日18:00-21:00,钻石贵宾专享：定开025号（R3·定开），业绩比较基准5.2%，366天，1000元起投，T+0 随时赎回，可为您预约专属认购。理财非存款，产品有风险，投资须谨慎。
C005174,3,P024,manager,周末14:00-18:00,钻石贵宾专享：定开024号（R3·定开），业绩比较基准4.7%，90天，1000元起投，T+1 次日赎回，可为您预约专属认购。理财非存款，产品有风险，投资须谨慎。
C005182,1,P012,app_push,工作日09:00-12:00,专属推荐：混合012号（R2·混合），业绩比较基准3.7%，90天，10000元起投，T+1 次日赎回。理财非存款，产品有风险，投资须谨慎。
C005182,2,P026,app_push,工作日12:00-14:00,专属推荐：混合026号（R2·混合），业绩比较基准3.1%，180天，1000元起投，T+1 次日赎回。理财非存款，产品有风险，投资须谨慎。
C005182,3,P013,app_push,周末09:00-12:00,专属推荐：定开013号（R2·定开），业绩比较基准3.5%，灵活存续，10000元起投，T+0 随时赎回。理财非存款，产品有风险，投资须谨慎。
C005186,1,P026,app_push,工作日09:00-12:00,专属推荐：混合026号（R2·混合），业绩比较基准3.1%，180天，1000元起投，T+1 次日赎回。理财非存款，产品有风险，投资须谨慎。
C005186,2,P025,app_push,工作日12:00-14:00,专属推荐：定开025号（R3·定开），业绩比较基准5.2%，366天，1000元起投，T+0 随时赎回。理财非存款，产品有风险，投资须谨慎。
C005186,3,P024,app_push,周末09:00-12:00,专属推荐：定开024号（R3·定开），业绩比较基准4.7%，90天，1000元起投，T+1 次日赎回。理财非存款，产品有风险，投资须谨慎。
C005189,1,P024,app_push,工作日09:00-12:00,专属推荐：定开024号（R3·定开），业绩比较基准4.7%，90天，1000元起投，T+1 次日赎回。理财非存款，产品有风险，投资须谨慎。
C005189,2,P025,app_push,工作日12:00-14:00,专属推荐：定开025号（R3·定开），业绩比较基准5.2%，366天，1000元起投，T+0 随时赎回。理财非存款，产品有风险，投资须谨慎。
C005189,3,P017,app_push,周末14:00-18:00,专属推荐：现金管理017号（R3·现金管理），业绩比较基准4.3%，180天，1000元起投，T+1 次日赎回。理财非存款，产品有风险，投资须谨慎。
C005190,1,P011,app_push,工作日18:00-21:00,专属推荐：固定期限011号（R2·固定期限），业绩比较基准3.3%，90天，10000元起投，T+0 随时赎回。理财非存款，产品有风险，投资须谨慎。
C005190,2,P012,app_push,周末09:00-12:00,专属推荐：混合012号（R2·混合），业绩比较基准3.7%，90天，10000元起投，T+1 次日赎回。理财非存款，产品有风险，投资须谨慎。
C005190,3,P022,app_push,周末14:00-18:00,专属推荐：定开022号（R2·定开），业绩比较基准3.0%，730天，10000元起投，T+1 次日赎回。理财非存款，产品有风险，投资须谨慎。
C005193,1,P019,app_push,工作日09:00-12:00,专属推荐：定开019号（R2·定开），业绩比较基准3.3%，灵活存续，1000元起投，T+0 随时赎回。该产品风险等级高于您的风险偏好，请谨慎选择。理财非存款，产品有风险，投资须谨慎。
C005193,2,P026,app_push,工作日12:00-14:00,专属推荐：混合026号（R2·混合），业绩比较基准3.1%，180天，1000元起投，T+1 次日赎回。该产品风险等级高于您的风险偏好，请谨慎选择。理财非存款，产品有风险，投资须谨慎。
C005193,3,P030,app_push,工作日18:00-21:00,专属推荐：固定期限030号（R2·固定期限），业绩比较基准3.1%，730天，1000元起投，T+0 随时赎回。该产品风险等级高于您的风险偏好，请谨慎选择。理财非存款，产品有风险，投资须谨慎。
C005195,1,P022,app_push,工作日09:00-12:00,专属推荐：定开022号（R2·定开），业绩比较基准3.0%，730天，10000元起投，T+1 次日赎回。该产品风险等级高于您的风险偏好，请谨慎选择。理财非存款，产品有风险，投资须谨慎。
C005195,2,P030,app_push,工作日12:00-14:00,专属推荐：固定期限030号（R2·固定期限），业绩比较基准3.1%，730天，1000元起投，T+0 随时赎回。该产品风险等级高于您的风险偏好，请谨慎选择。理财非存款，产品有风险，投资须谨慎。
C005195,3,P013,app_push,周末14:00-18:00,专属推荐：定开013号（R2·定开），业绩比较基准3.5%，灵活存续，10000元起投，T+0 随时赎回。该产品风险等级高于您的风险偏好，请谨慎选择。理财非存款，产品有风险，投资须谨慎。
C005196,1,P006,call,工作日09:00-12:00,您好，我是您的专属理财顾问，为您介绍：混合006号（R3·混合），业绩比较基准5.1%，灵活存续，50000元起投，T+1 次日赎回。理财非存款，产品有风险，投资须谨慎。
C005196,2,P017,call,工作日12:00-14:00,您好，我是您的专属理财顾问，为您介绍：现金管理017号（R3·现金管理），业绩比较基准4.3%，180天，1000元起投，T+1 次日赎回。理财非存款，产品有风险，投资须谨慎。
C005196,3,P001,call,工作日18:00-21:00,您好，我是您的专属理财顾问，为您介绍：混合001号（R3·混合），业绩比较基准5.5%，730天，50000元起投，封闭运作。理财非存款，产品有风险，投资须谨慎。
C005199,1,P017,call,工作日09:00-12:00,您好，我是您的专属理财顾问，为您介绍：现金管理017号（R3·现金管理），业绩比较基准4.3%，180天，1000元起投，T+1 次日赎回。该产品风险等级高于您的风险偏好，请谨慎选择。理财非存款，产品有风险，投资须谨慎。
C005199,2,P026,call,工作日12:00-14:00,您好，我是您的专属理财顾问，为您介绍：混合026号（R2·混合），业绩比较基准3.1%，180天，1000元起投，T+1 次日赎回。理财非存款，产品有风险，投资须谨慎。
C005199,3,P019,call,工作日18:00-21:00,您好，我是您的专属理财顾问，为您介绍：定开019号（R2·定开），业绩比较基准3.3%，灵活存续，1000元起投，T+0 随时赎回。理财非存款，产品有风险，投资须谨慎。
C005206,1,P029,call,工作日18:00-21:00,您好，我是您的专属理财顾问，为您介绍：固定期限029号（R4·固定期限），业绩比较基准7.8%，灵活存续，10000元起投，封闭运作。理财非存款，产品有风险，投资须谨慎。
C005206,2,P002,call,周末09:00-12:00,您好，我是您的专属理财顾问，为您介绍：固定期限002号（R5·固定期限），业绩比较基准11.3%，366天，1000元起投，T+0 随时赎回。该产品风险等级高于您的风险偏好，请谨慎选择。理财非存款，产品有风险，投资须谨慎。
C005206,3,P023,call,周末14:00-18:00,您好，我是您的专属理财顾问，为您介绍：固定期限023号（R5·固定期限），业绩比较基准9.8%，灵活存续，1000元起投，T+1 次日赎回。该产品风险等级高于您的风险偏好，请谨慎选择。理财非存款，产品有风险，投资须谨慎。
C005208,1,P006,app_push,工作日09:00-12:00,专属推荐：混合006号（R3·混合），业绩比较基准5.1%，灵活存续，50000元起投，T+1 次日赎回。理财非存款，产品有风险，投资须谨慎。
C005208,2,P025,app_push,工作日12:00-14:00,专属推荐：定开025号（R3·定开），业绩比较基准5.2%，366天，1000元起投，T+0 随时赎回。理财非存款，产品有风险，投资须谨慎。
C005208,3,P001,app_push,工作日18:00-21:00,专属推荐：混合001号（R3·混合），业绩比较基准5.5%，730天，50000元起投，封闭运作。理财非存款，产品有风险，投资须谨慎。
C005215,1,P011,app_push,工作日18:00-21:00,专属推荐：固定期限011号（R2·固定期限），业绩比较基准3.3%，90天，10000元起投，T+0 随时赎回。理财非存款，产品有风险，投资须谨慎。
C005215,2,P013,app_push,周末09:00-12:00,专属推荐：定开013号（R2·定开），业绩比较基准3.5%，灵活存续，10000元起投，T+0 随时赎回。理财非存款，产品有风险，投资须谨慎。
C005215,3,P022,app_push,周末14:00-18:00,专属推荐：定开022号（R2·定开），业绩比较基准3.0%，730天，10000元起投，T+1 次日赎回。理财非存款，产品有风险，投资须谨慎。
C005217,1,P014,app_push,工作日18:00-21:00,专属推荐：混合014号（R1·混合），业绩比较基准2.3%，90天，10000元起投，T+1 次日赎回。理财非存款，产品有风险，投资须谨慎。
C005217,2,P026,app_push,周末14:00-18:00,专属推荐：混合026号（R2·混合），业绩比较基准3.1%，180天，1000元起投，T+1 次日赎回。该产品风险等级高于您的风险偏好，请谨慎选择。理财非存款，产品有风险，投资须谨慎。
C005217,3,P010,app_push,周末09:00-12:00,专属推荐：现金管理010号（R1·现金管理），业绩比较基准2.8%，366天，50000元起投，T+0 随时赎回。理财非存款，产品有风险，投资须谨慎。
C005226,1,P029,app_push,工作日18:00-21:00,专属推荐：固定期限029号（R4·固定期限），业绩比较基准7.8%，灵活存续，10000元起投，封闭运作。理财非存款，产品有风险，投资须谨慎。
C005226,2,P002,app_push,周末14:00-18:00,专属推荐：固定期限002号（R5·固定期限），业绩比较基准11.3%，366天，1000元起投，T+0 随时赎回。该产品风险等级高于您的风险偏好，请谨慎选择。理财非存款，产品有风险，投资须谨慎。
C005226,3,P023,app_push,周末09:00-12:00,专属推荐：固定期限023号（R5·固定期限），业绩比较基准9.8%，灵活存续，1000元起投，T+1 次日赎回。该产品风险等级高于您的风险偏好，请谨慎选择。理财非存款，产品有风险，投资须谨慎。
C005236,1,P013,app_push,工作日09:00-12:00,专属推荐：定开013号（R2·定开），业绩比较基准3.5%，灵活存续，10000元起投，T+0 随时赎回。理财非存款，产品有风险，投资须谨慎。
C005236,2,P019,app_push,工作日12:00-14:00,专属推荐：定开019号（R2·定开），业绩比较基准3.3%，灵活存续，1000元起投，T+0 随时赎回。理财非存款，产品有风险，投资须谨慎。
C005236,3,P025,app_push,工作日18:00-21:00,专属推荐：定开025号（R3·定开），业绩比较基准5.2%，366天，1000元起投，T+0 随时赎回。该产品风险等级高于您的风险偏好，请谨慎选择。理财非存款，产品有风险，投资须谨慎。
C005238,1,P014,app_push,工作日18:00-21:00,专属推荐：混合014号（R1·混合），业绩比较基准2.3%，90天，10000元起投，T+1 次日赎回。理财非存款，产品有风险，投资须谨慎。
C005238,2,P012,app_push,周末09:00-12:00,专属推荐：混合012号（R2·混合），业绩比较基准3.7%，90天，10000元起投，T+1 次日赎回。该产品风险等级高于您的风险偏好，请谨慎选择。理财非存款，产品有风险，投资须谨慎。
C005238,3,P026,app_push,周末14:00-18:00,专属推荐：混合026号（R2·混合），业绩比较基准3.1%，180天，1000元起投，T+1 次日赎回。该产品风险等级高于您的风险偏好，请谨慎选择。理财非存款，产品有风险，投资须谨慎。
C005246,1,P012,manager,工作日09:00-12:00,金卡贵宾专享：混合012号（R2·混合），业绩比较基准3.7%，90天，10000元起投，T+1 次日赎回，可为您预约专属认购。理财非存款，产品有风险，投资须谨慎。
C005246,2,P013,manager,工作日12:00-14:00,金卡贵宾专享：定开013号（R2·定开），业绩比较基准3.5%，灵活存续，10000元起投，T+0 随时赎回，可为您预约专属认购。理财非存款，产品有风险，投资须谨慎。
C005246,3,P011,manager,周末09:00-12:00,金卡贵宾专享：固定期限011号（R2·固定期限），业绩比较基准3.3%，90天，10000元起投，T+0 随时赎回，可为您预约专属认购。理财非存款，产品有风险，投资须谨慎。
C005248,1,P019,app_push,工作日09:00-12:00,专属推荐：定开019号（R2·定开），业绩比较基准3.3%，灵活存续，1000元起投，T+0 随时赎回。该产品风险等级高于您的风险偏好，请谨慎选择。理财非存款，产品有风险，投资须谨慎。
C005248,2,P020,app_push,工作日12:00-14:00,专属推荐：现金管理020号（R2·现金管理），业绩比较基准3.6%，366天，10000元起投，T+1 次日赎回。该产品风险等级高于您的风险偏好，请谨慎选择。理财非存款，产品有风险，投资须谨慎。
C005248,3,P014,app_push,工作日18:00-21:00,专属推荐：混合014号（R1·混合），业绩比较基准2.3%，90天，10000元起投，T+1 次日赎回。理财非存款，产品有风险，投资须谨慎。
C005254,1,P024,app_push,工作日09:00-12:00,专属推荐：定开024号（R3·定开），业绩比较基准4.7%，90天，1000元起投，T+1 次日赎回。理财非存款，产品有风险，投资须谨慎。
C005254,2,P025,app_push,工作日12:00-14:00,专属推荐：定开025号（R3·定开），业绩比较基准5.2%，366天，1000元起投，T+0 随时赎回。理财非存款，产品有风险，投资须谨慎。
C005254,3,P017,app_push,工作日18:00-21:00,专属推荐：现金管理017号（R3·现金管理），业绩比较基准4.3%，180天，1000元起投，T+1 次日赎回。理财非存款，产品有风险，投资须谨慎。
C005256,1,P002,app_push,工作日09:00-12:00,专属推荐：固定期限002号（R5·固定期限），业绩比较基准11.3%，366天，1000元起投，T+0 随时赎回。理财非存款，产品有风险，投资须谨慎。
C005256,2,P023,app_push,工作日12:00-14:00,专属推荐：固定期限023号（R5·固定期限），业绩比较基准9.8%，灵活存续，1000元起投，T+1 次日赎回。理财非存款，产品有风险，投资须谨慎。
C005256,3,P029,app_push,工作日18:00-21:00,专属推荐：固定期限029号（R4·固定期限），业绩比较基准7.8%，灵活存续，10000元起投，封闭运作。理财非存款，产品有风险，投资须谨慎。
C005257,1,P012,app_push,工作日18:00-21:00,专属推荐：混合012号（R2·混合），业绩比较基准3.7%，90天，10000元起投，T+1 次日赎回。理财非存款，产品有风险，投资须谨慎。
C005257,2,P013,app_push,周末14:00-18:00,专属推荐：定开013号（R2·定开），业绩比较基准3.5%，灵活存续，10000元起投，T+0 随时赎回。理财非存款，产品有风险，投资须谨慎。
C005257,3,P022,app_push,周末09:00-12:00,专属推荐：定开022号（R2·定开），业绩比较基准3.0%，730天，10000元起投，T+1 次日赎回。理财非存款，产品有风险，投资须谨慎。
C005262,1,P025,app_push,工作日18:00-21:00,专属推荐：定开025号（R3·定开），业绩比较基准5.2%，366天，1000元起投，T+0 随时赎回。理财非存款，产品有风险，投资须谨慎。
C005262,2,P024,app_push,周末09:00-12:00,专属推荐：定开024号（R3·定开），业绩比较基准4.7%，90天，1000元起投，T+1 次日赎回。理财非存款，产品有风险，投资须谨慎。
C005262,3,P017,app_push,周末14:00-18:00,专属推荐：现金管理017号（R3·现金管理），业绩比较基准4.3%，180天，1000元起投，T+1 次日赎回。理财非存款，产品有风险，投资须谨慎。
C005264,1,P013,manager,工作日09:00-12:00,金卡贵宾专享：定开013号（R2·定开），业绩比较基准3.5%，灵活存续，10000元起投，T+0 随时赎回，可为您预约专属认购。理财非存款，产品有风险，投资须谨慎。
C005264,2,P011,manager,工作日12:00-14:00,金卡贵宾专享：固定期限011号（R2·固定期限），业绩比较基准3.3%，90天，10000元起投，T+0 随时赎回，可为您预约专属认购。理财非存款，产品有风险，投资须谨慎。
C005264,3,P022,manager,工作日18:00-21:00,金卡贵宾专享：定开022号（R2·定开），业绩比较基准3.0%，730天，10000元起投，T+1 次日赎回，可为您预约专属认购。理财非存款，产品有风险，投资须谨慎。
C005278,1,P004,manager,工作日12:00-14:00,银卡贵宾专享：现金管理004号（R5·现金管理），业绩比较基准8.6%，灵活存续，1000元起投，封闭运作，可为您预约专属认购。理财非存款，产品有风险，投资须谨慎。
C005278,2,P005,manager,周末14:00-18:00,银卡贵宾专享：现金管理005号（R5·现金管理），业绩比较基准11.0%，灵活存续，100000元起投，T+0 随时赎回，可为您预约专属认购。理财非存款，产品有风险，投资须谨慎。
C005278,3,P002,manager,工作日18:00-21:00,银卡贵宾专享：固定期限002号（R5·固定期限），业绩比较基准11.3%，366天，1000元起投，T+0 随时赎回，可为您预约专属认购。理财非存款，产品有风险，投资须谨慎。
C005280,1,P025,app_push,工作日12:00-14:00,专属推荐：定开025号（R3·定开），业绩比较基准5.2%，366天，1000元起投，T+0 随时赎回。理财非存款，产品有风险，投资须谨慎。
C005280,2,P024,app_push,工作日18:00-21:00,专属推荐：定开024号（R3·定开），业绩比较基准4.7%，90天，1000元起投，T+1 次日赎回。理财非存款，产品有风险，投资须谨慎。
C005280,3,P008,app_push,周末14:00-18:00,专属推荐：定开008号（R3·定开），业绩比较基准5.1%，366天，10000元起投，封闭运作。理财非存款，产品有风险，投资须谨慎。
C005286,1,P013,app_push,工作日12:00-14:00,专属推荐：定开013号（R2·定开），业绩比较基准3.5%，灵活存续，10000元起投，T+0 随时赎回。理财非存款，产品有风险，投资须谨慎。
C005286,2,P022,app_push,周末14:00-18:00,专属推荐：定开022号（R2·定开），业绩比较基准3.0%，730天，10000元起投，T+1 次日赎回。理财非存款，产品有风险，投资须谨慎。
C005286,3,P019,app_push,工作日18:00-21:00,专属推荐：定开019号（R2·定开），业绩比较基准3.3%，灵活存续，1000元起投，T+0 随时赎回。理财非存款，产品有风险，投资须谨慎。
C005287,1,P010,call,工作日09:00-12:00,您好，我是您的专属理财顾问，为您介绍：现金管理010号（R1·现金管理），业绩比较基准2.8%，366天，50000元起投，T+0 随时赎回。理财非存款，产品有风险，投资须谨慎。
C005287,2,P014,call,工作日12:00-14:00,您好，我是您的专属理财顾问，为您介绍：混合014号（R1·混合），业绩比较基准2.3%，90天，10000元起投，T+1 次日赎回。理财非存款，产品有风险，投资须谨慎。
C005287,3,P030,call,周末09:00-12:00,您好，我是您的专属理财顾问，为您介绍：固定期限030号（R2·固定期限），业绩比较基准3.1%，730天，1000元起投，T+0 随时赎回。该产品风险等级高于您的风险偏好，请谨慎选择。理财非存款，产品有风险，投资须谨慎。
C005291,1,P014,app_push,工作日09:00-12:00,专属推荐：混合014号（R1·混合），业绩比较基准2.3%，90天，10000元起投，T+1 次日赎回。理财非存款，产品有风险，投资须谨慎。
C005291,2,P010,app_push,工作日12:00-14:00,专属推荐：现金管理010号（R1·现金管理），业绩比较基准2.8%，366天，50000元起投，T+0 随时赎回。理财非存款，产品有风险，投资须谨慎。
C005291,3,P012,app_push,周末09:00-12:00,专属推荐：混合012号（R2·混合），业绩比较基准3.7%，90天，10000元起投，T+1 次日赎回。该产品风险等级高于您的风险偏好，请谨慎选择。理财非存款，产品有风险，投资须谨慎。
C005300,1,P014,app_push,工作日12:00-14:00,专属推荐：混合014号（R1·混合），业绩比较基准2.3%，90天，10000元起投，T+1 次日赎回。理财非存款，产品有风险，投资须谨慎。
C005300,2,P010,app_push,工作日18:00-21:00,专属推荐：现金管理010号（R1·现金管理），业绩比较基准2.8%，366天，50000元起投，T+0 随时赎回。理财非存款，产品有风险，投资须谨慎。
C005300,3,P012,app_push,周末14:00-18:00,专属推荐：混合012号（R2·混合），业绩比较基准3.7%，90天，10000元起投，T+1 次日赎回。该产品风险等级高于您的风险偏好，请谨慎选择。理财非存款，产品有风险，投资须谨慎。
C005302,1,P012,app_push,工作日09:00-12:00,专属推荐：混合012号（R2·混合），业绩比较基准3.7%，90天，10000元起投，T+1 次日赎回。理财非存款，产品有风险，投资须谨慎。
C005302,2,P013,app_push,工作日12:00-14:00,专属推荐：定开013号（R2·定开），业绩比较基准3.5%，灵活存续，10000元起投，T+0 随时赎回。理财非存款，产品有风险，投资须谨慎。
C005302,3,P011,app_push,周末09:00-12:00,专属推荐：固定期限011号（R2·固定期限），业绩比较基准3.3%，90天，10000元起投，T+0 随时赎回。理财非存款，产品有风险，投资须谨慎。
C005307,1,P025,manager,工作日09:00-12:00,普通贵宾专享：定开025号（R3·定开），业绩比较基准5.2%，366天，1000元起投，T+0 随时赎回，可为您预约专属认购。理财非存款，产品有风险，投资须谨慎。
C005307,2,P017,manager,工作日12:00-14:00,普通贵宾专享：现金管理017号（R3·现金管理），业绩比较基准4.3%，180天，1000元起投，T+1 次日赎回，可为您预约专属认购。理财非存款，产品有风险，投资须谨慎。
C005307,3,P024,manager,周末14:00-18:00,普通贵宾专享：定开024号（R3·定开），业绩比较基准4.7%，90天，1000元起投，T+1 次日赎回，可为您预约专属认购。理财非存款，产品有风险，投资须谨慎。
C005310,1,P004,app_push,工作日18:00-21:00,专属推荐：现金管理004号（R5·现金管理），业绩比较基准8.6%，灵活存续，1000元起投，封闭运作。该产品风险等级高于您的风险偏好，请谨慎选择。理财非存款，产品有风险，投资须谨慎。
C005310,2,P029,app_push,周末09:00-12:00,专属推荐：固定期限029号（R4·固定期限），业绩比较基准7.8%，灵活存续，10000元起投，封闭运作。理财非存款，产品有风险，投资须谨慎。
C005310,3,P025,app_push,周末14:00-18:00,专属推荐：定开025号（R3·定开），业绩比较基准5.2%，366天，1000元起投，T+0 随时赎回。理财非存款，产品有风险，投资须谨慎。
C005314,1,P026,app_push,工作日18:00-21:00,专属推荐：混合026号（R2·混合），业绩比较基准3.1%，180天，1000元起投，T+1 次日赎回。理财非存款，产品有风险，投资须谨慎。
C005314,2,P012,app_push,周末09:00-12:00,专属推荐：混合012号（R2·混合），业绩比较基准3.7%，90天，10000元起投，T+1 次日赎回。理财非存款，产品有风险，投资须谨慎。
C005314,3,P011,app_push,周末14:00-18:00,专属推荐：固定期限011号（R2·固定期限），业绩比较基准3.3%，90天，10000元起投，T+0 随时赎回。理财非存款，产品有风险，投资须谨慎。
C005318,1,P012,app_push,工作日09:00-12:00,专属推荐：混合012号（R2·混合），业绩比较基准3.7%，90天，10000元起投，T+1 次日赎回。理财非存款，产品有风险，投资须谨慎。
C005318,2,P025,app_push,工作日12:00-14:00,专属推荐：定开025号（R3·定开），业绩比较基准5.2%，366天，1000元起投，T+0 随时赎回。理财非存款，产品有风险，投资须谨慎。
C005318,3,P024,app_push,工作日18:00-21:00,专属推荐：定开024号（R3·定开），业绩比较基准4.7%，90天，1000元起投，T+1 次日赎回。理财非存款，产品有风险，投资须谨慎。
C005320,1,P025,app_push,工作日12:00-14:00,专属推荐：定开025号（R3·定开），业绩比较基准5.2%，366天，1000元起投，T+0 随时赎回。理财非存款，产品有风险，投资须谨慎。
C005320,2,P024,app_push,周末14:00-18:00,专属推荐：定开024号（R3·定开），业绩比较基准4.7%，90天，1000元起投，T+1 次日赎回。理财非存款，产品有风险，投资须谨慎。
C005320,3,P017,app_push,工作日18:00-21:00,专属推荐：现金管理017号（R3·现金管理），业绩比较基准4.3%，180天，1000元起投，T+1 次日赎回。理财非存款，产品有风险，投资须谨慎。
C005321,1,P002,app_push,工作日12:00-14:00,专属推荐：固定期限002号（R5·固定期限），业绩比较基准11.3%，366天，1000元起投，T+0 随时赎回。理财非存款，产品有风险，投资须谨慎。
C005321,2,P023,app_push,工作日18:00-21:00,专属推荐：固定期限023号（R5·固定期限），业绩比较基准9.8%，灵活存续，1000元起投，T+1 次日赎回。理财非存款，产品有风险，投资须谨慎。
C005321,3,P004,app_push,周末14:00-18:00,专属推荐：现金管理004号（R5·现金管理），业绩比较基准8.6%，灵活存续，1000元起投，封闭运作。理财非存款，产品有风险，投资须谨慎。
C005324,1,P014,call,工作日09:00-12:00,您好，我是您的专属理财顾问，为您介绍：混合014号（R1·混合），业绩比较基准2.3%，90天，10000元起投，T+1 次日赎回。理财非存款，产品有风险，投资须谨慎。
C005324,2,P010,call,工作日12:00-14:00,您好，我是您的专属理财顾问，为您介绍：现金管理010号（R1·现金管理），业绩比较基准2.8%，366天，50000元起投，T+0 随时赎回。理财非存款，产品有风险，投资须谨慎。
C005324,3,P012,call,工作日18:00-21:00,您好，我是您的专属理财顾问，为您介绍：混合012号（R2·混合），业绩比较基准3.7%，90天，10000元起投，T+1 次日赎回。该产品风险等级高于您的风险偏好，请谨慎选择。理财非存款，产品有风险，投资须谨慎。
C005325,1,P018,call,工作日09:00-12:00,您好，我是您的专属理财顾问，为您介绍：现金管理018号（R2·现金管理），业绩比较基准3.6%，730天，10000元起投，T+0 随时赎回。理财非存款，产品有风险，投资须谨慎。
C005325,2,P020,call,工作日12:00-14:00,您好，我是您的专属理财顾问，为您介绍：现金管理020号（R2·现金管理），业绩比较基准3.6%，366天，10000元起投，T+1 次日赎回。理财非存款，产品有风险，投资须谨慎。
C005325,3,P017,call,周末09:00-12:00,您好，我是您的专属理财顾问，为您介绍：现金管理017号（R3·现金管理），业绩比较基准4.3%，180天，1000元起投，T+1 次日赎回。该产品风险等级高于您的风险偏好，请谨慎选择。理财非存款，产品有风险，投资须谨慎。
C005326,1,P014,app_push,工作日12:00-14:00,专属推荐：混合014号（R1·混合），业绩比较基准2.3%，90天，10000元起投，T+1 次日赎回。理财非存款，产品有风险，投资须谨慎。
C005326,2,P012,app_push,周末14:00-18:00,专属推荐：混合012号（R2·混合），业绩比较基准3.7%，90天，10000元起投，T+1 次日赎回。该产品风险等级高于您的风险偏好，请谨慎选择。理财非存款，产品有风险，投资须谨慎。
C005326,3,P026,app_push,工作日18:00-21:00,专属推荐：混合026号（R2·混合），业绩比较基准3.1%，180天，1000元起投，T+1 次日赎回。该产品风险等级高于您的风险偏好，请谨慎选择。理财非存款，产品有风险，投资须谨慎。
C005333,1,P029,manager,工作日18:00-21:00,金卡贵宾专享：固定期限029号（R4·固定期限），业绩比较基准7.8%，灵活存续，10000元起投，封闭运作，可为您预约专属认购。该产品风险等级高于您的风险偏好，请谨慎选择。理财非存款，产品有风险，投资须谨慎。
C005333,2,P026,manager,周末09:00-12:00,金卡贵宾专享：混合026号（R2·混合），业绩比较基准3.1%，180天，1000元起投，T+1 次日赎回，可为您预约专属认购。理财非存款，产品有风险，投资须谨慎。
C005333,3,P006,manager,周末14:00-18:00,金卡贵宾专享：混合006号（R3·混合），业绩比较基准5.1%，灵活存续，50000元起投，T+1 次日赎回，可为您预约专属认购。理财非存款，产品有风险，投资须谨慎。
C005339,1,P008,call,工作日09:00-12:00,您好，我是您的专属理财顾问，为您介绍：定开008号（R3·定开），业绩比较基准5.1%，366天，10000元起投，封闭运作。理财非存款，产品有风险，投资须谨慎。
C005339,2,P024,call,工作日12:00-14:00,您好，我是您的专属理财顾问，为您介绍：定开024号（R3·定开），业绩比较基准4.7%，90天，1000元起投，T+1 次日赎回。理财非存款，产品有风险，投资须谨慎。
C005339,3,P025,call,周末14:00-18:00,您好，我是您的专属理财顾问，为您介绍：定开025号（R3·定开），业绩比较基准5.2%，366天，1000元起投，T+0 随时赎回。理财非存款，产品有风险，投资须谨慎。
C005351,1,P012,app_push,工作日09:00-12:00,专属推荐：混合012号（R2·混合），业绩比较基准3.7%，90天，10000元起投，T+1 次日赎回。理财非存款，产品有风险，投资须谨慎。
C005351,2,P011,app_push,工作日12:00-14:00,专属推荐：固定期限011号（R2·固定期限），业绩比较基准3.3%，90天，10000元起投，T+0 随时赎回。理财非存款，产品有风险，投资须谨慎。
C005351,3,P013,app_push,工作日18:00-21:00,专属推荐：定开013号（R2·定开），业绩比较基准3.5%，灵活存续，10000元起投，T+0 随时赎回。理财非存款，产品有风险，投资须谨慎。
C005352,1,P001,call,工作日18:00-21:00,您好，我是您的专属理财顾问，为您介绍：混合001号（R3·混合），业绩比较基准5.5%，730天，50000元起投，封闭运作。理财非存款，产品有风险，投资须谨慎。
C005352,2,P006,call,周末09:00-12:00,您好，我是您的专属理财顾问，为您介绍：混合006号（R3·混合），业绩比较基准5.1%，灵活存续，50000元起投，T+1 次日赎回。理财非存款，产品有风险，投资须谨慎。
C005352,3,P017,call,周末14:00-18:00,您好，我是您的专属理财顾问，为您介绍：现金管理017号（R3·现金管理），业绩比较基准4.3%，180天，1000元起投，T+1 次日赎回。理财非存款，产品有风险，投资须谨慎。
C005353,1,P006,call,工作日18:00-21:00,您好，我是您的专属理财顾问，为您介绍：混合006号（R3·混合），业绩比较基准5.1%，灵活存续，50000元起投，T+1 次日赎回。理财非存款，产品有风险，投资须谨慎。
C005353,2,P001,call,周末09:00-12:00,您好，我是您的专属理财顾问，为您介绍：混合001号（R3·混合），业绩比较基准5.5%，730天，50000元起投，封闭运作。理财非存款，产品有风险，投资须谨慎。
C005353,3,P025,call,周末14:00-18:00,您好，我是您的专属理财顾问，为您介绍：定开025号（R3·定开），业绩比较基准5.2%，366天，1000元起投，T+0 随时赎回。理财非存款，产品有风险，投资须谨慎。
C005355,1,P026,app_push,工作日09:00-12:00,专属推荐：混合026号（R2·混合），业绩比较基准3.1%，180天，1000元起投，T+1 次日赎回。理财非存款，产品有风险，投资须谨慎。
C005355,2,P020,app_push,工作日12:00-14:00,专属推荐：现金管理020号（R2·现金管理），业绩比较基准3.6%，366天，10000元起投，T+1 次日赎回。理财非存款，产品有风险，投资须谨慎。
C005355,3,P012,app_push,工作日18:00-21:00,专属推荐：混合012号（R2·混合），业绩比较基准3.7%，90天，10000元起投，T+1 次日赎回。理财非存款，产品有风险，投资须谨慎。
C005359,1,P014,call,工作日18:00-21:00,您好，我是您的专属理财顾问，为您介绍：混合014号（R1·混合），业绩比较基准2.3%，90天，10000元起投，T+1 次日赎回。理财非存款，产品有风险，投资须谨慎。
C005359,2,P011,call,周末14:00-18:00,您好，我是您的专属理财顾问，为您介绍：固定期限011号（R2·固定期限），业绩比较基准3.3%，90天，10000元起投，T+0 随时赎回。该产品风险等级高于您的风险偏好，请谨慎选择。理财非存款，产品有风险，投资须谨慎。
C005359,3,P012,call,周末09:00-12:00,您好，我是您的专属理财顾问，为您介绍：混合012号（R2·混合），业绩比较基准3.7%，90天，10000元起投，T+1 次日赎回。该产品风险等级高于您的风险偏好，请谨慎选择。理财非存款，产品有风险，投资须谨慎。
C005362,1,P002,app_push,工作日12:00-14:00,专属推荐：固定期限002号（R5·固定期限），业绩比较基准11.3%，366天，1000元起投，T+0 随时赎回。该产品风险等级高于您的风险偏好，请谨慎选择。理财非存款，产品有风险，投资须谨慎。
C005362,2,P029,app_push,周末14:00-18:00,专属推荐：固定期限029号（R4·固定期限），业绩比较基准7.8%，灵活存续，10000元起投，封闭运作。理财非存款，产品有风险，投资须谨慎。
C005362,3,P023,app_push,工作日18:00-21:00,专属推荐：固定期限023号（R5·固定期限），业绩比较基准9.8%，灵活存续，1000元起投，T+1 次日赎回。该产品风险等级高于您的风险偏好，请谨慎选择。理财非存款，产品有风险，投资须谨慎。
C005364,1,P025,manager,工作日09:00-12:00,普通贵宾专享：定开025号（R3·定开），业绩比较基准5.2%，366天，1000元起投，T+0 随时赎回，可为您预约专属认购。理财非存款，产品有风险，投资须谨慎。
C005364,2,P024,manager,工作日12:00-14:00,普通贵宾专享：定开024号（R3·定开），业绩比较基准4.7%，90天，1000元起投，T+1 次日赎回，可为您预约专属认购。理财非存款，产品有风险，投资须谨慎。
C005364,3,P008,manager,周末14:00-18:00,普通贵宾专享：定开008号（R3·定开），业绩比较基准5.1%，366天，10000元起投，封闭运作，可为您预约专属认购。理财非存款，产品有风险，投资须谨慎。
C005368,1,P029,call,工作日09:00-12:00,您好，我是您的专属理财顾问，为您介绍：固定期限029号（R4·固定期限），业绩比较基准7.8%，灵活存续，10000元起投，封闭运作。理财非存款，产品有风险，投资须谨慎。
C005368,2,P002,call,工作日12:00-14:00,您好，我是您的专属理财顾问，为您介绍：固定期限002号（R5·固定期限），业绩比较基准11.3%，366天，1000元起投，T+0 随时赎回。该产品风险等级高于您的风险偏好，请谨慎选择。理财非存款，产品有风险，投资须谨慎。
C005368,3,P023,call,工作日18:00-21:00,您好，我是您的专属理财顾问，为您介绍：固定期限023号（R5·固定期限），业绩比较基准9.8%，灵活存续，1000元起投，T+1 次日赎回。该产品风险等级高于您的风险偏好，请谨慎选择。理财非存款，产品有风险，投资须谨慎。
C005377,1,P025,app_push,工作日09:00-12:00,专属推荐：定开025号（R3·定开），业绩比较基准5.2%，366天，1000元起投，T+0 随时赎回。理财非存款，产品有风险，投资须谨慎。
C005377,2,P024,app_push,工作日12:00-14:00,专属推荐：定开024号（R3·定开），业绩比较基准4.7%，90天，1000元起投，T+1 次日赎回。理财非存款，产品有风险，投资须谨慎。
C005377,3,P017,app_push,周末09:00-12:00,专属推荐：现金管理017号（R3·现金管理），业绩比较基准4.3%，180天，1000元起投，T+1 次日赎回。理财非存款，产品有风险，投资须谨慎。
C005380,1,P014,call,工作日09:00-12:00,您好，我是您的专属理财顾问，为您介绍：混合014号（R1·混合），业绩比较基准2.3%，90天，10000元起投，T+1 次日赎回。理财非存款，产品有风险，投资须谨慎。
C005380,2,P012,call,工作日12:00-14:00,您好，我是您的专属理财顾问，为您介绍：混合012号（R2·混合），业绩比较基准3.7%，90天，10000元起投，T+1 次日赎回。该产品风险等级高于您的风险偏好，请谨慎选择。理财非存款，产品有风险，投资须谨慎。
C005380,3,P011,call,周末14:00-18:00,您好，我是您的专属理财顾问，为您介绍：固定期限011号（R2·固定期限），业绩比较基准3.3%，90天，10000元起投，T+0 随时赎回。该产品风险等级高于您的风险偏好，请谨慎选择。理财非存款，产品有风险，投资须谨慎。
C005381,1,P025,manager,工作日12:00-14:00,钻石贵宾专享：定开025号（R3·定开），业绩比较基准5.2%，366天，1000元起投，T+0 随时赎回，可为您预约专属认购。理财非存款，产品有风险，投资须谨慎。
C005381,2,P024,manager,工作日18:00-21:00,钻石贵宾专享：定开024号（R3·定开），业绩比较基准4.7%，90天，1000元起投，T+1 次日赎回，可为您预约专属认购。理财非存款，产品有风险，投资须谨慎。
C005381,3,P017,manager,周末14:00-18:00,钻石贵宾专享：现金管理017号（R3·现金管理），业绩比较基准4.3%，180天，1000元起投，T+1 次日赎回，可为您预约专属认购。理财非存款，产品有风险，投资须谨慎。
C005382,1,P008,app_push,工作日18:00-21:00,专属推荐：定开008号（R3·定开），业绩比较基准5.1%，366天，10000元起投，封闭运作。理财非存款，产品有风险，投资须谨慎。
C005382,2,P025,app_push,周末09:00-12:00,专属推荐：定开025号（R3·定开），业绩比较基准5.2%，366天，1000元起投，T+0 随时赎回。理财非存款，产品有风险，投资须谨慎。
C005382,3,P024,app_push,周末14:00-18:00,专属推荐：定开024号（R3·定开），业绩比较基准4.7%，90天，1000元起投，T+1 次日赎回。理财非存款，产品有风险，投资须谨慎。
C005385,1,P011,app_push,工作日09:00-12:00,专属推荐：固定期限011号（R2·固定期限），业绩比较基准3.3%，90天，10000元起投，T+0 随时赎回。理财非存款，产品有风险，投资须谨慎。
C005385,2,P013,app_push,工作日12:00-14:00,专属推荐：定开013号（R2·定开），业绩比较基准3.5%，灵活存续，10000元起投，T+0 随时赎回。理财非存款，产品有风险，投资须谨慎。
C005385,3,P022,app_push,周末09:00-12:00,专属推荐：定开022号（R2·定开），业绩比较基准3.0%，730天，10000元起投，T+1 次日赎回。理财非存款，产品有风险，投资须谨慎。
C005387,1,P004,app_push,工作日12:00-14:00,专属推荐：现金管理004号（R5·现金管理），业绩比较基准8.6%，灵活存续，1000元起投，封闭运作。理财非存款，产品有风险，投资须谨慎。
C005387,2,P002,app_push,周末14:00-18:00,专属推荐：固定期限002号（R5·固定期限），业绩比较基准11.3%，366天，1000元起投，T+0 随时赎回。理财非存款，产品有风险，投资须谨慎。
C005387,3,P023,app_push,工作日18:00-21:00,专属推荐：固定期限023号（R5·固定期限），业绩比较基准9.8%，灵活存续，1000元起投，T+1 次日赎回。理财非存款，产品有风险，投资须谨慎。
C005400,1,P014,app_push,工作日18:00-21:00,专属推荐：混合014号（R1·混合），业绩比较基准2.3%，90天，10000元起投，T+1 次日赎回。理财非存款，产品有风险，投资须谨慎。
C005400,2,P026,app_push,周末09:00-12:00,专属推荐：混合026号（R2·混合），业绩比较基准3.1%，180天，1000元起投，T+1 次日赎回。该产品风险等级高于您的风险偏好，请谨慎选择。理财非存款，产品有风险，投资须谨慎。
C005400,3,P019,app_push,周末14:00-18:00,专属推荐：定开019号（R2·定开），业绩比较基准3.3%，灵活存续，1000元起投，T+0 随时赎回。该产品风险等级高于您的风险偏好，请谨慎选择。理财非存款，产品有风险，投资须谨慎。
C005402,1,P029,app_push,工作日18:00-21:00,专属推荐：固定期限029号（R4·固定期限），业绩比较基准7.8%，灵活存续，10000元起投，封闭运作。理财非存款，产品有风险，投资须谨慎。
C005402,2,P002,app_push,周末14:00-18:00,专属推荐：固定期限002号（R5·固定期限），业绩比较基准11.3%，366天，1000元起投，T+0 随时赎回。该产品风险等级高于您的风险偏好，请谨慎选择。理财非存款，产品有风险，投资须谨慎。
C005402,3,P023,app_push,周末09:00-12:00,专属推荐：固定期限023号（R5·固定期限），业绩比较基准9.8%，灵活存续，1000元起投，T+1 次日赎回。该产品风险等级高于您的风险偏好，请谨慎选择。理财非存款，产品有风险，投资须谨慎。
C005410,1,P002,call,工作日09:00-12:00,您好，我是您的专属理财顾问，为您介绍：固定期限002号（R5·固定期限），业绩比较基准11.3%，366天，1000元起投，T+0 随时赎回。理财非存款，产品有风险，投资须谨慎。
C005410,2,P023,call,工作日18:00-21:00,您好，我是您的专属理财顾问，为您介绍：固定期限023号（R5·固定期限），业绩比较基准9.8%，灵活存续，1000元起投，T+1 次日赎回。理财非存款，产品有风险，投资须谨慎。
C005410,3,P004,call,周末09:00-12:00,您好，我是您的专属理财顾问，为您介绍：现金管理004号（R5·现金管理），业绩比较基准8.6%，灵活存续，1000元起投，封闭运作。理财非存款，产品有风险，投资须谨慎。
C005425,1,P002,app_push,工作日09:00-12:00,专属推荐：固定期限002号（R5·固定期限），业绩比较基准11.3%，366天，1000元起投，T+0 随时赎回。理财非存款，产品有风险，投资须谨慎。
C005425,2,P023,app_push,工作日12:00-14:00,专属推荐：固定期限023号（R5·固定期限），业绩比较基准9.8%，灵活存续，1000元起投，T+1 次日赎回。理财非存款，产品有风险，投资须谨慎。
C005425,3,P004,app_push,周末09:00-12:00,专属推荐：现金管理004号（R5·现金管理），业绩比较基准8.6%，灵活存续，1000元起投，封闭运作。理财非存款，产品有风险，投资须谨慎。
C005426,1,P019,app_push,工作日18:00-21:00,专属推荐：定开019号（R2·定开），业绩比较基准3.3%，灵活存续，1000元起投，T+0 随时赎回。该产品风险等级高于您的风险偏好，请谨慎选择。理财非存款，产品有风险，投资须谨慎。
C005426,2,P013,app_push,周末14:00-18:00,专属推荐：定开013号（R2·定开），业绩比较基准3.5%，灵活存续，10000元起投，T+0 随时赎回。该产品风险等级高于您的风险偏好，请谨慎选择。理财非存款，产品有风险，投资须谨慎。
C005426,3,P022,app_push,周末09:00-12:00,专属推荐：定开022号（R2·定开），业绩比较基准3.0%，730天，10000元起投，T+1 次日赎回。该产品风险等级高于您的风险偏好，请谨慎选择。理财非存款，产品有风险，投资须谨慎。
C005428,1,P012,app_push,工作日09:00-12:00,专属推荐：混合012号（R2·混合），业绩比较基准3.7%，90天，10000元起投，T+1 次日赎回。理财非存款，产品有风险，投资须谨慎。
C005428,2,P013,app_push,工作日12:00-14:00,专属推荐：定开013号（R2·定开），业绩比较基准3.5%，灵活存续，10000元起投，T+0 随时赎回。理财非存款，产品有风险，投资须谨慎。
C005428,3,P011,app_push,工作日18:00-21:00,专属推荐：固定期限011号（R2·固定期限），业绩比较基准3.3%，90天，10000元起投，T+0 随时赎回。理财非存款，产品有风险，投资须谨慎。
C005431,1,P025,app_push,工作日09:00-12:00,专属推荐：定开025号（R3·定开），业绩比较基准5.2%，366天，1000元起投，T+0 随时赎回。理财非存款，产品有风险，投资须谨慎。
C005431,2,P006,app_push,工作日12:00-14:00,专属推荐：混合006号（R3·混合），业绩比较基准5.1%，灵活存续，50000元起投，T+1 次日赎回。理财非存款，产品有风险，投资须谨慎。
C005431,3,P001,app_push,工作日18:00-21:00,专属推荐：混合001号（R3·混合），业绩比较基准5.5%，730天，50000元起投，封闭运作。理财非存款，产品有风险，投资须谨慎。
C005437,1,P014,manager,工作日09:00-12:00,金卡贵宾专享：混合014号（R1·混合），业绩比较基准2.3%，90天，10000元起投，T+1 次日赎回，可为您预约专属认购。理财非存款，产品有风险，投资须谨慎。
C005437,2,P030,manager,工作日18:00-21:00,金卡贵宾专享：固定期限030号（R2·固定期限），业绩比较基准3.1%，730天，1000元起投，T+0 随时赎回，可为您预约专属认购。该产品风险等级高于您的风险偏好，请谨慎选择。理财非存款，产品有风险，投资须谨慎。
C005437,3,P012,manager,周末14:00-18:00,金卡贵宾专享：混合012号（R2·混合），业绩比较基准3.7%，90天，10000元起投，T+1 次日赎回，可为您预约专属认购。该产品风险等级高于您的风险偏好，请谨慎选择。理财非存款，产品有风险，投资须谨慎。
C005439,1,P012,call,工作日09:00-12:00,您好，我是您的专属理财顾问，为您介绍：混合012号（R2·混合），业绩比较基准3.7%，90天，10000元起投，T+1 次日赎回。理财非存款，产品有风险，投资须谨慎。
C005439,2,P013,call,工作日12:00-14:00,您好，我是您的专属理财顾问，为您介绍：定开013号（R2·定开），业绩比较基准3.5%，灵活存续，10000元起投，T+0 随时赎回。理财非存款，产品有风险，投资须谨慎。
C005439,3,P011,call,周末14:00-18:00,您好，我是您的专属理财顾问，为您介绍：固定期限011号（R2·固定期限），业绩比较基准3.3%，90天，10000元起投，T+0 随时赎回。理财非存款，产品有风险，投资须谨慎。
C005442,1,P024,app_push,工作日09:00-12:00,专属推荐：定开024号（R3·定开），业绩比较基准4.7%，90天，1000元起投，T+1 次日赎回。理财非存款，产品有风险，投资须谨慎。
C005442,2,P025,app_push,工作日12:00-14:00,专属推荐：定开025号（R3·定开），业绩比较基准5.2%，366天，1000元起投，T+0 随时赎回。理财非存款，产品有风险，投资须谨慎。
C005442,3,P002,app_push,周末09:00-12:00,专属推荐：固定期限002号（R5·固定期限），业绩比较基准11.3%，366天，1000元起投，T+0 随时赎回。该产品风险等级高于您的风险偏好，请谨慎选择。理财非存款，产品有风险，投资须谨慎。
C005443,1,P025,app_push,工作日09:00-12:00,专属推荐：定开025号（R3·定开），业绩比较基准5.2%，366天，1000元起投，T+0 随时赎回。理财非存款，产品有风险，投资须谨慎。
C005443,2,P024,app_push,工作日12:00-14:00,专属推荐：定开024号（R3·定开），业绩比较基准4.7%，90天，1000元起投，T+1 次日赎回。理财非存款，产品有风险，投资须谨慎。
C005443,3,P017,app_push,工作日18:00-21:00,专属推荐：现金管理017号（R3·现金管理），业绩比较基准4.3%，180天，1000元起投，T+1 次日赎回。理财非存款，产品有风险，投资须谨慎。
C005450,1,P025,app_push,工作日12:00-14:00,专属推荐：定开025号（R3·定开），业绩比较基准5.2%，366天，1000元起投，T+0 随时赎回。理财非存款，产品有风险，投资须谨慎。
C005450,2,P024,app_push,周末14:00-18:00,专属推荐：定开024号（R3·定开），业绩比较基准4.7%，90天，1000元起投，T+1 次日赎回。理财非存款，产品有风险，投资须谨慎。
C005450,3,P017,app_push,工作日18:00-21:00,专属推荐：现金管理017号（R3·现金管理），业绩比较基准4.3%，180天，1000元起投，T+1 次日赎回。理财非存款，产品有风险，投资须谨慎。
C005457,1,P029,app_push,工作日09:00-12:00,专属推荐：固定期限029号（R4·固定期限），业绩比较基准7.8%，灵活存续，10000元起投，封闭运作。理财非存款，产品有风险，投资须谨慎。
C005457,2,P002,app_push,工作日12:00-14:00,专属推荐：固定期限002号（R5·固定期限），业绩比较基准11.3%，366天，1000元起投，T+0 随时赎回。该产品风险等级高于您的风险偏好，请谨慎选择。理财非存款，产品有风险，投资须谨慎。
C005457,3,P023,app_push,工作日18:00-21:00,专属推荐：固定期限023号（R5·固定期限），业绩比较基准9.8%，灵活存续，1000元起投，T+1 次日赎回。该产品风险等级高于您的风险偏好，请谨慎选择。理财非存款，产品有风险，投资须谨慎。
C005464,1,P026,app_push,工作日12:00-14:00,专属推荐：混合026号（R2·混合），业绩比较基准3.1%，180天，1000元起投，T+1 次日赎回。理财非存款，产品有风险，投资须谨慎。
C005464,2,P019,app_push,工作日18:00-21:00,专属推荐：定开019号（R2·定开），业绩比较基准3.3%，灵活存续，1000元起投，T+0 随时赎回。理财非存款，产品有风险，投资须谨慎。
C005464,3,P030,app_push,周末14:00-18:00,专属推荐：固定期限030号（R2·固定期限），业绩比较基准3.1%，730天，1000元起投，T+0 随时赎回。理财非存款，产品有风险，投资须谨慎。
C005474,1,P025,call,工作日09:00-12:00,您好，我是您的专属理财顾问，为您介绍：定开025号（R3·定开），业绩比较基准5.2%，366天，1000元起投，T+0 随时赎回。理财非存款，产品有风险，投资须谨慎。
C005474,2,P024,call,工作日12:00-14:00,您好，我是您的专属理财顾问，为您介绍：定开024号（R3·定开），业绩比较基准4.7%，90天，1000元起投，T+1 次日赎回。理财非存款，产品有风险，投资须谨慎。
C005474,3,P017,call,周末09:00-12:00,您好，我是您的专属理财顾问，为您介绍：现金管理017号（R3·现金管理），业绩比较基准4.3%，180天，1000元起投，T+1 次日赎回。理财非存款，产品有风险，投资须谨慎。
C005477,1,P025,app_push,工作日12:00-14:00,专属推荐：定开025号（R3·定开），业绩比较基准5.2%，366天，1000元起投，T+0 随时赎回。理财非存款，产品有风险，投资须谨慎。
C005477,2,P024,app_push,周末14:00-18:00,专属推荐：定开024号（R3·定开），业绩比较基准4.7%，90天，1000元起投，T+1 次日赎回。理财非存款，产品有风险，投资须谨慎。
C005477,3,P017,app_push,工作日18:00-21:00,专属推荐：现金管理017号（R3·现金管理），业绩比较基准4.3%，180天，1000元起投，T+1 次日赎回。理财非存款，产品有风险，投资须谨慎。
C005486,1,P011,app_push,工作日09:00-12:00,专属推荐：固定期限011号（R2·固定期限），业绩比较基准3.3%，90天，10000元起投，T+0 随时赎回。理财非存款，产品有风险，投资须谨慎。
C005486,2,P030,app_push,工作日12:00-14:00,专属推荐：固定期限030号（R2·固定期限），业绩比较基准3.1%，730天，1000元起投，T+0 随时赎回。理财非存款，产品有风险，投资须谨慎。
C005486,3,P012,app_push,工作日18:00-21:00,专属推荐：混合012号（R2·混合），业绩比较基准3.7%，90天，10000元起投，T+1 次日赎回。理财非存款，产品有风险，投资须谨慎。
C005489,1,P029,app_push,工作日12:00-14:00,专属推荐：固定期限029号（R4·固定期限），业绩比较基准7.8%，灵活存续，10000元起投，封闭运作。该产品风险等级高于您的风险偏好，请谨慎选择。理财非存款，产品有风险，投资须谨慎。
C005489,2,P011,app_push,工作日18:00-21:00,专属推荐：固定期限011号（R2·固定期限），业绩比较基准3.3%，90天，10000元起投，T+0 随时赎回。理财非存款，产品有风险，投资须谨慎。
C005489,3,P030,app_push,周末14:00-18:00,专属推荐：固定期限030号（R2·固定期限），业绩比较基准3.1%，730天，1000元起投，T+0 随时赎回。理财非存款，产品有风险，投资须谨慎。
C005492,1,P001,app_push,工作日09:00-12:00,专属推荐：混合001号（R3·混合），业绩比较基准5.5%，730天，50000元起投，封闭运作。理财非存款，产品有风险，投资须谨慎。
C005492,2,P006,app_push,工作日12:00-14:00,专属推荐：混合006号（R3·混合），业绩比较基准5.1%，灵活存续，50000元起投，T+1 次日赎回。理财非存款，产品有风险，投资须谨慎。
C005492,3,P026,app_push,工作日18:00-21:00,专属推荐：混合026号（R2·混合），业绩比较基准3.1%，180天，1000元起投，T+1 次日赎回。理财非存款，产品有风险，投资须谨慎。
C005494,1,P029,manager,工作日12:00-14:00,钻石贵宾专享：固定期限029号（R4·固定期限），业绩比较基准7.8%，灵活存续，10000元起投，封闭运作，可为您预约专属认购。理财非存款，产品有风险，投资须谨慎。
C005494,2,P002,manager,周末14:00-18:00,钻石贵宾专享：固定期限002号（R5·固定期限），业绩比较基准11.3%，366天，1000元起投，T+0 随时赎回，可为您预约专属认购。该产品风险等级高于您的风险偏好，请谨慎选择。理财非存款，产品有风险，投资须谨慎。
C005494,3,P023,manager,工作日18:00-21:00,钻石贵宾专享：固定期限023号（R5·固定期限），业绩比较基准9.8%，灵活存续，1000元起投，T+1 次日赎回，可为您预约专属认购。该产品风险等级高于您的风险偏好，请谨慎选择。理财非存款，产品有风险，投资须谨慎。
C005495,1,P017,call,工作日09:00-12:00,您好，我是您的专属理财顾问，为您介绍：现金管理017号（R3·现金管理），业绩比较基准4.3%，180天，1000元起投，T+1 次日赎回。理财非存款，产品有风险，投资须谨慎。
C005495,2,P012,call,工作日18:00-21:00,您好，我是您的专属理财顾问，为您介绍：混合012号（R2·混合），业绩比较基准3.7%，90天，10000元起投，T+1 次日赎回。理财非存款，产品有风险，投资须谨慎。
C005495,3,P026,call,周末09:00-12:00,您好，我是您的专属理财顾问，为您介绍：混合026号（R2·混合），业绩比较基准3.1%，180天，1000元起投，T+1 次日赎回。理财非存款，产品有风险，投资须谨慎。
C005505,1,P024,app_push,工作日09:00-12:00,专属推荐：定开024号（R3·定开），业绩比较基准4.7%，90天，1000元起投，T+1 次日赎回。理财非存款，产品有风险，投资须谨慎。
C005505,2,P025,app_push,工作日18:00-21:00,专属推荐：定开025号（R3·定开），业绩比较基准5.2%，366天，1000元起投，T+0 随时赎回。理财非存款，产品有风险，投资须谨慎。
C005505,3,P017,app_push,周末09:00-12:00,专属推荐：现金管理017号（R3·现金管理），业绩比较基准4.3%，180天，1000元起投，T+1 次日赎回。理财非存款，产品有风险，投资须谨慎。
C005507,1,P025,app_push,工作日12:00-14:00,专属推荐：定开025号（R3·定开），业绩比较基准5.2%，366天，1000元起投，T+0 随时赎回。理财非存款，产品有风险，投资须谨慎。
C005507,2,P024,app_push,周末14:00-18:00,专属推荐：定开024号（R3·定开），业绩比较基准4.7%，90天，1000元起投，T+1 次日赎回。理财非存款，产品有风险，投资须谨慎。
C005507,3,P017,app_push,工作日18:00-21:00,专属推荐：现金管理017号（R3·现金管理），业绩比较基准4.3%，180天，1000元起投，T+1 次日赎回。理财非存款，产品有风险，投资须谨慎。
C005508,1,P014,call,工作日12:00-14:00,您好，我是您的专属理财顾问，为您介绍：混合014号（R1·混合），业绩比较基准2.3%，90天，10000元起投，T+1 次日赎回。理财非存款，产品有风险，投资须谨慎。
C005508,2,P020,call,周末14:00-18:00,您好，我是您的专属理财顾问，为您介绍：现金管理020号（R2·现金管理），业绩比较基准3.6%，366天，10000元起投，T+1 次日赎回。该产品风险等级高于您的风险偏好，请谨慎选择。理财非存款，产品有风险，投资须谨慎。
C005508,3,P012,call,工作日18:00-21:00,您好，我是您的专属理财顾问，为您介绍：混合012号（R2·混合），业绩比较基准3.7%，90天，10000元起投，T+1 次日赎回。该产品风险等级高于您的风险偏好，请谨慎选择。理财非存款，产品有风险，投资须谨慎。
C005509,1,P019,call,工作日09:00-12:00,您好，我是您的专属理财顾问，为您介绍：定开019号（R2·定开），业绩比较基准3.3%，灵活存续，1000元起投，T+0 随时赎回。理财非存款，产品有风险，投资须谨慎。
C005509,2,P026,call,工作日12:00-14:00,您好，我是您的专属理财顾问，为您介绍：混合026号（R2·混合），业绩比较基准3.1%，180天，1000元起投，T+1 次日赎回。理财非存款，产品有风险，投资须谨慎。
C005509,3,P030,call,周末09:00-12:00,您好，我是您的专属理财顾问，为您介绍：固定期限030号（R2·固定期限），业绩比较基准3.1%，730天，1000元起投，T+0 随时赎回。理财非存款，产品有风险，投资须谨慎。
C005510,1,P006,call,工作日12:00-14:00,您好，我是您的专属理财顾问，为您介绍：混合006号（R3·混合），业绩比较基准5.1%，灵活存续，50000元起投，T+1 次日赎回。理财非存款，产品有风险，投资须谨慎。
C005510,2,P001,call,工作日18:00-21:00,您好，我是您的专属理财顾问，为您介绍：混合001号（R3·混合），业绩比较基准5.5%，730天，50000元起投，封闭运作。理财非存款，产品有风险，投资须谨慎。
C005510,3,P025,call,周末14:00-18:00,您好，我是您的专属理财顾问，为您介绍：定开025号（R3·定开），业绩比较基准5.2%，366天，1000元起投，T+0 随时赎回。理财非存款，产品有风险，投资须谨慎。
C005512,1,P011,app_push,工作日12:00-14:00,专属推荐：固定期限011号（R2·固定期限），业绩比较基准3.3%，90天，10000元起投，T+0 随时赎回。理财非存款，产品有风险，投资须谨慎。
C005512,2,P022,app_push,工作日18:00-21:00,专属推荐：定开022号（R2·定开），业绩比较基准3.0%，730天，10000元起投，T+1 次日赎回。理财非存款，产品有风险，投资须谨慎。
C005512,3,P013,app_push,周末14:00-18:00,专属推荐：定开013号（R2·定开），业绩比较基准3.5%，灵活存续，10000元起投，T+0 随时赎回。理财非存款，产品有风险，投资须谨慎。
C005514,1,P014,app_push,工作日12:00-14:00,专属推荐：混合014号（R1·混合），业绩比较基准2.3%，90天，10000元起投，T+1 次日赎回。理财非存款，产品有风险，投资须谨慎。
C005514,2,P011,app_push,工作日18:00-21:00,专属推荐：固定期限011号（R2·固定期限），业绩比较基准3.3%，90天，10000元起投，T+0 随时赎回。该产品风险等级高于您的风险偏好，请谨慎选择。理财非存款，产品有风险，投资须谨慎。
C005514,3,P012,app_push,周末14:00-18:00,专属推荐：混合012号（R2·混合），业绩比较基准3.7%，90天，10000元起投，T+1 次日赎回。该产品风险等级高于您的风险偏好，请谨慎选择。理财非存款，产品有风险，投资须谨慎。
C005516,1,P017,app_push,工作日09:00-12:00,专属推荐：现金管理017号（R3·现金管理），业绩比较基准4.3%，180天，1000元起投，T+1 次日赎回。理财非存款，产品有风险，投资须谨慎。
C005516,2,P006,app_push,工作日12:00-14:00,专属推荐：混合006号（R3·混合），业绩比较基准5.1%，灵活存续，50000元起投，T+1 次日赎回。理财非存款，产品有风险，投资须谨慎。
C005516,3,P025,app_push,周末14:00-18:00,专属推荐：定开025号（R3·定开），业绩比较基准5.2%，366天，1000元起投，T+0 随时赎回。理财非存款，产品有风险，投资须谨慎。
C005527,1,P012,app_push,工作日09:00-12:00,专属推荐：混合012号（R2·混合），业绩比较基准3.7%，90天，10000元起投，T+1 次日赎回。理财非存款，产品有风险，投资须谨慎。
C005527,2,P026,app_push,工作日12:00-14:00,专属推荐：混合026号（R2·混合），业绩比较基准3.1%，180天，1000元起投，T+1 次日赎回。理财非存款，产品有风险，投资须谨慎。
C005527,3,P013,app_push,工作日18:00-21:00,专属推荐：定开013号（R2·定开），业绩比较基准3.5%，灵活存续，10000元起投，T+0 随时赎回。理财非存款，产品有风险，投资须谨慎。
C005547,1,P006,manager,工作日09:00-12:00,普通贵宾专享：混合006号（R3·混合），业绩比较基准5.1%，灵活存续，50000元起投，T+1 次日赎回，可为您预约专属认购。理财非存款，产品有风险，投资须谨慎。
C005547,2,P001,manager,工作日12:00-14:00,普通贵宾专享：混合001号（R3·混合），业绩比较基准5.5%，730天，50000元起投，封闭运作，可为您预约专属认购。理财非存款，产品有风险，投资须谨慎。
C005547,3,P021,manager,工作日18:00-21:00,普通贵宾专享：混合021号（R3·混合），业绩比较基准5.4%，730天，100000元起投，封闭运作，可为您预约专属认购。理财非存款，产品有风险，投资须谨慎。
C005548,1,P017,call,工作日09:00-12:00,您好，我是您的专属理财顾问，为您介绍：现金管理017号（R3·现金管理），业绩比较基准4.3%，180天，1000元起投，T+1 次日赎回。理财非存款，产品有风险，投资须谨慎。
C005548,2,P025,call,工作日12:00-14:00,您好，我是您的专属理财顾问，为您介绍：定开025号（R3·定开），业绩比较基准5.2%，366天，1000元起投，T+0 随时赎回。理财非存款，产品有风险，投资须谨慎。
C005548,3,P024,call,周末09:00-12:00,您好，我是您的专属理财顾问，为您介绍：定开024号（R3·定开），业绩比较基准4.7%，90天，1000元起投，T+1 次日赎回。理财非存款，产品有风险，投资须谨慎。
C005549,1,P002,app_push,工作日12:00-14:00,专属推荐：固定期限002号（R5·固定期限），业绩比较基准11.3%，366天，1000元起投，T+0 随时赎回。理财非存款，产品有风险，投资须谨慎。
C005549,2,P023,app_push,周末14:00-18:00,专属推荐：固定期限023号（R5·固定期限），业绩比较基准9.8%，灵活存续，1000元起投，T+1 次日赎回。理财非存款，产品有风险，投资须谨慎。
C005549,3,P004,app_push,工作日18:00-21:00,专属推荐：现金管理004号（R5·现金管理），业绩比较基准8.6%，灵活存续，1000元起投，封闭运作。理财非存款，产品有风险，投资须谨慎。
C005555,1,P006,call,工作日18:00-21:00,您好，我是您的专属理财顾问，为您介绍：混合006号（R3·混合），业绩比较基准5.1%，灵活存续，50000元起投，T+1 次日赎回。理财非存款，产品有风险，投资须谨慎。
C005555,2,P001,call,周末09:00-12:00,您好，我是您的专属理财顾问，为您介绍：混合001号（R3·混合），业绩比较基准5.5%，730天，50000元起投，封闭运作。理财非存款，产品有风险，投资须谨慎。
C005555,3,P025,call,周末14:00-18:00,您好，我是您的专属理财顾问，为您介绍：定开025号（R3·定开），业绩比较基准5.2%，366天，1000元起投，T+0 随时赎回。理财非存款，产品有风险，投资须谨慎。
C005560,1,P020,call,工作日09:00-12:00,您好，我是您的专属理财顾问，为您介绍：现金管理020号（R2·现金管理），业绩比较基准3.6%，366天，10000元起投，T+1 次日赎回。理财非存款，产品有风险，投资须谨慎。
C005560,2,P025,call,工作日12:00-14:00,您好，我是您的专属理财顾问，为您介绍：定开025号（R3·定开），业绩比较基准5.2%，366天，1000元起投，T+0 随时赎回。该产品风险等级高于您的风险偏好，请谨慎选择。理财非存款，产品有风险，投资须谨慎。
C005560,3,P009,call,周末09:00-12:00,您好，我是您的专属理财顾问，为您介绍：现金管理009号（R2·现金管理），业绩比较基准4.0%，730天，50000元起投，T+0 随时赎回。理财非存款，产品有风险，投资须谨慎。
C005565,1,P018,app_push,工作日09:00-12:00,专属推荐：现金管理018号（R2·现金管理），业绩比较基准3.6%，730天，10000元起投，T+0 随时赎回。该产品风险等级高于您的风险偏好，请谨慎选择。理财非存款，产品有风险，投资须谨慎。
C005565,2,P020,app_push,工作日12:00-14:00,专属推荐：现金管理020号（R2·现金管理），业绩比较基准3.6%，366天，10000元起投，T+1 次日赎回。该产品风险等级高于您的风险偏好，请谨慎选择。理财非存款，产品有风险，投资须谨慎。
C005565,3,P014,app_push,工作日18:00-21:00,专属推荐：混合014号（R1·混合），业绩比较基准2.3%，90天，10000元起投，T+1 次日赎回。理财非存款，产品有风险，投资须谨慎。
C005567,1,P019,app_push,工作日09:00-12:00,专属推荐：定开019号（R2·定开），业绩比较基准3.3%，灵活存续，1000元起投，T+0 随时赎回。理财非存款，产品有风险，投资须谨慎。
C005567,2,P013,app_push,工作日12:00-14:00,专属推荐：定开013号（R2·定开），业绩比较基准3.5%，灵活存续，10000元起投，T+0 随时赎回。理财非存款，产品有风险，投资须谨慎。
C005567,3,P011,app_push,工作日18:00-21:00,专属推荐：固定期限011号（R2·固定期限），业绩比较基准3.3%，90天，10000元起投，T+0 随时赎回。理财非存款，产品有风险，投资须谨慎。
C005575,1,P014,call,工作日09:00-12:00,您好，我是您的专属理财顾问，为您介绍：混合014号（R1·混合），业绩比较基准2.3%，90天，10000元起投，T+1 次日赎回。理财非存款，产品有风险，投资须谨慎。
C005575,2,P030,call,工作日12:00-14:00,您好，我是您的专属理财顾问，为您介绍：固定期限030号（R2·固定期限），业绩比较基准3.1%，730天，1000元起投，T+0 随时赎回。该产品风险等级高于您的风险偏好，请谨慎选择。理财非存款，产品有风险，投资须谨慎。
C005575,3,P026,call,工作日18:00-21:00,您好，我是您的专属理财顾问，为您介绍：混合026号（R2·混合），业绩比较基准3.1%，180天，1000元起投，T+1 次日赎回。该产品风险等级高于您的风险偏好，请谨慎选择。理财非存款，产品有风险，投资须谨慎。
C005583,1,P025,app_push,工作日12:00-14:00,专属推荐：定开025号（R3·定开），业绩比较基准5.2%，366天，1000元起投，T+0 随时赎回。理财非存款，产品有风险，投资须谨慎。
C005583,2,P024,app_push,工作日18:00-21:00,专属推荐：定开024号（R3·定开），业绩比较基准4.7%，90天，1000元起投，T+1 次日赎回。理财非存款，产品有风险，投资须谨慎。
C005583,3,P008,app_push,周末14:00-18:00,专属推荐：定开008号（R3·定开），业绩比较基准5.1%，366天，10000元起投，封闭运作。理财非存款，产品有风险，投资须谨慎。
C005584,1,P011,app_push,工作日09:00-12:00,专属推荐：固定期限011号（R2·固定期限），业绩比较基准3.3%，90天，10000元起投，T+0 随时赎回。理财非存款，产品有风险，投资须谨慎。
C005584,2,P012,app_push,工作日12:00-14:00,专属推荐：混合012号（R2·混合），业绩比较基准3.7%，90天，10000元起投，T+1 次日赎回。理财非存款，产品有风险，投资须谨慎。
C005584,3,P013,app_push,周末09:00-12:00,专属推荐：定开013号（R2·定开），业绩比较基准3.5%，灵活存续，10000元起投，T+0 随时赎回。理财非存款，产品有风险，投资须谨慎。
C005587,1,P002,app_push,工作日09:00-12:00,专属推荐：固定期限002号（R5·固定期限），业绩比较基准11.3%，366天，1000元起投，T+0 随时赎回。理财非存款，产品有风险，投资须谨慎。
C005587,2,P023,app_push,工作日12:00-14:00,专属推荐：固定期限023号（R5·固定期限），业绩比较基准9.8%，灵活存续，1000元起投，T+1 次日赎回。理财非存款，产品有风险，投资须谨慎。
C005587,3,P004,app_push,工作日18:00-21:00,专属推荐：现金管理004号（R5·现金管理），业绩比较基准8.6%，灵活存续，1000元起投，封闭运作。理财非存款，产品有风险，投资须谨慎。
C005590,1,P025,call,工作日12:00-14:00,您好，我是您的专属理财顾问，为您介绍：定开025号（R3·定开），业绩比较基准5.2%，366天，1000元起投，T+0 随时赎回。理财非存款，产品有风险，投资须谨慎。
C005590,2,P024,call,工作日18:00-21:00,您好，我是您的专属理财顾问，为您介绍：定开024号（R3·定开），业绩比较基准4.7%，90天，1000元起投，T+1 次日赎回。理财非存款，产品有风险，投资须谨慎。
C005590,3,P008,call,周末14:00-18:00,您好，我是您的专属理财顾问，为您介绍：定开008号（R3·定开），业绩比较基准5.1%，366天，10000元起投，封闭运作。理财非存款，产品有风险，投资须谨慎。
C005592,1,P012,call,工作日09:00-12:00,您好，我是您的专属理财顾问，为您介绍：混合012号（R2·混合），业绩比较基准3.7%，90天，10000元起投，T+1 次日赎回。理财非存款，产品有风险，投资须谨慎。
C005592,2,P026,call,工作日12:00-14:00,您好，我是您的专属理财顾问，为您介绍：混合026号（R2·混合），业绩比较基准3.1%，180天，1000元起投，T+1 次日赎回。理财非存款，产品有风险，投资须谨慎。
C005592,3,P024,call,工作日18:00-21:00,您好，我是您的专属理财顾问，为您介绍：定开024号（R3·定开），业绩比较基准4.7%，90天，1000元起投，T+1 次日赎回。理财非存款，产品有风险，投资须谨慎。
C005594,1,P030,app_push,工作日09:00-12:00,专属推荐：固定期限030号（R2·固定期限），业绩比较基准3.1%，730天，1000元起投，T+0 随时赎回。理财非存款，产品有风险，投资须谨慎。
C005594,2,P011,app_push,工作日12:00-14:00,专属推荐：固定期限011号（R2·固定期限），业绩比较基准3.3%，90天，10000元起投，T+0 随时赎回。理财非存款，产品有风险，投资须谨慎。
C005594,3,P026,app_push,工作日18:00-21:00,专属推荐：混合026号（R2·混合），业绩比较基准3.1%，180天，1000元起投，T+1 次日赎回。理财非存款，产品有风险，投资须谨慎。
C005600,1,P019,call,工作日12:00-14:00,您好，我是您的专属理财顾问，为您介绍：定开019号（R2·定开），业绩比较基准3.3%，灵活存续，1000元起投，T+0 随时赎回。理财非存款，产品有风险，投资须谨慎。
C005600,2,P011,call,工作日18:00-21:00,您好，我是您的专属理财顾问，为您介绍：固定期限011号（R2·固定期限），业绩比较基准3.3%，90天，10000元起投，T+0 随时赎回。理财非存款，产品有风险，投资须谨慎。
C005600,3,P022,call,周末14:00-18:00,您好，我是您的专属理财顾问，为您介绍：定开022号（R2·定开），业绩比较基准3.0%，730天，10000元起投，T+1 次日赎回。理财非存款，产品有风险，投资须谨慎。
C005607,1,P018,call,工作日09:00-12:00,您好，我是您的专属理财顾问，为您介绍：现金管理018号（R2·现金管理），业绩比较基准3.6%，730天，10000元起投，T+0 随时赎回。该产品风险等级高于您的风险偏好，请谨慎选择。理财非存款，产品有风险，投资须谨慎。
C005607,2,P020,call,工作日12:00-14:00,您好，我是您的专属理财顾问，为您介绍：现金管理020号（R2·现金管理），业绩比较基准3.6%，366天，10000元起投，T+1 次日赎回。该产品风险等级高于您的风险偏好，请谨慎选择。理财非存款，产品有风险，投资须谨慎。
C005607,3,P014,call,工作日18:00-21:00,您好，我是您的专属理财顾问，为您介绍：混合014号（R1·混合），业绩比较基准2.3%，90天，10000元起投，T+1 次日赎回。理财非存款，产品有风险，投资须谨慎。
C005608,1,P006,call,工作日18:00-21:00,您好，我是您的专属理财顾问，为您介绍：混合006号（R3·混合），业绩比较基准5.1%，灵活存续，50000元起投，T+1 次日赎回。理财非存款，产品有风险，投资须谨慎。
C005608,2,P001,call,周末09:00-12:00,您好，我是您的专属理财顾问，为您介绍：混合001号（R3·混合），业绩比较基准5.5%，730天，50000元起投，封闭运作。理财非存款，产品有风险，投资须谨慎。
C005608,3,P021,call,周末14:00-18:00,您好，我是您的专属理财顾问，为您介绍：混合021号（R3·混合），业绩比较基准5.4%，730天，100000元起投，封闭运作。理财非存款，产品有风险，投资须谨慎。
C005609,1,P018,call,工作日12:00-14:00,您好，我是您的专属理财顾问，为您介绍：现金管理018号（R2·现金管理），业绩比较基准3.6%，730天，10000元起投，T+0 随时赎回。理财非存款，产品有风险，投资须谨慎。
C005609,2,P009,call,工作日18:00-21:00,您好，我是您的专属理财顾问，为您介绍：现金管理009号（R2·现金管理），业绩比较基准4.0%，730天，50000元起投，T+0 随时赎回。理财非存款，产品有风险，投资须谨慎。
C005609,3,P020,call,周末14:00-18:00,您好，我是您的专属理财顾问，为您介绍：现金管理020号（R2·现金管理），业绩比较基准3.6%，366天，10000元起投，T+1 次日赎回。理财非存款，产品有风险，投资须谨慎。
C005615,1,P003,app_push,工作日09:00-12:00,专属推荐：固定期限003号（R3·固定期限），业绩比较基准4.5%，730天，50000元起投，封闭运作。理财非存款，产品有风险，投资须谨慎。
C005615,2,P029,app_push,工作日12:00-14:00,专属推荐：固定期限029号（R4·固定期限），业绩比较基准7.8%，灵活存续，10000元起投，封闭运作。该产品风险等级高于您的风险偏好，请谨慎选择。理财非存款，产品有风险，投资须谨慎。
C005615,3,P015,app_push,周末09:00-12:00,专属推荐：固定期限015号（R4·固定期限），业绩比较基准6.7%，366天，50000元起投，封闭运作。该产品风险等级高于您的风险偏好，请谨慎选择。理财非存款，产品有风险，投资须谨慎。
C005617,1,P019,app_push,工作日18:00-21:00,专属推荐：定开019号（R2·定开），业绩比较基准3.3%，灵活存续，1000元起投，T+0 随时赎回。理财非存款，产品有风险，投资须谨慎。
C005617,2,P026,app_push,周末09:00-12:00,专属推荐：混合026号（R2·混合），业绩比较基准3.1%，180天，1000元起投，T+1 次日赎回。理财非存款，产品有风险，投资须谨慎。
C005617,3,P030,app_push,周末14:00-18:00,专属推荐：固定期限030号（R2·固定期限），业绩比较基准3.1%，730天，1000元起投，T+0 随时赎回。理财非存款，产品有风险，投资须谨慎。
C005630,1,P025,app_push,工作日18:00-21:00,专属推荐：定开025号（R3·定开），业绩比较基准5.2%，366天，1000元起投，T+0 随时赎回。理财非存款，产品有风险，投资须谨慎。
C005630,2,P024,app_push,周末09:00-12:00,专属推荐：定开024号（R3·定开），业绩比较基准4.7%，90天，1000元起投，T+1 次日赎回。理财非存款，产品有风险，投资须谨慎。
C005630,3,P008,app_push,周末14:00-18:00,专属推荐：定开008号（R3·定开），业绩比较基准5.1%，366天，10000元起投，封闭运作。理财非存款，产品有风险，投资须谨慎。
C005632,1,P012,app_push,工作日12:00-14:00,专属推荐：混合012号（R2·混合），业绩比较基准3.7%，90天，10000元起投，T+1 次日赎回。理财非存款，产品有风险，投资须谨慎。
C005632,2,P013,app_push,工作日18:00-21:00,专属推荐：定开013号（R2·定开），业绩比较基准3.5%，灵活存续，10000元起投，T+0 随时赎回。理财非存款，产品有风险，投资须谨慎。
C005632,3,P026,app_push,周末14:00-18:00,专属推荐：混合026号（R2·混合），业绩比较基准3.1%，180天，1000元起投，T+1 次日赎回。理财非存款，产品有风险，投资须谨慎。
C005634,1,P030,app_push,工作日09:00-12:00,专属推荐：固定期限030号（R2·固定期限），业绩比较基准3.1%，730天，1000元起投，T+0 随时赎回。理财非存款，产品有风险，投资须谨慎。
C005634,2,P011,app_push,工作日12:00-14:00,专属推荐：固定期限011号（R2·固定期限），业绩比较基准3.3%，90天，10000元起投，T+0 随时赎回。理财非存款，产品有风险，投资须谨慎。
C005634,3,P026,app_push,周末09:00-12:00,专属推荐：混合026号（R2·混合），业绩比较基准3.1%，180天，1000元起投，T+1 次日赎回。理财非存款，产品有风险，投资须谨慎。
C005636,1,P019,app_push,工作日12:00-14:00,专属推荐：定开019号（R2·定开），业绩比较基准3.3%，灵活存续，1000元起投，T+0 随时赎回。理财非存款，产品有风险，投资须谨慎。
C005636,2,P024,app_push,工作日18:00-21:00,专属推荐：定开024号（R3·定开），业绩比较基准4.7%，90天，1000元起投，T+1 次日赎回。该产品风险等级高于您的风险偏好，请谨慎选择。理财非存款，产品有风险，投资须谨慎。
C005636,3,P018,app_push,周末14:00-18:00,专属推荐：现金管理018号（R2·现金管理），业绩比较基准3.6%，730天，10000元起投，T+0 随时赎回。理财非存款，产品有风险，投资须谨慎。
C005640,1,P002,app_push,工作日12:00-14:00,专属推荐：固定期限002号（R5·固定期限），业绩比较基准11.3%，366天，1000元起投，T+0 随时赎回。理财非存款，产品有风险，投资须谨慎。
C005640,2,P023,app_push,周末14:00-18:00,专属推荐：固定期限023号（R5·固定期限），业绩比较基准9.8%，灵活存续，1000元起投，T+1 次日赎回。理财非存款，产品有风险，投资须谨慎。
C005640,3,P004,app_push,工作日18:00-21:00,专属推荐：现金管理004号（R5·现金管理），业绩比较基准8.6%，灵活存续，1000元起投，封闭运作。理财非存款，产品有风险，投资须谨慎。
C005643,1,P002,call,工作日09:00-12:00,您好，我是您的专属理财顾问，为您介绍：固定期限002号（R5·固定期限），业绩比较基准11.3%，366天，1000元起投，T+0 随时赎回。该产品风险等级高于您的风险偏好，请谨慎选择。理财非存款，产品有风险，投资须谨慎。
C005643,2,P023,call,工作日18:00-21:00,您好，我是您的专属理财顾问，为您介绍：固定期限023号（R5·固定期限），业绩比较基准9.8%，灵活存续，1000元起投，T+1 次日赎回。该产品风险等级高于您的风险偏好，请谨慎选择。理财非存款，产品有风险，投资须谨慎。
C005643,3,P029,call,周末09:00-12:00,您好，我是您的专属理财顾问，为您介绍：固定期限029号（R4·固定期限），业绩比较基准7.8%，灵活存续，10000元起投，封闭运作。理财非存款，产品有风险，投资须谨慎。
C005647,1,P029,app_push,工作日09:00-12:00,专属推荐：固定期限029号（R4·固定期限），业绩比较基准7.8%，灵活存续，10000元起投，封闭运作。理财非存款，产品有风险，投资须谨慎。
C005647,2,P002,app_push,工作日12:00-14:00,专属推荐：固定期限002号（R5·固定期限），业绩比较基准11.3%，366天，1000元起投，T+0 随时赎回。该产品风险等级高于您的风险偏好，请谨慎选择。理财非存款，产品有风险，投资须谨慎。
C005647,3,P023,app_push,工作日18:00-21:00,专属推荐：固定期限023号（R5·固定期限），业绩比较基准9.8%，灵活存续，1000元起投，T+1 次日赎回。该产品风险等级高于您的风险偏好，请谨慎选择。理财非存款，产品有风险，投资须谨慎。
C005648,1,P009,manager,工作日09:00-12:00,金卡贵宾专享：现金管理009号（R2·现金管理），业绩比较基准4.0%，730天，50000元起投，T+0 随时赎回，可为您预约专属认购。该产品风险等级高于您的风险偏好，请谨慎选择。理财非存款，产品有风险，投资须谨慎。
C005648,2,P010,manager,工作日12:00-14:00,金卡贵宾专享：现金管理010号（R1·现金管理），业绩比较基准2.8%，366天，50000元起投，T+0 随时赎回，可为您预约专属认购。理财非存款，产品有风险，投资须谨慎。
C005648,3,P014,manager,工作日18:00-21:00,金卡贵宾专享：混合014号（R1·混合），业绩比较基准2.3%，90天，10000元起投，T+1 次日赎回，可为您预约专属认购。理财非存款，产品有风险，投资须谨慎。
C005650,1,P029,app_push,工作日18:00-21:00,专属推荐：固定期限029号（R4·固定期限），业绩比较基准7.8%，灵活存续，10000元起投，封闭运作。理财非存款，产品有风险，投资须谨慎。
C005650,2,P023,app_push,周末09:00-12:00,专属推荐：固定期限023号（R5·固定期限），业绩比较基准9.8%，灵活存续，1000元起投，T+1 次日赎回。该产品风险等级高于您的风险偏好，请谨慎选择。理财非存款，产品有风险，投资须谨慎。
C005650,3,P002,app_push,周末14:00-18:00,专属推荐：固定期限002号（R5·固定期限），业绩比较基准11.3%，366天，1000元起投，T+0 随时赎回。该产品风险等级高于您的风险偏好，请谨慎选择。理财非存款，产品有风险，投资须谨慎。
C005651,1,P029,call,工作日09:00-12:00,您好，我是您的专属理财顾问，为您介绍：固定期限029号（R4·固定期限），业绩比较基准7.8%，灵活存续，10000元起投，封闭运作。理财非存款，产品有风险，投资须谨慎。
C005651,2,P002,call,工作日18:00-21:00,您好，我是您的专属理财顾问，为您介绍：固定期限002号（R5·固定期限），业绩比较基准11.3%，366天，1000元起投，T+0 随时赎回。该产品风险等级高于您的风险偏好，请谨慎选择。理财非存款，产品有风险，投资须谨慎。
C005651,3,P023,call,周末09:00-12:00,您好，我是您的专属理财顾问，为您介绍：固定期限023号（R5·固定期限），业绩比较基准9.8%，灵活存续，1000元起投，T+1 次日赎回。该产品风险等级高于您的风险偏好，请谨慎选择。理财非存款，产品有风险，投资须谨慎。
C005659,1,P002,app_push,工作日12:00-14:00,专属推荐：固定期限002号（R5·固定期限），业绩比较基准11.3%，366天，1000元起投，T+0 随时赎回。理财非存款，产品有风险，投资须谨慎。
C005659,2,P023,app_push,周末14:00-18:00,专属推荐：固定期限023号（R5·固定期限），业绩比较基准9.8%，灵活存续，1000元起投，T+1 次日赎回。理财非存款，产品有风险，投资须谨慎。
C005659,3,P004,app_push,工作日18:00-21:00,专属推荐：现金管理004号（R5·现金管理），业绩比较基准8.6%，灵活存续，1000元起投，封闭运作。理财非存款，产品有风险，投资须谨慎。
C005662,1,P029,app_push,工作日09:00-12:00,专属推荐：固定期限029号（R4·固定期限），业绩比较基准7.8%，灵活存续，10000元起投，封闭运作。理财非存款，产品有风险，投资须谨慎。
C005662,2,P008,app_push,工作日12:00-14:00,专属推荐：定开008号（R3·定开），业绩比较基准5.1%，366天，10000元起投，封闭运作。理财非存款，产品有风险，投资须谨慎。
C005662,3,P025,app_push,工作日18:00-21:00,专属推荐：定开025号（R3·定开），业绩比较基准5.2%，366天，1000元起投，T+0 随时赎回。理财非存款，产品有风险，投资须谨慎。
C005667,1,P014,app_push,工作日18:00-21:00,专属推荐：混合014号（R1·混合），业绩比较基准2.3%，90天，10000元起投，T+1 次日赎回。理财非存款，产品有风险，投资须谨慎。
C005667,2,P010,app_push,周末14:00-18:00,专属推荐：现金管理010号（R1·现金管理），业绩比较基准2.8%，366天，50000元起投，T+0 随时赎回。理财非存款，产品有风险，投资须谨慎。
C005667,3,P012,app_push,周末09:00-12:00,专属推荐：混合012号（R2·混合），业绩比较基准3.7%，90天，10000元起投，T+1 次日赎回。该产品风险等级高于您的风险偏好，请谨慎选择。理财非存款，产品有风险，投资须谨慎。
C005668,1,P014,call,工作日09:00-12:00,您好，我是您的专属理财顾问，为您介绍：混合014号（R1·混合），业绩比较基准2.3%，90天，10000元起投，T+1 次日赎回。理财非存款，产品有风险，投资须谨慎。
C005668,2,P010,call,工作日18:00-21:00,您好，我是您的专属理财顾问，为您介绍：现金管理010号（R1·现金管理），业绩比较基准2.8%，366天，50000元起投，T+0 随时赎回。理财非存款，产品有风险，投资须谨慎。
C005668,3,P012,call,周末14:00-18:00,您好，我是您的专属理财顾问，为您介绍：混合012号（R2·混合），业绩比较基准3.7%，90天，10000元起投，T+1 次日赎回。该产品风险等级高于您的风险偏好，请谨慎选择。理财非存款，产品有风险，投资须谨慎。
C005669,1,P029,app_push,工作日12:00-14:00,专属推荐：固定期限029号（R4·固定期限），业绩比较基准7.8%，灵活存续，10000元起投，封闭运作。该产品风险等级高于您的风险偏好，请谨慎选择。理财非存款，产品有风险，投资须谨慎。
C005669,2,P025,app_push,工作日18:00-21:00,专属推荐：定开025号（R3·定开），业绩比较基准5.2%，366天，1000元起投，T+0 随时赎回。理财非存款，产品有风险，投资须谨慎。
C005669,3,P011,app_push,周末14:00-18:00,专属推荐：固定期限011号（R2·固定期限），业绩比较基准3.3%，90天，10000元起投，T+0 随时赎回。理财非存款，产品有风险，投资须谨慎。
C005670,1,P006,app_push,工作日09:00-12:00,专属推荐：混合006号（R3·混合），业绩比较基准5.1%，灵活存续，50000元起投，T+1 次日赎回。理财非存款，产品有风险，投资须谨慎。
C005670,2,P001,app_push,工作日12:00-14:00,专属推荐：混合001号（R3·混合），业绩比较基准5.5%，730天，50000元起投，封闭运作。理财非存款，产品有风险，投资须谨慎。
C005670,3,P029,app_push,周末09:00-12:00,专属推荐：固定期限029号（R4·固定期限），业绩比较基准7.8%，灵活存续，10000元起投，封闭运作。理财非存款，产品有风险，投资须谨慎。
C005675,1,P012,app_push,工作日18:00-21:00,专属推荐：混合012号（R2·混合），业绩比较基准3.7%，90天，10000元起投，T+1 次日赎回。理财非存款，产品有风险，投资须谨慎。
C005675,2,P013,app_push,周末09:00-12:00,专属推荐：定开013号（R2·定开），业绩比较基准3.5%，灵活存续，10000元起投，T+0 随时赎回。理财非存款，产品有风险，投资须谨慎。
C005675,3,P026,app_push,周末14:00-18:00,专属推荐：混合026号（R2·混合），业绩比较基准3.1%，180天，1000元起投，T+1 次日赎回。理财非存款，产品有风险，投资须谨慎。
C005682,1,P030,app_push,工作日18:00-21:00,专属推荐：固定期限030号（R2·固定期限），业绩比较基准3.1%，730天，1000元起投，T+0 随时赎回。理财非存款，产品有风险，投资须谨慎。
C005682,2,P011,app_push,周末14:00-18:00,专属推荐：固定期限011号（R2·固定期限），业绩比较基准3.3%，90天，10000元起投，T+0 随时赎回。理财非存款，产品有风险，投资须谨慎。
C005682,3,P026,app_push,周末09:00-12:00,专属推荐：混合026号（R2·混合），业绩比较基准3.1%，180天，1000元起投，T+1 次日赎回。理财非存款，产品有风险，投资须谨慎。
C005686,1,P025,app_push,工作日12:00-14:00,专属推荐：定开025号（R3·定开），业绩比较基准5.2%，366天，1000元起投，T+0 随时赎回。理财非存款，产品有风险，投资须谨慎。
C005686,2,P024,app_push,周末14:00-18:00,专属推荐：定开024号（R3·定开），业绩比较基准4.7%，90天，1000元起投，T+1 次日赎回。理财非存款，产品有风险，投资须谨慎。
C005686,3,P017,app_push,工作日18:00-21:00,专属推荐：现金管理017号（R3·现金管理），业绩比较基准4.3%，180天，1000元起投，T+1 次日赎回。理财非存款，产品有风险，投资须谨慎。
C005690,1,P024,app_push,工作日09:00-12:00,专属推荐：定开024号（R3·定开），业绩比较基准4.7%，90天，1000元起投，T+1 次日赎回。理财非存款，产品有风险，投资须谨慎。
C005690,2,P025,app_push,工作日12:00-14:00,专属推荐：定开025号（R3·定开），业绩比较基准5.2%，366天，1000元起投，T+0 随时赎回。理财非存款，产品有风险，投资须谨慎。
C005690,3,P022,app_push,周末09:00-12:00,专属推荐：定开022号（R2·定开），业绩比较基准3.0%，730天，10000元起投，T+1 次日赎回。理财非存款，产品有风险，投资须谨慎。
C005699,1,P024,app_push,工作日09:00-12:00,专属推荐：定开024号（R3·定开），业绩比较基准4.7%，90天，1000元起投，T+1 次日赎回。理财非存款，产品有风险，投资须谨慎。
C005699,2,P025,app_push,工作日18:00-21:00,专属推荐：定开025号（R3·定开），业绩比较基准5.2%，366天，1000元起投，T+0 随时赎回。理财非存款，产品有风险，投资须谨慎。
C005699,3,P017,app_push,周末09:00-12:00,专属推荐：现金管理017号（R3·现金管理），业绩比较基准4.3%，180天，1000元起投，T+1 次日赎回。理财非存款，产品有风险，投资须谨慎。
C005702,1,P008,call,工作日09:00-12:00,您好，我是您的专属理财顾问，为您介绍：定开008号（R3·定开），业绩比较基准5.1%，366天，10000元起投，封闭运作。理财非存款，产品有风险，投资须谨慎。
C005702,2,P025,call,工作日12:00-14:00,您好，我是您的专属理财顾问，为您介绍：定开025号（R3·定开），业绩比较基准5.2%，366天，1000元起投，T+0 随时赎回。理财非存款，产品有风险，投资须谨慎。
C005702,3,P029,call,工作日18:00-21:00,您好，我是您的专属理财顾问，为您介绍：固定期限029号（R4·固定期限），业绩比较基准7.8%，灵活存续，10000元起投，封闭运作。理财非存款，产品有风险，投资须谨慎。
C005705,1,P025,app_push,工作日18:00-21:00,专属推荐：定开025号（R3·定开），业绩比较基准5.2%，366天，1000元起投，T+0 随时赎回。理财非存款，产品有风险，投资须谨慎。
C005705,2,P024,app_push,周末14:00-18:00,专属推荐：定开024号（R3·定开），业绩比较基准4.7%，90天，1000元起投，T+1 次日赎回。理财非存款，产品有风险，投资须谨慎。
C005705,3,P008,app_push,周末09:00-12:00,专属推荐：定开008号（R3·定开），业绩比较基准5.1%，366天，10000元起投，封闭运作。理财非存款，产品有风险，投资须谨慎。
C005719,1,P002,manager,工作日09:00-12:00,钻石贵宾专享：固定期限002号（R5·固定期限），业绩比较基准11.3%，366天，1000元起投，T+0 随时赎回，可为您预约专属认购。理财非存款，产品有风险，投资须谨慎。
C005719,2,P023,manager,工作日12:00-14:00,钻石贵宾专享：固定期限023号（R5·固定期限），业绩比较基准9.8%，灵活存续，1000元起投，T+1 次日赎回，可为您预约专属认购。理财非存款，产品有风险，投资须谨慎。
C005719,3,P004,manager,工作日18:00-21:00,钻石贵宾专享：现金管理004号（R5·现金管理），业绩比较基准8.6%，灵活存续，1000元起投，封闭运作，可为您预约专属认购。理财非存款，产品有风险，投资须谨慎。
C005726,1,P025,call,工作日09:00-12:00,您好，我是您的专属理财顾问，为您介绍：定开025号（R3·定开），业绩比较基准5.2%，366天，1000元起投，T+0 随时赎回。理财非存款，产品有风险，投资须谨慎。
C005726,2,P024,call,工作日12:00-14:00,您好，我是您的专属理财顾问，为您介绍：定开024号（R3·定开），业绩比较基准4.7%，90天，1000元起投，T+1 次日赎回。理财非存款，产品有风险，投资须谨慎。
C005726,3,P006,call,周末09:00-12:00,您好，我是您的专属理财顾问，为您介绍：混合006号（R3·混合），业绩比较基准5.1%，灵活存续，50000元起投，T+1 次日赎回。理财非存款，产品有风险，投资须谨慎。
C005728,1,P025,manager,工作日09:00-12:00,钻石贵宾专享：定开025号（R3·定开），业绩比较基准5.2%，366天，1000元起投，T+0 随时赎回，可为您预约专属认购。理财非存款，产品有风险，投资须谨慎。
C005728,2,P008,manager,工作日12:00-14:00,钻石贵宾专享：定开008号（R3·定开），业绩比较基准5.1%，366天，10000元起投，封闭运作，可为您预约专属认购。理财非存款，产品有风险，投资须谨慎。
C005728,3,P024,manager,工作日18:00-21:00,钻石贵宾专享：定开024号（R3·定开），业绩比较基准4.7%，90天，1000元起投，T+1 次日赎回，可为您预约专属认购。理财非存款，产品有风险，投资须谨慎。
C005734,1,P015,call,工作日09:00-12:00,您好，我是您的专属理财顾问，为您介绍：固定期限015号（R4·固定期限），业绩比较基准6.7%，366天，50000元起投，封闭运作。理财非存款，产品有风险，投资须谨慎。
C005734,2,P002,call,工作日18:00-21:00,您好，我是您的专属理财顾问，为您介绍：固定期限002号（R5·固定期限），业绩比较基准11.3%，366天，1000元起投，T+0 随时赎回。该产品风险等级高于您的风险偏好，请谨慎选择。理财非存款，产品有风险，投资须谨慎。
C005734,3,P023,call,周末14:00-18:00,您好，我是您的专属理财顾问，为您介绍：固定期限023号（R5·固定期限），业绩比较基准9.8%，灵活存续，1000元起投，T+1 次日赎回。该产品风险等级高于您的风险偏好，请谨慎选择。理财非存款，产品有风险，投资须谨慎。
C005739,1,P025,app_push,工作日09:00-12:00,专属推荐：定开025号（R3·定开），业绩比较基准5.2%，366天，1000元起投，T+0 随时赎回。理财非存款，产品有风险，投资须谨慎。
C005739,2,P024,app_push,工作日18:00-21:00,专属推荐：定开024号（R3·定开），业绩比较基准4.7%，90天，1000元起投，T+1 次日赎回。理财非存款，产品有风险，投资须谨慎。
C005739,3,P017,app_push,周末09:00-12:00,专属推荐：现金管理017号（R3·现金管理），业绩比较基准4.3%，180天，1000元起投，T+1 次日赎回。理财非存款，产品有风险，投资须谨慎。
C005740,1,P011,app_push,工作日12:00-14:00,专属推荐：固定期限011号（R2·固定期限），业绩比较基准3.3%，90天，10000元起投，T+0 随时赎回。理财非存款，产品有风险，投资须谨慎。
C005740,2,P012,app_push,周末14:00-18:00,专属推荐：混合012号（R2·混合），业绩比较基准3.7%，90天，10000元起投，T+1 次日赎回。理财非存款，产品有风险，投资须谨慎。
C005740,3,P013,app_push,工作日18:00-21:00,专属推荐：定开013号（R2·定开），业绩比较基准3.5%，灵活存续，10000元起投，T+0 随时赎回。理财非存款，产品有风险，投资须谨慎。
C005746,1,P006,app_push,工作日18:00-21:00,专属推荐：混合006号（R3·混合），业绩比较基准5.1%，灵活存续，50000元起投，T+1 次日赎回。理财非存款，产品有风险，投资须谨慎。
C005746,2,P001,app_push,周末14:00-18:00,专属推荐：混合001号（R3·混合），业绩比较基准5.5%，730天，50000元起投，封闭运作。理财非存款，产品有风险，投资须谨慎。
C005746,3,P025,app_push,周末09:00-12:00,专属推荐：定开025号（R3·定开），业绩比较基准5.2%，366天，1000元起投，T+0 随时赎回。理财非存款，产品有风险，投资须谨慎。
C005756,1,P025,call,工作日18:00-21:00,您好，我是您的专属理财顾问，为您介绍：定开025号（R3·定开），业绩比较基准5.2%，366天，1000元起投，T+0 随时赎回。理财非存款，产品有风险，投资须谨慎。
C005756,2,P024,call,周末14:00-18:00,您好，我是您的专属理财顾问，为您介绍：定开024号（R3·定开），业绩比较基准4.7%，90天，1000元起投，T+1 次日赎回。理财非存款，产品有风险，投资须谨慎。
C005756,3,P008,call,周末09:00-12:00,您好，我是您的专属理财顾问，为您介绍：定开008号（R3·定开），业绩比较基准5.1%，366天，10000元起投，封闭运作。理财非存款，产品有风险，投资须谨慎。
C005757,1,P015,manager,工作日09:00-12:00,钻石贵宾专享：固定期限015号（R4·固定期限），业绩比较基准6.7%，366天，50000元起投，封闭运作，可为您预约专属认购。理财非存款，产品有风险，投资须谨慎。
C005757,2,P023,manager,工作日12:00-14:00,钻石贵宾专享：固定期限023号（R5·固定期限），业绩比较基准9.8%，灵活存续，1000元起投，T+1 次日赎回，可为您预约专属认购。该产品风险等级高于您的风险偏好，请谨慎选择。理财非存款，产品有风险，投资须谨慎。
C005757,3,P029,manager,工作日18:00-21:00,钻石贵宾专享：固定期限029号（R4·固定期限），业绩比较基准7.8%，灵活存续，10000元起投，封闭运作，可为您预约专属认购。理财非存款，产品有风险，投资须谨慎。
C005758,1,P025,app_push,工作日18:00-21:00,专属推荐：定开025号（R3·定开），业绩比较基准5.2%，366天，1000元起投，T+0 随时赎回。理财非存款，产品有风险，投资须谨慎。
C005758,2,P017,app_push,周末14:00-18:00,专属推荐：现金管理017号（R3·现金管理），业绩比较基准4.3%，180天，1000元起投，T+1 次日赎回。理财非存款，产品有风险，投资须谨慎。
C005758,3,P024,app_push,周末09:00-12:00,专属推荐：定开024号（R3·定开），业绩比较基准4.7%，90天，1000元起投，T+1 次日赎回。理财非存款，产品有风险，投资须谨慎。
C005764,1,P029,manager,工作日09:00-12:00,钻石贵宾专享：固定期限029号（R4·固定期限），业绩比较基准7.8%，灵活存续，10000元起投，封闭运作，可为您预约专属认购。该产品风险等级高于您的风险偏好，请谨慎选择。理财非存款，产品有风险，投资须谨慎。
C005764,2,P025,manager,工作日12:00-14:00,钻石贵宾专享：定开025号（R3·定开），业绩比较基准5.2%，366天，1000元起投，T+0 随时赎回，可为您预约专属认购。理财非存款，产品有风险，投资须谨慎。
C005764,3,P008,manager,工作日18:00-21:00,钻石贵宾专享：定开008号（R3·定开），业绩比较基准5.1%，366天，10000元起投，封闭运作，可为您预约专属认购。理财非存款，产品有风险，投资须谨慎。
C005767,1,P013,app_push,工作日18:00-21:00,专属推荐：定开013号（R2·定开），业绩比较基准3.5%，灵活存续，10000元起投，T+0 随时赎回。理财非存款，产品有风险，投资须谨慎。
C005767,2,P008,app_push,周末14:00-18:00,专属推荐：定开008号（R3·定开），业绩比较基准5.1%，366天，10000元起投，封闭运作。该产品风险等级高于您的风险偏好，请谨慎选择。理财非存款，产品有风险，投资须谨慎。
C005767,3,P022,app_push,周末09:00-12:00,专属推荐：定开022号（R2·定开），业绩比较基准3.0%，730天，10000元起投，T+1 次日赎回。理财非存款，产品有风险，投资须谨慎。
C005774,1,P029,call,工作日09:00-12:00,您好，我是您的专属理财顾问，为您介绍：固定期限029号（R4·固定期限），业绩比较基准7.8%，灵活存续，10000元起投，封闭运作。理财非存款，产品有风险，投资须谨慎。
C005774,2,P002,call,工作日12:00-14:00,您好，我是您的专属理财顾问，为您介绍：固定期限002号（R5·固定期限），业绩比较基准11.3%，366天，1000元起投，T+0 随时赎回。该产品风险等级高于您的风险偏好，请谨慎选择。理财非存款，产品有风险，投资须谨慎。
C005774,3,P023,call,工作日18:00-21:00,您好，我是您的专属理财顾问，为您介绍：固定期限023号（R5·固定期限），业绩比较基准9.8%，灵活存续，1000元起投，T+1 次日赎回。该产品风险等级高于您的风险偏好，请谨慎选择。理财非存款，产品有风险，投资须谨慎。
C005779,1,P026,app_push,工作日09:00-12:00,专属推荐：混合026号（R2·混合），业绩比较基准3.1%，180天，1000元起投，T+1 次日赎回。该产品风险等级高于您的风险偏好，请谨慎选择。理财非存款，产品有风险，投资须谨慎。
C005779,2,P019,app_push,工作日12:00-14:00,专属推荐：定开019号（R2·定开），业绩比较基准3.3%，灵活存续，1000元起投，T+0 随时赎回。该产品风险等级高于您的风险偏好，请谨慎选择。理财非存款，产品有风险，投资须谨慎。
C005779,3,P030,app_push,周末09:00-12:00,专属推荐：固定期限030号（R2·固定期限），业绩比较基准3.1%，730天，1000元起投，T+0 随时赎回。该产品风险等级高于您的风险偏好，请谨慎选择。理财非存款，产品有风险，投资须谨慎。
C005780,1,P014,call,工作日09:00-12:00,您好，我是您的专属理财顾问，为您介绍：混合014号（R1·混合），业绩比较基准2.3%，90天，10000元起投，T+1 次日赎回。理财非存款，产品有风险，投资须谨慎。
C005780,2,P012,call,工作日12:00-14:00,您好，我是您的专属理财顾问，为您介绍：混合012号（R2·混合），业绩比较基准3.7%，90天，10000元起投，T+1 次日赎回。该产品风险等级高于您的风险偏好，请谨慎选择。理财非存款，产品有风险，投资须谨慎。
C005780,3,P011,call,周末09:00-12:00,您好，我是您的专属理财顾问，为您介绍：固定期限011号（R2·固定期限），业绩比较基准3.3%，90天，10000元起投，T+0 随时赎回。该产品风险等级高于您的风险偏好，请谨慎选择。理财非存款，产品有风险，投资须谨慎。
C005793,1,P025,app_push,工作日12:00-14:00,专属推荐：定开025号（R3·定开），业绩比较基准5.2%，366天，1000元起投，T+0 随时赎回。理财非存款，产品有风险，投资须谨慎。
C005793,2,P024,app_push,工作日18:00-21:00,专属推荐：定开024号（R3·定开），业绩比较基准4.7%，90天，1000元起投，T+1 次日赎回。理财非存款，产品有风险，投资须谨慎。
C005793,3,P019,app_push,周末14:00-18:00,专属推荐：定开019号（R2·定开），业绩比较基准3.3%，灵活存续，1000元起投，T+0 随时赎回。理财非存款，产品有风险，投资须谨慎。
C005795,1,P025,app_push,工作日12:00-14:00,专属推荐：定开025号（R3·定开），业绩比较基准5.2%，366天，1000元起投，T+0 随时赎回。理财非存款，产品有风险，投资须谨慎。
C005795,2,P024,app_push,工作日18:00-21:00,专属推荐：定开024号（R3·定开），业绩比较基准4.7%，90天，1000元起投，T+1 次日赎回。理财非存款，产品有风险，投资须谨慎。
C005795,3,P017,app_push,周末14:00-18:00,专属推荐：现金管理017号（R3·现金管理），业绩比较基准4.3%，180天，1000元起投，T+1 次日赎回。理财非存款，产品有风险，投资须谨慎。
C005799,1,P025,app_push,工作日12:00-14:00,专属推荐：定开025号（R3·定开），业绩比较基准5.2%，366天，1000元起投，T+0 随时赎回。理财非存款，产品有风险，投资须谨慎。
C005799,2,P024,app_push,工作日18:00-21:00,专属推荐：定开024号（R3·定开），业绩比较基准4.7%，90天，1000元起投，T+1 次日赎回。理财非存款，产品有风险，投资须谨慎。
C005799,3,P019,app_push,周末14:00-18:00,专属推荐：定开019号（R2·定开），业绩比较基准3.3%，灵活存续，1000元起投，T+0 随时赎回。理财非存款，产品有风险，投资须谨慎。
C005801,1,P029,app_push,工作日12:00-14:00,专属推荐：固定期限029号（R4·固定期限），业绩比较基准7.8%，灵活存续，10000元起投，封闭运作。理财非存款，产品有风险，投资须谨慎。
C005801,2,P002,app_push,工作日18:00-21:00,专属推荐：固定期限002号（R5·固定期限），业绩比较基准11.3%，366天，1000元起投，T+0 随时赎回。该产品风险等级高于您的风险偏好，请谨慎选择。理财非存款，产品有风险，投资须谨慎。
C005801,3,P023,app_push,周末14:00-18:00,专属推荐：固定期限023号（R5·固定期限），业绩比较基准9.8%，灵活存续，1000元起投，T+1 次日赎回。该产品风险等级高于您的风险偏好，请谨慎选择。理财非存款，产品有风险，投资须谨慎。
C005808,1,P012,app_push,工作日09:00-12:00,专属推荐：混合012号（R2·混合），业绩比较基准3.7%，90天，10000元起投，T+1 次日赎回。理财非存款，产品有风险，投资须谨慎。
C005808,2,P026,app_push,工作日12:00-14:00,专属推荐：混合026号（R2·混合），业绩比较基准3.1%，180天，1000元起投，T+1 次日赎回。理财非存款，产品有风险，投资须谨慎。
C005808,3,P014,app_push,工作日18:00-21:00,专属推荐：混合014号（R1·混合），业绩比较基准2.3%，90天，10000元起投，T+1 次日赎回。理财非存款，产品有风险，投资须谨慎。
C005809,1,P011,app_push,工作日12:00-14:00,专属推荐：固定期限011号（R2·固定期限），业绩比较基准3.3%，90天，10000元起投，T+0 随时赎回。理财非存款，产品有风险，投资须谨慎。
C005809,2,P018,app_push,工作日18:00-21:00,专属推荐：现金管理018号（R2·现金管理），业绩比较基准3.6%，730天，10000元起投，T+0 随时赎回。理财非存款，产品有风险，投资须谨慎。
C005809,3,P020,app_push,周末14:00-18:00,专属推荐：现金管理020号（R2·现金管理），业绩比较基准3.6%，366天，10000元起投，T+1 次日赎回。理财非存款，产品有风险，投资须谨慎。
C005813,1,P013,app_push,工作日18:00-21:00,专属推荐：定开013号（R2·定开），业绩比较基准3.5%，灵活存续，10000元起投，T+0 随时赎回。该产品风险等级高于您的风险偏好，请谨慎选择。理财非存款，产品有风险，投资须谨慎。
C005813,2,P022,app_push,周末14:00-18:00,专属推荐：定开022号（R2·定开），业绩比较基准3.0%，730天，10000元起投，T+1 次日赎回。该产品风险等级高于您的风险偏好，请谨慎选择。理财非存款，产品有风险，投资须谨慎。
C005813,3,P019,app_push,周末09:00-12:00,专属推荐：定开019号（R2·定开），业绩比较基准3.3%，灵活存续，1000元起投，T+0 随时赎回。该产品风险等级高于您的风险偏好，请谨慎选择。理财非存款，产品有风险，投资须谨慎。
C005816,1,P002,app_push,工作日09:00-12:00,专属推荐：固定期限002号（R5·固定期限），业绩比较基准11.3%，366天，1000元起投，T+0 随时赎回。理财非存款，产品有风险，投资须谨慎。
C005816,2,P023,app_push,工作日12:00-14:00,专属推荐：固定期限023号（R5·固定期限），业绩比较基准9.8%，灵活存续，1000元起投，T+1 次日赎回。理财非存款，产品有风险，投资须谨慎。
C005816,3,P005,app_push,工作日18:00-21:00,专属推荐：现金管理005号（R5·现金管理），业绩比较基准11.0%，灵活存续，100000元起投，T+0 随时赎回。理财非存款，产品有风险，投资须谨慎。
C005821,1,P012,manager,工作日12:00-14:00,金卡贵宾专享：混合012号（R2·混合），业绩比较基准3.7%，90天，10000元起投，T+1 次日赎回，可为您预约专属认购。理财非存款，产品有风险，投资须谨慎。
C005821,2,P011,manager,周末14:00-18:00,金卡贵宾专享：固定期限011号（R2·固定期限），业绩比较基准3.3%，90天，10000元起投，T+0 随时赎回，可为您预约专属认购。理财非存款，产品有风险，投资须谨慎。
C005821,3,P014,manager,工作日18:00-21:00,金卡贵宾专享：混合014号（R1·混合），业绩比较基准2.3%，90天，10000元起投，T+1 次日赎回，可为您预约专属认购。理财非存款，产品有风险，投资须谨慎。
C005823,1,P025,app_push,工作日09:00-12:00,专属推荐：定开025号（R3·定开），业绩比较基准5.2%，366天，1000元起投，T+0 随时赎回。理财非存款，产品有风险，投资须谨慎。
C005823,2,P024,app_push,工作日12:00-14:00,专属推荐：定开024号（R3·定开），业绩比较基准4.7%，90天，1000元起投，T+1 次日赎回。理财非存款，产品有风险，投资须谨慎。
C005823,3,P017,app_push,周末09:00-12:00,专属推荐：现金管理017号（R3·现金管理），业绩比较基准4.3%，180天，1000元起投，T+1 次日赎回。理财非存款，产品有风险，投资须谨慎。
C005824,1,P012,app_push,工作日09:00-12:00,专属推荐：混合012号（R2·混合），业绩比较基准3.7%，90天，10000元起投，T+1 次日赎回。理财非存款，产品有风险，投资须谨慎。
C005824,2,P006,app_push,工作日12:00-14:00,专属推荐：混合006号（R3·混合），业绩比较基准5.1%，灵活存续，50000元起投，T+1 次日赎回。理财非存款，产品有风险，投资须谨慎。
C005824,3,P001,app_push,周末09:00-12:00,专属推荐：混合001号（R3·混合），业绩比较基准5.5%，730天，50000元起投，封闭运作。理财非存款，产品有风险，投资须谨慎。
C005829,1,P011,call,工作日09:00-12:00,您好，我是您的专属理财顾问，为您介绍：固定期限011号（R2·固定期限），业绩比较基准3.3%，90天，10000元起投，T+0 随时赎回。理财非存款，产品有风险，投资须谨慎。
C005829,2,P012,call,工作日12:00-14:00,您好，我是您的专属理财顾问，为您介绍：混合012号（R2·混合），业绩比较基准3.7%，90天，10000元起投，T+1 次日赎回。理财非存款，产品有风险，投资须谨慎。
C005829,3,P030,call,工作日18:00-21:00,您好，我是您的专属理财顾问，为您介绍：固定期限030号（R2·固定期限），业绩比较基准3.1%，730天，1000元起投，T+0 随时赎回。理财非存款，产品有风险，投资须谨慎。
C005834,1,P013,call,工作日09:00-12:00,您好，我是您的专属理财顾问，为您介绍：定开013号（R2·定开），业绩比较基准3.5%，灵活存续，10000元起投，T+0 随时赎回。该产品风险等级高于您的风险偏好，请谨慎选择。理财非存款，产品有风险，投资须谨慎。
C005834,2,P022,call,工作日12:00-14:00,您好，我是您的专属理财顾问，为您介绍：定开022号（R2·定开），业绩比较基准3.0%，730天，10000元起投，T+1 次日赎回。该产品风险等级高于您的风险偏好，请谨慎选择。理财非存款，产品有风险，投资须谨慎。
C005834,3,P019,call,周末09:00-12:00,您好，我是您的专属理财顾问，为您介绍：定开019号（R2·定开），业绩比较基准3.3%，灵活存续，1000元起投，T+0 随时赎回。该产品风险等级高于您的风险偏好，请谨慎选择。理财非存款，产品有风险，投资须谨慎。
C005838,1,P025,call,工作日09:00-12:00,您好，我是您的专属理财顾问，为您介绍：定开025号（R3·定开），业绩比较基准5.2%，366天，1000元起投，T+0 随时赎回。理财非存款，产品有风险，投资须谨慎。
C005838,2,P008,call,工作日12:00-14:00,您好，我是您的专属理财顾问，为您介绍：定开008号（R3·定开），业绩比较基准5.1%，366天，10000元起投，封闭运作。理财非存款，产品有风险，投资须谨慎。
C005838,3,P024,call,周末09:00-12:00,您好，我是您的专属理财顾问，为您介绍：定开024号（R3·定开），业绩比较基准4.7%，90天，1000元起投，T+1 次日赎回。理财非存款，产品有风险，投资须谨慎。
C005840,1,P029,app_push,工作日18:00-21:00,专属推荐：固定期限029号（R4·固定期限），业绩比较基准7.8%，灵活存续，10000元起投，封闭运作。理财非存款，产品有风险，投资须谨慎。
C005840,2,P002,app_push,周末14:00-18:00,专属推荐：固定期限002号（R5·固定期限），业绩比较基准11.3%，366天，1000元起投，T+0 随时赎回。该产品风险等级高于您的风险偏好，请谨慎选择。理财非存款，产品有风险，投资须谨慎。
C005840,3,P023,app_push,周末09:00-12:00,专属推荐：固定期限023号（R5·固定期限），业绩比较基准9.8%，灵活存续，1000元起投，T+1 次日赎回。该产品风险等级高于您的风险偏好，请谨慎选择。理财非存款，产品有风险，投资须谨慎。
C005842,1,P025,app_push,工作日09:00-12:00,专属推荐：定开025号（R3·定开），业绩比较基准5.2%，366天，1000元起投，T+0 随时赎回。理财非存款，产品有风险，投资须谨慎。
C005842,2,P024,app_push,工作日12:00-14:00,专属推荐：定开024号（R3·定开），业绩比较基准4.7%，90天，1000元起投，T+1 次日赎回。理财非存款，产品有风险，投资须谨慎。
C005842,3,P017,app_push,周末09:00-12:00,专属推荐：现金管理017号（R3·现金管理），业绩比较基准4.3%，180天，1000元起投，T+1 次日赎回。理财非存款，产品有风险，投资须谨慎。
C005850,1,P026,app_push,工作日09:00-12:00,专属推荐：混合026号（R2·混合），业绩比较基准3.1%，180天，1000元起投，T+1 次日赎回。该产品风险等级高于您的风险偏好，请谨慎选择。理财非存款，产品有风险，投资须谨慎。
C005850,2,P019,app_push,工作日18:00-21:00,专属推荐：定开019号（R2·定开），业绩比较基准3.3%，灵活存续，1000元起投，T+0 随时赎回。该产品风险等级高于您的风险偏好，请谨慎选择。理财非存款，产品有风险，投资须谨慎。
C005850,3,P030,app_push,周末09:00-12:00,专属推荐：固定期限030号（R2·固定期限），业绩比较基准3.1%，730天，1000元起投，T+0 随时赎回。该产品风险等级高于您的风险偏好，请谨慎选择。理财非存款，产品有风险，投资须谨慎。
C005852,1,P014,app_push,工作日09:00-12:00,专属推荐：混合014号（R1·混合），业绩比较基准2.3%，90天，10000元起投，T+1 次日赎回。理财非存款，产品有风险，投资须谨慎。
C005852,2,P012,app_push,工作日18:00-21:00,专属推荐：混合012号（R2·混合），业绩比较基准3.7%，90天，10000元起投，T+1 次日赎回。该产品风险等级高于您的风险偏好，请谨慎选择。理财非存款，产品有风险，投资须谨慎。
C005852,3,P013,app_push,周末14:00-18:00,专属推荐：定开013号（R2·定开），业绩比较基准3.5%，灵活存续，10000元起投，T+0 随时赎回。该产品风险等级高于您的风险偏好，请谨慎选择。理财非存款，产品有风险，投资须谨慎。
C005853,1,P002,app_push,工作日09:00-12:00,专属推荐：固定期限002号（R5·固定期限），业绩比较基准11.3%，366天，1000元起投，T+0 随时赎回。理财非存款，产品有风险，投资须谨慎。
C005853,2,P023,app_push,工作日12:00-14:00,专属推荐：固定期限023号（R5·固定期限），业绩比较基准9.8%，灵活存续，1000元起投，T+1 次日赎回。理财非存款，产品有风险，投资须谨慎。
C005853,3,P004,app_push,周末09:00-12:00,专属推荐：现金管理004号（R5·现金管理），业绩比较基准8.6%，灵活存续，1000元起投，封闭运作。理财非存款，产品有风险，投资须谨慎。
C005854,1,P025,app_push,工作日18:00-21:00,专属推荐：定开025号（R3·定开），业绩比较基准5.2%，366天，1000元起投，T+0 随时赎回。理财非存款，产品有风险，投资须谨慎。
C005854,2,P024,app_push,周末09:00-12:00,专属推荐：定开024号（R3·定开），业绩比较基准4.7%，90天，1000元起投，T+1 次日赎回。理财非存款，产品有风险，投资须谨慎。
C005854,3,P008,app_push,周末14:00-18:00,专属推荐：定开008号（R3·定开），业绩比较基准5.1%，366天，10000元起投，封闭运作。理财非存款，产品有风险，投资须谨慎。
C005858,1,P004,call,工作日09:00-12:00,您好，我是您的专属理财顾问，为您介绍：现金管理004号（R5·现金管理），业绩比较基准8.6%，灵活存续，1000元起投，封闭运作。该产品风险等级高于您的风险偏好，请谨慎选择。理财非存款，产品有风险，投资须谨慎。
C005858,2,P029,call,工作日12:00-14:00,您好，我是您的专属理财顾问，为您介绍：固定期限029号（R4·固定期限），业绩比较基准7.8%，灵活存续，10000元起投，封闭运作。理财非存款，产品有风险，投资须谨慎。
C005858,3,P002,call,周末09:00-12:00,您好，我是您的专属理财顾问，为您介绍：固定期限002号（R5·固定期限），业绩比较基准11.3%，366天，1000元起投，T+0 随时赎回。该产品风险等级高于您的风险偏好，请谨慎选择。理财非存款，产品有风险，投资须谨慎。
C005866,1,P025,call,工作日09:00-12:00,您好，我是您的专属理财顾问，为您介绍：定开025号（R3·定开），业绩比较基准5.2%，366天，1000元起投，T+0 随时赎回。该产品风险等级高于您的风险偏好，请谨慎选择。理财非存款，产品有风险，投资须谨慎。
C005866,2,P019,call,工作日12:00-14:00,您好，我是您的专属理财顾问，为您介绍：定开019号（R2·定开），业绩比较基准3.3%，灵活存续，1000元起投，T+0 随时赎回。理财非存款，产品有风险，投资须谨慎。
C005866,3,P024,call,周末09:00-12:00,您好，我是您的专属理财顾问，为您介绍：定开024号（R3·定开），业绩比较基准4.7%，90天，1000元起投，T+1 次日赎回。该产品风险等级高于您的风险偏好，请谨慎选择。理财非存款，产品有风险，投资须谨慎。
C005867,1,P008,manager,工作日09:00-12:00,金卡贵宾专享：定开008号（R3·定开），业绩比较基准5.1%，366天，10000元起投，封闭运作，可为您预约专属认购。理财非存款，产品有风险，投资须谨慎。
C005867,2,P013,manager,工作日18:00-21:00,金卡贵宾专享：定开013号（R2·定开），业绩比较基准3.5%，灵活存续，10000元起投，T+0 随时赎回，可为您预约专属认购。理财非存款，产品有风险，投资须谨慎。
C005867,3,P024,manager,周末09:00-12:00,金卡贵宾专享：定开024号（R3·定开），业绩比较基准4.7%，90天，1000元起投，T+1 次日赎回，可为您预约专属认购。理财非存款，产品有风险，投资须谨慎。
C005869,1,P025,app_push,工作日09:00-12:00,专属推荐：定开025号（R3·定开），业绩比较基准5.2%，366天，1000元起投，T+0 随时赎回。理财非存款，产品有风险，投资须谨慎。
C005869,2,P024,app_push,工作日12:00-14:00,专属推荐：定开024号（R3·定开），业绩比较基准4.7%，90天，1000元起投，T+1 次日赎回。理财非存款，产品有风险，投资须谨慎。
C005869,3,P017,app_push,工作日18:00-21:00,专属推荐：现金管理017号（R3·现金管理），业绩比较基准4.3%，180天，1000元起投，T+1 次日赎回。理财非存款，产品有风险，投资须谨慎。
C005870,1,P014,app_push,工作日18:00-21:00,专属推荐：混合014号（R1·混合），业绩比较基准2.3%，90天，10000元起投，T+1 次日赎回。理财非存款，产品有风险，投资须谨慎。
C005870,2,P010,app_push,周末14:00-18:00,专属推荐：现金管理010号（R1·现金管理），业绩比较基准2.8%，366天，50000元起投，T+0 随时赎回。理财非存款，产品有风险，投资须谨慎。
C005870,3,P012,app_push,周末09:00-12:00,专属推荐：混合012号（R2·混合），业绩比较基准3.7%，90天，10000元起投，T+1 次日赎回。该产品风险等级高于您的风险偏好，请谨慎选择。理财非存款，产品有风险，投资须谨慎。
C005872,1,P014,app_push,工作日12:00-14:00,专属推荐：混合014号（R1·混合），业绩比较基准2.3%，90天，10000元起投，T+1 次日赎回。理财非存款，产品有风险，投资须谨慎。
C005872,2,P026,app_push,工作日18:00-21:00,专属推荐：混合026号（R2·混合），业绩比较基准3.1%，180天，1000元起投，T+1 次日赎回。该产品风险等级高于您的风险偏好，请谨慎选择。理财非存款，产品有风险，投资须谨慎。
C005872,3,P019,app_push,周末14:00-18:00,专属推荐：定开019号（R2·定开），业绩比较基准3.3%，灵活存续，1000元起投，T+0 随时赎回。该产品风险等级高于您的风险偏好，请谨慎选择。理财非存款，产品有风险，投资须谨慎。
C005876,1,P020,call,工作日12:00-14:00,您好，我是您的专属理财顾问，为您介绍：现金管理020号（R2·现金管理），业绩比较基准3.6%，366天，10000元起投，T+1 次日赎回。该产品风险等级高于您的风险偏好，请谨慎选择。理财非存款，产品有风险，投资须谨慎。
C005876,2,P018,call,周末14:00-18:00,您好，我是您的专属理财顾问，为您介绍：现金管理018号（R2·现金管理），业绩比较基准3.6%，730天，10000元起投，T+0 随时赎回。该产品风险等级高于您的风险偏好，请谨慎选择。理财非存款，产品有风险，投资须谨慎。
C005876,3,P014,call,工作日18:00-21:00,您好，我是您的专属理财顾问，为您介绍：混合014号（R1·混合），业绩比较基准2.3%，90天，10000元起投，T+1 次日赎回。理财非存款，产品有风险，投资须谨慎。
C005879,1,P029,app_push,工作日18:00-21:00,专属推荐：固定期限029号（R4·固定期限），业绩比较基准7.8%，灵活存续，10000元起投，封闭运作。理财非存款，产品有风险，投资须谨慎。
C005879,2,P027,app_push,周末14:00-18:00,专属推荐：现金管理027号（R4·现金管理），业绩比较基准7.7%，366天，100000元起投，T+1 次日赎回。理财非存款，产品有风险，投资须谨慎。
C005879,3,P015,app_push,周末09:00-12:00,专属推荐：固定期限015号（R4·固定期限），业绩比较基准6.7%，366天，50000元起投，封闭运作。理财非存款，产品有风险，投资须谨慎。
C005896,1,P014,app_push,工作日09:00-12:00,专属推荐：混合014号（R1·混合），业绩比较基准2.3%，90天，10000元起投，T+1 次日赎回。理财非存款，产品有风险，投资须谨慎。
C005896,2,P010,app_push,工作日12:00-14:00,专属推荐：现金管理010号（R1·现金管理），业绩比较基准2.8%，366天，50000元起投，T+0 随时赎回。理财非存款，产品有风险，投资须谨慎。
C005896,3,P012,app_push,周末09:00-12:00,专属推荐：混合012号（R2·混合），业绩比较基准3.7%，90天，10000元起投，T+1 次日赎回。该产品风险等级高于您的风险偏好，请谨慎选择。理财非存款，产品有风险，投资须谨慎。
C005897,1,P012,call,工作日09:00-12:00,您好，我是您的专属理财顾问，为您介绍：混合012号（R2·混合），业绩比较基准3.7%，90天，10000元起投，T+1 次日赎回。理财非存款，产品有风险，投资须谨慎。
C005897,2,P001,call,工作日12:00-14:00,您好，我是您的专属理财顾问，为您介绍：混合001号（R3·混合），业绩比较基准5.5%，730天，50000元起投，封闭运作。该产品风险等级高于您的风险偏好，请谨慎选择。理财非存款，产品有风险，投资须谨慎。
C005897,3,P009,call,工作日18:00-21:00,您好，我是您的专属理财顾问，为您介绍：现金管理009号（R2·现金管理），业绩比较基准4.0%，730天，50000元起投，T+0 随时赎回。理财非存款，产品有风险，投资须谨慎。
C005902,1,P017,app_push,工作日18:00-21:00,专属推荐：现金管理017号（R3·现金管理），业绩比较基准4.3%，180天，1000元起投，T+1 次日赎回。理财非存款，产品有风险，投资须谨慎。
C005902,2,P020,app_push,周末14:00-18:00,专属推荐：现金管理020号（R2·现金管理），业绩比较基准3.6%，366天，10000元起投，T+1 次日赎回。理财非存款，产品有风险，投资须谨慎。
C005902,3,P025,app_push,周末09:00-12:00,专属推荐：定开025号（R3·定开），业绩比较基准5.2%，366天，1000元起投，T+0 随时赎回。理财非存款，产品有风险，投资须谨慎。
C005908,1,P022,app_push,工作日12:00-14:00,专属推荐：定开022号（R2·定开），业绩比较基准3.0%，730天，10000元起投，T+1 次日赎回。理财非存款，产品有风险，投资须谨慎。
C005908,2,P030,app_push,工作日18:00-21:00,专属推荐：固定期限030号（R2·固定期限），业绩比较基准3.1%，730天，1000元起投，T+0 随时赎回。理财非存款，产品有风险，投资须谨慎。
C005908,3,P013,app_push,周末14:00-18:00,专属推荐：定开013号（R2·定开），业绩比较基准3.5%，灵活存续，10000元起投，T+0 随时赎回。理财非存款，产品有风险，投资须谨慎。
C005910,1,P029,call,工作日18:00-21:00,您好，我是您的专属理财顾问，为您介绍：固定期限029号（R4·固定期限），业绩比较基准7.8%，灵活存续，10000元起投，封闭运作。理财非存款，产品有风险，投资须谨慎。
C005910,2,P002,call,周末14:00-18:00,您好，我是您的专属理财顾问，为您介绍：固定期限002号（R5·固定期限），业绩比较基准11.3%，366天，1000元起投，T+0 随时赎回。该产品风险等级高于您的风险偏好，请谨慎选择。理财非存款，产品有风险，投资须谨慎。
C005910,3,P023,call,周末09:00-12:00,您好，我是您的专属理财顾问，为您介绍：固定期限023号（R5·固定期限），业绩比较基准9.8%，灵活存续，1000元起投，T+1 次日赎回。该产品风险等级高于您的风险偏好，请谨慎选择。理财非存款，产品有风险，投资须谨慎。
C005915,1,P006,call,工作日09:00-12:00,您好，我是您的专属理财顾问，为您介绍：混合006号（R3·混合），业绩比较基准5.1%，灵活存续，50000元起投，T+1 次日赎回。理财非存款，产品有风险，投资须谨慎。
C005915,2,P025,call,工作日12:00-14:00,您好，我是您的专属理财顾问，为您介绍：定开025号（R3·定开），业绩比较基准5.2%，366天，1000元起投，T+0 随时赎回。理财非存款，产品有风险，投资须谨慎。
C005915,3,P001,call,周末09:00-12:00,您好，我是您的专属理财顾问，为您介绍：混合001号（R3·混合），业绩比较基准5.5%，730天，50000元起投，封闭运作。理财非存款，产品有风险，投资须谨慎。
C005922,1,P012,app_push,工作日18:00-21:00,专属推荐：混合012号（R2·混合），业绩比较基准3.7%，90天，10000元起投，T+1 次日赎回。理财非存款，产品有风险，投资须谨慎。
C005922,2,P011,app_push,周末09:00-12:00,专属推荐：固定期限011号（R2·固定期限），业绩比较基准3.3%，90天，10000元起投，T+0 随时赎回。理财非存款，产品有风险，投资须谨慎。
C005922,3,P030,app_push,周末14:00-18:00,专属推荐：固定期限030号（R2·固定期限），业绩比较基准3.1%，730天，1000元起投，T+0 随时赎回。理财非存款，产品有风险，投资须谨慎。
C005930,1,P025,call,工作日18:00-21:00,您好，我是您的专属理财顾问，为您介绍：定开025号（R3·定开），业绩比较基准5.2%，366天，1000元起投，T+0 随时赎回。理财非存款，产品有风险，投资须谨慎。
C005930,2,P008,call,周末14:00-18:00,您好，我是您的专属理财顾问，为您介绍：定开008号（R3·定开），业绩比较基准5.1%，366天，10000元起投，封闭运作。理财非存款，产品有风险，投资须谨慎。
C005930,3,P024,call,周末09:00-12:00,您好，我是您的专属理财顾问，为您介绍：定开024号（R3·定开），业绩比较基准4.7%，90天，1000元起投，T+1 次日赎回。理财非存款，产品有风险，投资须谨慎。
C005933,1,P012,app_push,工作日18:00-21:00,专属推荐：混合012号（R2·混合），业绩比较基准3.7%，90天，10000元起投，T+1 次日赎回。理财非存款，产品有风险，投资须谨慎。
C005933,2,P011,app_push,周末14:00-18:00,专属推荐：固定期限011号（R2·固定期限），业绩比较基准3.3%，90天，10000元起投，T+0 随时赎回。理财非存款，产品有风险，投资须谨慎。
C005933,3,P026,app_push,周末09:00-12:00,专属推荐：混合026号（R2·混合），业绩比较基准3.1%，180天，1000元起投，T+1 次日赎回。理财非存款，产品有风险，投资须谨慎。
C005940,1,P012,manager,工作日09:00-12:00,钻石贵宾专享：混合012号（R2·混合），业绩比较基准3.7%，90天，10000元起投，T+1 次日赎回，可为您预约专属认购。该产品风险等级高于您的风险偏好，请谨慎选择。理财非存款，产品有风险，投资须谨慎。
C005940,2,P014,manager,工作日12:00-14:00,钻石贵宾专享：混合014号（R1·混合），业绩比较基准2.3%，90天，10000元起投，T+1 次日赎回，可为您预约专属认购。理财非存款，产品有风险，投资须谨慎。
C005940,3,P010,manager,周末14:00-18:00,钻石贵宾专享：现金管理010号（R1·现金管理），业绩比较基准2.8%，366天，50000元起投，T+0 随时赎回，可为您预约专属认购。理财非存款，产品有风险，投资须谨慎。
C005941,1,P006,call,工作日18:00-21:00,您好，我是您的专属理财顾问，为您介绍：混合006号（R3·混合），业绩比较基准5.1%，灵活存续，50000元起投，T+1 次日赎回。理财非存款，产品有风险，投资须谨慎。
C005941,2,P001,call,周末14:00-18:00,您好，我是您的专属理财顾问，为您介绍：混合001号（R3·混合），业绩比较基准5.5%，730天，50000元起投，封闭运作。理财非存款，产品有风险，投资须谨慎。
C005941,3,P025,call,周末09:00-12:00,您好，我是您的专属理财顾问，为您介绍：定开025号（R3·定开），业绩比较基准5.2%，366天，1000元起投，T+0 随时赎回。理财非存款，产品有风险，投资须谨慎。
C005943,1,P014,call,工作日18:00-21:00,您好，我是您的专属理财顾问，为您介绍：混合014号（R1·混合），业绩比较基准2.3%，90天，10000元起投，T+1 次日赎回。理财非存款，产品有风险，投资须谨慎。
C005943,2,P010,call,周末09:00-12:00,您好，我是您的专属理财顾问，为您介绍：现金管理010号（R1·现金管理），业绩比较基准2.8%，366天，50000元起投，T+0 随时赎回。理财非存款，产品有风险，投资须谨慎。
C005943,3,P012,call,周末14:00-18:00,您好，我是您的专属理财顾问，为您介绍：混合012号（R2·混合），业绩比较基准3.7%，90天，10000元起投，T+1 次日赎回。该产品风险等级高于您的风险偏好，请谨慎选择。理财非存款，产品有风险，投资须谨慎。
C005946,1,P014,app_push,工作日12:00-14:00,专属推荐：混合014号（R1·混合），业绩比较基准2.3%，90天，10000元起投，T+1 次日赎回。理财非存款，产品有风险，投资须谨慎。
C005946,2,P010,app_push,周末14:00-18:00,专属推荐：现金管理010号（R1·现金管理），业绩比较基准2.8%，366天，50000元起投，T+0 随时赎回。理财非存款，产品有风险，投资须谨慎。
C005946,3,P012,app_push,工作日18:00-21:00,专属推荐：混合012号（R2·混合），业绩比较基准3.7%，90天，10000元起投，T+1 次日赎回。该产品风险等级高于您的风险偏好，请谨慎选择。理财非存款，产品有风险，投资须谨慎。
C005951,1,P029,app_push,工作日12:00-14:00,专属推荐：固定期限029号（R4·固定期限），业绩比较基准7.8%，灵活存续，10000元起投，封闭运作。理财非存款，产品有风险，投资须谨慎。
C005951,2,P015,app_push,工作日18:00-21:00,专属推荐：固定期限015号（R4·固定期限），业绩比较基准6.7%，366天，50000元起投，封闭运作。理财非存款，产品有风险，投资须谨慎。
C005951,3,P027,app_push,周末14:00-18:00,专属推荐：现金管理027号（R4·现金管理），业绩比较基准7.7%，366天，100000元起投，T+1 次日赎回。理财非存款，产品有风险，投资须谨慎。
C005954,1,P011,app_push,工作日18:00-21:00,专属推荐：固定期限011号（R2·固定期限），业绩比较基准3.3%，90天，10000元起投，T+0 随时赎回。理财非存款，产品有风险，投资须谨慎。
C005954,2,P030,app_push,周末09:00-12:00,专属推荐：固定期限030号（R2·固定期限），业绩比较基准3.1%，730天，1000元起投，T+0 随时赎回。理财非存款，产品有风险，投资须谨慎。
C005954,3,P020,app_push,周末14:00-18:00,专属推荐：现金管理020号（R2·现金管理），业绩比较基准3.6%，366天，10000元起投，T+1 次日赎回。理财非存款，产品有风险，投资须谨慎。
C005956,1,P011,call,工作日18:00-21:00,您好，我是您的专属理财顾问，为您介绍：固定期限011号（R2·固定期限），业绩比较基准3.3%，90天，10000元起投，T+0 随时赎回。理财非存款，产品有风险，投资须谨慎。
C005956,2,P012,call,周末14:00-18:00,您好，我是您的专属理财顾问，为您介绍：混合012号（R2·混合），业绩比较基准3.7%，90天，10000元起投，T+1 次日赎回。理财非存款，产品有风险，投资须谨慎。
C005956,3,P026,call,周末09:00-12:00,您好，我是您的专属理财顾问，为您介绍：混合026号（R2·混合），业绩比较基准3.1%，180天，1000元起投，T+1 次日赎回。理财非存款，产品有风险，投资须谨慎。
C005958,1,P025,call,工作日09:00-12:00,您好，我是您的专属理财顾问，为您介绍：定开025号（R3·定开），业绩比较基准5.2%，366天，1000元起投，T+0 随时赎回。理财非存款，产品有风险，投资须谨慎。
C005958,2,P024,call,工作日12:00-14:00,您好，我是您的专属理财顾问，为您介绍：定开024号（R3·定开），业绩比较基准4.7%，90天，1000元起投，T+1 次日赎回。理财非存款，产品有风险，投资须谨慎。
C005958,3,P008,call,工作日18:00-21:00,您好，我是您的专属理财顾问，为您介绍：定开008号（R3·定开），业绩比较基准5.1%，366天，10000元起投，封闭运作。理财非存款，产品有风险，投资须谨慎。
C005964,1,P025,call,工作日18:00-21:00,您好，我是您的专属理财顾问，为您介绍：定开025号（R3·定开），业绩比较基准5.2%，366天，1000元起投，T+0 随时赎回。理财非存款，产品有风险，投资须谨慎。
C005964,2,P008,call,周末14:00-18:00,您好，我是您的专属理财顾问，为您介绍：定开008号（R3·定开），业绩比较基准5.1%，366天，10000元起投，封闭运作。理财非存款，产品有风险，投资须谨慎。
C005964,3,P024,call,周末09:00-12:00,您好，我是您的专属理财顾问，为您介绍：定开024号（R3·定开），业绩比较基准4.7%，90天，1000元起投，T+1 次日赎回。理财非存款，产品有风险，投资须谨慎。
C005967,1,P025,app_push,工作日12:00-14:00,专属推荐：定开025号（R3·定开），业绩比较基准5.2%，366天，1000元起投，T+0 随时赎回。理财非存款，产品有风险，投资须谨慎。
C005967,2,P024,app_push,工作日18:00-21:00,专属推荐：定开024号（R3·定开），业绩比较基准4.7%，90天，1000元起投，T+1 次日赎回。理财非存款，产品有风险，投资须谨慎。
C005967,3,P008,app_push,周末14:00-18:00,专属推荐：定开008号（R3·定开），业绩比较基准5.1%，366天，10000元起投，封闭运作。理财非存款，产品有风险，投资须谨慎。
C005972,1,P002,app_push,工作日12:00-14:00,专属推荐：固定期限002号（R5·固定期限），业绩比较基准11.3%，366天，1000元起投，T+0 随时赎回。该产品风险等级高于您的风险偏好，请谨慎选择。理财非存款，产品有风险，投资须谨慎。
C005972,2,P023,app_push,工作日18:00-21:00,专属推荐：固定期限023号（R5·固定期限），业绩比较基准9.8%，灵活存续，1000元起投，T+1 次日赎回。该产品风险等级高于您的风险偏好，请谨慎选择。理财非存款，产品有风险，投资须谨慎。
C005972,3,P004,app_push,周末14:00-18:00,专属推荐：现金管理004号（R5·现金管理），业绩比较基准8.6%，灵活存续，1000元起投，封闭运作。该产品风险等级高于您的风险偏好，请谨慎选择。理财非存款，产品有风险，投资须谨慎。
C005976,1,P006,app_push,工作日18:00-21:00,专属推荐：混合006号（R3·混合），业绩比较基准5.1%，灵活存续，50000元起投，T+1 次日赎回。理财非存款，产品有风险，投资须谨慎。
C005976,2,P001,app_push,周末14:00-18:00,专属推荐：混合001号（R3·混合），业绩比较基准5.5%，730天，50000元起投，封闭运作。理财非存款，产品有风险，投资须谨慎。
C005976,3,P025,app_push,周末09:00-12:00,专属推荐：定开025号（R3·定开），业绩比较基准5.2%，366天，1000元起投，T+0 随时赎回。理财非存款，产品有风险，投资须谨慎。
C005979,1,P012,call,工作日09:00-12:00,您好，我是您的专属理财顾问，为您介绍：混合012号（R2·混合），业绩比较基准3.7%，90天，10000元起投，T+1 次日赎回。理财非存款，产品有风险，投资须谨慎。
C005979,2,P013,call,工作日12:00-14:00,您好，我是您的专属理财顾问，为您介绍：定开013号（R2·定开），业绩比较基准3.5%，灵活存续，10000元起投，T+0 随时赎回。理财非存款，产品有风险，投资须谨慎。
C005979,3,P011,call,周末09:00-12:00,您好，我是您的专属理财顾问，为您介绍：固定期限011号（R2·固定期限），业绩比较基准3.3%，90天，10000元起投，T+0 随时赎回。理财非存款，产品有风险，投资须谨慎。
C005980,1,P019,manager,工作日18:00-21:00,金卡贵宾专享：定开019号（R2·定开），业绩比较基准3.3%，灵活存续，1000元起投，T+0 随时赎回，可为您预约专属认购。该产品风险等级高于您的风险偏好，请谨慎选择。理财非存款，产品有风险，投资须谨慎。
C005980,2,P014,manager,周末14:00-18:00,金卡贵宾专享：混合014号（R1·混合），业绩比较基准2.3%，90天，10000元起投，T+1 次日赎回，可为您预约专属认购。理财非存款，产品有风险，投资须谨慎。
C005980,3,P010,manager,周末09:00-12:00,金卡贵宾专享：现金管理010号（R1·现金管理），业绩比较基准2.8%，366天，50000元起投，T+0 随时赎回，可为您预约专属认购。理财非存款，产品有风险，投资须谨慎。
C005983,1,P025,app_push,工作日09:00-12:00,专属推荐：定开025号（R3·定开），业绩比较基准5.2%，366天，1000元起投，T+0 随时赎回。理财非存款，产品有风险，投资须谨慎。
C005983,2,P024,app_push,工作日18:00-21:00,专属推荐：定开024号（R3·定开），业绩比较基准4.7%，90天，1000元起投，T+1 次日赎回。理财非存款，产品有风险，投资须谨慎。
C005983,3,P008,app_push,周末14:00-18:00,专属推荐：定开008号（R3·定开），业绩比较基准5.1%，366天，10000元起投，封闭运作。理财非存款，产品有风险，投资须谨慎。
C005989,1,P029,call,工作日09:00-12:00,您好，我是您的专属理财顾问，为您介绍：固定期限029号（R4·固定期限），业绩比较基准7.8%，灵活存续，10000元起投，封闭运作。理财非存款，产品有风险，投资须谨慎。
C005989,2,P015,call,工作日18:00-21:00,您好，我是您的专属理财顾问，为您介绍：固定期限015号（R4·固定期限），业绩比较基准6.7%，366天，50000元起投，封闭运作。理财非存款，产品有风险，投资须谨慎。
C005989,3,P002,call,周末14:00-18:00,您好，我是您的专属理财顾问，为您介绍：固定期限002号（R5·固定期限），业绩比较基准11.3%，366天，1000元起投，T+0 随时赎回。该产品风险等级高于您的风险偏好，请谨慎选择。理财非存款，产品有风险，投资须谨慎。
C005990,1,P014,app_push,工作日18:00-21:00,专属推荐：混合014号（R1·混合），业绩比较基准2.3%，90天，10000元起投，T+1 次日赎回。理财非存款，产品有风险，投资须谨慎。
C005990,2,P019,app_push,周末09:00-12:00,专属推荐：定开019号（R2·定开），业绩比较基准3.3%，灵活存续，1000元起投，T+0 随时赎回。该产品风险等级高于您的风险偏好，请谨慎选择。理财非存款，产品有风险，投资须谨慎。
C005990,3,P026,app_push,周末14:00-18:00,专属推荐：混合026号（R2·混合），业绩比较基准3.1%，180天，1000元起投，T+1 次日赎回。该产品风险等级高于您的风险偏好，请谨慎选择。理财非存款，产品有风险，投资须谨慎。
C005995,1,P014,call,工作日09:00-12:00,您好，我是您的专属理财顾问，为您介绍：混合014号（R1·混合），业绩比较基准2.3%，90天，10000元起投，T+1 次日赎回。理财非存款，产品有风险，投资须谨慎。
C005995,2,P012,call,工作日12:00-14:00,您好，我是您的专属理财顾问，为您介绍：混合012号（R2·混合），业绩比较基准3.7%，90天，10000元起投，T+1 次日赎回。该产品风险等级高于您的风险偏好，请谨慎选择。理财非存款，产品有风险，投资须谨慎。
C005995,3,P013,call,工作日18:00-21:00,您好，我是您的专属理财顾问，为您介绍：定开013号（R2·定开），业绩比较基准3.5%，灵活存续，10000元起投，T+0 随时赎回。该产品风险等级高于您的风险偏好，请谨慎选择。理财非存款，产品有风险，投资须谨慎。
C006003,1,P011,app_push,工作日18:00-21:00,专属推荐：固定期限011号（R2·固定期限），业绩比较基准3.3%，90天，10000元起投，T+0 随时赎回。理财非存款，产品有风险，投资须谨慎。
C006003,2,P012,app_push,周末09:00-12:00,专属推荐：混合012号（R2·混合），业绩比较基准3.7%，90天，10000元起投，T+1 次日赎回。理财非存款，产品有风险，投资须谨慎。
C006003,3,P013,app_push,周末14:00-18:00,专属推荐：定开013号（R2·定开），业绩比较基准3.5%，灵活存续，10000元起投，T+0 随时赎回。理财非存款，产品有风险，投资须谨慎。
C006012,1,P012,app_push,工作日18:00-21:00,专属推荐：混合012号（R2·混合），业绩比较基准3.7%，90天，10000元起投，T+1 次日赎回。理财非存款，产品有风险，投资须谨慎。
C006012,2,P013,app_push,周末09:00-12:00,专属推荐：定开013号（R2·定开），业绩比较基准3.5%，灵活存续，10000元起投，T+0 随时赎回。理财非存款，产品有风险，投资须谨慎。
C006012,3,P011,app_push,周末14:00-18:00,专属推荐：固定期限011号（R2·固定期限），业绩比较基准3.3%，90天，10000元起投，T+0 随时赎回。理财非存款，产品有风险，投资须谨慎。
C006014,1,P014,call,工作日09:00-12:00,您好，我是您的专属理财顾问，为您介绍：混合014号（R1·混合），业绩比较基准2.3%，90天，10000元起投，T+1 次日赎回。理财非存款，产品有风险，投资须谨慎。
C006014,2,P010,call,工作日12:00-14:00,您好，我是您的专属理财顾问，为您介绍：现金管理010号（R1·现金管理），业绩比较基准2.8%，366天，50000元起投，T+0 随时赎回。理财非存款，产品有风险，投资须谨慎。
C006014,3,P020,call,工作日18:00-21:00,您好，我是您的专属理财顾问，为您介绍：现金管理020号（R2·现金管理），业绩比较基准3.6%，366天，10000元起投，T+1 次日赎回。该产品风险等级高于您的风险偏好，请谨慎选择。理财非存款，产品有风险，投资须谨慎。
C006015,1,P012,app_push,工作日18:00-21:00,专属推荐：混合012号（R2·混合），业绩比较基准3.7%，90天，10000元起投，T+1 次日赎回。理财非存款，产品有风险，投资须谨慎。
C006015,2,P011,app_push,周末14:00-18:00,专属推荐：固定期限011号（R2·固定期限），业绩比较基准3.3%，90天，10000元起投，T+0 随时赎回。理财非存款，产品有风险，投资须谨慎。
C006015,3,P013,app_push,周末09:00-12:00,专属推荐：定开013号（R2·定开），业绩比较基准3.5%，灵活存续，10000元起投，T+0 随时赎回。理财非存款，产品有风险，投资须谨慎。
C006017,1,P002,app_push,工作日18:00-21:00,专属推荐：固定期限002号（R5·固定期限），业绩比较基准11.3%，366天，1000元起投，T+0 随时赎回。理财非存款，产品有风险，投资须谨慎。
C006017,2,P023,app_push,周末14:00-18:00,专属推荐：固定期限023号（R5·固定期限），业绩比较基准9.8%，灵活存续，1000元起投，T+1 次日赎回。理财非存款，产品有风险，投资须谨慎。
C006017,3,P004,app_push,周末09:00-12:00,专属推荐：现金管理004号（R5·现金管理），业绩比较基准8.6%，灵活存续，1000元起投，封闭运作。理财非存款，产品有风险，投资须谨慎。
C006020,1,P027,app_push,工作日09:00-12:00,专属推荐：现金管理027号（R4·现金管理），业绩比较基准7.7%，366天，100000元起投，T+1 次日赎回。理财非存款，产品有风险，投资须谨慎。
C006020,2,P029,app_push,工作日12:00-14:00,专属推荐：固定期限029号（R4·固定期限），业绩比较基准7.8%，灵活存续，10000元起投，封闭运作。理财非存款，产品有风险，投资须谨慎。
C006020,3,P015,app_push,周末09:00-12:00,专属推荐：固定期限015号（R4·固定期限），业绩比较基准6.7%，366天，50000元起投，封闭运作。理财非存款，产品有风险，投资须谨慎。
C006022,1,P019,app_push,工作日09:00-12:00,专属推荐：定开019号（R2·定开），业绩比较基准3.3%，灵活存续，1000元起投，T+0 随时赎回。该产品风险等级高于您的风险偏好，请谨慎选择。理财非存款，产品有风险，投资须谨慎。
C006022,2,P026,app_push,工作日12:00-14:00,专属推荐：混合026号（R2·混合），业绩比较基准3.1%，180天，1000元起投，T+1 次日赎回。该产品风险等级高于您的风险偏好，请谨慎选择。理财非存款，产品有风险，投资须谨慎。
C006022,3,P030,app_push,工作日18:00-21:00,专属推荐：固定期限030号（R2·固定期限），业绩比较基准3.1%，730天，1000元起投，T+0 随时赎回。该产品风险等级高于您的风险偏好，请谨慎选择。理财非存款，产品有风险，投资须谨慎。
C006027,1,P020,app_push,工作日09:00-12:00,专属推荐：现金管理020号（R2·现金管理），业绩比较基准3.6%，366天，10000元起投，T+1 次日赎回。理财非存款，产品有风险，投资须谨慎。
C006027,2,P018,app_push,工作日12:00-14:00,专属推荐：现金管理018号（R2·现金管理），业绩比较基准3.6%，730天，10000元起投，T+0 随时赎回。理财非存款，产品有风险，投资须谨慎。
C006027,3,P017,app_push,工作日18:00-21:00,专属推荐：现金管理017号（R3·现金管理），业绩比较基准4.3%，180天，1000元起投，T+1 次日赎回。该产品风险等级高于您的风险偏好，请谨慎选择。理财非存款，产品有风险，投资须谨慎。
C006028,1,P029,app_push,工作日09:00-12:00,专属推荐：固定期限029号（R4·固定期限），业绩比较基准7.8%，灵活存续，10000元起投，封闭运作。理财非存款，产品有风险，投资须谨慎。
C006028,2,P015,app_push,工作日12:00-14:00,专属推荐：固定期限015号（R4·固定期限），业绩比较基准6.7%，366天，50000元起投，封闭运作。理财非存款，产品有风险，投资须谨慎。
C006028,3,P002,app_push,工作日18:00-21:00,专属推荐：固定期限002号（R5·固定期限），业绩比较基准11.3%，366天，1000元起投，T+0 随时赎回。该产品风险等级高于您的风险偏好，请谨慎选择。理财非存款，产品有风险，投资须谨慎。
C006032,1,P011,call,工作日09:00-12:00,您好，我是您的专属理财顾问，为您介绍：固定期限011号（R2·固定期限），业绩比较基准3.3%，90天，10000元起投，T+0 随时赎回。理财非存款，产品有风险，投资须谨慎。
C006032,2,P012,call,工作日12:00-14:00,您好，我是您的专属理财顾问，为您介绍：混合012号（R2·混合），业绩比较基准3.7%，90天，10000元起投，T+1 次日赎回。理财非存款，产品有风险，投资须谨慎。
C006032,3,P013,call,工作日18:00-21:00,您好，我是您的专属理财顾问，为您介绍：定开013号（R2·定开），业绩比较基准3.5%，灵活存续，10000元起投，T+0 随时赎回。理财非存款，产品有风险，投资须谨慎。
C006033,1,P029,call,工作日09:00-12:00,您好，我是您的专属理财顾问，为您介绍：固定期限029号（R4·固定期限），业绩比较基准7.8%，灵活存续，10000元起投，封闭运作。该产品风险等级高于您的风险偏好，请谨慎选择。理财非存款，产品有风险，投资须谨慎。
C006033,2,P030,call,工作日12:00-14:00,您好，我是您的专属理财顾问，为您介绍：固定期限030号（R2·固定期限），业绩比较基准3.1%，730天，1000元起投，T+0 随时赎回。理财非存款，产品有风险，投资须谨慎。
C006033,3,P025,call,周末09:00-12:00,您好，我是您的专属理财顾问，为您介绍：定开025号（R3·定开），业绩比较基准5.2%，366天，1000元起投，T+0 随时赎回。理财非存款，产品有风险，投资须谨慎。
C006035,1,P019,app_push,工作日09:00-12:00,专属推荐：定开019号（R2·定开），业绩比较基准3.3%，灵活存续，1000元起投，T+0 随时赎回。理财非存款，产品有风险，投资须谨慎。
C006035,2,P022,app_push,工作日12:00-14:00,专属推荐：定开022号（R2·定开），业绩比较基准3.0%，730天，10000元起投，T+1 次日赎回。理财非存款，产品有风险，投资须谨慎。
C006035,3,P013,app_push,工作日18:00-21:00,专属推荐：定开013号（R2·定开），业绩比较基准3.5%，灵活存续，10000元起投，T+0 随时赎回。理财非存款，产品有风险，投资须谨慎。
C006037,1,P006,app_push,工作日09:00-12:00,专属推荐：混合006号（R3·混合），业绩比较基准5.1%，灵活存续，50000元起投，T+1 次日赎回。理财非存款，产品有风险，投资须谨慎。
C006037,2,P001,app_push,工作日12:00-14:00,专属推荐：混合001号（R3·混合），业绩比较基准5.5%，730天，50000元起投，封闭运作。理财非存款，产品有风险，投资须谨慎。
C006037,3,P021,app_push,工作日18:00-21:00,专属推荐：混合021号（R3·混合），业绩比较基准5.4%，730天，100000元起投，封闭运作。理财非存款，产品有风险，投资须谨慎。
C006040,1,P025,manager,工作日12:00-14:00,金卡贵宾专享：定开025号（R3·定开），业绩比较基准5.2%，366天，1000元起投，T+0 随时赎回，可为您预约专属认购。理财非存款，产品有风险，投资须谨慎。
C006040,2,P008,manager,周末14:00-18:00,金卡贵宾专享：定开008号（R3·定开），业绩比较基准5.1%，366天，10000元起投，封闭运作，可为您预约专属认购。理财非存款，产品有风险，投资须谨慎。
C006040,3,P024,manager,工作日18:00-21:00,金卡贵宾专享：定开024号（R3·定开），业绩比较基准4.7%，90天，1000元起投，T+1 次日赎回，可为您预约专属认购。理财非存款，产品有风险，投资须谨慎。
C006042,1,P029,call,工作日18:00-21:00,您好，我是您的专属理财顾问，为您介绍：固定期限029号（R4·固定期限），业绩比较基准7.8%，灵活存续，10000元起投，封闭运作。理财非存款，产品有风险，投资须谨慎。
C006042,2,P015,call,周末09:00-12:00,您好，我是您的专属理财顾问，为您介绍：固定期限015号（R4·固定期限），业绩比较基准6.7%，366天，50000元起投，封闭运作。理财非存款，产品有风险，投资须谨慎。
C006042,3,P002,call,周末14:00-18:00,您好，我是您的专属理财顾问，为您介绍：固定期限002号（R5·固定期限），业绩比较基准11.3%，366天，1000元起投，T+0 随时赎回。该产品风险等级高于您的风险偏好，请谨慎选择。理财非存款，产品有风险，投资须谨慎。
C006047,1,P019,manager,工作日09:00-12:00,普通贵宾专享：定开019号（R2·定开），业绩比较基准3.3%，灵活存续，1000元起投，T+0 随时赎回，可为您预约专属认购。理财非存款，产品有风险，投资须谨慎。
C006047,2,P022,manager,工作日12:00-14:00,普通贵宾专享：定开022号（R2·定开），业绩比较基准3.0%，730天，10000元起投，T+1 次日赎回，可为您预约专属认购。理财非存款，产品有风险，投资须谨慎。
C006047,3,P013,manager,周末09:00-12:00,普通贵宾专享：定开013号（R2·定开），业绩比较基准3.5%，灵活存续，10000元起投，T+0 随时赎回，可为您预约专属认购。理财非存款，产品有风险，投资须谨慎。
C006050,1,P002,app_push,工作日09:00-12:00,专属推荐：固定期限002号（R5·固定期限），业绩比较基准11.3%，366天，1000元起投，T+0 随时赎回。理财非存款，产品有风险，投资须谨慎。
C006050,2,P023,app_push,工作日12:00-14:00,专属推荐：固定期限023号（R5·固定期限），业绩比较基准9.8%，灵活存续，1000元起投，T+1 次日赎回。理财非存款，产品有风险，投资须谨慎。
C006050,3,P004,app_push,周末09:00-12:00,专属推荐：现金管理004号（R5·现金管理），业绩比较基准8.6%，灵活存续，1000元起投，封闭运作。理财非存款，产品有风险，投资须谨慎。
C006051,1,P029,call,工作日12:00-14:00,您好，我是您的专属理财顾问，为您介绍：固定期限029号（R4·固定期限），业绩比较基准7.8%，灵活存续，10000元起投，封闭运作。该产品风险等级高于您的风险偏好，请谨慎选择。理财非存款，产品有风险，投资须谨慎。
C006051,2,P030,call,周末14:00-18:00,您好，我是您的专属理财顾问，为您介绍：固定期限030号（R2·固定期限），业绩比较基准3.1%，730天，1000元起投，T+0 随时赎回。理财非存款，产品有风险，投资须谨慎。
C006051,3,P025,call,工作日18:00-21:00,您好，我是您的专属理财顾问，为您介绍：定开025号（R3·定开），业绩比较基准5.2%，366天，1000元起投，T+0 随时赎回。理财非存款，产品有风险，投资须谨慎。
C006055,1,P025,call,工作日09:00-12:00,您好，我是您的专属理财顾问，为您介绍：定开025号（R3·定开），业绩比较基准5.2%，366天，1000元起投，T+0 随时赎回。理财非存款，产品有风险，投资须谨慎。
C006055,2,P024,call,工作日12:00-14:00,您好，我是您的专属理财顾问，为您介绍：定开024号（R3·定开），业绩比较基准4.7%，90天，1000元起投，T+1 次日赎回。理财非存款，产品有风险，投资须谨慎。
C006055,3,P008,call,周末09:00-12:00,您好，我是您的专属理财顾问，为您介绍：定开008号（R3·定开），业绩比较基准5.1%，366天，10000元起投，封闭运作。理财非存款，产品有风险，投资须谨慎。
C006057,1,P020,app_push,工作日12:00-14:00,专属推荐：现金管理020号（R2·现金管理），业绩比较基准3.6%，366天，10000元起投，T+1 次日赎回。理财非存款，产品有风险，投资须谨慎。
C006057,2,P017,app_push,周末14:00-18:00,专属推荐：现金管理017号（R3·现金管理），业绩比较基准4.3%，180天，1000元起投，T+1 次日赎回。该产品风险等级高于您的风险偏好，请谨慎选择。理财非存款，产品有风险，投资须谨慎。
C006057,3,P018,app_push,工作日18:00-21:00,专属推荐：现金管理018号（R2·现金管理），业绩比较基准3.6%，730天，10000元起投，T+0 随时赎回。理财非存款，产品有风险，投资须谨慎。
C006058,1,P004,app_push,工作日09:00-12:00,专属推荐：现金管理004号（R5·现金管理），业绩比较基准8.6%，灵活存续，1000元起投，封闭运作。该产品风险等级高于您的风险偏好，请谨慎选择。理财非存款，产品有风险，投资须谨慎。
C006058,2,P029,app_push,工作日12:00-14:00,专属推荐：固定期限029号（R4·固定期限），业绩比较基准7.8%，灵活存续，10000元起投，封闭运作。理财非存款，产品有风险，投资须谨慎。
C006058,3,P017,app_push,周末09:00-12:00,专属推荐：现金管理017号（R3·现金管理），业绩比较基准4.3%，180天，1000元起投，T+1 次日赎回。理财非存款，产品有风险，投资须谨慎。
C006075,1,P017,app_push,工作日09:00-12:00,专属推荐：现金管理017号（R3·现金管理），业绩比较基准4.3%，180天，1000元起投，T+1 次日赎回。理财非存款，产品有风险，投资须谨慎。
C006075,2,P024,app_push,工作日18:00-21:00,专属推荐：定开024号（R3·定开），业绩比较基准4.7%，90天，1000元起投，T+1 次日赎回。理财非存款，产品有风险，投资须谨慎。
C006075,3,P025,app_push,周末14:00-18:00,专属推荐：定开025号（R3·定开），业绩比较基准5.2%，366天，1000元起投，T+0 随时赎回。理财非存款，产品有风险，投资须谨慎。
C006079,1,P012,call,工作日09:00-12:00,您好，我是您的专属理财顾问，为您介绍：混合012号（R2·混合），业绩比较基准3.7%，90天，10000元起投，T+1 次日赎回。理财非存款，产品有风险，投资须谨慎。
C006079,2,P013,call,工作日12:00-14:00,您好，我是您的专属理财顾问，为您介绍：定开013号（R2·定开），业绩比较基准3.5%，灵活存续，10000元起投，T+0 随时赎回。理财非存款，产品有风险，投资须谨慎。
C006079,3,P011,call,周末09:00-12:00,您好，我是您的专属理财顾问，为您介绍：固定期限011号（R2·固定期限），业绩比较基准3.3%，90天，10000元起投，T+0 随时赎回。理财非存款，产品有风险，投资须谨慎。
C006087,1,P025,app_push,工作日18:00-21:00,专属推荐：定开025号（R3·定开），业绩比较基准5.2%，366天，1000元起投，T+0 随时赎回。理财非存款，产品有风险，投资须谨慎。
C006087,2,P024,app_push,周末14:00-18:00,专属推荐：定开024号（R3·定开），业绩比较基准4.7%，90天，1000元起投，T+1 次日赎回。理财非存款，产品有风险，投资须谨慎。
C006087,3,P002,app_push,周末09:00-12:00,专属推荐：固定期限002号（R5·固定期限），业绩比较基准11.3%，366天，1000元起投，T+0 随时赎回。该产品风险等级高于您的风险偏好，请谨慎选择。理财非存款，产品有风险，投资须谨慎。
C006088,1,P026,app_push,工作日12:00-14:00,专属推荐：混合026号（R2·混合），业绩比较基准3.1%，180天，1000元起投，T+1 次日赎回。理财非存款，产品有风险，投资须谨慎。
C006088,2,P019,app_push,工作日18:00-21:00,专属推荐：定开019号（R2·定开），业绩比较基准3.3%，灵活存续，1000元起投，T+0 随时赎回。理财非存款，产品有风险，投资须谨慎。
C006088,3,P030,app_push,周末14:00-18:00,专属推荐：固定期限030号（R2·固定期限），业绩比较基准3.1%，730天，1000元起投，T+0 随时赎回。理财非存款，产品有风险，投资须谨慎。
C006090,1,P002,app_push,工作日12:00-14:00,专属推荐：固定期限002号（R5·固定期限），业绩比较基准11.3%，366天，1000元起投，T+0 随时赎回。理财非存款，产品有风险，投资须谨慎。
C006090,2,P023,app_push,周末14:00-18:00,专属推荐：固定期限023号（R5·固定期限），业绩比较基准9.8%，灵活存续，1000元起投，T+1 次日赎回。理财非存款，产品有风险，投资须谨慎。
C006090,3,P004,app_push,工作日18:00-21:00,专属推荐：现金管理004号（R5·现金管理），业绩比较基准8.6%，灵活存续，1000元起投，封闭运作。理财非存款，产品有风险，投资须谨慎。
C006092,1,P024,manager,工作日18:00-21:00,钻石贵宾专享：定开024号（R3·定开），业绩比较基准4.7%，90天，1000元起投，T+1 次日赎回，可为您预约专属认购。理财非存款，产品有风险，投资须谨慎。
C006092,2,P008,manager,周末14:00-18:00,钻石贵宾专享：定开008号（R3·定开），业绩比较基准5.1%，366天，10000元起投，封闭运作，可为您预约专属认购。理财非存款，产品有风险，投资须谨慎。
C006092,3,P025,manager,周末09:00-12:00,钻石贵宾专享：定开025号（R3·定开），业绩比较基准5.2%，366天，1000元起投，T+0 随时赎回，可为您预约专属认购。理财非存款，产品有风险，投资须谨慎。
C006100,1,P022,app_push,工作日12:00-14:00,专属推荐：定开022号（R2·定开），业绩比较基准3.0%，730天，10000元起投，T+1 次日赎回。理财非存款，产品有风险，投资须谨慎。
C006100,2,P013,app_push,工作日18:00-21:00,专属推荐：定开013号（R2·定开），业绩比较基准3.5%，灵活存续，10000元起投，T+0 随时赎回。理财非存款，产品有风险，投资须谨慎。
C006100,3,P018,app_push,周末14:00-18:00,专属推荐：现金管理018号（R2·现金管理），业绩比较基准3.6%，730天，10000元起投，T+0 随时赎回。理财非存款，产品有风险，投资须谨慎。
C006104,1,P006,manager,工作日09:00-12:00,金卡贵宾专享：混合006号（R3·混合），业绩比较基准5.1%，灵活存续，50000元起投，T+1 次日赎回，可为您预约专属认购。理财非存款，产品有风险，投资须谨慎。
C006104,2,P024,manager,工作日18:00-21:00,金卡贵宾专享：定开024号（R3·定开），业绩比较基准4.7%，90天，1000元起投，T+1 次日赎回，可为您预约专属认购。理财非存款，产品有风险，投资须谨慎。
C006104,3,P025,manager,周末14:00-18:00,金卡贵宾专享：定开025号（R3·定开），业绩比较基准5.2%，366天，1000元起投，T+0 随时赎回，可为您预约专属认购。理财非存款，产品有风险，投资须谨慎。
C006105,1,P026,app_push,工作日12:00-14:00,专属推荐：混合026号（R2·混合），业绩比较基准3.1%，180天，1000元起投，T+1 次日赎回。理财非存款，产品有风险，投资须谨慎。
C006105,2,P012,app_push,工作日18:00-21:00,专属推荐：混合012号（R2·混合），业绩比较基准3.7%，90天，10000元起投，T+1 次日赎回。理财非存款，产品有风险，投资须谨慎。
C006105,3,P014,app_push,周末14:00-18:00,专属推荐：混合014号（R1·混合），业绩比较基准2.3%，90天，10000元起投，T+1 次日赎回。理财非存款，产品有风险，投资须谨慎。
C006117,1,P022,manager,工作日12:00-14:00,金卡贵宾专享：定开022号（R2·定开），业绩比较基准3.0%，730天，10000元起投，T+1 次日赎回，可为您预约专属认购。该产品风险等级高于您的风险偏好，请谨慎选择。理财非存款，产品有风险，投资须谨慎。
C006117,2,P010,manager,工作日18:00-21:00,金卡贵宾专享：现金管理010号（R1·现金管理），业绩比较基准2.8%，366天，50000元起投，T+0 随时赎回，可为您预约专属认购。理财非存款，产品有风险，投资须谨慎。
C006117,3,P013,manager,周末14:00-18:00,金卡贵宾专享：定开013号（R2·定开），业绩比较基准3.5%，灵活存续，10000元起投，T+0 随时赎回，可为您预约专属认购。该产品风险等级高于您的风险偏好，请谨慎选择。理财非存款，产品有风险，投资须谨慎。
C006125,1,P019,app_push,工作日09:00-12:00,专属推荐：定开019号（R2·定开），业绩比较基准3.3%，灵活存续，1000元起投，T+0 随时赎回。理财非存款，产品有风险，投资须谨慎。
C006125,2,P013,app_push,工作日12:00-14:00,专属推荐：定开013号（R2·定开），业绩比较基准3.5%，灵活存续，10000元起投，T+0 随时赎回。理财非存款，产品有风险，投资须谨慎。
C006125,3,P022,app_push,周末09:00-12:00,专属推荐：定开022号（R2·定开），业绩比较基准3.0%，730天，10000元起投，T+1 次日赎回。理财非存款，产品有风险，投资须谨慎。
C006129,1,P025,app_push,工作日09:00-12:00,专属推荐：定开025号（R3·定开），业绩比较基准5.2%，366天，1000元起投，T+0 随时赎回。理财非存款，产品有风险，投资须谨慎。
C006129,2,P024,app_push,工作日12:00-14:00,专属推荐：定开024号（R3·定开），业绩比较基准4.7%，90天，1000元起投，T+1 次日赎回。理财非存款，产品有风险，投资须谨慎。
C006129,3,P008,app_push,周末09:00-12:00,专属推荐：定开008号（R3·定开），业绩比较基准5.1%，366天，10000元起投，封闭运作。理财非存款，产品有风险，投资须谨慎。
C006133,1,P014,app_push,工作日18:00-21:00,专属推荐：混合014号（R1·混合），业绩比较基准2.3%，90天，10000元起投，T+1 次日赎回。理财非存款，产品有风险，投资须谨慎。
C006133,2,P010,app_push,周末14:00-18:00,专属推荐：现金管理010号（R1·现金管理），业绩比较基准2.8%，366天，50000元起投，T+0 随时赎回。理财非存款，产品有风险，投资须谨慎。
C006133,3,P012,app_push,周末09:00-12:00,专属推荐：混合012号（R2·混合），业绩比较基准3.7%，90天，10000元起投，T+1 次日赎回。该产品风险等级高于您的风险偏好，请谨慎选择。理财非存款，产品有风险，投资须谨慎。
C006138,1,P016,manager,工作日18:00-21:00,金卡贵宾专享：现金管理016号（R2·现金管理），业绩比较基准3.1%，180天，100000元起投，T+0 随时赎回，可为您预约专属认购。理财非存款，产品有风险，投资须谨慎。
C006138,2,P028,manager,周末09:00-12:00,金卡贵宾专享：定开028号（R2·定开），业绩比较基准3.6%，366天，100000元起投，T+1 次日赎回，可为您预约专属认购。理财非存款，产品有风险，投资须谨慎。
C006138,3,P013,manager,周末14:00-18:00,金卡贵宾专享：定开013号（R2·定开），业绩比较基准3.5%，灵活存续，10000元起投，T+0 随时赎回，可为您预约专属认购。理财非存款，产品有风险，投资须谨慎。
C006153,1,P018,manager,工作日18:00-21:00,普通贵宾专享：现金管理018号（R2·现金管理），业绩比较基准3.6%，730天，10000元起投，T+0 随时赎回，可为您预约专属认购。理财非存款，产品有风险，投资须谨慎。
C006153,2,P020,manager,周末09:00-12:00,普通贵宾专享：现金管理020号（R2·现金管理），业绩比较基准3.6%，366天，10000元起投，T+1 次日赎回，可为您预约专属认购。理财非存款，产品有风险，投资须谨慎。
C006153,3,P019,manager,周末14:00-18:00,普通贵宾专享：定开019号（R2·定开），业绩比较基准3.3%，灵活存续，1000元起投，T+0 随时赎回，可为您预约专属认购。理财非存款，产品有风险，投资须谨慎。
C006155,1,P025,manager,工作日09:00-12:00,金卡贵宾专享：定开025号（R3·定开），业绩比较基准5.2%，366天，1000元起投，T+0 随时赎回，可为您预约专属认购。理财非存款，产品有风险，投资须谨慎。
C006155,2,P024,manager,工作日12:00-14:00,金卡贵宾专享：定开024号（R3·定开），业绩比较基准4.7%，90天，1000元起投，T+1 次日赎回，可为您预约专属认购。理财非存款，产品有风险，投资须谨慎。
C006155,3,P008,manager,周末09:00-12:00,金卡贵宾专享：定开008号（R3·定开），业绩比较基准5.1%，366天，10000元起投，封闭运作，可为您预约专属认购。理财非存款，产品有风险，投资须谨慎。
C006158,1,P012,app_push,工作日18:00-21:00,专属推荐：混合012号（R2·混合），业绩比较基准3.7%，90天，10000元起投，T+1 次日赎回。理财非存款，产品有风险，投资须谨慎。
C006158,2,P013,app_push,周末09:00-12:00,专属推荐：定开013号（R2·定开），业绩比较基准3.5%，灵活存续，10000元起投，T+0 随时赎回。理财非存款，产品有风险，投资须谨慎。
C006158,3,P011,app_push,周末14:00-18:00,专属推荐：固定期限011号（R2·固定期限），业绩比较基准3.3%，90天，10000元起投，T+0 随时赎回。理财非存款，产品有风险，投资须谨慎。
C006159,1,P014,app_push,工作日12:00-14:00,专属推荐：混合014号（R1·混合），业绩比较基准2.3%，90天，10000元起投，T+1 次日赎回。理财非存款，产品有风险，投资须谨慎。
C006159,2,P010,app_push,工作日18:00-21:00,专属推荐：现金管理010号（R1·现金管理），业绩比较基准2.8%，366天，50000元起投，T+0 随时赎回。理财非存款，产品有风险，投资须谨慎。
C006159,3,P012,app_push,周末14:00-18:00,专属推荐：混合012号（R2·混合），业绩比较基准3.7%，90天，10000元起投，T+1 次日赎回。该产品风险等级高于您的风险偏好，请谨慎选择。理财非存款，产品有风险，投资须谨慎。
C006161,1,P030,app_push,工作日18:00-21:00,专属推荐：固定期限030号（R2·固定期限），业绩比较基准3.1%，730天，1000元起投，T+0 随时赎回。理财非存款，产品有风险，投资须谨慎。
C006161,2,P025,app_push,周末14:00-18:00,专属推荐：定开025号（R3·定开），业绩比较基准5.2%，366天，1000元起投，T+0 随时赎回。理财非存款，产品有风险，投资须谨慎。
C006161,3,P024,app_push,周末09:00-12:00,专属推荐：定开024号（R3·定开），业绩比较基准4.7%，90天，1000元起投，T+1 次日赎回。理财非存款，产品有风险，投资须谨慎。
C006162,1,P018,app_push,工作日09:00-12:00,专属推荐：现金管理018号（R2·现金管理），业绩比较基准3.6%，730天，10000元起投，T+0 随时赎回。理财非存款，产品有风险，投资须谨慎。
C006162,2,P012,app_push,工作日12:00-14:00,专属推荐：混合012号（R2·混合），业绩比较基准3.7%，90天，10000元起投，T+1 次日赎回。理财非存款，产品有风险，投资须谨慎。
C006162,3,P026,app_push,工作日18:00-21:00,专属推荐：混合026号（R2·混合），业绩比较基准3.1%，180天，1000元起投，T+1 次日赎回。理财非存款，产品有风险，投资须谨慎。
C006168,1,P029,manager,工作日18:00-21:00,金卡贵宾专享：固定期限029号（R4·固定期限），业绩比较基准7.8%，灵活存续，10000元起投，封闭运作，可为您预约专属认购。理财非存款，产品有风险，投资须谨慎。
C006168,2,P004,manager,周末14:00-18:00,金卡贵宾专享：现金管理004号（R5·现金管理），业绩比较基准8.6%，灵活存续，1000元起投，封闭运作，可为您预约专属认购。该产品风险等级高于您的风险偏好，请谨慎选择。理财非存款，产品有风险，投资须谨慎。
C006168,3,P002,manager,周末09:00-12:00,金卡贵宾专享：固定期限002号（R5·固定期限），业绩比较基准11.3%，366天，1000元起投，T+0 随时赎回，可为您预约专属认购。该产品风险等级高于您的风险偏好，请谨慎选择。理财非存款，产品有风险，投资须谨慎。
C006172,1,P004,call,工作日12:00-14:00,您好，我是您的专属理财顾问，为您介绍：现金管理004号（R5·现金管理），业绩比较基准8.6%，灵活存续，1000元起投，封闭运作。该产品风险等级高于您的风险偏好，请谨慎选择。理财非存款，产品有风险，投资须谨慎。
C006172,2,P017,call,周末14:00-18:00,您好，我是您的专属理财顾问，为您介绍：现金管理017号（R3·现金管理），业绩比较基准4.3%，180天，1000元起投，T+1 次日赎回。理财非存款，产品有风险，投资须谨慎。
C006172,3,P002,call,工作日18:00-21:00,您好，我是您的专属理财顾问，为您介绍：固定期限002号（R5·固定期限），业绩比较基准11.3%，366天，1000元起投，T+0 随时赎回。该产品风险等级高于您的风险偏好，请谨慎选择。理财非存款，产品有风险，投资须谨慎。
C006175,1,P002,app_push,工作日12:00-14:00,专属推荐：固定期限002号（R5·固定期限），业绩比较基准11.3%，366天，1000元起投，T+0 随时赎回。理财非存款，产品有风险，投资须谨慎。
C006175,2,P023,app_push,周末14:00-18:00,专属推荐：固定期限023号（R5·固定期限），业绩比较基准9.8%，灵活存续，1000元起投，T+1 次日赎回。理财非存款，产品有风险，投资须谨慎。
C006175,3,P004,app_push,工作日18:00-21:00,专属推荐：现金管理004号（R5·现金管理），业绩比较基准8.6%，灵活存续，1000元起投，封闭运作。理财非存款，产品有风险，投资须谨慎。
C006179,1,P013,app_push,工作日09:00-12:00,专属推荐：定开013号（R2·定开），业绩比较基准3.5%，灵活存续，10000元起投，T+0 随时赎回。理财非存款，产品有风险，投资须谨慎。
C006179,2,P011,app_push,工作日12:00-14:00,专属推荐：固定期限011号（R2·固定期限），业绩比较基准3.3%，90天，10000元起投，T+0 随时赎回。理财非存款，产品有风险，投资须谨慎。
C006179,3,P012,app_push,工作日18:00-21:00,专属推荐：混合012号（R2·混合），业绩比较基准3.7%，90天，10000元起投，T+1 次日赎回。理财非存款，产品有风险，投资须谨慎。
C006195,1,P006,manager,工作日09:00-12:00,金卡贵宾专享：混合006号（R3·混合），业绩比较基准5.1%，灵活存续，50000元起投，T+1 次日赎回，可为您预约专属认购。理财非存款，产品有风险，投资须谨慎。
C006195,2,P025,manager,工作日12:00-14:00,金卡贵宾专享：定开025号（R3·定开），业绩比较基准5.2%，366天，1000元起投，T+0 随时赎回，可为您预约专属认购。理财非存款，产品有风险，投资须谨慎。
C006195,3,P001,manager,工作日18:00-21:00,金卡贵宾专享：混合001号（R3·混合），业绩比较基准5.5%，730天，50000元起投，封闭运作，可为您预约专属认购。理财非存款，产品有风险，投资须谨慎。
C006201,1,P002,app_push,工作日18:00-21:00,专属推荐：固定期限002号（R5·固定期限），业绩比较基准11.3%，366天，1000元起投，T+0 随时赎回。该产品风险等级高于您的风险偏好，请谨慎选择。理财非存款，产品有风险，投资须谨慎。
C006201,2,P023,app_push,周末14:00-18:00,专属推荐：固定期限023号（R5·固定期限），业绩比较基准9.8%，灵活存续，1000元起投，T+1 次日赎回。该产品风险等级高于您的风险偏好，请谨慎选择。理财非存款，产品有风险，投资须谨慎。
C006201,3,P029,app_push,周末09:00-12:00,专属推荐：固定期限029号（R4·固定期限），业绩比较基准7.8%，灵活存续，10000元起投，封闭运作。理财非存款，产品有风险，投资须谨慎。
C006206,1,P014,app_push,工作日18:00-21:00,专属推荐：混合014号（R1·混合），业绩比较基准2.3%，90天，10000元起投，T+1 次日赎回。理财非存款，产品有风险，投资须谨慎。
C006206,2,P026,app_push,周末09:00-12:00,专属推荐：混合026号（R2·混合），业绩比较基准3.1%，180天，1000元起投，T+1 次日赎回。该产品风险等级高于您的风险偏好，请谨慎选择。理财非存款，产品有风险，投资须谨慎。
C006206,3,P019,app_push,周末14:00-18:00,专属推荐：定开019号（R2·定开），业绩比较基准3.3%，灵活存续，1000元起投，T+0 随时赎回。该产品风险等级高于您的风险偏好，请谨慎选择。理财非存款，产品有风险，投资须谨慎。
C006209,1,P002,app_push,工作日12:00-14:00,专属推荐：固定期限002号（R5·固定期限），业绩比较基准11.3%，366天，1000元起投，T+0 随时赎回。该产品风险等级高于您的风险偏好，请谨慎选择。理财非存款，产品有风险，投资须谨慎。
C006209,2,P023,app_push,工作日18:00-21:00,专属推荐：固定期限023号（R5·固定期限），业绩比较基准9.8%，灵活存续，1000元起投，T+1 次日赎回。该产品风险等级高于您的风险偏好，请谨慎选择。理财非存款，产品有风险，投资须谨慎。
C006209,3,P029,app_push,周末14:00-18:00,专属推荐：固定期限029号（R4·固定期限），业绩比较基准7.8%，灵活存续，10000元起投，封闭运作。理财非存款，产品有风险，投资须谨慎。
C006213,1,P002,app_push,工作日09:00-12:00,专属推荐：固定期限002号（R5·固定期限），业绩比较基准11.3%，366天，1000元起投，T+0 随时赎回。理财非存款，产品有风险，投资须谨慎。
C006213,2,P023,app_push,工作日12:00-14:00,专属推荐：固定期限023号（R5·固定期限），业绩比较基准9.8%，灵活存续，1000元起投，T+1 次日赎回。理财非存款，产品有风险，投资须谨慎。
C006213,3,P004,app_push,工作日18:00-21:00,专属推荐：现金管理004号（R5·现金管理），业绩比较基准8.6%，灵活存续，1000元起投，封闭运作。理财非存款，产品有风险，投资须谨慎。
C006221,1,P002,app_push,工作日09:00-12:00,专属推荐：固定期限002号（R5·固定期限），业绩比较基准11.3%，366天，1000元起投，T+0 随时赎回。理财非存款，产品有风险，投资须谨慎。
C006221,2,P023,app_push,工作日12:00-14:00,专属推荐：固定期限023号（R5·固定期限），业绩比较基准9.8%，灵活存续，1000元起投，T+1 次日赎回。理财非存款，产品有风险，投资须谨慎。
C006221,3,P029,app_push,工作日18:00-21:00,专属推荐：固定期限029号（R4·固定期限），业绩比较基准7.8%，灵活存续，10000元起投，封闭运作。理财非存款，产品有风险，投资须谨慎。
C006224,1,P013,app_push,工作日18:00-21:00,专属推荐：定开013号（R2·定开），业绩比较基准3.5%，灵活存续，10000元起投，T+0 随时赎回。理财非存款，产品有风险，投资须谨慎。
C006224,2,P009,app_push,周末09:00-12:00,专属推荐：现金管理009号（R2·现金管理），业绩比较基准4.0%，730天，50000元起投，T+0 随时赎回。理财非存款，产品有风险，投资须谨慎。
C006224,3,P016,app_push,周末14:00-18:00,专属推荐：现金管理016号（R2·现金管理），业绩比较基准3.1%，180天，100000元起投，T+0 随时赎回。理财非存款，产品有风险，投资须谨慎。
C006229,1,P021,app_push,工作日12:00-14:00,专属推荐：混合021号（R3·混合），业绩比较基准5.4%，730天，100000元起投，封闭运作。理财非存款，产品有风险，投资须谨慎。
C006229,2,P029,app_push,周末14:00-18:00,专属推荐：固定期限029号（R4·固定期限），业绩比较基准7.8%，灵活存续，10000元起投，封闭运作。理财非存款，产品有风险，投资须谨慎。
C006229,3,P001,app_push,工作日18:00-21:00,专属推荐：混合001号（R3·混合），业绩比较基准5.5%，730天，50000元起投，封闭运作。理财非存款，产品有风险，投资须谨慎。
C006232,1,P025,app_push,工作日09:00-12:00,专属推荐：定开025号（R3·定开），业绩比较基准5.2%，366天，1000元起投，T+0 随时赎回。理财非存款，产品有风险，投资须谨慎。
C006232,2,P024,app_push,工作日12:00-14:00,专属推荐：定开024号（R3·定开），业绩比较基准4.7%，90天，1000元起投，T+1 次日赎回。理财非存款，产品有风险，投资须谨慎。
C006232,3,P017,app_push,工作日18:00-21:00,专属推荐：现金管理017号（R3·现金管理），业绩比较基准4.3%，180天，1000元起投，T+1 次日赎回。理财非存款，产品有风险，投资须谨慎。
C006234,1,P014,app_push,工作日18:00-21:00,专属推荐：混合014号（R1·混合），业绩比较基准2.3%，90天，10000元起投，T+1 次日赎回。理财非存款，产品有风险，投资须谨慎。
C006234,2,P026,app_push,周末14:00-18:00,专属推荐：混合026号（R2·混合），业绩比较基准3.1%，180天，1000元起投，T+1 次日赎回。该产品风险等级高于您的风险偏好，请谨慎选择。理财非存款，产品有风险，投资须谨慎。
C006234,3,P019,app_push,周末09:00-12:00,专属推荐：定开019号（R2·定开），业绩比较基准3.3%，灵活存续，1000元起投，T+0 随时赎回。该产品风险等级高于您的风险偏好，请谨慎选择。理财非存款，产品有风险，投资须谨慎。
C006235,1,P002,app_push,工作日09:00-12:00,专属推荐：固定期限002号（R5·固定期限），业绩比较基准11.3%，366天，1000元起投，T+0 随时赎回。该产品风险等级高于您的风险偏好，请谨慎选择。理财非存款，产品有风险，投资须谨慎。
C006235,2,P023,app_push,工作日12:00-14:00,专属推荐：固定期限023号（R5·固定期限），业绩比较基准9.8%，灵活存续，1000元起投，T+1 次日赎回。该产品风险等级高于您的风险偏好，请谨慎选择。理财非存款，产品有风险，投资须谨慎。
C006235,3,P004,app_push,周末09:00-12:00,专属推荐：现金管理004号（R5·现金管理），业绩比较基准8.6%，灵活存续，1000元起投，封闭运作。该产品风险等级高于您的风险偏好，请谨慎选择。理财非存款，产品有风险，投资须谨慎。
C006238,1,P025,app_push,工作日12:00-14:00,专属推荐：定开025号（R3·定开），业绩比较基准5.2%，366天，1000元起投，T+0 随时赎回。理财非存款，产品有风险，投资须谨慎。
C006238,2,P024,app_push,周末14:00-18:00,专属推荐：定开024号（R3·定开），业绩比较基准4.7%，90天，1000元起投，T+1 次日赎回。理财非存款，产品有风险，投资须谨慎。
C006238,3,P008,app_push,工作日18:00-21:00,专属推荐：定开008号（R3·定开），业绩比较基准5.1%，366天，10000元起投，封闭运作。理财非存款，产品有风险，投资须谨慎。
C006242,1,P025,app_push,工作日12:00-14:00,专属推荐：定开025号（R3·定开），业绩比较基准5.2%，366天，1000元起投，T+0 随时赎回。理财非存款，产品有风险，投资须谨慎。
C006242,2,P024,app_push,周末14:00-18:00,专属推荐：定开024号（R3·定开），业绩比较基准4.7%，90天，1000元起投，T+1 次日赎回。理财非存款，产品有风险，投资须谨慎。
C006242,3,P017,app_push,工作日18:00-21:00,专属推荐：现金管理017号（R3·现金管理），业绩比较基准4.3%，180天，1000元起投，T+1 次日赎回。理财非存款，产品有风险，投资须谨慎。
C006243,1,P012,app_push,工作日09:00-12:00,专属推荐：混合012号（R2·混合），业绩比较基准3.7%，90天，10000元起投，T+1 次日赎回。理财非存款，产品有风险，投资须谨慎。
C006243,2,P013,app_push,工作日12:00-14:00,专属推荐：定开013号（R2·定开），业绩比较基准3.5%，灵活存续，10000元起投，T+0 随时赎回。理财非存款，产品有风险，投资须谨慎。
C006243,3,P026,app_push,工作日18:00-21:00,专属推荐：混合026号（R2·混合），业绩比较基准3.1%，180天，1000元起投，T+1 次日赎回。理财非存款，产品有风险，投资须谨慎。
C006247,1,P013,app_push,工作日09:00-12:00,专属推荐：定开013号（R2·定开），业绩比较基准3.5%，灵活存续，10000元起投，T+0 随时赎回。理财非存款，产品有风险，投资须谨慎。
C006247,2,P022,app_push,工作日18:00-21:00,专属推荐：定开022号（R2·定开），业绩比较基准3.0%，730天，10000元起投，T+1 次日赎回。理财非存款，产品有风险，投资须谨慎。
C006247,3,P019,app_push,周末09:00-12:00,专属推荐：定开019号（R2·定开），业绩比较基准3.3%，灵活存续，1000元起投，T+0 随时赎回。理财非存款，产品有风险，投资须谨慎。
C006248,1,P011,app_push,工作日09:00-12:00,专属推荐：固定期限011号（R2·固定期限），业绩比较基准3.3%，90天，10000元起投，T+0 随时赎回。理财非存款，产品有风险，投资须谨慎。
C006248,2,P012,app_push,工作日12:00-14:00,专属推荐：混合012号（R2·混合），业绩比较基准3.7%，90天，10000元起投，T+1 次日赎回。理财非存款，产品有风险，投资须谨慎。
C006248,3,P013,app_push,周末09:00-12:00,专属推荐：定开013号（R2·定开），业绩比较基准3.5%，灵活存续，10000元起投，T+0 随时赎回。理财非存款，产品有风险，投资须谨慎。
C006249,1,P025,app_push,工作日18:00-21:00,专属推荐：定开025号（R3·定开），业绩比较基准5.2%，366天，1000元起投，T+0 随时赎回。理财非存款，产品有风险，投资须谨慎。
C006249,2,P024,app_push,周末09:00-12:00,专属推荐：定开024号（R3·定开），业绩比较基准4.7%，90天，1000元起投，T+1 次日赎回。理财非存款，产品有风险，投资须谨慎。
C006249,3,P002,app_push,周末14:00-18:00,专属推荐：固定期限002号（R5·固定期限），业绩比较基准11.3%，366天，1000元起投，T+0 随时赎回。该产品风险等级高于您的风险偏好，请谨慎选择。理财非存款，产品有风险，投资须谨慎。
C006250,1,P006,call,工作日18:00-21:00,您好，我是您的专属理财顾问，为您介绍：混合006号（R3·混合），业绩比较基准5.1%，灵活存续，50000元起投，T+1 次日赎回。理财非存款，产品有风险，投资须谨慎。
C006250,2,P001,call,周末09:00-12:00,您好，我是您的专属理财顾问，为您介绍：混合001号（R3·混合），业绩比较基准5.5%，730天，50000元起投，封闭运作。理财非存款，产品有风险，投资须谨慎。
C006250,3,P017,call,周末14:00-18:00,您好，我是您的专属理财顾问，为您介绍：现金管理017号（R3·现金管理），业绩比较基准4.3%，180天，1000元起投，T+1 次日赎回。理财非存款，产品有风险，投资须谨慎。
C006252,1,P018,manager,工作日09:00-12:00,钻石贵宾专享：现金管理018号（R2·现金管理），业绩比较基准3.6%，730天，10000元起投，T+0 随时赎回，可为您预约专属认购。该产品风险等级高于您的风险偏好，请谨慎选择。理财非存款，产品有风险，投资须谨慎。
C006252,2,P020,manager,工作日12:00-14:00,钻石贵宾专享：现金管理020号（R2·现金管理），业绩比较基准3.6%，366天，10000元起投，T+1 次日赎回，可为您预约专属认购。该产品风险等级高于您的风险偏好，请谨慎选择。理财非存款，产品有风险，投资须谨慎。
C006252,3,P014,manager,工作日18:00-21:00,钻石贵宾专享：混合014号（R1·混合），业绩比较基准2.3%，90天，10000元起投，T+1 次日赎回，可为您预约专属认购。理财非存款，产品有风险，投资须谨慎。
C006253,1,P013,app_push,工作日12:00-14:00,专属推荐：定开013号（R2·定开），业绩比较基准3.5%，灵活存续，10000元起投，T+0 随时赎回。理财非存款，产品有风险，投资须谨慎。
C006253,2,P022,app_push,工作日18:00-21:00,专属推荐：定开022号（R2·定开），业绩比较基准3.0%，730天，10000元起投，T+1 次日赎回。理财非存款，产品有风险，投资须谨慎。
C006253,3,P011,app_push,周末14:00-18:00,专属推荐：固定期限011号（R2·固定期限），业绩比较基准3.3%，90天，10000元起投，T+0 随时赎回。理财非存款，产品有风险，投资须谨慎。
C006254,1,P002,call,工作日12:00-14:00,您好，我是您的专属理财顾问，为您介绍：固定期限002号（R5·固定期限），业绩比较基准11.3%，366天，1000元起投，T+0 随时赎回。该产品风险等级高于您的风险偏好，请谨慎选择。理财非存款，产品有风险，投资须谨慎。
C006254,2,P029,call,工作日18:00-21:00,您好，我是您的专属理财顾问，为您介绍：固定期限029号（R4·固定期限），业绩比较基准7.8%，灵活存续，10000元起投，封闭运作。理财非存款，产品有风险，投资须谨慎。
C006254,3,P023,call,周末14:00-18:00,您好，我是您的专属理财顾问，为您介绍：固定期限023号（R5·固定期限），业绩比较基准9.8%，灵活存续，1000元起投，T+1 次日赎回。该产品风险等级高于您的风险偏好，请谨慎选择。理财非存款，产品有风险，投资须谨慎。
C006258,1,P025,call,工作日09:00-12:00,您好，我是您的专属理财顾问，为您介绍：定开025号（R3·定开），业绩比较基准5.2%，366天，1000元起投，T+0 随时赎回。理财非存款，产品有风险，投资须谨慎。
C006258,2,P024,call,工作日12:00-14:00,您好，我是您的专属理财顾问，为您介绍：定开024号（R3·定开），业绩比较基准4.7%，90天，1000元起投，T+1 次日赎回。理财非存款，产品有风险，投资须谨慎。
C006258,3,P017,call,周末09:00-12:00,您好，我是您的专属理财顾问，为您介绍：现金管理017号（R3·现金管理），业绩比较基准4.3%，180天，1000元起投，T+1 次日赎回。理财非存款，产品有风险，投资须谨慎。
C006260,1,P003,app_push,工作日18:00-21:00,专属推荐：固定期限003号（R3·固定期限），业绩比较基准4.5%，730天，50000元起投，封闭运作。理财非存款，产品有风险，投资须谨慎。
C006260,2,P029,app_push,周末09:00-12:00,专属推荐：固定期限029号（R4·固定期限），业绩比较基准7.8%，灵活存续，10000元起投，封闭运作。该产品风险等级高于您的风险偏好，请谨慎选择。理财非存款，产品有风险，投资须谨慎。
C006260,3,P015,app_push,周末14:00-18:00,专属推荐：固定期限015号（R4·固定期限），业绩比较基准6.7%，366天，50000元起投，封闭运作。该产品风险等级高于您的风险偏好，请谨慎选择。理财非存款，产品有风险，投资须谨慎。
C006268,1,P024,app_push,工作日09:00-12:00,专属推荐：定开024号（R3·定开），业绩比较基准4.7%，90天，1000元起投，T+1 次日赎回。理财非存款，产品有风险，投资须谨慎。
C006268,2,P025,app_push,工作日18:00-21:00,专属推荐：定开025号（R3·定开），业绩比较基准5.2%，366天，1000元起投，T+0 随时赎回。理财非存款，产品有风险，投资须谨慎。
C006268,3,P017,app_push,周末09:00-12:00,专属推荐：现金管理017号（R3·现金管理），业绩比较基准4.3%，180天，1000元起投，T+1 次日赎回。理财非存款，产品有风险，投资须谨慎。
C006280,1,P017,app_push,工作日12:00-14:00,专属推荐：现金管理017号（R3·现金管理），业绩比较基准4.3%，180天，1000元起投，T+1 次日赎回。理财非存款，产品有风险，投资须谨慎。
C006280,2,P025,app_push,工作日18:00-21:00,专属推荐：定开025号（R3·定开），业绩比较基准5.2%，366天，1000元起投，T+0 随时赎回。理财非存款，产品有风险，投资须谨慎。
C006280,3,P020,app_push,周末14:00-18:00,专属推荐：现金管理020号（R2·现金管理），业绩比较基准3.6%，366天，10000元起投，T+1 次日赎回。理财非存款，产品有风险，投资须谨慎。
C006287,1,P013,call,工作日12:00-14:00,您好，我是您的专属理财顾问，为您介绍：定开013号（R2·定开），业绩比较基准3.5%，灵活存续，10000元起投，T+0 随时赎回。理财非存款，产品有风险，投资须谨慎。
C006287,2,P011,call,周末14:00-18:00,您好，我是您的专属理财顾问，为您介绍：固定期限011号（R2·固定期限），业绩比较基准3.3%，90天，10000元起投，T+0 随时赎回。理财非存款，产品有风险，投资须谨慎。
C006287,3,P022,call,工作日18:00-21:00,您好，我是您的专属理财顾问，为您介绍：定开022号（R2·定开），业绩比较基准3.0%，730天，10000元起投，T+1 次日赎回。理财非存款，产品有风险，投资须谨慎。
C006291,1,P013,app_push,工作日12:00-14:00,专属推荐：定开013号（R2·定开），业绩比较基准3.5%，灵活存续，10000元起投，T+0 随时赎回。理财非存款，产品有风险，投资须谨慎。
C006291,2,P007,app_push,工作日18:00-21:00,专属推荐：定开007号（R3·定开），业绩比较基准4.6%，730天，50000元起投，封闭运作。该产品风险等级高于您的风险偏好，请谨慎选择。理财非存款，产品有风险，投资须谨慎。
C006291,3,P022,app_push,周末14:00-18:00,专属推荐：定开022号（R2·定开），业绩比较基准3.0%，730天，10000元起投，T+1 次日赎回。理财非存款，产品有风险，投资须谨慎。
C006293,1,P025,app_push,工作日09:00-12:00,专属推荐：定开025号（R3·定开），业绩比较基准5.2%，366天，1000元起投，T+0 随时赎回。理财非存款，产品有风险，投资须谨慎。
C006293,2,P024,app_push,工作日12:00-14:00,专属推荐：定开024号（R3·定开），业绩比较基准4.7%，90天，1000元起投，T+1 次日赎回。理财非存款，产品有风险，投资须谨慎。
C006293,3,P013,app_push,周末09:00-12:00,专属推荐：定开013号（R2·定开），业绩比较基准3.5%，灵活存续，10000元起投，T+0 随时赎回。理财非存款，产品有风险，投资须谨慎。
C006295,1,P029,app_push,工作日12:00-14:00,专属推荐：固定期限029号（R4·固定期限），业绩比较基准7.8%，灵活存续，10000元起投，封闭运作。理财非存款，产品有风险，投资须谨慎。
C006295,2,P002,app_push,周末14:00-18:00,专属推荐：固定期限002号（R5·固定期限），业绩比较基准11.3%，366天，1000元起投，T+0 随时赎回。该产品风险等级高于您的风险偏好，请谨慎选择。理财非存款，产品有风险，投资须谨慎。
C006295,3,P023,app_push,工作日18:00-21:00,专属推荐：固定期限023号（R5·固定期限），业绩比较基准9.8%，灵活存续，1000元起投，T+1 次日赎回。该产品风险等级高于您的风险偏好，请谨慎选择。理财非存款，产品有风险，投资须谨慎。
C006301,1,P030,app_push,工作日09:00-12:00,专属推荐：固定期限030号（R2·固定期限），业绩比较基准3.1%，730天，1000元起投，T+0 随时赎回。理财非存款，产品有风险，投资须谨慎。
C006301,2,P011,app_push,工作日12:00-14:00,专属推荐：固定期限011号（R2·固定期限），业绩比较基准3.3%，90天，10000元起投，T+0 随时赎回。理财非存款，产品有风险，投资须谨慎。
C006301,3,P009,app_push,工作日18:00-21:00,专属推荐：现金管理009号（R2·现金管理），业绩比较基准4.0%，730天，50000元起投，T+0 随时赎回。理财非存款，产品有风险，投资须谨慎。
C006308,1,P012,app_push,工作日09:00-12:00,专属推荐：混合012号（R2·混合），业绩比较基准3.7%，90天，10000元起投，T+1 次日赎回。理财非存款，产品有风险，投资须谨慎。
C006308,2,P011,app_push,工作日12:00-14:00,专属推荐：固定期限011号（R2·固定期限），业绩比较基准3.3%，90天，10000元起投，T+0 随时赎回。理财非存款，产品有风险，投资须谨慎。
C006308,3,P026,app_push,周末14:00-18:00,专属推荐：混合026号（R2·混合），业绩比较基准3.1%，180天，1000元起投，T+1 次日赎回。理财非存款，产品有风险，投资须谨慎。
C006310,1,P019,call,工作日12:00-14:00,您好，我是您的专属理财顾问，为您介绍：定开019号（R2·定开），业绩比较基准3.3%，灵活存续，1000元起投，T+0 随时赎回。理财非存款，产品有风险，投资须谨慎。
C006310,2,P013,call,周末14:00-18:00,您好，我是您的专属理财顾问，为您介绍：定开013号（R2·定开），业绩比较基准3.5%，灵活存续，10000元起投，T+0 随时赎回。理财非存款，产品有风险，投资须谨慎。
C006310,3,P022,call,工作日18:00-21:00,您好，我是您的专属理财顾问，为您介绍：定开022号（R2·定开），业绩比较基准3.0%，730天，10000元起投，T+1 次日赎回。理财非存款，产品有风险，投资须谨慎。
C006323,1,P012,app_push,工作日09:00-12:00,专属推荐：混合012号（R2·混合），业绩比较基准3.7%，90天，10000元起投，T+1 次日赎回。理财非存款，产品有风险，投资须谨慎。
C006323,2,P013,app_push,工作日12:00-14:00,专属推荐：定开013号（R2·定开），业绩比较基准3.5%，灵活存续，10000元起投，T+0 随时赎回。理财非存款，产品有风险，投资须谨慎。
C006323,3,P011,app_push,工作日18:00-21:00,专属推荐：固定期限011号（R2·固定期限），业绩比较基准3.3%，90天，10000元起投，T+0 随时赎回。理财非存款，产品有风险，投资须谨慎。
C006325,1,P012,app_push,工作日18:00-21:00,专属推荐：混合012号（R2·混合），业绩比较基准3.7%，90天，10000元起投，T+1 次日赎回。理财非存款，产品有风险，投资须谨慎。
C006325,2,P030,app_push,周末14:00-18:00,专属推荐：固定期限030号（R2·固定期限），业绩比较基准3.1%，730天，1000元起投，T+0 随时赎回。理财非存款，产品有风险，投资须谨慎。
C006325,3,P029,app_push,周末09:00-12:00,专属推荐：固定期限029号（R4·固定期限），业绩比较基准7.8%，灵活存续，10000元起投，封闭运作。该产品风险等级高于您的风险偏好，请谨慎选择。理财非存款，产品有风险，投资须谨慎。
C006330,1,P025,manager,工作日18:00-21:00,钻石贵宾专享：定开025号（R3·定开），业绩比较基准5.2%，366天，1000元起投，T+0 随时赎回，可为您预约专属认购。理财非存款，产品有风险，投资须谨慎。
C006330,2,P024,manager,周末09:00-12:00,钻石贵宾专享：定开024号（R3·定开），业绩比较基准4.7%，90天，1000元起投，T+1 次日赎回，可为您预约专属认购。理财非存款，产品有风险，投资须谨慎。
C006330,3,P017,manager,周末14:00-18:00,钻石贵宾专享：现金管理017号（R3·现金管理），业绩比较基准4.3%，180天，1000元起投，T+1 次日赎回，可为您预约专属认购。理财非存款，产品有风险，投资须谨慎。
C006333,1,P030,manager,工作日18:00-21:00,钻石贵宾专享：固定期限030号（R2·固定期限），业绩比较基准3.1%，730天，1000元起投，T+0 随时赎回，可为您预约专属认购。该产品风险等级高于您的风险偏好，请谨慎选择。理财非存款，产品有风险，投资须谨慎。
C006333,2,P019,manager,周末14:00-18:00,钻石贵宾专享：定开019号（R2·定开），业绩比较基准3.3%，灵活存续，1000元起投，T+0 随时赎回，可为您预约专属认购。该产品风险等级高于您的风险偏好，请谨慎选择。理财非存款，产品有风险，投资须谨慎。
C006333,3,P026,manager,周末09:00-12:00,钻石贵宾专享：混合026号（R2·混合），业绩比较基准3.1%，180天，1000元起投，T+1 次日赎回，可为您预约专属认购。该产品风险等级高于您的风险偏好，请谨慎选择。理财非存款，产品有风险，投资须谨慎。
C006338,1,P006,manager,工作日09:00-12:00,金卡贵宾专享：混合006号（R3·混合），业绩比较基准5.1%，灵活存续，50000元起投，T+1 次日赎回，可为您预约专属认购。理财非存款，产品有风险，投资须谨慎。
C006338,2,P025,manager,工作日12:00-14:00,金卡贵宾专享：定开025号（R3·定开），业绩比较基准5.2%，366天，1000元起投，T+0 随时赎回，可为您预约专属认购。理财非存款，产品有风险，投资须谨慎。
C006338,3,P001,manager,周末09:00-12:00,金卡贵宾专享：混合001号（R3·混合），业绩比较基准5.5%，730天，50000元起投，封闭运作，可为您预约专属认购。理财非存款，产品有风险，投资须谨慎。
C006340,1,P029,app_push,工作日09:00-12:00,专属推荐：固定期限029号（R4·固定期限），业绩比较基准7.8%，灵活存续，10000元起投，封闭运作。理财非存款，产品有风险，投资须谨慎。
C006340,2,P002,app_push,工作日12:00-14:00,专属推荐：固定期限002号（R5·固定期限），业绩比较基准11.3%，366天，1000元起投，T+0 随时赎回。该产品风险等级高于您的风险偏好，请谨慎选择。理财非存款，产品有风险，投资须谨慎。
C006340,3,P023,app_push,周末09:00-12:00,专属推荐：固定期限023号（R5·固定期限），业绩比较基准9.8%，灵活存续，1000元起投，T+1 次日赎回。该产品风险等级高于您的风险偏好，请谨慎选择。理财非存款，产品有风险，投资须谨慎。
C006344,1,P006,app_push,工作日09:00-12:00,专属推荐：混合006号（R3·混合），业绩比较基准5.1%，灵活存续，50000元起投，T+1 次日赎回。理财非存款，产品有风险，投资须谨慎。
C006344,2,P029,app_push,工作日12:00-14:00,专属推荐：固定期限029号（R4·固定期限），业绩比较基准7.8%，灵活存续，10000元起投，封闭运作。理财非存款，产品有风险，投资须谨慎。
C006344,3,P001,app_push,周末09:00-12:00,专属推荐：混合001号（R3·混合），业绩比较基准5.5%，730天，50000元起投，封闭运作。理财非存款，产品有风险，投资须谨慎。
C006346,1,P012,call,工作日12:00-14:00,您好，我是您的专属理财顾问，为您介绍：混合012号（R2·混合），业绩比较基准3.7%，90天，10000元起投，T+1 次日赎回。理财非存款，产品有风险，投资须谨慎。
C006346,2,P013,call,工作日18:00-21:00,您好，我是您的专属理财顾问，为您介绍：定开013号（R2·定开），业绩比较基准3.5%，灵活存续，10000元起投，T+0 随时赎回。理财非存款，产品有风险，投资须谨慎。
C006346,3,P011,call,周末14:00-18:00,您好，我是您的专属理财顾问，为您介绍：固定期限011号（R2·固定期限），业绩比较基准3.3%，90天，10000元起投，T+0 随时赎回。理财非存款，产品有风险，投资须谨慎。
C006353,1,P025,app_push,工作日12:00-14:00,专属推荐：定开025号（R3·定开），业绩比较基准5.2%，366天，1000元起投，T+0 随时赎回。理财非存款，产品有风险，投资须谨慎。
C006353,2,P024,app_push,工作日18:00-21:00,专属推荐：定开024号（R3·定开），业绩比较基准4.7%，90天，1000元起投，T+1 次日赎回。理财非存款，产品有风险，投资须谨慎。
C006353,3,P008,app_push,周末14:00-18:00,专属推荐：定开008号（R3·定开），业绩比较基准5.1%，366天，10000元起投，封闭运作。理财非存款，产品有风险，投资须谨慎。
C006354,1,P025,app_push,工作日18:00-21:00,专属推荐：定开025号（R3·定开），业绩比较基准5.2%，366天，1000元起投，T+0 随时赎回。理财非存款，产品有风险，投资须谨慎。
C006354,2,P024,app_push,周末09:00-12:00,专属推荐：定开024号（R3·定开），业绩比较基准4.7%，90天，1000元起投，T+1 次日赎回。理财非存款，产品有风险，投资须谨慎。
C006354,3,P017,app_push,周末14:00-18:00,专属推荐：现金管理017号（R3·现金管理），业绩比较基准4.3%，180天，1000元起投，T+1 次日赎回。理财非存款，产品有风险，投资须谨慎。
C006355,1,P021,manager,工作日18:00-21:00,普通贵宾专享：混合021号（R3·混合），业绩比较基准5.4%，730天，100000元起投，封闭运作，可为您预约专属认购。理财非存款，产品有风险，投资须谨慎。
C006355,2,P006,manager,周末09:00-12:00,普通贵宾专享：混合006号（R3·混合），业绩比较基准5.1%，灵活存续，50000元起投，T+1 次日赎回，可为您预约专属认购。理财非存款，产品有风险，投资须谨慎。
C006355,3,P001,manager,周末14:00-18:00,普通贵宾专享：混合001号（R3·混合），业绩比较基准5.5%，730天，50000元起投，封闭运作，可为您预约专属认购。理财非存款，产品有风险，投资须谨慎。
C006361,1,P025,app_push,工作日12:00-14:00,专属推荐：定开025号（R3·定开），业绩比较基准5.2%，366天，1000元起投，T+0 随时赎回。理财非存款，产品有风险，投资须谨慎。
C006361,2,P024,app_push,工作日18:00-21:00,专属推荐：定开024号（R3·定开），业绩比较基准4.7%，90天，1000元起投，T+1 次日赎回。理财非存款，产品有风险，投资须谨慎。
C006361,3,P017,app_push,周末14:00-18:00,专属推荐：现金管理017号（R3·现金管理），业绩比较基准4.3%，180天，1000元起投，T+1 次日赎回。理财非存款，产品有风险，投资须谨慎。
C006367,1,P002,app_push,工作日12:00-14:00,专属推荐：固定期限002号（R5·固定期限），业绩比较基准11.3%，366天，1000元起投，T+0 随时赎回。理财非存款，产品有风险，投资须谨慎。
C006367,2,P023,app_push,周末14:00-18:00,专属推荐：固定期限023号（R5·固定期限），业绩比较基准9.8%，灵活存续，1000元起投，T+1 次日赎回。理财非存款，产品有风险，投资须谨慎。
C006367,3,P004,app_push,工作日18:00-21:00,专属推荐：现金管理004号（R5·现金管理），业绩比较基准8.6%，灵活存续，1000元起投，封闭运作。理财非存款，产品有风险，投资须谨慎。
C006369,1,P026,manager,工作日12:00-14:00,普通贵宾专享：混合026号（R2·混合），业绩比较基准3.1%，180天，1000元起投，T+1 次日赎回，可为您预约专属认购。理财非存款，产品有风险，投资须谨慎。
C006369,2,P006,manager,工作日18:00-21:00,普通贵宾专享：混合006号（R3·混合），业绩比较基准5.1%，灵活存续，50000元起投，T+1 次日赎回，可为您预约专属认购。该产品风险等级高于您的风险偏好，请谨慎选择。理财非存款，产品有风险，投资须谨慎。
C006369,3,P019,manager,周末14:00-18:00,普通贵宾专享：定开019号（R2·定开），业绩比较基准3.3%，灵活存续，1000元起投，T+0 随时赎回，可为您预约专属认购。理财非存款，产品有风险，投资须谨慎。
C006370,1,P029,manager,工作日12:00-14:00,金卡贵宾专享：固定期限029号（R4·固定期限），业绩比较基准7.8%，灵活存续，10000元起投，封闭运作，可为您预约专属认购。理财非存款，产品有风险，投资须谨慎。
C006370,2,P027,manager,工作日18:00-21:00,金卡贵宾专享：现金管理027号（R4·现金管理），业绩比较基准7.7%，366天，100000元起投，T+1 次日赎回，可为您预约专属认购。理财非存款，产品有风险，投资须谨慎。
C006370,3,P015,manager,周末14:00-18:00,金卡贵宾专享：固定期限015号（R4·固定期限），业绩比较基准6.7%，366天，50000元起投，封闭运作，可为您预约专属认购。理财非存款，产品有风险，投资须谨慎。
C006372,1,P012,app_push,工作日18:00-21:00,专属推荐：混合012号（R2·混合），业绩比较基准3.7%，90天，10000元起投，T+1 次日赎回。理财非存款，产品有风险，投资须谨慎。
C006372,2,P013,app_push,周末09:00-12:00,专属推荐：定开013号（R2·定开），业绩比较基准3.5%，灵活存续，10000元起投，T+0 随时赎回。理财非存款，产品有风险，投资须谨慎。
C006372,3,P011,app_push,周末14:00-18:00,专属推荐：固定期限011号（R2·固定期限），业绩比较基准3.3%，90天，10000元起投，T+0 随时赎回。理财非存款，产品有风险，投资须谨慎。
C006387,1,P030,app_push,工作日18:00-21:00,专属推荐：固定期限030号（R2·固定期限），业绩比较基准3.1%，730天，1000元起投，T+0 随时赎回。该产品风险等级高于您的风险偏好，请谨慎选择。理财非存款，产品有风险，投资须谨慎。
C006387,2,P014,app_push,周末09:00-12:00,专属推荐：混合014号（R1·混合），业绩比较基准2.3%，90天，10000元起投，T+1 次日赎回。理财非存款，产品有风险，投资须谨慎。
C006387,3,P011,app_push,周末14:00-18:00,专属推荐：固定期限011号（R2·固定期限），业绩比较基准3.3%，90天，10000元起投，T+0 随时赎回。该产品风险等级高于您的风险偏好，请谨慎选择。理财非存款，产品有风险，投资须谨慎。
C006388,1,P012,call,工作日18:00-21:00,您好，我是您的专属理财顾问，为您介绍：混合012号（R2·混合），业绩比较基准3.7%，90天，10000元起投，T+1 次日赎回。理财非存款，产品有风险，投资须谨慎。
C006388,2,P011,call,周末14:00-18:00,您好，我是您的专属理财顾问，为您介绍：固定期限011号（R2·固定期限），业绩比较基准3.3%，90天，10000元起投，T+0 随时赎回。理财非存款，产品有风险，投资须谨慎。
C006388,3,P013,call,周末09:00-12:00,您好，我是您的专属理财顾问，为您介绍：定开013号（R2·定开），业绩比较基准3.5%，灵活存续，10000元起投，T+0 随时赎回。理财非存款，产品有风险，投资须谨慎。
C006389,1,P025,app_push,工作日09:00-12:00,专属推荐：定开025号（R3·定开），业绩比较基准5.2%，366天，1000元起投，T+0 随时赎回。理财非存款，产品有风险，投资须谨慎。
C006389,2,P024,app_push,工作日12:00-14:00,专属推荐：定开024号（R3·定开），业绩比较基准4.7%，90天，1000元起投，T+1 次日赎回。理财非存款，产品有风险，投资须谨慎。
C006389,3,P008,app_push,工作日18:00-21:00,专属推荐：定开008号（R3·定开），业绩比较基准5.1%，366天，10000元起投，封闭运作。理财非存款，产品有风险，投资须谨慎。
C006391,1,P025,call,工作日12:00-14:00,您好，我是您的专属理财顾问，为您介绍：定开025号（R3·定开），业绩比较基准5.2%，366天，1000元起投，T+0 随时赎回。理财非存款，产品有风险，投资须谨慎。
C006391,2,P024,call,工作日18:00-21:00,您好，我是您的专属理财顾问，为您介绍：定开024号（R3·定开），业绩比较基准4.7%，90天，1000元起投，T+1 次日赎回。理财非存款，产品有风险，投资须谨慎。
C006391,3,P008,call,周末14:00-18:00,您好，我是您的专属理财顾问，为您介绍：定开008号（R3·定开），业绩比较基准5.1%，366天，10000元起投，封闭运作。理财非存款，产品有风险，投资须谨慎。
C006394,1,P004,app_push,工作日09:00-12:00,专属推荐：现金管理004号（R5·现金管理），业绩比较基准8.6%，灵活存续，1000元起投，封闭运作。该产品风险等级高于您的风险偏好，请谨慎选择。理财非存款，产品有风险，投资须谨慎。
C006394,2,P029,app_push,工作日12:00-14:00,专属推荐：固定期限029号（R4·固定期限），业绩比较基准7.8%，灵活存续，10000元起投，封闭运作。理财非存款，产品有风险，投资须谨慎。
C006394,3,P027,app_push,周末09:00-12:00,专属推荐：现金管理027号（R4·现金管理），业绩比较基准7.7%，366天，100000元起投，T+1 次日赎回。理财非存款，产品有风险，投资须谨慎。
C006398,1,P002,call,工作日09:00-12:00,您好，我是您的专属理财顾问，为您介绍：固定期限002号（R5·固定期限），业绩比较基准11.3%，366天，1000元起投，T+0 随时赎回。该产品风险等级高于您的风险偏好，请谨慎选择。理财非存款，产品有风险，投资须谨慎。
C006398,2,P023,call,工作日12:00-14:00,您好，我是您的专属理财顾问，为您介绍：固定期限023号（R5·固定期限），业绩比较基准9.8%，灵活存续，1000元起投，T+1 次日赎回。该产品风险等级高于您的风险偏好，请谨慎选择。理财非存款，产品有风险，投资须谨慎。
C006398,3,P004,call,周末09:00-12:00,您好，我是您的专属理财顾问，为您介绍：现金管理004号（R5·现金管理），业绩比较基准8.6%，灵活存续，1000元起投，封闭运作。该产品风险等级高于您的风险偏好，请谨慎选择。理财非存款，产品有风险，投资须谨慎。
C006404,1,P008,app_push,工作日18:00-21:00,专属推荐：定开008号（R3·定开），业绩比较基准5.1%，366天，10000元起投，封闭运作。理财非存款，产品有风险，投资须谨慎。
C006404,2,P025,app_push,周末14:00-18:00,专属推荐：定开025号（R3·定开），业绩比较基准5.2%，366天，1000元起投，T+0 随时赎回。理财非存款，产品有风险，投资须谨慎。
C006404,3,P024,app_push,周末09:00-12:00,专属推荐：定开024号（R3·定开），业绩比较基准4.7%，90天，1000元起投，T+1 次日赎回。理财非存款，产品有风险，投资须谨慎。
C006410,1,P012,app_push,工作日12:00-14:00,专属推荐：混合012号（R2·混合），业绩比较基准3.7%，90天，10000元起投，T+1 次日赎回。理财非存款，产品有风险，投资须谨慎。
C006410,2,P026,app_push,工作日18:00-21:00,专属推荐：混合026号（R2·混合），业绩比较基准3.1%，180天，1000元起投，T+1 次日赎回。理财非存款，产品有风险，投资须谨慎。
C006410,3,P011,app_push,周末14:00-18:00,专属推荐：固定期限011号（R2·固定期限），业绩比较基准3.3%，90天，10000元起投，T+0 随时赎回。理财非存款，产品有风险，投资须谨慎。
C006412,1,P002,app_push,工作日12:00-14:00,专属推荐：固定期限002号（R5·固定期限），业绩比较基准11.3%，366天，1000元起投，T+0 随时赎回。理财非存款，产品有风险，投资须谨慎。
C006412,2,P023,app_push,周末14:00-18:00,专属推荐：固定期限023号（R5·固定期限），业绩比较基准9.8%，灵活存续，1000元起投，T+1 次日赎回。理财非存款，产品有风险，投资须谨慎。
C006412,3,P004,app_push,工作日18:00-21:00,专属推荐：现金管理004号（R5·现金管理），业绩比较基准8.6%，灵活存续，1000元起投，封闭运作。理财非存款，产品有风险，投资须谨慎。
C006415,1,P030,app_push,工作日12:00-14:00,专属推荐：固定期限030号（R2·固定期限），业绩比较基准3.1%，730天，1000元起投，T+0 随时赎回。理财非存款，产品有风险，投资须谨慎。
C006415,2,P019,app_push,周末14:00-18:00,专属推荐：定开019号（R2·定开），业绩比较基准3.3%，灵活存续，1000元起投，T+0 随时赎回。理财非存款，产品有风险，投资须谨慎。
C006415,3,P026,app_push,工作日18:00-21:00,专属推荐：混合026号（R2·混合），业绩比较基准3.1%，180天，1000元起投，T+1 次日赎回。理财非存款，产品有风险，投资须谨慎。
C006416,1,P013,call,工作日18:00-21:00,您好，我是您的专属理财顾问，为您介绍：定开013号（R2·定开），业绩比较基准3.5%，灵活存续，10000元起投，T+0 随时赎回。理财非存款，产品有风险，投资须谨慎。
C006416,2,P011,call,周末09:00-12:00,您好，我是您的专属理财顾问，为您介绍：固定期限011号（R2·固定期限），业绩比较基准3.3%，90天，10000元起投，T+0 随时赎回。理财非存款，产品有风险，投资须谨慎。
C006416,3,P022,call,周末14:00-18:00,您好，我是您的专属理财顾问，为您介绍：定开022号（R2·定开），业绩比较基准3.0%，730天，10000元起投，T+1 次日赎回。理财非存款，产品有风险，投资须谨慎。
C006419,1,P030,app_push,工作日09:00-12:00,专属推荐：固定期限030号（R2·固定期限），业绩比较基准3.1%，730天，1000元起投，T+0 随时赎回。理财非存款，产品有风险，投资须谨慎。
C006419,2,P012,app_push,工作日18:00-21:00,专属推荐：混合012号（R2·混合），业绩比较基准3.7%，90天，10000元起投，T+1 次日赎回。理财非存款，产品有风险，投资须谨慎。
C006419,3,P011,app_push,周末14:00-18:00,专属推荐：固定期限011号（R2·固定期限），业绩比较基准3.3%，90天，10000元起投，T+0 随时赎回。理财非存款，产品有风险，投资须谨慎。
C006423,1,P013,app_push,工作日12:00-14:00,专属推荐：定开013号（R2·定开），业绩比较基准3.5%，灵活存续，10000元起投，T+0 随时赎回。该产品风险等级高于您的风险偏好，请谨慎选择。理财非存款，产品有风险，投资须谨慎。
C006423,2,P022,app_push,工作日18:00-21:00,专属推荐：定开022号（R2·定开），业绩比较基准3.0%，730天，10000元起投，T+1 次日赎回。该产品风险等级高于您的风险偏好，请谨慎选择。理财非存款，产品有风险，投资须谨慎。
C006423,3,P019,app_push,周末14:00-18:00,专属推荐：定开019号（R2·定开），业绩比较基准3.3%，灵活存续，1000元起投，T+0 随时赎回。该产品风险等级高于您的风险偏好，请谨慎选择。理财非存款，产品有风险，投资须谨慎。
C006427,1,P024,manager,工作日12:00-14:00,钻石贵宾专享：定开024号（R3·定开），业绩比较基准4.7%，90天，1000元起投，T+1 次日赎回，可为您预约专属认购。理财非存款，产品有风险，投资须谨慎。
C006427,2,P025,manager,周末14:00-18:00,钻石贵宾专享：定开025号（R3·定开），业绩比较基准5.2%，366天，1000元起投，T+0 随时赎回，可为您预约专属认购。理财非存款，产品有风险，投资须谨慎。
C006427,3,P002,manager,工作日18:00-21:00,钻石贵宾专享：固定期限002号（R5·固定期限），业绩比较基准11.3%，366天，1000元起投，T+0 随时赎回，可为您预约专属认购。该产品风险等级高于您的风险偏好，请谨慎选择。理财非存款，产品有风险，投资须谨慎。
C006445,1,P011,call,工作日12:00-14:00,您好，我是您的专属理财顾问，为您介绍：固定期限011号（R2·固定期限），业绩比较基准3.3%，90天，10000元起投，T+0 随时赎回。理财非存款，产品有风险，投资须谨慎。
C006445,2,P018,call,周末14:00-18:00,您好，我是您的专属理财顾问，为您介绍：现金管理018号（R2·现金管理），业绩比较基准3.6%，730天，10000元起投，T+0 随时赎回。理财非存款，产品有风险，投资须谨慎。
C006445,3,P020,call,工作日18:00-21:00,您好，我是您的专属理财顾问，为您介绍：现金管理020号（R2·现金管理），业绩比较基准3.6%，366天，10000元起投，T+1 次日赎回。理财非存款，产品有风险，投资须谨慎。
C006446,1,P002,call,工作日09:00-12:00,您好，我是您的专属理财顾问，为您介绍：固定期限002号（R5·固定期限），业绩比较基准11.3%，366天，1000元起投，T+0 随时赎回。该产品风险等级高于您的风险偏好，请谨慎选择。理财非存款，产品有风险，投资须谨慎。
C006446,2,P029,call,工作日12:00-14:00,您好，我是您的专属理财顾问，为您介绍：固定期限029号（R4·固定期限），业绩比较基准7.8%，灵活存续，10000元起投，封闭运作。理财非存款，产品有风险，投资须谨慎。
C006446,3,P023,call,工作日18:00-21:00,您好，我是您的专属理财顾问，为您介绍：固定期限023号（R5·固定期限），业绩比较基准9.8%，灵活存续，1000元起投，T+1 次日赎回。该产品风险等级高于您的风险偏好，请谨慎选择。理财非存款，产品有风险，投资须谨慎。
C006448,1,P011,app_push,工作日09:00-12:00,专属推荐：固定期限011号（R2·固定期限），业绩比较基准3.3%，90天，10000元起投，T+0 随时赎回。该产品风险等级高于您的风险偏好，请谨慎选择。理财非存款，产品有风险，投资须谨慎。
C006448,2,P030,app_push,工作日12:00-14:00,专属推荐：固定期限030号（R2·固定期限），业绩比较基准3.1%，730天，1000元起投，T+0 随时赎回。该产品风险等级高于您的风险偏好，请谨慎选择。理财非存款，产品有风险，投资须谨慎。
C006448,3,P014,app_push,工作日18:00-21:00,专属推荐：混合014号（R1·混合），业绩比较基准2.3%，90天，10000元起投，T+1 次日赎回。理财非存款，产品有风险，投资须谨慎。
C006453,1,P025,call,工作日12:00-14:00,您好，我是您的专属理财顾问，为您介绍：定开025号（R3·定开），业绩比较基准5.2%，366天，1000元起投，T+0 随时赎回。理财非存款，产品有风险，投资须谨慎。
C006453,2,P024,call,工作日18:00-21:00,您好，我是您的专属理财顾问，为您介绍：定开024号（R3·定开），业绩比较基准4.7%，90天，1000元起投，T+1 次日赎回。理财非存款，产品有风险，投资须谨慎。
C006453,3,P008,call,周末14:00-18:00,您好，我是您的专属理财顾问，为您介绍：定开008号（R3·定开），业绩比较基准5.1%，366天，10000元起投，封闭运作。理财非存款，产品有风险，投资须谨慎。
C006459,1,P002,app_push,工作日09:00-12:00,专属推荐：固定期限002号（R5·固定期限），业绩比较基准11.3%，366天，1000元起投，T+0 随时赎回。理财非存款，产品有风险，投资须谨慎。
C006459,2,P023,app_push,工作日12:00-14:00,专属推荐：固定期限023号（R5·固定期限），业绩比较基准9.8%，灵活存续，1000元起投，T+1 次日赎回。理财非存款，产品有风险，投资须谨慎。
C006459,3,P004,app_push,周末09:00-12:00,专属推荐：现金管理004号（R5·现金管理），业绩比较基准8.6%，灵活存续，1000元起投，封闭运作。理财非存款，产品有风险，投资须谨慎。
C006460,1,P029,app_push,工作日12:00-14:00,专属推荐：固定期限029号（R4·固定期限），业绩比较基准7.8%，灵活存续，10000元起投，封闭运作。该产品风险等级高于您的风险偏好，请谨慎选择。理财非存款，产品有风险，投资须谨慎。
C006460,2,P025,app_push,工作日18:00-21:00,专属推荐：定开025号（R3·定开），业绩比较基准5.2%，366天，1000元起投，T+0 随时赎回。理财非存款，产品有风险，投资须谨慎。
C006460,3,P024,app_push,周末14:00-18:00,专属推荐：定开024号（R3·定开），业绩比较基准4.7%，90天，1000元起投，T+1 次日赎回。理财非存款，产品有风险，投资须谨慎。
C006468,1,P002,app_push,工作日18:00-21:00,专属推荐：固定期限002号（R5·固定期限），业绩比较基准11.3%，366天，1000元起投，T+0 随时赎回。该产品风险等级高于您的风险偏好，请谨慎选择。理财非存款，产品有风险，投资须谨慎。
C006468,2,P023,app_push,周末09:00-12:00,专属推荐：固定期限023号（R5·固定期限），业绩比较基准9.8%，灵活存续，1000元起投，T+1 次日赎回。该产品风险等级高于您的风险偏好，请谨慎选择。理财非存款，产品有风险，投资须谨慎。
C006468,3,P004,app_push,周末14:00-18:00,专属推荐：现金管理004号（R5·现金管理），业绩比较基准8.6%，灵活存续，1000元起投，封闭运作。该产品风险等级高于您的风险偏好，请谨慎选择。理财非存款，产品有风险，投资须谨慎。
C006476,1,P029,app_push,工作日18:00-21:00,专属推荐：固定期限029号（R4·固定期限），业绩比较基准7.8%，灵活存续，10000元起投，封闭运作。理财非存款，产品有风险，投资须谨慎。
C006476,2,P015,app_push,周末14:00-18:00,专属推荐：固定期限015号（R4·固定期限），业绩比较基准6.7%，366天，50000元起投，封闭运作。理财非存款，产品有风险，投资须谨慎。
C006476,3,P002,app_push,周末09:00-12:00,专属推荐：固定期限002号（R5·固定期限），业绩比较基准11.3%，366天，1000元起投，T+0 随时赎回。该产品风险等级高于您的风险偏好，请谨慎选择。理财非存款，产品有风险，投资须谨慎。
C006477,1,P018,app_push,工作日09:00-12:00,专属推荐：现金管理018号（R2·现金管理），业绩比较基准3.6%，730天，10000元起投，T+0 随时赎回。理财非存款，产品有风险，投资须谨慎。
C006477,2,P020,app_push,工作日12:00-14:00,专属推荐：现金管理020号（R2·现金管理），业绩比较基准3.6%，366天，10000元起投，T+1 次日赎回。理财非存款，产品有风险，投资须谨慎。
C006477,3,P017,app_push,周末14:00-18:00,专属推荐：现金管理017号（R3·现金管理），业绩比较基准4.3%，180天，1000元起投，T+1 次日赎回。该产品风险等级高于您的风险偏好，请谨慎选择。理财非存款，产品有风险，投资须谨慎。
C006478,1,P006,app_push,工作日09:00-12:00,专属推荐：混合006号（R3·混合），业绩比较基准5.1%，灵活存续，50000元起投，T+1 次日赎回。理财非存款，产品有风险，投资须谨慎。
C006478,2,P001,app_push,工作日12:00-14:00,专属推荐：混合001号（R3·混合），业绩比较基准5.5%，730天，50000元起投，封闭运作。理财非存款，产品有风险，投资须谨慎。
C006478,3,P025,app_push,周末09:00-12:00,专属推荐：定开025号（R3·定开），业绩比较基准5.2%，366天，1000元起投，T+0 随时赎回。理财非存款，产品有风险，投资须谨慎。
C006481,1,P001,call,工作日18:00-21:00,您好，我是您的专属理财顾问，为您介绍：混合001号（R3·混合），业绩比较基准5.5%，730天，50000元起投，封闭运作。该产品风险等级高于您的风险偏好，请谨慎选择。理财非存款，产品有风险，投资须谨慎。
C006481,2,P012,call,周末14:00-18:00,您好，我是您的专属理财顾问，为您介绍：混合012号（R2·混合），业绩比较基准3.7%，90天，10000元起投，T+1 次日赎回。理财非存款，产品有风险，投资须谨慎。
C006481,3,P013,call,周末09:00-12:00,您好，我是您的专属理财顾问，为您介绍：定开013号（R2·定开），业绩比较基准3.5%，灵活存续，10000元起投，T+0 随时赎回。理财非存款，产品有风险，投资须谨慎。
C006483,1,P024,manager,工作日09:00-12:00,金卡贵宾专享：定开024号（R3·定开），业绩比较基准4.7%，90天，1000元起投，T+1 次日赎回，可为您预约专属认购。理财非存款，产品有风险，投资须谨慎。
C006483,2,P006,manager,工作日12:00-14:00,金卡贵宾专享：混合006号（R3·混合），业绩比较基准5.1%，灵活存续，50000元起投，T+1 次日赎回，可为您预约专属认购。理财非存款，产品有风险，投资须谨慎。
C006483,3,P017,manager,工作日18:00-21:00,金卡贵宾专享：现金管理017号（R3·现金管理），业绩比较基准4.3%，180天，1000元起投，T+1 次日赎回，可为您预约专属认购。理财非存款，产品有风险，投资须谨慎。
C006489,1,P012,app_push,工作日09:00-12:00,专属推荐：混合012号（R2·混合），业绩比较基准3.7%，90天，10000元起投，T+1 次日赎回。理财非存款，产品有风险，投资须谨慎。
C006489,2,P013,app_push,工作日12:00-14:00,专属推荐：定开013号（R2·定开），业绩比较基准3.5%，灵活存续，10000元起投，T+0 随时赎回。理财非存款，产品有风险，投资须谨慎。
C006489,3,P026,app_push,工作日18:00-21:00,专属推荐：混合026号（R2·混合），业绩比较基准3.1%，180天，1000元起投，T+1 次日赎回。理财非存款，产品有风险，投资须谨慎。
C006490,1,P002,app_push,工作日09:00-12:00,专属推荐：固定期限002号（R5·固定期限），业绩比较基准11.3%，366天，1000元起投，T+0 随时赎回。理财非存款，产品有风险，投资须谨慎。
C006490,2,P023,app_push,工作日12:00-14:00,专属推荐：固定期限023号（R5·固定期限），业绩比较基准9.8%，灵活存续，1000元起投，T+1 次日赎回。理财非存款，产品有风险，投资须谨慎。
C006490,3,P004,app_push,周末09:00-12:00,专属推荐：现金管理004号（R5·现金管理），业绩比较基准8.6%，灵活存续，1000元起投，封闭运作。理财非存款，产品有风险，投资须谨慎。
C006492,1,P011,app_push,工作日18:00-21:00,专属推荐：固定期限011号（R2·固定期限），业绩比较基准3.3%，90天，10000元起投，T+0 随时赎回。理财非存款，产品有风险，投资须谨慎。
C006492,2,P012,app_push,周末09:00-12:00,专属推荐：混合012号（R2·混合），业绩比较基准3.7%，90天，10000元起投，T+1 次日赎回。理财非存款，产品有风险，投资须谨慎。
C006492,3,P013,app_push,周末14:00-18:00,专属推荐：定开013号（R2·定开），业绩比较基准3.5%，灵活存续，10000元起投，T+0 随时赎回。理财非存款，产品有风险，投资须谨慎。
C006494,1,P012,call,工作日12:00-14:00,您好，我是您的专属理财顾问，为您介绍：混合012号（R2·混合），业绩比较基准3.7%，90天，10000元起投，T+1 次日赎回。理财非存款，产品有风险，投资须谨慎。
C006494,2,P013,call,周末14:00-18:00,您好，我是您的专属理财顾问，为您介绍：定开013号（R2·定开），业绩比较基准3.5%，灵活存续，10000元起投，T+0 随时赎回。理财非存款，产品有风险，投资须谨慎。
C006494,3,P011,call,工作日18:00-21:00,您好，我是您的专属理财顾问，为您介绍：固定期限011号（R2·固定期限），业绩比较基准3.3%，90天，10000元起投，T+0 随时赎回。理财非存款，产品有风险，投资须谨慎。
C006498,1,P025,app_push,工作日12:00-14:00,专属推荐：定开025号（R3·定开），业绩比较基准5.2%，366天，1000元起投，T+0 随时赎回。理财非存款，产品有风险，投资须谨慎。
C006498,2,P024,app_push,周末14:00-18:00,专属推荐：定开024号（R3·定开），业绩比较基准4.7%，90天，1000元起投，T+1 次日赎回。理财非存款，产品有风险，投资须谨慎。
C006498,3,P002,app_push,工作日18:00-21:00,专属推荐：固定期限002号（R5·固定期限），业绩比较基准11.3%，366天，1000元起投，T+0 随时赎回。该产品风险等级高于您的风险偏好，请谨慎选择。理财非存款，产品有风险，投资须谨慎。
C006507,1,P012,manager,工作日09:00-12:00,钻石贵宾专享：混合012号（R2·混合），业绩比较基准3.7%，90天，10000元起投，T+1 次日赎回，可为您预约专属认购。理财非存款，产品有风险，投资须谨慎。
C006507,2,P013,manager,工作日12:00-14:00,钻石贵宾专享：定开013号（R2·定开），业绩比较基准3.5%，灵活存续，10000元起投，T+0 随时赎回，可为您预约专属认购。理财非存款，产品有风险，投资须谨慎。
C006507,3,P009,manager,工作日18:00-21:00,钻石贵宾专享：现金管理009号（R2·现金管理），业绩比较基准4.0%，730天，50000元起投，T+0 随时赎回，可为您预约专属认购。理财非存款，产品有风险，投资须谨慎。
C006510,1,P025,app_push,工作日18:00-21:00,专属推荐：定开025号（R3·定开），业绩比较基准5.2%，366天，1000元起投，T+0 随时赎回。理财非存款，产品有风险，投资须谨慎。
C006510,2,P029,app_push,周末14:00-18:00,专属推荐：固定期限029号（R4·固定期限），业绩比较基准7.8%，灵活存续，10000元起投，封闭运作。理财非存款，产品有风险，投资须谨慎。
C006510,3,P015,app_push,周末09:00-12:00,专属推荐：固定期限015号（R4·固定期限），业绩比较基准6.7%，366天，50000元起投，封闭运作。理财非存款，产品有风险，投资须谨慎。
C006516,1,P011,call,工作日09:00-12:00,您好，我是您的专属理财顾问，为您介绍：固定期限011号（R2·固定期限），业绩比较基准3.3%，90天，10000元起投，T+0 随时赎回。理财非存款，产品有风险，投资须谨慎。
C006516,2,P022,call,工作日12:00-14:00,您好，我是您的专属理财顾问，为您介绍：定开022号（R2·定开），业绩比较基准3.0%，730天，10000元起投，T+1 次日赎回。理财非存款，产品有风险，投资须谨慎。
C006516,3,P013,call,周末09:00-12:00,您好，我是您的专属理财顾问，为您介绍：定开013号（R2·定开），业绩比较基准3.5%，灵活存续，10000元起投，T+0 随时赎回。理财非存款，产品有风险，投资须谨慎。
C006517,1,P002,app_push,工作日09:00-12:00,专属推荐：固定期限002号（R5·固定期限），业绩比较基准11.3%，366天，1000元起投，T+0 随时赎回。理财非存款，产品有风险，投资须谨慎。
C006517,2,P023,app_push,工作日12:00-14:00,专属推荐：固定期限023号（R5·固定期限），业绩比较基准9.8%，灵活存续，1000元起投，T+1 次日赎回。理财非存款，产品有风险，投资须谨慎。
C006517,3,P004,app_push,工作日18:00-21:00,专属推荐：现金管理004号（R5·现金管理），业绩比较基准8.6%，灵活存续，1000元起投，封闭运作。理财非存款，产品有风险，投资须谨慎。
C006518,1,P019,app_push,工作日18:00-21:00,专属推荐：定开019号（R2·定开），业绩比较基准3.3%，灵活存续，1000元起投，T+0 随时赎回。理财非存款，产品有风险，投资须谨慎。
C006518,2,P026,app_push,周末14:00-18:00,专属推荐：混合026号（R2·混合），业绩比较基准3.1%，180天，1000元起投，T+1 次日赎回。理财非存款，产品有风险，投资须谨慎。
C006518,3,P030,app_push,周末09:00-12:00,专属推荐：固定期限030号（R2·固定期限），业绩比较基准3.1%，730天，1000元起投，T+0 随时赎回。理财非存款，产品有风险，投资须谨慎。
C006524,1,P002,manager,工作日12:00-14:00,金卡贵宾专享：固定期限002号（R5·固定期限），业绩比较基准11.3%，366天，1000元起投，T+0 随时赎回，可为您预约专属认购。理财非存款，产品有风险，投资须谨慎。
C006524,2,P023,manager,工作日18:00-21:00,金卡贵宾专享：固定期限023号（R5·固定期限），业绩比较基准9.8%，灵活存续，1000元起投，T+1 次日赎回，可为您预约专属认购。理财非存款，产品有风险，投资须谨慎。
C006524,3,P015,manager,周末14:00-18:00,金卡贵宾专享：固定期限015号（R4·固定期限），业绩比较基准6.7%，366天，50000元起投，封闭运作，可为您预约专属认购。理财非存款，产品有风险，投资须谨慎。
C006528,1,P017,app_push,工作日12:00-14:00,专属推荐：现金管理017号（R3·现金管理），业绩比较基准4.3%，180天，1000元起投，T+1 次日赎回。理财非存款，产品有风险，投资须谨慎。
C006528,2,P020,app_push,工作日18:00-21:00,专属推荐：现金管理020号（R2·现金管理），业绩比较基准3.6%，366天，10000元起投，T+1 次日赎回。理财非存款，产品有风险，投资须谨慎。
C006528,3,P009,app_push,周末14:00-18:00,专属推荐：现金管理009号（R2·现金管理），业绩比较基准4.0%，730天，50000元起投，T+0 随时赎回。理财非存款，产品有风险，投资须谨慎。
C006537,1,P018,call,工作日18:00-21:00,您好，我是您的专属理财顾问，为您介绍：现金管理018号（R2·现金管理），业绩比较基准3.6%，730天，10000元起投，T+0 随时赎回。理财非存款，产品有风险，投资须谨慎。
C006537,2,P020,call,周末09:00-12:00,您好，我是您的专属理财顾问，为您介绍：现金管理020号（R2·现金管理），业绩比较基准3.6%，366天，10000元起投，T+1 次日赎回。理财非存款，产品有风险，投资须谨慎。
C006537,3,P009,call,周末14:00-18:00,您好，我是您的专属理财顾问，为您介绍：现金管理009号（R2·现金管理），业绩比较基准4.0%，730天，50000元起投，T+0 随时赎回。理财非存款，产品有风险，投资须谨慎。
C006541,1,P024,manager,工作日09:00-12:00,金卡贵宾专享：定开024号（R3·定开），业绩比较基准4.7%，90天，1000元起投，T+1 次日赎回，可为您预约专属认购。理财非存款，产品有风险，投资须谨慎。
C006541,2,P022,manager,工作日18:00-21:00,金卡贵宾专享：定开022号（R2·定开），业绩比较基准3.0%，730天，10000元起投，T+1 次日赎回，可为您预约专属认购。理财非存款，产品有风险，投资须谨慎。
C006541,3,P025,manager,周末14:00-18:00,金卡贵宾专享：定开025号（R3·定开），业绩比较基准5.2%，366天，1000元起投，T+0 随时赎回，可为您预约专属认购。理财非存款，产品有风险，投资须谨慎。
C006542,1,P014,manager,工作日12:00-14:00,金卡贵宾专享：混合014号（R1·混合），业绩比较基准2.3%，90天，10000元起投，T+1 次日赎回，可为您预约专属认购。理财非存款，产品有风险，投资须谨慎。
C006542,2,P010,manager,工作日18:00-21:00,金卡贵宾专享：现金管理010号（R1·现金管理），业绩比较基准2.8%，366天，50000元起投，T+0 随时赎回，可为您预约专属认购。理财非存款，产品有风险，投资须谨慎。
C006542,3,P026,manager,周末14:00-18:00,金卡贵宾专享：混合026号（R2·混合），业绩比较基准3.1%，180天，1000元起投，T+1 次日赎回，可为您预约专属认购。该产品风险等级高于您的风险偏好，请谨慎选择。理财非存款，产品有风险，投资须谨慎。
C006545,1,P025,app_push,工作日18:00-21:00,专属推荐：定开025号（R3·定开），业绩比较基准5.2%，366天，1000元起投，T+0 随时赎回。理财非存款，产品有风险，投资须谨慎。
C006545,2,P024,app_push,周末14:00-18:00,专属推荐：定开024号（R3·定开），业绩比较基准4.7%，90天，1000元起投，T+1 次日赎回。理财非存款，产品有风险，投资须谨慎。
C006545,3,P017,app_push,周末09:00-12:00,专属推荐：现金管理017号（R3·现金管理），业绩比较基准4.3%，180天，1000元起投，T+1 次日赎回。理财非存款，产品有风险，投资须谨慎。
C006550,1,P026,app_push,工作日09:00-12:00,专属推荐：混合026号（R2·混合），业绩比较基准3.1%，180天，1000元起投，T+1 次日赎回。理财非存款，产品有风险，投资须谨慎。
C006550,2,P019,app_push,工作日12:00-14:00,专属推荐：定开019号（R2·定开），业绩比较基准3.3%，灵活存续，1000元起投，T+0 随时赎回。理财非存款，产品有风险，投资须谨慎。
C006550,3,P030,app_push,周末09:00-12:00,专属推荐：固定期限030号（R2·固定期限），业绩比较基准3.1%，730天，1000元起投，T+0 随时赎回。理财非存款，产品有风险，投资须谨慎。
C006553,1,P017,manager,工作日09:00-12:00,钻石贵宾专享：现金管理017号（R3·现金管理），业绩比较基准4.3%，180天，1000元起投，T+1 次日赎回，可为您预约专属认购。理财非存款，产品有风险，投资须谨慎。
C006553,2,P011,manager,工作日12:00-14:00,钻石贵宾专享：固定期限011号（R2·固定期限），业绩比较基准3.3%，90天，10000元起投，T+0 随时赎回，可为您预约专属认购。理财非存款，产品有风险，投资须谨慎。
C006553,3,P024,manager,工作日18:00-21:00,钻石贵宾专享：定开024号（R3·定开），业绩比较基准4.7%，90天，1000元起投，T+1 次日赎回，可为您预约专属认购。理财非存款，产品有风险，投资须谨慎。
C006562,1,P022,app_push,工作日12:00-14:00,专属推荐：定开022号（R2·定开），业绩比较基准3.0%，730天，10000元起投，T+1 次日赎回。该产品风险等级高于您的风险偏好，请谨慎选择。理财非存款，产品有风险，投资须谨慎。
C006562,2,P028,app_push,周末14:00-18:00,专属推荐：定开028号（R2·定开），业绩比较基准3.6%，366天，100000元起投，T+1 次日赎回。该产品风险等级高于您的风险偏好，请谨慎选择。理财非存款，产品有风险，投资须谨慎。
C006562,3,P014,app_push,工作日18:00-21:00,专属推荐：混合014号（R1·混合），业绩比较基准2.3%，90天，10000元起投，T+1 次日赎回。理财非存款，产品有风险，投资须谨慎。
C006569,1,P014,call,工作日09:00-12:00,您好，我是您的专属理财顾问，为您介绍：混合014号（R1·混合），业绩比较基准2.3%，90天，10000元起投，T+1 次日赎回。理财非存款，产品有风险，投资须谨慎。
C006569,2,P030,call,工作日12:00-14:00,您好，我是您的专属理财顾问，为您介绍：固定期限030号（R2·固定期限），业绩比较基准3.1%，730天，1000元起投，T+0 随时赎回。该产品风险等级高于您的风险偏好，请谨慎选择。理财非存款，产品有风险，投资须谨慎。
C006569,3,P026,call,周末09:00-12:00,您好，我是您的专属理财顾问，为您介绍：混合026号（R2·混合），业绩比较基准3.1%，180天，1000元起投，T+1 次日赎回。该产品风险等级高于您的风险偏好，请谨慎选择。理财非存款，产品有风险，投资须谨慎。
C006578,1,P019,app_push,工作日18:00-21:00,专属推荐：定开019号（R2·定开），业绩比较基准3.3%，灵活存续，1000元起投，T+0 随时赎回。理财非存款，产品有风险，投资须谨慎。
C006578,2,P025,app_push,周末14:00-18:00,专属推荐：定开025号（R3·定开），业绩比较基准5.2%，366天，1000元起投，T+0 随时赎回。该产品风险等级高于您的风险偏好，请谨慎选择。理财非存款，产品有风险，投资须谨慎。
C006578,3,P024,app_push,周末09:00-12:00,专属推荐：定开024号（R3·定开），业绩比较基准4.7%，90天，1000元起投，T+1 次日赎回。该产品风险等级高于您的风险偏好，请谨慎选择。理财非存款，产品有风险，投资须谨慎。
C006582,1,P014,app_push,工作日18:00-21:00,专属推荐：混合014号（R1·混合），业绩比较基准2.3%，90天，10000元起投，T+1 次日赎回。理财非存款，产品有风险，投资须谨慎。
C006582,2,P012,app_push,周末09:00-12:00,专属推荐：混合012号（R2·混合），业绩比较基准3.7%，90天，10000元起投，T+1 次日赎回。该产品风险等级高于您的风险偏好，请谨慎选择。理财非存款，产品有风险，投资须谨慎。
C006582,3,P011,app_push,周末14:00-18:00,专属推荐：固定期限011号（R2·固定期限），业绩比较基准3.3%，90天，10000元起投，T+0 随时赎回。该产品风险等级高于您的风险偏好，请谨慎选择。理财非存款，产品有风险，投资须谨慎。
C006583,1,P011,app_push,工作日18:00-21:00,专属推荐：固定期限011号（R2·固定期限），业绩比较基准3.3%，90天，10000元起投，T+0 随时赎回。该产品风险等级高于您的风险偏好，请谨慎选择。理财非存款，产品有风险，投资须谨慎。
C006583,2,P030,app_push,周末14:00-18:00,专属推荐：固定期限030号（R2·固定期限），业绩比较基准3.1%，730天，1000元起投，T+0 随时赎回。该产品风险等级高于您的风险偏好，请谨慎选择。理财非存款，产品有风险，投资须谨慎。
C006583,3,P014,app_push,周末09:00-12:00,专属推荐：混合014号（R1·混合），业绩比较基准2.3%，90天，10000元起投，T+1 次日赎回。理财非存款，产品有风险，投资须谨慎。
C006587,1,P023,app_push,工作日12:00-14:00,专属推荐：固定期限023号（R5·固定期限），业绩比较基准9.8%，灵活存续，1000元起投，T+1 次日赎回。该产品风险等级高于您的风险偏好，请谨慎选择。理财非存款，产品有风险，投资须谨慎。
C006587,2,P029,app_push,周末14:00-18:00,专属推荐：固定期限029号（R4·固定期限），业绩比较基准7.8%，灵活存续，10000元起投，封闭运作。理财非存款，产品有风险，投资须谨慎。
C006587,3,P015,app_push,工作日18:00-21:00,专属推荐：固定期限015号（R4·固定期限），业绩比较基准6.7%，366天，50000元起投，封闭运作。理财非存款，产品有风险，投资须谨慎。
C006600,1,P014,manager,工作日09:00-12:00,金卡贵宾专享：混合014号（R1·混合），业绩比较基准2.3%，90天，10000元起投，T+1 次日赎回，可为您预约专属认购。理财非存款，产品有风险，投资须谨慎。
C006600,2,P026,manager,工作日12:00-14:00,金卡贵宾专享：混合026号（R2·混合），业绩比较基准3.1%，180天，1000元起投，T+1 次日赎回，可为您预约专属认购。该产品风险等级高于您的风险偏好，请谨慎选择。理财非存款，产品有风险，投资须谨慎。
C006600,3,P011,manager,周末09:00-12:00,金卡贵宾专享：固定期限011号（R2·固定期限），业绩比较基准3.3%，90天，10000元起投，T+0 随时赎回，可为您预约专属认购。该产品风险等级高于您的风险偏好，请谨慎选择。理财非存款，产品有风险，投资须谨慎。
C006601,1,P025,call,工作日12:00-14:00,您好，我是您的专属理财顾问，为您介绍：定开025号（R3·定开），业绩比较基准5.2%，366天，1000元起投，T+0 随时赎回。理财非存款，产品有风险，投资须谨慎。
C006601,2,P024,call,周末14:00-18:00,您好，我是您的专属理财顾问，为您介绍：定开024号（R3·定开），业绩比较基准4.7%，90天，1000元起投，T+1 次日赎回。理财非存款，产品有风险，投资须谨慎。
C006601,3,P008,call,工作日18:00-21:00,您好，我是您的专属理财顾问，为您介绍：定开008号（R3·定开），业绩比较基准5.1%，366天，10000元起投，封闭运作。理财非存款，产品有风险，投资须谨慎。
C006602,1,P012,manager,工作日12:00-14:00,金卡贵宾专享：混合012号（R2·混合），业绩比较基准3.7%，90天，10000元起投，T+1 次日赎回，可为您预约专属认购。理财非存款，产品有风险，投资须谨慎。
C006602,2,P013,manager,周末14:00-18:00,金卡贵宾专享：定开013号（R2·定开），业绩比较基准3.5%，灵活存续，10000元起投，T+0 随时赎回，可为您预约专属认购。理财非存款，产品有风险，投资须谨慎。
C006602,3,P026,manager,工作日18:00-21:00,金卡贵宾专享：混合026号（R2·混合），业绩比较基准3.1%，180天，1000元起投，T+1 次日赎回，可为您预约专属认购。理财非存款，产品有风险，投资须谨慎。
C006603,1,P024,manager,工作日18:00-21:00,钻石贵宾专享：定开024号（R3·定开），业绩比较基准4.7%，90天，1000元起投，T+1 次日赎回，可为您预约专属认购。理财非存款，产品有风险，投资须谨慎。
C006603,2,P008,manager,周末14:00-18:00,钻石贵宾专享：定开008号（R3·定开），业绩比较基准5.1%，366天，10000元起投，封闭运作，可为您预约专属认购。理财非存款，产品有风险，投资须谨慎。
C006603,3,P025,manager,周末09:00-12:00,钻石贵宾专享：定开025号（R3·定开），业绩比较基准5.2%，366天，1000元起投，T+0 随时赎回，可为您预约专属认购。理财非存款，产品有风险，投资须谨慎。
C006606,1,P020,call,工作日09:00-12:00,您好，我是您的专属理财顾问，为您介绍：现金管理020号（R2·现金管理），业绩比较基准3.6%，366天，10000元起投，T+1 次日赎回。理财非存款，产品有风险，投资须谨慎。
C006606,2,P017,call,工作日12:00-14:00,您好，我是您的专属理财顾问，为您介绍：现金管理017号（R3·现金管理），业绩比较基准4.3%，180天，1000元起投，T+1 次日赎回。理财非存款，产品有风险，投资须谨慎。
C006606,3,P018,call,周末09:00-12:00,您好，我是您的专属理财顾问，为您介绍：现金管理018号（R2·现金管理），业绩比较基准3.6%，730天，10000元起投，T+0 随时赎回。理财非存款，产品有风险，投资须谨慎。
C006608,1,P012,manager,工作日12:00-14:00,钻石贵宾专享：混合012号（R2·混合），业绩比较基准3.7%，90天，10000元起投，T+1 次日赎回，可为您预约专属认购。理财非存款，产品有风险，投资须谨慎。
C006608,2,P013,manager,工作日18:00-21:00,钻石贵宾专享：定开013号（R2·定开），业绩比较基准3.5%，灵活存续，10000元起投，T+0 随时赎回，可为您预约专属认购。理财非存款，产品有风险，投资须谨慎。
C006608,3,P020,manager,周末14:00-18:00,钻石贵宾专享：现金管理020号（R2·现金管理），业绩比较基准3.6%，366天，10000元起投，T+1 次日赎回，可为您预约专属认购。理财非存款，产品有风险，投资须谨慎。
C006611,1,P002,call,工作日12:00-14:00,您好，我是您的专属理财顾问，为您介绍：固定期限002号（R5·固定期限），业绩比较基准11.3%，366天，1000元起投，T+0 随时赎回。该产品风险等级高于您的风险偏好，请谨慎选择。理财非存款，产品有风险，投资须谨慎。
C006611,2,P029,call,周末14:00-18:00,您好，我是您的专属理财顾问，为您介绍：固定期限029号（R4·固定期限），业绩比较基准7.8%，灵活存续，10000元起投，封闭运作。理财非存款，产品有风险，投资须谨慎。
C006611,3,P023,call,工作日18:00-21:00,您好，我是您的专属理财顾问，为您介绍：固定期限023号（R5·固定期限），业绩比较基准9.8%，灵活存续，1000元起投，T+1 次日赎回。该产品风险等级高于您的风险偏好，请谨慎选择。理财非存款，产品有风险，投资须谨慎。
C006616,1,P002,app_push,工作日09:00-12:00,专属推荐：固定期限002号（R5·固定期限），业绩比较基准11.3%，366天，1000元起投，T+0 随时赎回。该产品风险等级高于您的风险偏好，请谨慎选择。理财非存款，产品有风险，投资须谨慎。
C006616,2,P023,app_push,工作日12:00-14:00,专属推荐：固定期限023号（R5·固定期限），业绩比较基准9.8%，灵活存续，1000元起投，T+1 次日赎回。该产品风险等级高于您的风险偏好，请谨慎选择。理财非存款，产品有风险，投资须谨慎。
C006616,3,P029,app_push,周末09:00-12:00,专属推荐：固定期限029号（R4·固定期限），业绩比较基准7.8%，灵活存续，10000元起投，封闭运作。理财非存款，产品有风险，投资须谨慎。
C006619,1,P018,app_push,工作日09:00-12:00,专属推荐：现金管理018号（R2·现金管理），业绩比较基准3.6%，730天，10000元起投，T+0 随时赎回。理财非存款，产品有风险，投资须谨慎。
C006619,2,P020,app_push,工作日12:00-14:00,专属推荐：现金管理020号（R2·现金管理），业绩比较基准3.6%，366天，10000元起投，T+1 次日赎回。理财非存款，产品有风险，投资须谨慎。
C006619,3,P012,app_push,周末09:00-12:00,专属推荐：混合012号（R2·混合），业绩比较基准3.7%，90天，10000元起投，T+1 次日赎回。理财非存款，产品有风险，投资须谨慎。
C006620,1,P025,app_push,工作日09:00-12:00,专属推荐：定开025号（R3·定开），业绩比较基准5.2%，366天，1000元起投，T+0 随时赎回。理财非存款，产品有风险，投资须谨慎。
C006620,2,P024,app_push,工作日12:00-14:00,专属推荐：定开024号（R3·定开），业绩比较基准4.7%，90天，1000元起投，T+1 次日赎回。理财非存款，产品有风险，投资须谨慎。
C006620,3,P017,app_push,工作日18:00-21:00,专属推荐：现金管理017号（R3·现金管理），业绩比较基准4.3%，180天，1000元起投，T+1 次日赎回。理财非存款，产品有风险，投资须谨慎。
C006622,1,P012,app_push,工作日18:00-21:00,专属推荐：混合012号（R2·混合），业绩比较基准3.7%，90天，10000元起投，T+1 次日赎回。理财非存款，产品有风险，投资须谨慎。
C006622,2,P013,app_push,周末14:00-18:00,专属推荐：定开013号（R2·定开），业绩比较基准3.5%，灵活存续，10000元起投，T+0 随时赎回。理财非存款，产品有风险，投资须谨慎。
C006622,3,P011,app_push,周末09:00-12:00,专属推荐：固定期限011号（R2·固定期限），业绩比较基准3.3%，90天，10000元起投，T+0 随时赎回。理财非存款，产品有风险，投资须谨慎。
C006624,1,P004,app_push,工作日09:00-12:00,专属推荐：现金管理004号（R5·现金管理），业绩比较基准8.6%，灵活存续，1000元起投，封闭运作。该产品风险等级高于您的风险偏好，请谨慎选择。理财非存款，产品有风险，投资须谨慎。
C006624,2,P001,app_push,工作日12:00-14:00,专属推荐：混合001号（R3·混合），业绩比较基准5.5%，730天，50000元起投，封闭运作。理财非存款，产品有风险，投资须谨慎。
C006624,3,P029,app_push,工作日18:00-21:00,专属推荐：固定期限029号（R4·固定期限），业绩比较基准7.8%，灵活存续，10000元起投，封闭运作。理财非存款，产品有风险，投资须谨慎。
C006627,1,P002,app_push,工作日09:00-12:00,专属推荐：固定期限002号（R5·固定期限），业绩比较基准11.3%，366天，1000元起投，T+0 随时赎回。该产品风险等级高于您的风险偏好，请谨慎选择。理财非存款，产品有风险，投资须谨慎。
C006627,2,P015,app_push,工作日12:00-14:00,专属推荐：固定期限015号（R4·固定期限），业绩比较基准6.7%，366天，50000元起投，封闭运作。理财非存款，产品有风险，投资须谨慎。
C006627,3,P029,app_push,周末09:00-12:00,专属推荐：固定期限029号（R4·固定期限），业绩比较基准7.8%，灵活存续，10000元起投，封闭运作。理财非存款，产品有风险，投资须谨慎。
C006635,1,P023,call,工作日09:00-12:00,您好，我是您的专属理财顾问，为您介绍：固定期限023号（R5·固定期限），业绩比较基准9.8%，灵活存续，1000元起投，T+1 次日赎回。该产品风险等级高于您的风险偏好，请谨慎选择。理财非存款，产品有风险，投资须谨慎。
C006635,2,P002,call,工作日18:00-21:00,您好，我是您的专属理财顾问，为您介绍：固定期限002号（R5·固定期限），业绩比较基准11.3%，366天，1000元起投，T+0 随时赎回。该产品风险等级高于您的风险偏好，请谨慎选择。理财非存款，产品有风险，投资须谨慎。
C006635,3,P030,call,周末14:00-18:00,您好，我是您的专属理财顾问，为您介绍：固定期限030号（R2·固定期限），业绩比较基准3.1%，730天，1000元起投，T+0 随时赎回。理财非存款，产品有风险，投资须谨慎。
C006639,1,P024,call,工作日09:00-12:00,您好，我是您的专属理财顾问，为您介绍：定开024号（R3·定开），业绩比较基准4.7%，90天，1000元起投，T+1 次日赎回。理财非存款，产品有风险，投资须谨慎。
C006639,2,P025,call,工作日18:00-21:00,您好，我是您的专属理财顾问，为您介绍：定开025号（R3·定开），业绩比较基准5.2%，366天，1000元起投，T+0 随时赎回。理财非存款，产品有风险，投资须谨慎。
C006639,3,P017,call,周末14:00-18:00,您好，我是您的专属理财顾问，为您介绍：现金管理017号（R3·现金管理），业绩比较基准4.3%，180天，1000元起投，T+1 次日赎回。理财非存款，产品有风险，投资须谨慎。
C006643,1,P004,manager,工作日12:00-14:00,金卡贵宾专享：现金管理004号（R5·现金管理），业绩比较基准8.6%，灵活存续，1000元起投，封闭运作，可为您预约专属认购。该产品风险等级高于您的风险偏好，请谨慎选择。理财非存款，产品有风险，投资须谨慎。
C006643,2,P029,manager,工作日18:00-21:00,金卡贵宾专享：固定期限029号（R4·固定期限），业绩比较基准7.8%，灵活存续，10000元起投，封闭运作，可为您预约专属认购。理财非存款，产品有风险，投资须谨慎。
C006643,3,P002,manager,周末14:00-18:00,金卡贵宾专享：固定期限002号（R5·固定期限），业绩比较基准11.3%，366天，1000元起投，T+0 随时赎回，可为您预约专属认购。该产品风险等级高于您的风险偏好，请谨慎选择。理财非存款，产品有风险，投资须谨慎。
C006647,1,P002,app_push,工作日09:00-12:00,专属推荐：固定期限002号（R5·固定期限），业绩比较基准11.3%，366天，1000元起投，T+0 随时赎回。该产品风险等级高于您的风险偏好，请谨慎选择。理财非存款，产品有风险，投资须谨慎。
C006647,2,P023,app_push,工作日12:00-14:00,专属推荐：固定期限023号（R5·固定期限），业绩比较基准9.8%，灵活存续，1000元起投，T+1 次日赎回。该产品风险等级高于您的风险偏好，请谨慎选择。理财非存款，产品有风险，投资须谨慎。
C006647,3,P029,app_push,周末09:00-12:00,专属推荐：固定期限029号（R4·固定期限），业绩比较基准7.8%，灵活存续，10000元起投，封闭运作。理财非存款，产品有风险，投资须谨慎。
C006650,1,P025,call,工作日09:00-12:00,您好，我是您的专属理财顾问，为您介绍：定开025号（R3·定开），业绩比较基准5.2%，366天，1000元起投，T+0 随时赎回。理财非存款，产品有风险，投资须谨慎。
C006650,2,P024,call,工作日12:00-14:00,您好，我是您的专属理财顾问，为您介绍：定开024号（R3·定开），业绩比较基准4.7%，90天，1000元起投，T+1 次日赎回。理财非存款，产品有风险，投资须谨慎。
C006650,3,P017,call,周末09:00-12:00,您好，我是您的专属理财顾问，为您介绍：现金管理017号（R3·现金管理），业绩比较基准4.3%，180天，1000元起投，T+1 次日赎回。理财非存款，产品有风险，投资须谨慎。
C006653,1,P025,app_push,工作日18:00-21:00,专属推荐：定开025号（R3·定开），业绩比较基准5.2%，366天，1000元起投，T+0 随时赎回。理财非存款，产品有风险，投资须谨慎。
C006653,2,P024,app_push,周末14:00-18:00,专属推荐：定开024号（R3·定开），业绩比较基准4.7%，90天，1000元起投，T+1 次日赎回。理财非存款，产品有风险，投资须谨慎。
C006653,3,P008,app_push,周末09:00-12:00,专属推荐：定开008号（R3·定开），业绩比较基准5.1%，366天，10000元起投，封闭运作。理财非存款，产品有风险，投资须谨慎。
C006661,1,P011,app_push,工作日18:00-21:00,专属推荐：固定期限011号（R2·固定期限），业绩比较基准3.3%，90天，10000元起投，T+0 随时赎回。理财非存款，产品有风险，投资须谨慎。
C006661,2,P029,app_push,周末14:00-18:00,专属推荐：固定期限029号（R4·固定期限），业绩比较基准7.8%，灵活存续，10000元起投，封闭运作。该产品风险等级高于您的风险偏好，请谨慎选择。理财非存款，产品有风险，投资须谨慎。
C006661,3,P026,app_push,周末09:00-12:00,专属推荐：混合026号（R2·混合），业绩比较基准3.1%，180天，1000元起投，T+1 次日赎回。理财非存款，产品有风险，投资须谨慎。
C006662,1,P025,app_push,工作日09:00-12:00,专属推荐：定开025号（R3·定开），业绩比较基准5.2%，366天，1000元起投，T+0 随时赎回。理财非存款，产品有风险，投资须谨慎。
C006662,2,P024,app_push,工作日12:00-14:00,专属推荐：定开024号（R3·定开），业绩比较基准4.7%，90天，1000元起投，T+1 次日赎回。理财非存款，产品有风险，投资须谨慎。
C006662,3,P008,app_push,周末14:00-18:00,专属推荐：定开008号（R3·定开），业绩比较基准5.1%，366天，10000元起投，封闭运作。理财非存款，产品有风险，投资须谨慎。
C006668,1,P024,app_push,工作日12:00-14:00,专属推荐：定开024号（R3·定开），业绩比较基准4.7%，90天，1000元起投，T+1 次日赎回。理财非存款，产品有风险，投资须谨慎。
C006668,2,P029,app_push,工作日18:00-21:00,专属推荐：固定期限029号（R4·固定期限），业绩比较基准7.8%，灵活存续，10000元起投，封闭运作。该产品风险等级高于您的风险偏好，请谨慎选择。理财非存款，产品有风险，投资须谨慎。
C006668,3,P025,app_push,周末14:00-18:00,专属推荐：定开025号（R3·定开），业绩比较基准5.2%，366天，1000元起投，T+0 随时赎回。理财非存款，产品有风险，投资须谨慎。
C006669,1,P014,app_push,工作日18:00-21:00,专属推荐：混合014号（R1·混合），业绩比较基准2.3%，90天，10000元起投，T+1 次日赎回。理财非存款，产品有风险，投资须谨慎。
C006669,2,P026,app_push,周末14:00-18:00,专属推荐：混合026号（R2·混合），业绩比较基准3.1%，180天，1000元起投，T+1 次日赎回。该产品风险等级高于您的风险偏好，请谨慎选择。理财非存款，产品有风险，投资须谨慎。
C006669,3,P019,app_push,周末09:00-12:00,专属推荐：定开019号（R2·定开），业绩比较基准3.3%，灵活存续，1000元起投，T+0 随时赎回。该产品风险等级高于您的风险偏好，请谨慎选择。理财非存款，产品有风险，投资须谨慎。
C006674,1,P014,call,工作日18:00-21:00,您好，我是您的专属理财顾问，为您介绍：混合014号（R1·混合），业绩比较基准2.3%，90天，10000元起投，T+1 次日赎回。理财非存款，产品有风险，投资须谨慎。
C006674,2,P012,call,周末14:00-18:00,您好，我是您的专属理财顾问，为您介绍：混合012号（R2·混合），业绩比较基准3.7%，90天，10000元起投，T+1 次日赎回。该产品风险等级高于您的风险偏好，请谨慎选择。理财非存款，产品有风险，投资须谨慎。
C006674,3,P011,call,周末09:00-12:00,您好，我是您的专属理财顾问，为您介绍：固定期限011号（R2·固定期限），业绩比较基准3.3%，90天，10000元起投，T+0 随时赎回。该产品风险等级高于您的风险偏好，请谨慎选择。理财非存款，产品有风险，投资须谨慎。
C006679,1,P030,app_push,工作日09:00-12:00,专属推荐：固定期限030号（R2·固定期限），业绩比较基准3.1%，730天，1000元起投，T+0 随时赎回。理财非存款，产品有风险，投资须谨慎。
C006679,2,P019,app_push,工作日12:00-14:00,专属推荐：定开019号（R2·定开），业绩比较基准3.3%，灵活存续，1000元起投，T+0 随时赎回。理财非存款，产品有风险，投资须谨慎。
C006679,3,P026,app_push,工作日18:00-21:00,专属推荐：混合026号（R2·混合），业绩比较基准3.1%，180天，1000元起投，T+1 次日赎回。理财非存款，产品有风险，投资须谨慎。
C006682,1,P014,app_push,工作日09:00-12:00,专属推荐：混合014号（R1·混合），业绩比较基准2.3%，90天，10000元起投，T+1 次日赎回。理财非存款，产品有风险，投资须谨慎。
C006682,2,P026,app_push,工作日12:00-14:00,专属推荐：混合026号（R2·混合），业绩比较基准3.1%，180天，1000元起投，T+1 次日赎回。该产品风险等级高于您的风险偏好，请谨慎选择。理财非存款，产品有风险，投资须谨慎。
C006682,3,P012,app_push,周末14:00-18:00,专属推荐：混合012号（R2·混合），业绩比较基准3.7%，90天，10000元起投，T+1 次日赎回。该产品风险等级高于您的风险偏好，请谨慎选择。理财非存款，产品有风险，投资须谨慎。
C006685,1,P012,call,工作日18:00-21:00,您好，我是您的专属理财顾问，为您介绍：混合012号（R2·混合），业绩比较基准3.7%，90天，10000元起投，T+1 次日赎回。理财非存款，产品有风险，投资须谨慎。
C006685,2,P026,call,周末09:00-12:00,您好，我是您的专属理财顾问，为您介绍：混合026号（R2·混合），业绩比较基准3.1%，180天，1000元起投，T+1 次日赎回。理财非存款，产品有风险，投资须谨慎。
C006685,3,P025,call,周末14:00-18:00,您好，我是您的专属理财顾问，为您介绍：定开025号（R3·定开），业绩比较基准5.2%，366天，1000元起投，T+0 随时赎回。理财非存款，产品有风险，投资须谨慎。
C006688,1,P011,call,工作日09:00-12:00,您好，我是您的专属理财顾问，为您介绍：固定期限011号（R2·固定期限），业绩比较基准3.3%，90天，10000元起投，T+0 随时赎回。该产品风险等级高于您的风险偏好，请谨慎选择。理财非存款，产品有风险，投资须谨慎。
C006688,2,P020,call,工作日12:00-14:00,您好，我是您的专属理财顾问，为您介绍：现金管理020号（R2·现金管理），业绩比较基准3.6%，366天，10000元起投，T+1 次日赎回。该产品风险等级高于您的风险偏好，请谨慎选择。理财非存款，产品有风险，投资须谨慎。
C006688,3,P014,call,周末14:00-18:00,您好，我是您的专属理财顾问，为您介绍：混合014号（R1·混合），业绩比较基准2.3%，90天，10000元起投，T+1 次日赎回。理财非存款，产品有风险，投资须谨慎。
C006693,1,P012,app_push,工作日09:00-12:00,专属推荐：混合012号（R2·混合），业绩比较基准3.7%，90天，10000元起投，T+1 次日赎回。理财非存款，产品有风险，投资须谨慎。
C006693,2,P026,app_push,工作日12:00-14:00,专属推荐：混合026号（R2·混合），业绩比较基准3.1%，180天，1000元起投，T+1 次日赎回。理财非存款，产品有风险，投资须谨慎。
C006693,3,P006,app_push,工作日18:00-21:00,专属推荐：混合006号（R3·混合），业绩比较基准5.1%，灵活存续，50000元起投，T+1 次日赎回。该产品风险等级高于您的风险偏好，请谨慎选择。理财非存款，产品有风险，投资须谨慎。
C006695,1,P025,app_push,工作日09:00-12:00,专属推荐：定开025号（R3·定开），业绩比较基准5.2%，366天，1000元起投，T+0 随时赎回。理财非存款，产品有风险，投资须谨慎。
C006695,2,P006,app_push,工作日12:00-14:00,专属推荐：混合006号（R3·混合），业绩比较基准5.1%，灵活存续，50000元起投，T+1 次日赎回。理财非存款，产品有风险，投资须谨慎。
C006695,3,P001,app_push,周末09:00-12:00,专属推荐：混合001号（R3·混合），业绩比较基准5.5%，730天，50000元起投，封闭运作。理财非存款，产品有风险，投资须谨慎。
C006705,1,P030,app_push,工作日18:00-21:00,专属推荐：固定期限030号（R2·固定期限），业绩比较基准3.1%，730天，1000元起投，T+0 随时赎回。理财非存款，产品有风险，投资须谨慎。
C006705,2,P025,app_push,周末09:00-12:00,专属推荐：定开025号（R3·定开），业绩比较基准5.2%，366天，1000元起投，T+0 随时赎回。理财非存款，产品有风险，投资须谨慎。
C006705,3,P024,app_push,周末14:00-18:00,专属推荐：定开024号（R3·定开），业绩比较基准4.7%，90天，1000元起投，T+1 次日赎回。理财非存款，产品有风险，投资须谨慎。
C006708,1,P013,manager,工作日12:00-14:00,金卡贵宾专享：定开013号（R2·定开），业绩比较基准3.5%，灵活存续，10000元起投，T+0 随时赎回，可为您预约专属认购。理财非存款，产品有风险，投资须谨慎。
C006708,2,P011,manager,工作日18:00-21:00,金卡贵宾专享：固定期限011号（R2·固定期限），业绩比较基准3.3%，90天，10000元起投，T+0 随时赎回，可为您预约专属认购。理财非存款，产品有风险，投资须谨慎。
C006708,3,P022,manager,周末14:00-18:00,金卡贵宾专享：定开022号（R2·定开），业绩比较基准3.0%，730天，10000元起投，T+1 次日赎回，可为您预约专属认购。理财非存款，产品有风险，投资须谨慎。
C006714,1,P002,app_push,工作日09:00-12:00,专属推荐：固定期限002号（R5·固定期限），业绩比较基准11.3%，366天，1000元起投，T+0 随时赎回。该产品风险等级高于您的风险偏好，请谨慎选择。理财非存款，产品有风险，投资须谨慎。
C006714,2,P023,app_push,工作日12:00-14:00,专属推荐：固定期限023号（R5·固定期限），业绩比较基准9.8%，灵活存续，1000元起投，T+1 次日赎回。该产品风险等级高于您的风险偏好，请谨慎选择。理财非存款，产品有风险，投资须谨慎。
C006714,3,P004,app_push,周末09:00-12:00,专属推荐：现金管理004号（R5·现金管理），业绩比较基准8.6%，灵活存续，1000元起投，封闭运作。该产品风险等级高于您的风险偏好，请谨慎选择。理财非存款，产品有风险，投资须谨慎。
C006715,1,P011,call,工作日09:00-12:00,您好，我是您的专属理财顾问，为您介绍：固定期限011号（R2·固定期限），业绩比较基准3.3%，90天，10000元起投，T+0 随时赎回。该产品风险等级高于您的风险偏好，请谨慎选择。理财非存款，产品有风险，投资须谨慎。
C006715,2,P013,call,工作日12:00-14:00,您好，我是您的专属理财顾问，为您介绍：定开013号（R2·定开），业绩比较基准3.5%，灵活存续，10000元起投，T+0 随时赎回。该产品风险等级高于您的风险偏好，请谨慎选择。理财非存款，产品有风险，投资须谨慎。
C006715,3,P022,call,周末09:00-12:00,您好，我是您的专属理财顾问，为您介绍：定开022号（R2·定开），业绩比较基准3.0%，730天，10000元起投，T+1 次日赎回。该产品风险等级高于您的风险偏好，请谨慎选择。理财非存款，产品有风险，投资须谨慎。
C006716,1,P029,app_push,工作日09:00-12:00,专属推荐：固定期限029号（R4·固定期限），业绩比较基准7.8%，灵活存续，10000元起投，封闭运作。理财非存款，产品有风险，投资须谨慎。
C006716,2,P002,app_push,工作日12:00-14:00,专属推荐：固定期限002号（R5·固定期限），业绩比较基准11.3%，366天，1000元起投，T+0 随时赎回。该产品风险等级高于您的风险偏好，请谨慎选择。理财非存款，产品有风险，投资须谨慎。
C006716,3,P023,app_push,工作日18:00-21:00,专属推荐：固定期限023号（R5·固定期限），业绩比较基准9.8%，灵活存续，1000元起投，T+1 次日赎回。该产品风险等级高于您的风险偏好，请谨慎选择。理财非存款，产品有风险，投资须谨慎。
C006718,1,P006,app_push,工作日09:00-12:00,专属推荐：混合006号（R3·混合），业绩比较基准5.1%，灵活存续，50000元起投，T+1 次日赎回。理财非存款，产品有风险，投资须谨慎。
C006718,2,P025,app_push,工作日18:00-21:00,专属推荐：定开025号（R3·定开），业绩比较基准5.2%，366天，1000元起投，T+0 随时赎回。理财非存款，产品有风险，投资须谨慎。
C006718,3,P024,app_push,周末14:00-18:00,专属推荐：定开024号（R3·定开），业绩比较基准4.7%，90天，1000元起投，T+1 次日赎回。理财非存款，产品有风险，投资须谨慎。
C006721,1,P014,manager,工作日18:00-21:00,金卡贵宾专享：混合014号（R1·混合），业绩比较基准2.3%，90天，10000元起投，T+1 次日赎回，可为您预约专属认购。理财非存款，产品有风险，投资须谨慎。
C006721,2,P010,manager,周末14:00-18:00,金卡贵宾专享：现金管理010号（R1·现金管理），业绩比较基准2.8%，366天，50000元起投，T+0 随时赎回，可为您预约专属认购。理财非存款，产品有风险，投资须谨慎。
C006721,3,P030,manager,周末09:00-12:00,金卡贵宾专享：固定期限030号（R2·固定期限），业绩比较基准3.1%，730天，1000元起投，T+0 随时赎回，可为您预约专属认购。该产品风险等级高于您的风险偏好，请谨慎选择。理财非存款，产品有风险，投资须谨慎。
C006722,1,P002,app_push,工作日18:00-21:00,专属推荐：固定期限002号（R5·固定期限），业绩比较基准11.3%，366天，1000元起投，T+0 随时赎回。该产品风险等级高于您的风险偏好，请谨慎选择。理财非存款，产品有风险，投资须谨慎。
C006722,2,P026,app_push,周末09:00-12:00,专属推荐：混合026号（R2·混合），业绩比较基准3.1%，180天，1000元起投，T+1 次日赎回。理财非存款，产品有风险，投资须谨慎。
C006722,3,P023,app_push,周末14:00-18:00,专属推荐：固定期限023号（R5·固定期限），业绩比较基准9.8%，灵活存续，1000元起投，T+1 次日赎回。该产品风险等级高于您的风险偏好，请谨慎选择。理财非存款，产品有风险，投资须谨慎。
C006723,1,P014,app_push,工作日18:00-21:00,专属推荐：混合014号（R1·混合），业绩比较基准2.3%，90天，10000元起投，T+1 次日赎回。理财非存款，产品有风险，投资须谨慎。
C006723,2,P010,app_push,周末09:00-12:00,专属推荐：现金管理010号（R1·现金管理），业绩比较基准2.8%，366天，50000元起投，T+0 随时赎回。理财非存款，产品有风险，投资须谨慎。
C006723,3,P012,app_push,周末14:00-18:00,专属推荐：混合012号（R2·混合），业绩比较基准3.7%，90天，10000元起投，T+1 次日赎回。该产品风险等级高于您的风险偏好，请谨慎选择。理财非存款，产品有风险，投资须谨慎。
C006732,1,P025,call,工作日09:00-12:00,您好，我是您的专属理财顾问，为您介绍：定开025号（R3·定开），业绩比较基准5.2%，366天，1000元起投，T+0 随时赎回。理财非存款，产品有风险，投资须谨慎。
C006732,2,P024,call,工作日12:00-14:00,您好，我是您的专属理财顾问，为您介绍：定开024号（R3·定开），业绩比较基准4.7%，90天，1000元起投，T+1 次日赎回。理财非存款，产品有风险，投资须谨慎。
C006732,3,P017,call,周末09:00-12:00,您好，我是您的专属理财顾问，为您介绍：现金管理017号（R3·现金管理），业绩比较基准4.3%，180天，1000元起投，T+1 次日赎回。理财非存款，产品有风险，投资须谨慎。
C006737,1,P012,app_push,工作日18:00-21:00,专属推荐：混合012号（R2·混合），业绩比较基准3.7%，90天，10000元起投，T+1 次日赎回。理财非存款，产品有风险，投资须谨慎。
C006737,2,P013,app_push,周末14:00-18:00,专属推荐：定开013号（R2·定开），业绩比较基准3.5%，灵活存续，10000元起投，T+0 随时赎回。理财非存款，产品有风险，投资须谨慎。
C006737,3,P011,app_push,周末09:00-12:00,专属推荐：固定期限011号（R2·固定期限），业绩比较基准3.3%，90天，10000元起投，T+0 随时赎回。理财非存款，产品有风险，投资须谨慎。
C006746,1,P002,manager,工作日09:00-12:00,金卡贵宾专享：固定期限002号（R5·固定期限），业绩比较基准11.3%，366天，1000元起投，T+0 随时赎回，可为您预约专属认购。理财非存款，产品有风险，投资须谨慎。
C006746,2,P005,manager,工作日12:00-14:00,金卡贵宾专享：现金管理005号（R5·现金管理），业绩比较基准11.0%，灵活存续，100000元起投，T+0 随时赎回，可为您预约专属认购。理财非存款，产品有风险，投资须谨慎。
C006746,3,P023,manager,周末09:00-12:00,金卡贵宾专享：固定期限023号（R5·固定期限），业绩比较基准9.8%，灵活存续，1000元起投，T+1 次日赎回，可为您预约专属认购。理财非存款，产品有风险，投资须谨慎。
C006758,1,P012,app_push,工作日09:00-12:00,专属推荐：混合012号（R2·混合），业绩比较基准3.7%，90天，10000元起投，T+1 次日赎回。理财非存款，产品有风险，投资须谨慎。
C006758,2,P013,app_push,工作日12:00-14:00,专属推荐：定开013号（R2·定开），业绩比较基准3.5%，灵活存续，10000元起投，T+0 随时赎回。理财非存款，产品有风险，投资须谨慎。
C006758,3,P011,app_push,工作日18:00-21:00,专属推荐：固定期限011号（R2·固定期限），业绩比较基准3.3%，90天，10000元起投，T+0 随时赎回。理财非存款，产品有风险，投资须谨慎。
C006761,1,P025,app_push,工作日18:00-21:00,专属推荐：定开025号（R3·定开），业绩比较基准5.2%，366天，1000元起投，T+0 随时赎回。理财非存款，产品有风险，投资须谨慎。
C006761,2,P008,app_push,周末09:00-12:00,专属推荐：定开008号（R3·定开），业绩比较基准5.1%，366天，10000元起投，封闭运作。理财非存款，产品有风险，投资须谨慎。
C006761,3,P024,app_push,周末14:00-18:00,专属推荐：定开024号（R3·定开），业绩比较基准4.7%，90天，1000元起投，T+1 次日赎回。理财非存款，产品有风险，投资须谨慎。
C006763,1,P017,manager,工作日09:00-12:00,钻石贵宾专享：现金管理017号（R3·现金管理），业绩比较基准4.3%，180天，1000元起投，T+1 次日赎回，可为您预约专属认购。理财非存款，产品有风险，投资须谨慎。
C006763,2,P020,manager,工作日12:00-14:00,钻石贵宾专享：现金管理020号（R2·现金管理），业绩比较基准3.6%，366天，10000元起投，T+1 次日赎回，可为您预约专属认购。理财非存款，产品有风险，投资须谨慎。
C006763,3,P018,manager,工作日18:00-21:00,钻石贵宾专享：现金管理018号（R2·现金管理），业绩比较基准3.6%，730天，10000元起投，T+0 随时赎回，可为您预约专属认购。理财非存款，产品有风险，投资须谨慎。
C006764,1,P026,app_push,工作日12:00-14:00,专属推荐：混合026号（R2·混合），业绩比较基准3.1%，180天，1000元起投，T+1 次日赎回。理财非存款，产品有风险，投资须谨慎。
C006764,2,P019,app_push,周末14:00-18:00,专属推荐：定开019号（R2·定开），业绩比较基准3.3%，灵活存续，1000元起投，T+0 随时赎回。理财非存款，产品有风险，投资须谨慎。
C006764,3,P030,app_push,工作日18:00-21:00,专属推荐：固定期限030号（R2·固定期限），业绩比较基准3.1%，730天，1000元起投，T+0 随时赎回。理财非存款，产品有风险，投资须谨慎。
C006770,1,P012,app_push,工作日18:00-21:00,专属推荐：混合012号（R2·混合），业绩比较基准3.7%，90天，10000元起投，T+1 次日赎回。理财非存款，产品有风险，投资须谨慎。
C006770,2,P026,app_push,周末14:00-18:00,专属推荐：混合026号（R2·混合），业绩比较基准3.1%，180天，1000元起投，T+1 次日赎回。理财非存款，产品有风险，投资须谨慎。
C006770,3,P014,app_push,周末09:00-12:00,专属推荐：混合014号（R1·混合），业绩比较基准2.3%，90天，10000元起投，T+1 次日赎回。理财非存款，产品有风险，投资须谨慎。
C006773,1,P011,call,工作日18:00-21:00,您好，我是您的专属理财顾问，为您介绍：固定期限011号（R2·固定期限），业绩比较基准3.3%，90天，10000元起投，T+0 随时赎回。该产品风险等级高于您的风险偏好，请谨慎选择。理财非存款，产品有风险，投资须谨慎。
C006773,2,P014,call,周末14:00-18:00,您好，我是您的专属理财顾问，为您介绍：混合014号（R1·混合），业绩比较基准2.3%，90天，10000元起投，T+1 次日赎回。理财非存款，产品有风险，投资须谨慎。
C006773,3,P030,call,周末09:00-12:00,您好，我是您的专属理财顾问，为您介绍：固定期限030号（R2·固定期限），业绩比较基准3.1%，730天，1000元起投，T+0 随时赎回。该产品风险等级高于您的风险偏好，请谨慎选择。理财非存款，产品有风险，投资须谨慎。
C006776,1,P002,app_push,工作日12:00-14:00,专属推荐：固定期限002号（R5·固定期限），业绩比较基准11.3%，366天，1000元起投，T+0 随时赎回。该产品风险等级高于您的风险偏好，请谨慎选择。理财非存款，产品有风险，投资须谨慎。
C006776,2,P023,app_push,工作日18:00-21:00,专属推荐：固定期限023号（R5·固定期限），业绩比较基准9.8%，灵活存续，1000元起投，T+1 次日赎回。该产品风险等级高于您的风险偏好，请谨慎选择。理财非存款，产品有风险，投资须谨慎。
C006776,3,P004,app_push,周末14:00-18:00,专属推荐：现金管理004号（R5·现金管理），业绩比较基准8.6%，灵活存续，1000元起投，封闭运作。该产品风险等级高于您的风险偏好，请谨慎选择。理财非存款，产品有风险，投资须谨慎。
C006777,1,P006,app_push,工作日12:00-14:00,专属推荐：混合006号（R3·混合），业绩比较基准5.1%，灵活存续，50000元起投，T+1 次日赎回。理财非存款，产品有风险，投资须谨慎。
C006777,2,P025,app_push,工作日18:00-21:00,专属推荐：定开025号（R3·定开），业绩比较基准5.2%，366天，1000元起投，T+0 随时赎回。理财非存款，产品有风险，投资须谨慎。
C006777,3,P001,app_push,周末14:00-18:00,专属推荐：混合001号（R3·混合），业绩比较基准5.5%，730天，50000元起投，封闭运作。理财非存款，产品有风险，投资须谨慎。
C006778,1,P002,app_push,工作日09:00-12:00,专属推荐：固定期限002号（R5·固定期限），业绩比较基准11.3%，366天，1000元起投，T+0 随时赎回。该产品风险等级高于您的风险偏好，请谨慎选择。理财非存款，产品有风险，投资须谨慎。
C006778,2,P023,app_push,工作日12:00-14:00,专属推荐：固定期限023号（R5·固定期限），业绩比较基准9.8%，灵活存续，1000元起投，T+1 次日赎回。该产品风险等级高于您的风险偏好，请谨慎选择。理财非存款，产品有风险，投资须谨慎。
C006778,3,P004,app_push,周末09:00-12:00,专属推荐：现金管理004号（R5·现金管理），业绩比较基准8.6%，灵活存续，1000元起投，封闭运作。该产品风险等级高于您的风险偏好，请谨慎选择。理财非存款，产品有风险，投资须谨慎。
C006785,1,P025,app_push,工作日18:00-21:00,专属推荐：定开025号（R3·定开），业绩比较基准5.2%，366天，1000元起投，T+0 随时赎回。理财非存款，产品有风险，投资须谨慎。
C006785,2,P024,app_push,周末09:00-12:00,专属推荐：定开024号（R3·定开），业绩比较基准4.7%，90天，1000元起投，T+1 次日赎回。理财非存款，产品有风险，投资须谨慎。
C006785,3,P017,app_push,周末14:00-18:00,专属推荐：现金管理017号（R3·现金管理），业绩比较基准4.3%，180天，1000元起投，T+1 次日赎回。理财非存款，产品有风险，投资须谨慎。
C006786,1,P025,manager,工作日09:00-12:00,金卡贵宾专享：定开025号（R3·定开），业绩比较基准5.2%，366天，1000元起投，T+0 随时赎回，可为您预约专属认购。理财非存款，产品有风险，投资须谨慎。
C006786,2,P008,manager,工作日12:00-14:00,金卡贵宾专享：定开008号（R3·定开），业绩比较基准5.1%，366天，10000元起投，封闭运作，可为您预约专属认购。理财非存款，产品有风险，投资须谨慎。
C006786,3,P024,manager,工作日18:00-21:00,金卡贵宾专享：定开024号（R3·定开），业绩比较基准4.7%，90天，1000元起投，T+1 次日赎回，可为您预约专属认购。理财非存款，产品有风险，投资须谨慎。
C006788,1,P014,call,工作日12:00-14:00,您好，我是您的专属理财顾问，为您介绍：混合014号（R1·混合），业绩比较基准2.3%，90天，10000元起投，T+1 次日赎回。理财非存款，产品有风险，投资须谨慎。
C006788,2,P010,call,周末14:00-18:00,您好，我是您的专属理财顾问，为您介绍：现金管理010号（R1·现金管理），业绩比较基准2.8%，366天，50000元起投，T+0 随时赎回。理财非存款，产品有风险，投资须谨慎。
C006788,3,P012,call,工作日18:00-21:00,您好，我是您的专属理财顾问，为您介绍：混合012号（R2·混合），业绩比较基准3.7%，90天，10000元起投，T+1 次日赎回。该产品风险等级高于您的风险偏好，请谨慎选择。理财非存款，产品有风险，投资须谨慎。
C006790,1,P017,app_push,工作日09:00-12:00,专属推荐：现金管理017号（R3·现金管理），业绩比较基准4.3%，180天，1000元起投，T+1 次日赎回。理财非存款，产品有风险，投资须谨慎。
C006790,2,P018,app_push,工作日18:00-21:00,专属推荐：现金管理018号（R2·现金管理），业绩比较基准3.6%，730天，10000元起投，T+0 随时赎回。理财非存款，产品有风险，投资须谨慎。
C006790,3,P020,app_push,周末09:00-12:00,专属推荐：现金管理020号（R2·现金管理），业绩比较基准3.6%，366天，10000元起投，T+1 次日赎回。理财非存款，产品有风险，投资须谨慎。
C006797,1,P012,manager,工作日18:00-21:00,钻石贵宾专享：混合012号（R2·混合），业绩比较基准3.7%，90天，10000元起投，T+1 次日赎回，可为您预约专属认购。理财非存款，产品有风险，投资须谨慎。
C006797,2,P020,manager,周末09:00-12:00,钻石贵宾专享：现金管理020号（R2·现金管理），业绩比较基准3.6%，366天，10000元起投，T+1 次日赎回，可为您预约专属认购。理财非存款，产品有风险，投资须谨慎。
C006797,3,P018,manager,周末14:00-18:00,钻石贵宾专享：现金管理018号（R2·现金管理），业绩比较基准3.6%，730天，10000元起投，T+0 随时赎回，可为您预约专属认购。理财非存款，产品有风险，投资须谨慎。
C006803,1,P025,app_push,工作日09:00-12:00,专属推荐：定开025号（R3·定开），业绩比较基准5.2%，366天，1000元起投，T+0 随时赎回。理财非存款，产品有风险，投资须谨慎。
C006803,2,P024,app_push,工作日12:00-14:00,专属推荐：定开024号（R3·定开），业绩比较基准4.7%，90天，1000元起投，T+1 次日赎回。理财非存款，产品有风险，投资须谨慎。
C006803,3,P017,app_push,周末09:00-12:00,专属推荐：现金管理017号（R3·现金管理），业绩比较基准4.3%，180天，1000元起投，T+1 次日赎回。理财非存款，产品有风险，投资须谨慎。
C006814,1,P030,call,工作日18:00-21:00,您好，我是您的专属理财顾问，为您介绍：固定期限030号（R2·固定期限），业绩比较基准3.1%，730天，1000元起投，T+0 随时赎回。理财非存款，产品有风险，投资须谨慎。
C006814,2,P025,call,周末14:00-18:00,您好，我是您的专属理财顾问，为您介绍：定开025号（R3·定开），业绩比较基准5.2%，366天，1000元起投，T+0 随时赎回。理财非存款，产品有风险，投资须谨慎。
C006814,3,P029,call,周末09:00-12:00,您好，我是您的专属理财顾问，为您介绍：固定期限029号（R4·固定期限），业绩比较基准7.8%，灵活存续，10000元起投，封闭运作。该产品风险等级高于您的风险偏好，请谨慎选择。理财非存款，产品有风险，投资须谨慎。
C006831,1,P029,app_push,工作日12:00-14:00,专属推荐：固定期限029号（R4·固定期限），业绩比较基准7.8%，灵活存续，10000元起投，封闭运作。该产品风险等级高于您的风险偏好，请谨慎选择。理财非存款，产品有风险，投资须谨慎。
C006831,2,P011,app_push,周末14:00-18:00,专属推荐：固定期限011号（R2·固定期限），业绩比较基准3.3%，90天，10000元起投，T+0 随时赎回。理财非存款，产品有风险，投资须谨慎。
C006831,3,P025,app_push,工作日18:00-21:00,专属推荐：定开025号（R3·定开），业绩比较基准5.2%，366天，1000元起投，T+0 随时赎回。理财非存款，产品有风险，投资须谨慎。
C006834,1,P002,call,工作日09:00-12:00,您好，我是您的专属理财顾问，为您介绍：固定期限002号（R5·固定期限），业绩比较基准11.3%，366天，1000元起投，T+0 随时赎回。该产品风险等级高于您的风险偏好，请谨慎选择。理财非存款，产品有风险，投资须谨慎。
C006834,2,P023,call,工作日18:00-21:00,您好，我是您的专属理财顾问，为您介绍：固定期限023号（R5·固定期限），业绩比较基准9.8%，灵活存续，1000元起投，T+1 次日赎回。该产品风险等级高于您的风险偏好，请谨慎选择。理财非存款，产品有风险，投资须谨慎。
C006834,3,P029,call,周末09:00-12:00,您好，我是您的专属理财顾问，为您介绍：固定期限029号（R4·固定期限），业绩比较基准7.8%，灵活存续，10000元起投，封闭运作。理财非存款，产品有风险，投资须谨慎。
C006836,1,P008,call,工作日09:00-12:00,您好，我是您的专属理财顾问，为您介绍：定开008号（R3·定开），业绩比较基准5.1%，366天，10000元起投，封闭运作。理财非存款，产品有风险，投资须谨慎。
C006836,2,P025,call,工作日12:00-14:00,您好，我是您的专属理财顾问，为您介绍：定开025号（R3·定开），业绩比较基准5.2%，366天，1000元起投，T+0 随时赎回。理财非存款，产品有风险，投资须谨慎。
C006836,3,P024,call,工作日18:00-21:00,您好，我是您的专属理财顾问，为您介绍：定开024号（R3·定开），业绩比较基准4.7%，90天，1000元起投，T+1 次日赎回。理财非存款，产品有风险，投资须谨慎。
C006841,1,P014,app_push,工作日12:00-14:00,专属推荐：混合014号（R1·混合），业绩比较基准2.3%，90天，10000元起投，T+1 次日赎回。理财非存款，产品有风险，投资须谨慎。
C006841,2,P026,app_push,周末14:00-18:00,专属推荐：混合026号（R2·混合），业绩比较基准3.1%，180天，1000元起投，T+1 次日赎回。该产品风险等级高于您的风险偏好，请谨慎选择。理财非存款，产品有风险，投资须谨慎。
C006841,3,P019,app_push,工作日18:00-21:00,专属推荐：定开019号（R2·定开），业绩比较基准3.3%，灵活存续，1000元起投，T+0 随时赎回。该产品风险等级高于您的风险偏好，请谨慎选择。理财非存款，产品有风险，投资须谨慎。
C006843,1,P014,call,工作日12:00-14:00,您好，我是您的专属理财顾问，为您介绍：混合014号（R1·混合），业绩比较基准2.3%，90天，10000元起投，T+1 次日赎回。理财非存款，产品有风险，投资须谨慎。
C006843,2,P012,call,工作日18:00-21:00,您好，我是您的专属理财顾问，为您介绍：混合012号（R2·混合），业绩比较基准3.7%，90天，10000元起投，T+1 次日赎回。该产品风险等级高于您的风险偏好，请谨慎选择。理财非存款，产品有风险，投资须谨慎。
C006843,3,P011,call,周末14:00-18:00,您好，我是您的专属理财顾问，为您介绍：固定期限011号（R2·固定期限），业绩比较基准3.3%，90天，10000元起投，T+0 随时赎回。该产品风险等级高于您的风险偏好，请谨慎选择。理财非存款，产品有风险，投资须谨慎。
C006844,1,P014,app_push,工作日09:00-12:00,专属推荐：混合014号（R1·混合），业绩比较基准2.3%，90天，10000元起投，T+1 次日赎回。理财非存款，产品有风险，投资须谨慎。
C006844,2,P011,app_push,工作日12:00-14:00,专属推荐：固定期限011号（R2·固定期限），业绩比较基准3.3%，90天，10000元起投，T+0 随时赎回。该产品风险等级高于您的风险偏好，请谨慎选择。理财非存款，产品有风险，投资须谨慎。
C006844,3,P012,app_push,工作日18:00-21:00,专属推荐：混合012号（R2·混合），业绩比较基准3.7%，90天，10000元起投，T+1 次日赎回。该产品风险等级高于您的风险偏好，请谨慎选择。理财非存款，产品有风险，投资须谨慎。
C006846,1,P017,call,工作日09:00-12:00,您好，我是您的专属理财顾问，为您介绍：现金管理017号（R3·现金管理），业绩比较基准4.3%，180天，1000元起投，T+1 次日赎回。理财非存款，产品有风险，投资须谨慎。
C006846,2,P025,call,工作日12:00-14:00,您好，我是您的专属理财顾问，为您介绍：定开025号（R3·定开），业绩比较基准5.2%，366天，1000元起投，T+0 随时赎回。理财非存款，产品有风险，投资须谨慎。
C006846,3,P024,call,周末09:00-12:00,您好，我是您的专属理财顾问，为您介绍：定开024号（R3·定开），业绩比较基准4.7%，90天，1000元起投，T+1 次日赎回。理财非存款，产品有风险，投资须谨慎。
C006849,1,P025,call,工作日09:00-12:00,您好，我是您的专属理财顾问，为您介绍：定开025号（R3·定开），业绩比较基准5.2%，366天，1000元起投，T+0 随时赎回。理财非存款，产品有风险，投资须谨慎。
C006849,2,P024,call,工作日12:00-14:00,您好，我是您的专属理财顾问，为您介绍：定开024号（R3·定开），业绩比较基准4.7%，90天，1000元起投，T+1 次日赎回。理财非存款，产品有风险，投资须谨慎。
C006849,3,P017,call,周末09:00-12:00,您好，我是您的专属理财顾问，为您介绍：现金管理017号（R3·现金管理），业绩比较基准4.3%，180天，1000元起投，T+1 次日赎回。理财非存款，产品有风险，投资须谨慎。
C006850,1,P025,app_push,工作日09:00-12:00,专属推荐：定开025号（R3·定开），业绩比较基准5.2%，366天，1000元起投，T+0 随时赎回。理财非存款，产品有风险，投资须谨慎。
C006850,2,P024,app_push,工作日18:00-21:00,专属推荐：定开024号（R3·定开），业绩比较基准4.7%，90天，1000元起投，T+1 次日赎回。理财非存款，产品有风险，投资须谨慎。
C006850,3,P017,app_push,周末09:00-12:00,专属推荐：现金管理017号（R3·现金管理），业绩比较基准4.3%，180天，1000元起投，T+1 次日赎回。理财非存款，产品有风险，投资须谨慎。
C006857,1,P008,manager,工作日12:00-14:00,钻石贵宾专享：定开008号（R3·定开），业绩比较基准5.1%，366天，10000元起投，封闭运作，可为您预约专属认购。理财非存款，产品有风险，投资须谨慎。
C006857,2,P025,manager,周末14:00-18:00,钻石贵宾专享：定开025号（R3·定开），业绩比较基准5.2%，366天，1000元起投，T+0 随时赎回，可为您预约专属认购。理财非存款，产品有风险，投资须谨慎。
C006857,3,P024,manager,工作日18:00-21:00,钻石贵宾专享：定开024号（R3·定开），业绩比较基准4.7%，90天，1000元起投，T+1 次日赎回，可为您预约专属认购。理财非存款，产品有风险，投资须谨慎。
C006860,1,P029,app_push,工作日18:00-21:00,专属推荐：固定期限029号（R4·固定期限），业绩比较基准7.8%，灵活存续，10000元起投，封闭运作。理财非存款，产品有风险，投资须谨慎。
C006860,2,P002,app_push,周末09:00-12:00,专属推荐：固定期限002号（R5·固定期限），业绩比较基准11.3%，366天，1000元起投，T+0 随时赎回。该产品风险等级高于您的风险偏好，请谨慎选择。理财非存款，产品有风险，投资须谨慎。
C006860,3,P023,app_push,周末14:00-18:00,专属推荐：固定期限023号（R5·固定期限），业绩比较基准9.8%，灵活存续，1000元起投，T+1 次日赎回。该产品风险等级高于您的风险偏好，请谨慎选择。理财非存款，产品有风险，投资须谨慎。
C006863,1,P014,app_push,工作日09:00-12:00,专属推荐：混合014号（R1·混合），业绩比较基准2.3%，90天，10000元起投，T+1 次日赎回。理财非存款，产品有风险，投资须谨慎。
C006863,2,P012,app_push,工作日12:00-14:00,专属推荐：混合012号（R2·混合），业绩比较基准3.7%，90天，10000元起投，T+1 次日赎回。该产品风险等级高于您的风险偏好，请谨慎选择。理财非存款，产品有风险，投资须谨慎。
C006863,3,P026,app_push,工作日18:00-21:00,专属推荐：混合026号（R2·混合），业绩比较基准3.1%，180天，1000元起投，T+1 次日赎回。该产品风险等级高于您的风险偏好，请谨慎选择。理财非存款，产品有风险，投资须谨慎。
C006866,1,P017,app_push,工作日09:00-12:00,专属推荐：现金管理017号（R3·现金管理），业绩比较基准4.3%，180天，1000元起投，T+1 次日赎回。该产品风险等级高于您的风险偏好，请谨慎选择。理财非存款，产品有风险，投资须谨慎。
C006866,2,P019,app_push,工作日12:00-14:00,专属推荐：定开019号（R2·定开），业绩比较基准3.3%，灵活存续，1000元起投，T+0 随时赎回。理财非存款，产品有风险，投资须谨慎。
C006866,3,P026,app_push,周末09:00-12:00,专属推荐：混合026号（R2·混合），业绩比较基准3.1%，180天，1000元起投，T+1 次日赎回。理财非存款，产品有风险，投资须谨慎。
C006873,1,P022,call,工作日12:00-14:00,您好，我是您的专属理财顾问，为您介绍：定开022号（R2·定开），业绩比较基准3.0%，730天，10000元起投，T+1 次日赎回。该产品风险等级高于您的风险偏好，请谨慎选择。理财非存款，产品有风险，投资须谨慎。
C006873,2,P013,call,周末14:00-18:00,您好，我是您的专属理财顾问，为您介绍：定开013号（R2·定开），业绩比较基准3.5%，灵活存续，10000元起投，T+0 随时赎回。该产品风险等级高于您的风险偏好，请谨慎选择。理财非存款，产品有风险，投资须谨慎。
C006873,3,P014,call,工作日18:00-21:00,您好，我是您的专属理财顾问，为您介绍：混合014号（R1·混合），业绩比较基准2.3%，90天，10000元起投，T+1 次日赎回。理财非存款，产品有风险，投资须谨慎。
C006881,1,P017,app_push,工作日12:00-14:00,专属推荐：现金管理017号（R3·现金管理），业绩比较基准4.3%，180天，1000元起投，T+1 次日赎回。该产品风险等级高于您的风险偏好，请谨慎选择。理财非存款，产品有风险，投资须谨慎。
C006881,2,P020,app_push,工作日18:00-21:00,专属推荐：现金管理020号（R2·现金管理），业绩比较基准3.6%，366天，10000元起投，T+1 次日赎回。理财非存款，产品有风险，投资须谨慎。
C006881,3,P018,app_push,周末14:00-18:00,专属推荐：现金管理018号（R2·现金管理），业绩比较基准3.6%，730天，10000元起投，T+0 随时赎回。理财非存款，产品有风险，投资须谨慎。
C006883,1,P025,app_push,工作日12:00-14:00,专属推荐：定开025号（R3·定开），业绩比较基准5.2%，366天，1000元起投，T+0 随时赎回。理财非存款，产品有风险，投资须谨慎。
C006883,2,P024,app_push,工作日18:00-21:00,专属推荐：定开024号（R3·定开），业绩比较基准4.7%，90天，1000元起投，T+1 次日赎回。理财非存款，产品有风险，投资须谨慎。
C006883,3,P017,app_push,周末14:00-18:00,专属推荐：现金管理017号（R3·现金管理），业绩比较基准4.3%，180天，1000元起投，T+1 次日赎回。理财非存款，产品有风险，投资须谨慎。
C006884,1,P026,app_push,工作日09:00-12:00,专属推荐：混合026号（R2·混合），业绩比较基准3.1%，180天，1000元起投，T+1 次日赎回。理财非存款，产品有风险，投资须谨慎。
C006884,2,P019,app_push,工作日18:00-21:00,专属推荐：定开019号（R2·定开），业绩比较基准3.3%，灵活存续，1000元起投，T+0 随时赎回。理财非存款，产品有风险，投资须谨慎。
C006884,3,P030,app_push,周末14:00-18:00,专属推荐：固定期限030号（R2·固定期限），业绩比较基准3.1%，730天，1000元起投，T+0 随时赎回。理财非存款，产品有风险，投资须谨慎。
C006890,1,P017,app_push,工作日18:00-21:00,专属推荐：现金管理017号（R3·现金管理），业绩比较基准4.3%，180天，1000元起投，T+1 次日赎回。理财非存款，产品有风险，投资须谨慎。
C006890,2,P018,app_push,周末09:00-12:00,专属推荐：现金管理018号（R2·现金管理），业绩比较基准3.6%，730天，10000元起投，T+0 随时赎回。理财非存款，产品有风险，投资须谨慎。
C006890,3,P025,app_push,周末14:00-18:00,专属推荐：定开025号（R3·定开），业绩比较基准5.2%，366天，1000元起投，T+0 随时赎回。理财非存款，产品有风险，投资须谨慎。
C006897,1,P019,app_push,工作日09:00-12:00,专属推荐：定开019号（R2·定开），业绩比较基准3.3%，灵活存续，1000元起投，T+0 随时赎回。理财非存款，产品有风险，投资须谨慎。
C006897,2,P026,app_push,工作日18:00-21:00,专属推荐：混合026号（R2·混合），业绩比较基准3.1%，180天，1000元起投，T+1 次日赎回。理财非存款，产品有风险，投资须谨慎。
C006897,3,P030,app_push,周末14:00-18:00,专属推荐：固定期限030号（R2·固定期限），业绩比较基准3.1%，730天，1000元起投，T+0 随时赎回。理财非存款，产品有风险，投资须谨慎。
C006906,1,P025,call,工作日09:00-12:00,您好，我是您的专属理财顾问，为您介绍：定开025号（R3·定开），业绩比较基准5.2%，366天，1000元起投，T+0 随时赎回。理财非存款，产品有风险，投资须谨慎。
C006906,2,P024,call,工作日12:00-14:00,您好，我是您的专属理财顾问，为您介绍：定开024号（R3·定开），业绩比较基准4.7%，90天，1000元起投，T+1 次日赎回。理财非存款，产品有风险，投资须谨慎。
C006906,3,P017,call,周末14:00-18:00,您好，我是您的专属理财顾问，为您介绍：现金管理017号（R3·现金管理），业绩比较基准4.3%，180天，1000元起投，T+1 次日赎回。理财非存款，产品有风险，投资须谨慎。
C006908,1,P017,app_push,工作日09:00-12:00,专属推荐：现金管理017号（R3·现金管理），业绩比较基准4.3%，180天，1000元起投，T+1 次日赎回。理财非存款，产品有风险，投资须谨慎。
C006908,2,P024,app_push,工作日18:00-21:00,专属推荐：定开024号（R3·定开），业绩比较基准4.7%，90天，1000元起投，T+1 次日赎回。理财非存款，产品有风险，投资须谨慎。
C006908,3,P025,app_push,周末14:00-18:00,专属推荐：定开025号（R3·定开），业绩比较基准5.2%，366天，1000元起投，T+0 随时赎回。理财非存款，产品有风险，投资须谨慎。
C006915,1,P025,app_push,工作日12:00-14:00,专属推荐：定开025号（R3·定开），业绩比较基准5.2%，366天，1000元起投，T+0 随时赎回。理财非存款，产品有风险，投资须谨慎。
C006915,2,P024,app_push,工作日18:00-21:00,专属推荐：定开024号（R3·定开），业绩比较基准4.7%，90天，1000元起投，T+1 次日赎回。理财非存款，产品有风险，投资须谨慎。
C006915,3,P017,app_push,周末14:00-18:00,专属推荐：现金管理017号（R3·现金管理），业绩比较基准4.3%，180天，1000元起投，T+1 次日赎回。理财非存款，产品有风险，投资须谨慎。
C006919,1,P007,app_push,工作日12:00-14:00,专属推荐：定开007号（R3·定开），业绩比较基准4.6%，730天，50000元起投，封闭运作。理财非存款，产品有风险，投资须谨慎。
C006919,2,P025,app_push,周末14:00-18:00,专属推荐：定开025号（R3·定开），业绩比较基准5.2%，366天，1000元起投，T+0 随时赎回。理财非存款，产品有风险，投资须谨慎。
C006919,3,P008,app_push,工作日18:00-21:00,专属推荐：定开008号（R3·定开），业绩比较基准5.1%，366天，10000元起投，封闭运作。理财非存款，产品有风险，投资须谨慎。
C006923,1,P017,manager,工作日18:00-21:00,钻石贵宾专享：现金管理017号（R3·现金管理），业绩比较基准4.3%，180天，1000元起投，T+1 次日赎回，可为您预约专属认购。理财非存款，产品有风险，投资须谨慎。
C006923,2,P018,manager,周末09:00-12:00,钻石贵宾专享：现金管理018号（R2·现金管理），业绩比较基准3.6%，730天，10000元起投，T+0 随时赎回，可为您预约专属认购。理财非存款，产品有风险，投资须谨慎。
C006923,3,P020,manager,周末14:00-18:00,钻石贵宾专享：现金管理020号（R2·现金管理），业绩比较基准3.6%，366天，10000元起投，T+1 次日赎回，可为您预约专属认购。理财非存款，产品有风险，投资须谨慎。
C006924,1,P014,app_push,工作日09:00-12:00,专属推荐：混合014号（R1·混合），业绩比较基准2.3%，90天，10000元起投，T+1 次日赎回。理财非存款，产品有风险，投资须谨慎。
C006924,2,P011,app_push,工作日12:00-14:00,专属推荐：固定期限011号（R2·固定期限），业绩比较基准3.3%，90天，10000元起投，T+0 随时赎回。该产品风险等级高于您的风险偏好，请谨慎选择。理财非存款，产品有风险，投资须谨慎。
C006924,3,P012,app_push,周末09:00-12:00,专属推荐：混合012号（R2·混合），业绩比较基准3.7%，90天，10000元起投，T+1 次日赎回。该产品风险等级高于您的风险偏好，请谨慎选择。理财非存款，产品有风险，投资须谨慎。
C006927,1,P017,call,工作日12:00-14:00,您好，我是您的专属理财顾问，为您介绍：现金管理017号（R3·现金管理），业绩比较基准4.3%，180天，1000元起投，T+1 次日赎回。理财非存款，产品有风险，投资须谨慎。
C006927,2,P029,call,工作日18:00-21:00,您好，我是您的专属理财顾问，为您介绍：固定期限029号（R4·固定期限），业绩比较基准7.8%，灵活存续，10000元起投，封闭运作。该产品风险等级高于您的风险偏好，请谨慎选择。理财非存款，产品有风险，投资须谨慎。
C006927,3,P025,call,周末14:00-18:00,您好，我是您的专属理财顾问，为您介绍：定开025号（R3·定开），业绩比较基准5.2%，366天，1000元起投，T+0 随时赎回。理财非存款，产品有风险，投资须谨慎。
C006929,1,P012,call,工作日12:00-14:00,您好，我是您的专属理财顾问，为您介绍：混合012号（R2·混合），业绩比较基准3.7%，90天，10000元起投，T+1 次日赎回。理财非存款，产品有风险，投资须谨慎。
C006929,2,P013,call,工作日18:00-21:00,您好，我是您的专属理财顾问，为您介绍：定开013号（R2·定开），业绩比较基准3.5%，灵活存续，10000元起投，T+0 随时赎回。理财非存款，产品有风险，投资须谨慎。
C006929,3,P026,call,周末14:00-18:00,您好，我是您的专属理财顾问，为您介绍：混合026号（R2·混合），业绩比较基准3.1%，180天，1000元起投，T+1 次日赎回。理财非存款，产品有风险，投资须谨慎。
C006938,1,P002,app_push,工作日12:00-14:00,专属推荐：固定期限002号（R5·固定期限），业绩比较基准11.3%，366天，1000元起投，T+0 随时赎回。该产品风险等级高于您的风险偏好，请谨慎选择。理财非存款，产品有风险，投资须谨慎。
C006938,2,P023,app_push,工作日18:00-21:00,专属推荐：固定期限023号（R5·固定期限），业绩比较基准9.8%，灵活存续，1000元起投，T+1 次日赎回。该产品风险等级高于您的风险偏好，请谨慎选择。理财非存款，产品有风险，投资须谨慎。
C006938,3,P004,app_push,周末14:00-18:00,专属推荐：现金管理004号（R5·现金管理），业绩比较基准8.6%，灵活存续，1000元起投，封闭运作。该产品风险等级高于您的风险偏好，请谨慎选择。理财非存款，产品有风险，投资须谨慎。
C006943,1,P019,app_push,工作日09:00-12:00,专属推荐：定开019号（R2·定开），业绩比较基准3.3%，灵活存续，1000元起投，T+0 随时赎回。理财非存款，产品有风险，投资须谨慎。
C006943,2,P013,app_push,工作日12:00-14:00,专属推荐：定开013号（R2·定开），业绩比较基准3.5%，灵活存续，10000元起投，T+0 随时赎回。理财非存款，产品有风险，投资须谨慎。
C006943,3,P022,app_push,周末09:00-12:00,专属推荐：定开022号（R2·定开），业绩比较基准3.0%，730天，10000元起投，T+1 次日赎回。理财非存款，产品有风险，投资须谨慎。
C006945,1,P014,call,工作日18:00-21:00,您好，我是您的专属理财顾问，为您介绍：混合014号（R1·混合），业绩比较基准2.3%，90天，10000元起投，T+1 次日赎回。理财非存款，产品有风险，投资须谨慎。
C006945,2,P010,call,周末09:00-12:00,您好，我是您的专属理财顾问，为您介绍：现金管理010号（R1·现金管理），业绩比较基准2.8%，366天，50000元起投，T+0 随时赎回。理财非存款，产品有风险，投资须谨慎。
C006945,3,P012,call,周末14:00-18:00,您好，我是您的专属理财顾问，为您介绍：混合012号（R2·混合），业绩比较基准3.7%，90天，10000元起投，T+1 次日赎回。该产品风险等级高于您的风险偏好，请谨慎选择。理财非存款，产品有风险，投资须谨慎。
C006946,1,P012,call,工作日18:00-21:00,您好，我是您的专属理财顾问，为您介绍：混合012号（R2·混合），业绩比较基准3.7%，90天，10000元起投，T+1 次日赎回。理财非存款，产品有风险，投资须谨慎。
C006946,2,P013,call,周末09:00-12:00,您好，我是您的专属理财顾问，为您介绍：定开013号（R2·定开），业绩比较基准3.5%，灵活存续，10000元起投，T+0 随时赎回。理财非存款，产品有风险，投资须谨慎。
C006946,3,P011,call,周末14:00-18:00,您好，我是您的专属理财顾问，为您介绍：固定期限011号（R2·固定期限），业绩比较基准3.3%，90天，10000元起投，T+0 随时赎回。理财非存款，产品有风险，投资须谨慎。
C006948,1,P011,app_push,工作日09:00-12:00,专属推荐：固定期限011号（R2·固定期限），业绩比较基准3.3%，90天，10000元起投，T+0 随时赎回。该产品风险等级高于您的风险偏好，请谨慎选择。理财非存款，产品有风险，投资须谨慎。
C006948,2,P030,app_push,工作日12:00-14:00,专属推荐：固定期限030号（R2·固定期限），业绩比较基准3.1%，730天，1000元起投，T+0 随时赎回。该产品风险等级高于您的风险偏好，请谨慎选择。理财非存款，产品有风险，投资须谨慎。
C006948,3,P014,app_push,工作日18:00-21:00,专属推荐：混合014号（R1·混合），业绩比较基准2.3%，90天，10000元起投，T+1 次日赎回。理财非存款，产品有风险，投资须谨慎。
C006950,1,P014,app_push,工作日09:00-12:00,专属推荐：混合014号（R1·混合），业绩比较基准2.3%，90天，10000元起投，T+1 次日赎回。理财非存款，产品有风险，投资须谨慎。
C006950,2,P012,app_push,工作日18:00-21:00,专属推荐：混合012号（R2·混合），业绩比较基准3.7%，90天，10000元起投，T+1 次日赎回。该产品风险等级高于您的风险偏好，请谨慎选择。理财非存款，产品有风险，投资须谨慎。
C006950,3,P013,app_push,周末14:00-18:00,专属推荐：定开013号（R2·定开），业绩比较基准3.5%，灵活存续，10000元起投，T+0 随时赎回。该产品风险等级高于您的风险偏好，请谨慎选择。理财非存款，产品有风险，投资须谨慎。
C006951,1,P009,app_push,工作日12:00-14:00,专属推荐：现金管理009号（R2·现金管理），业绩比较基准4.0%，730天，50000元起投，T+0 随时赎回。理财非存款，产品有风险，投资须谨慎。
C006951,2,P020,app_push,周末14:00-18:00,专属推荐：现金管理020号（R2·现金管理），业绩比较基准3.6%，366天，10000元起投，T+1 次日赎回。理财非存款，产品有风险，投资须谨慎。
C006951,3,P018,app_push,工作日18:00-21:00,专属推荐：现金管理018号（R2·现金管理），业绩比较基准3.6%，730天，10000元起投，T+0 随时赎回。理财非存款，产品有风险，投资须谨慎。
C006957,1,P025,app_push,工作日09:00-12:00,专属推荐：定开025号（R3·定开），业绩比较基准5.2%，366天，1000元起投，T+0 随时赎回。理财非存款，产品有风险，投资须谨慎。
C006957,2,P024,app_push,工作日12:00-14:00,专属推荐：定开024号（R3·定开），业绩比较基准4.7%，90天，1000元起投，T+1 次日赎回。理财非存款，产品有风险，投资须谨慎。
C006957,3,P019,app_push,工作日18:00-21:00,专属推荐：定开019号（R2·定开），业绩比较基准3.3%，灵活存续，1000元起投，T+0 随时赎回。理财非存款，产品有风险，投资须谨慎。
C006961,1,P026,app_push,工作日09:00-12:00,专属推荐：混合026号（R2·混合），业绩比较基准3.1%，180天，1000元起投，T+1 次日赎回。理财非存款，产品有风险，投资须谨慎。
C006961,2,P002,app_push,工作日12:00-14:00,专属推荐：固定期限002号（R5·固定期限），业绩比较基准11.3%，366天，1000元起投，T+0 随时赎回。该产品风险等级高于您的风险偏好，请谨慎选择。理财非存款，产品有风险，投资须谨慎。
C006961,3,P023,app_push,周末09:00-12:00,专属推荐：固定期限023号（R5·固定期限），业绩比较基准9.8%，灵活存续，1000元起投，T+1 次日赎回。该产品风险等级高于您的风险偏好，请谨慎选择。理财非存款，产品有风险，投资须谨慎。
C006974,1,P029,call,工作日09:00-12:00,您好，我是您的专属理财顾问，为您介绍：固定期限029号（R4·固定期限），业绩比较基准7.8%，灵活存续，10000元起投，封闭运作。理财非存款，产品有风险，投资须谨慎。
C006974,2,P025,call,工作日18:00-21:00,您好，我是您的专属理财顾问，为您介绍：定开025号（R3·定开），业绩比较基准5.2%，366天，1000元起投，T+0 随时赎回。理财非存款，产品有风险，投资须谨慎。
C006974,3,P008,call,周末09:00-12:00,您好，我是您的专属理财顾问，为您介绍：定开008号（R3·定开），业绩比较基准5.1%，366天，10000元起投，封闭运作。理财非存款，产品有风险，投资须谨慎。
C006977,1,P026,call,工作日09:00-12:00,您好，我是您的专属理财顾问，为您介绍：混合026号（R2·混合），业绩比较基准3.1%，180天，1000元起投，T+1 次日赎回。理财非存款，产品有风险，投资须谨慎。
C006977,2,P030,call,工作日18:00-21:00,您好，我是您的专属理财顾问，为您介绍：固定期限030号（R2·固定期限），业绩比较基准3.1%，730天，1000元起投，T+0 随时赎回。理财非存款，产品有风险，投资须谨慎。
C006977,3,P019,call,周末09:00-12:00,您好，我是您的专属理财顾问，为您介绍：定开019号（R2·定开），业绩比较基准3.3%，灵活存续，1000元起投，T+0 随时赎回。理财非存款，产品有风险，投资须谨慎。
C006986,1,P009,call,工作日18:00-21:00,您好，我是您的专属理财顾问，为您介绍：现金管理009号（R2·现金管理），业绩比较基准4.0%，730天，50000元起投，T+0 随时赎回。理财非存款，产品有风险，投资须谨慎。
C006986,2,P011,call,周末14:00-18:00,您好，我是您的专属理财顾问，为您介绍：固定期限011号（R2·固定期限），业绩比较基准3.3%，90天，10000元起投，T+0 随时赎回。理财非存款，产品有风险，投资须谨慎。
C006986,3,P020,call,周末09:00-12:00,您好，我是您的专属理财顾问，为您介绍：现金管理020号（R2·现金管理），业绩比较基准3.6%，366天，10000元起投，T+1 次日赎回。理财非存款，产品有风险，投资须谨慎。
C006987,1,P014,call,工作日12:00-14:00,您好，我是您的专属理财顾问，为您介绍：混合014号（R1·混合），业绩比较基准2.3%，90天，10000元起投，T+1 次日赎回。理财非存款，产品有风险，投资须谨慎。
C006987,2,P010,call,工作日18:00-21:00,您好，我是您的专属理财顾问，为您介绍：现金管理010号（R1·现金管理），业绩比较基准2.8%，366天，50000元起投，T+0 随时赎回。理财非存款，产品有风险，投资须谨慎。
C006987,3,P012,call,周末14:00-18:00,您好，我是您的专属理财顾问，为您介绍：混合012号（R2·混合），业绩比较基准3.7%，90天，10000元起投，T+1 次日赎回。该产品风险等级高于您的风险偏好，请谨慎选择。理财非存款，产品有风险，投资须谨慎。
C006988,1,P025,app_push,工作日18:00-21:00,专属推荐：定开025号（R3·定开），业绩比较基准5.2%，366天，1000元起投，T+0 随时赎回。理财非存款，产品有风险，投资须谨慎。
C006988,2,P024,app_push,周末14:00-18:00,专属推荐：定开024号（R3·定开），业绩比较基准4.7%，90天，1000元起投，T+1 次日赎回。理财非存款，产品有风险，投资须谨慎。
C006988,3,P017,app_push,周末09:00-12:00,专属推荐：现金管理017号（R3·现金管理），业绩比较基准4.3%，180天，1000元起投，T+1 次日赎回。理财非存款，产品有风险，投资须谨慎。
C006990,1,P002,call,工作日18:00-21:00,您好，我是您的专属理财顾问，为您介绍：固定期限002号（R5·固定期限），业绩比较基准11.3%，366天，1000元起投，T+0 随时赎回。理财非存款，产品有风险，投资须谨慎。
C006990,2,P023,call,周末09:00-12:00,您好，我是您的专属理财顾问，为您介绍：固定期限023号（R5·固定期限），业绩比较基准9.8%，灵活存续，1000元起投，T+1 次日赎回。理财非存款，产品有风险，投资须谨慎。
C006990,3,P004,call,周末14:00-18:00,您好，我是您的专属理财顾问，为您介绍：现金管理004号（R5·现金管理），业绩比较基准8.6%，灵活存续，1000元起投，封闭运作。理财非存款，产品有风险，投资须谨慎。
C006992,1,P030,app_push,工作日18:00-21:00,专属推荐：固定期限030号（R2·固定期限），业绩比较基准3.1%，730天，1000元起投，T+0 随时赎回。该产品风险等级高于您的风险偏好，请谨慎选择。理财非存款，产品有风险，投资须谨慎。
C006992,2,P026,app_push,周末09:00-12:00,专属推荐：混合026号（R2·混合），业绩比较基准3.1%，180天，1000元起投，T+1 次日赎回。该产品风险等级高于您的风险偏好，请谨慎选择。理财非存款，产品有风险，投资须谨慎。
C006992,3,P019,app_push,周末14:00-18:00,专属推荐：定开019号（R2·定开），业绩比较基准3.3%，灵活存续，1000元起投，T+0 随时赎回。该产品风险等级高于您的风险偏好，请谨慎选择。理财非存款，产品有风险，投资须谨慎。
C006993,1,P002,call,工作日09:00-12:00,您好，我是您的专属理财顾问，为您介绍：固定期限002号（R5·固定期限），业绩比较基准11.3%，366天，1000元起投，T+0 随时赎回。该产品风险等级高于您的风险偏好，请谨慎选择。理财非存款，产品有风险，投资须谨慎。
C006993,2,P023,call,工作日12:00-14:00,您好，我是您的专属理财顾问，为您介绍：固定期限023号（R5·固定期限），业绩比较基准9.8%，灵活存续，1000元起投，T+1 次日赎回。该产品风险等级高于您的风险偏好，请谨慎选择。理财非存款，产品有风险，投资须谨慎。
C006993,3,P029,call,周末14:00-18:00,您好，我是您的专属理财顾问，为您介绍：固定期限029号（R4·固定期限），业绩比较基准7.8%，灵活存续，10000元起投，封闭运作。理财非存款，产品有风险，投资须谨慎。
C007003,1,P020,app_push,工作日09:00-12:00,专属推荐：现金管理020号（R2·现金管理），业绩比较基准3.6%，366天，10000元起投，T+1 次日赎回。理财非存款，产品有风险，投资须谨慎。
C007003,2,P018,app_push,工作日12:00-14:00,专属推荐：现金管理018号（R2·现金管理），业绩比较基准3.6%，730天，10000元起投，T+0 随时赎回。理财非存款，产品有风险，投资须谨慎。
C007003,3,P017,app_push,周末09:00-12:00,专属推荐：现金管理017号（R3·现金管理），业绩比较基准4.3%，180天，1000元起投，T+1 次日赎回。该产品风险等级高于您的风险偏好，请谨慎选择。理财非存款，产品有风险，投资须谨慎。
C007005,1,P002,app_push,工作日09:00-12:00,专属推荐：固定期限002号（R5·固定期限），业绩比较基准11.3%，366天，1000元起投，T+0 随时赎回。理财非存款，产品有风险，投资须谨慎。
C007005,2,P023,app_push,工作日12:00-14:00,专属推荐：固定期限023号（R5·固定期限），业绩比较基准9.8%，灵活存续，1000元起投，T+1 次日赎回。理财非存款，产品有风险，投资须谨慎。
C007005,3,P004,app_push,周末14:00-18:00,专属推荐：现金管理004号（R5·现金管理），业绩比较基准8.6%，灵活存续，1000元起投，封闭运作。理财非存款，产品有风险，投资须谨慎。
C007006,1,P002,app_push,工作日09:00-12:00,专属推荐：固定期限002号（R5·固定期限），业绩比较基准11.3%，366天，1000元起投，T+0 随时赎回。理财非存款，产品有风险，投资须谨慎。
C007006,2,P023,app_push,工作日12:00-14:00,专属推荐：固定期限023号（R5·固定期限），业绩比较基准9.8%，灵活存续，1000元起投，T+1 次日赎回。理财非存款，产品有风险，投资须谨慎。
C007006,3,P004,app_push,工作日18:00-21:00,专属推荐：现金管理004号（R5·现金管理），业绩比较基准8.6%，灵活存续，1000元起投，封闭运作。理财非存款，产品有风险，投资须谨慎。
C007008,1,P017,call,工作日09:00-12:00,您好，我是您的专属理财顾问，为您介绍：现金管理017号（R3·现金管理），业绩比较基准4.3%，180天，1000元起投，T+1 次日赎回。理财非存款，产品有风险，投资须谨慎。
C007008,2,P006,call,工作日12:00-14:00,您好，我是您的专属理财顾问，为您介绍：混合006号（R3·混合），业绩比较基准5.1%，灵活存续，50000元起投，T+1 次日赎回。理财非存款，产品有风险，投资须谨慎。
C007008,3,P025,call,工作日18:00-21:00,您好，我是您的专属理财顾问，为您介绍：定开025号（R3·定开），业绩比较基准5.2%，366天，1000元起投，T+0 随时赎回。理财非存款，产品有风险，投资须谨慎。
C007009,1,P026,manager,工作日09:00-12:00,钻石贵宾专享：混合026号（R2·混合），业绩比较基准3.1%，180天，1000元起投，T+1 次日赎回，可为您预约专属认购。理财非存款，产品有风险，投资须谨慎。
C007009,2,P025,manager,工作日12:00-14:00,钻石贵宾专享：定开025号（R3·定开），业绩比较基准5.2%，366天，1000元起投，T+0 随时赎回，可为您预约专属认购。理财非存款，产品有风险，投资须谨慎。
C007009,3,P024,manager,工作日18:00-21:00,钻石贵宾专享：定开024号（R3·定开），业绩比较基准4.7%，90天，1000元起投，T+1 次日赎回，可为您预约专属认购。理财非存款，产品有风险，投资须谨慎。
C007019,1,P026,app_push,工作日12:00-14:00,专属推荐：混合026号（R2·混合），业绩比较基准3.1%，180天，1000元起投，T+1 次日赎回。理财非存款，产品有风险，投资须谨慎。
C007019,2,P019,app_push,周末14:00-18:00,专属推荐：定开019号（R2·定开），业绩比较基准3.3%，灵活存续，1000元起投，T+0 随时赎回。理财非存款，产品有风险，投资须谨慎。
C007019,3,P030,app_push,工作日18:00-21:00,专属推荐：固定期限030号（R2·固定期限），业绩比较基准3.1%，730天，1000元起投，T+0 随时赎回。理财非存款，产品有风险，投资须谨慎。
C007020,1,P025,app_push,工作日09:00-12:00,专属推荐：定开025号（R3·定开），业绩比较基准5.2%，366天，1000元起投，T+0 随时赎回。理财非存款，产品有风险，投资须谨慎。
C007020,2,P008,app_push,工作日12:00-14:00,专属推荐：定开008号（R3·定开），业绩比较基准5.1%，366天，10000元起投，封闭运作。理财非存款，产品有风险，投资须谨慎。
C007020,3,P024,app_push,工作日18:00-21:00,专属推荐：定开024号（R3·定开），业绩比较基准4.7%，90天，1000元起投，T+1 次日赎回。理财非存款，产品有风险，投资须谨慎。
C007021,1,P002,call,工作日09:00-12:00,您好，我是您的专属理财顾问，为您介绍：固定期限002号（R5·固定期限），业绩比较基准11.3%，366天，1000元起投，T+0 随时赎回。理财非存款，产品有风险，投资须谨慎。
C007021,2,P023,call,工作日18:00-21:00,您好，我是您的专属理财顾问，为您介绍：固定期限023号（R5·固定期限），业绩比较基准9.8%，灵活存续，1000元起投，T+1 次日赎回。理财非存款，产品有风险，投资须谨慎。
C007021,3,P004,call,周末14:00-18:00,您好，我是您的专属理财顾问，为您介绍：现金管理004号（R5·现金管理），业绩比较基准8.6%，灵活存续，1000元起投，封闭运作。理财非存款，产品有风险，投资须谨慎。
C007023,1,P029,app_push,工作日18:00-21:00,专属推荐：固定期限029号（R4·固定期限），业绩比较基准7.8%，灵活存续，10000元起投，封闭运作。理财非存款，产品有风险，投资须谨慎。
C007023,2,P002,app_push,周末09:00-12:00,专属推荐：固定期限002号（R5·固定期限），业绩比较基准11.3%，366天，1000元起投，T+0 随时赎回。该产品风险等级高于您的风险偏好，请谨慎选择。理财非存款，产品有风险，投资须谨慎。
C007023,3,P023,app_push,周末14:00-18:00,专属推荐：固定期限023号（R5·固定期限），业绩比较基准9.8%，灵活存续，1000元起投，T+1 次日赎回。该产品风险等级高于您的风险偏好，请谨慎选择。理财非存款，产品有风险，投资须谨慎。
C007024,1,P025,call,工作日12:00-14:00,您好，我是您的专属理财顾问，为您介绍：定开025号（R3·定开），业绩比较基准5.2%，366天，1000元起投，T+0 随时赎回。理财非存款，产品有风险，投资须谨慎。
C007024,2,P008,call,工作日18:00-21:00,您好，我是您的专属理财顾问，为您介绍：定开008号（R3·定开），业绩比较基准5.1%，366天，10000元起投，封闭运作。理财非存款，产品有风险，投资须谨慎。
C007024,3,P024,call,周末14:00-18:00,您好，我是您的专属理财顾问，为您介绍：定开024号（R3·定开），业绩比较基准4.7%，90天，1000元起投，T+1 次日赎回。理财非存款，产品有风险，投资须谨慎。
C007026,1,P030,app_push,工作日18:00-21:00,专属推荐：固定期限030号（R2·固定期限），业绩比较基准3.1%，730天，1000元起投，T+0 随时赎回。理财非存款，产品有风险，投资须谨慎。
C007026,2,P011,app_push,周末09:00-12:00,专属推荐：固定期限011号（R2·固定期限），业绩比较基准3.3%，90天，10000元起投，T+0 随时赎回。理财非存款，产品有风险，投资须谨慎。
C007026,3,P012,app_push,周末14:00-18:00,专属推荐：混合012号（R2·混合），业绩比较基准3.7%，90天，10000元起投，T+1 次日赎回。理财非存款，产品有风险，投资须谨慎。
C007028,1,P029,call,工作日12:00-14:00,您好，我是您的专属理财顾问，为您介绍：固定期限029号（R4·固定期限），业绩比较基准7.8%，灵活存续，10000元起投，封闭运作。理财非存款，产品有风险，投资须谨慎。
C007028,2,P002,call,周末14:00-18:00,您好，我是您的专属理财顾问，为您介绍：固定期限002号（R5·固定期限），业绩比较基准11.3%，366天，1000元起投，T+0 随时赎回。该产品风险等级高于您的风险偏好，请谨慎选择。理财非存款，产品有风险，投资须谨慎。
C007028,3,P023,call,工作日18:00-21:00,您好，我是您的专属理财顾问，为您介绍：固定期限023号（R5·固定期限），业绩比较基准9.8%，灵活存续，1000元起投，T+1 次日赎回。该产品风险等级高于您的风险偏好，请谨慎选择。理财非存款，产品有风险，投资须谨慎。
C007030,1,P008,call,工作日09:00-12:00,您好，我是您的专属理财顾问，为您介绍：定开008号（R3·定开），业绩比较基准5.1%，366天，10000元起投，封闭运作。理财非存款，产品有风险，投资须谨慎。
C007030,2,P024,call,工作日18:00-21:00,您好，我是您的专属理财顾问，为您介绍：定开024号（R3·定开），业绩比较基准4.7%，90天，1000元起投，T+1 次日赎回。理财非存款，产品有风险，投资须谨慎。
C007030,3,P025,call,周末14:00-18:00,您好，我是您的专属理财顾问，为您介绍：定开025号（R3·定开），业绩比较基准5.2%，366天，1000元起投，T+0 随时赎回。理财非存款，产品有风险，投资须谨慎。
C007035,1,P014,manager,工作日18:00-21:00,钻石贵宾专享：混合014号（R1·混合），业绩比较基准2.3%，90天，10000元起投，T+1 次日赎回，可为您预约专属认购。理财非存款，产品有风险，投资须谨慎。
C007035,2,P010,manager,周末09:00-12:00,钻石贵宾专享：现金管理010号（R1·现金管理），业绩比较基准2.8%，366天，50000元起投，T+0 随时赎回，可为您预约专属认购。理财非存款，产品有风险，投资须谨慎。
C007035,3,P012,manager,周末14:00-18:00,钻石贵宾专享：混合012号（R2·混合），业绩比较基准3.7%，90天，10000元起投，T+1 次日赎回，可为您预约专属认购。该产品风险等级高于您的风险偏好，请谨慎选择。理财非存款，产品有风险，投资须谨慎。
C007040,1,P025,call,工作日09:00-12:00,您好，我是您的专属理财顾问，为您介绍：定开025号（R3·定开），业绩比较基准5.2%，366天，1000元起投，T+0 随时赎回。理财非存款，产品有风险，投资须谨慎。
C007040,2,P024,call,工作日12:00-14:00,您好，我是您的专属理财顾问，为您介绍：定开024号（R3·定开），业绩比较基准4.7%，90天，1000元起投，T+1 次日赎回。理财非存款，产品有风险，投资须谨慎。
C007040,3,P008,call,周末09:00-12:00,您好，我是您的专属理财顾问，为您介绍：定开008号（R3·定开），业绩比较基准5.1%，366天，10000元起投，封闭运作。理财非存款，产品有风险，投资须谨慎。
C007045,1,P025,app_push,工作日09:00-12:00,专属推荐：定开025号（R3·定开），业绩比较基准5.2%，366天，1000元起投，T+0 随时赎回。理财非存款，产品有风险，投资须谨慎。
C007045,2,P024,app_push,工作日18:00-21:00,专属推荐：定开024号（R3·定开），业绩比较基准4.7%，90天，1000元起投，T+1 次日赎回。理财非存款，产品有风险，投资须谨慎。
C007045,3,P008,app_push,周末14:00-18:00,专属推荐：定开008号（R3·定开），业绩比较基准5.1%，366天，10000元起投，封闭运作。理财非存款，产品有风险，投资须谨慎。
C007050,1,P003,app_push,工作日09:00-12:00,专属推荐：固定期限003号（R3·固定期限），业绩比较基准4.5%，730天，50000元起投，封闭运作。理财非存款，产品有风险，投资须谨慎。
C007050,2,P017,app_push,工作日12:00-14:00,专属推荐：现金管理017号（R3·现金管理），业绩比较基准4.3%，180天，1000元起投，T+1 次日赎回。理财非存款，产品有风险，投资须谨慎。
C007050,3,P006,app_push,工作日18:00-21:00,专属推荐：混合006号（R3·混合），业绩比较基准5.1%，灵活存续，50000元起投，T+1 次日赎回。理财非存款，产品有风险，投资须谨慎。
C007051,1,P012,app_push,工作日09:00-12:00,专属推荐：混合012号（R2·混合），业绩比较基准3.7%，90天，10000元起投，T+1 次日赎回。理财非存款，产品有风险，投资须谨慎。
C007051,2,P030,app_push,工作日12:00-14:00,专属推荐：固定期限030号（R2·固定期限），业绩比较基准3.1%，730天，1000元起投，T+0 随时赎回。理财非存款，产品有风险，投资须谨慎。
C007051,3,P011,app_push,工作日18:00-21:00,专属推荐：固定期限011号（R2·固定期限），业绩比较基准3.3%，90天，10000元起投，T+0 随时赎回。理财非存款，产品有风险，投资须谨慎。
C007054,1,P011,app_push,工作日18:00-21:00,专属推荐：固定期限011号（R2·固定期限），业绩比较基准3.3%，90天，10000元起投，T+0 随时赎回。理财非存款，产品有风险，投资须谨慎。
C007054,2,P012,app_push,周末09:00-12:00,专属推荐：混合012号（R2·混合），业绩比较基准3.7%，90天，10000元起投，T+1 次日赎回。理财非存款，产品有风险，投资须谨慎。
C007054,3,P022,app_push,周末14:00-18:00,专属推荐：定开022号（R2·定开），业绩比较基准3.0%，730天，10000元起投，T+1 次日赎回。理财非存款，产品有风险，投资须谨慎。
C007057,1,P029,app_push,工作日09:00-12:00,专属推荐：固定期限029号（R4·固定期限），业绩比较基准7.8%，灵活存续，10000元起投，封闭运作。理财非存款，产品有风险，投资须谨慎。
C007057,2,P015,app_push,工作日12:00-14:00,专属推荐：固定期限015号（R4·固定期限），业绩比较基准6.7%，366天，50000元起投，封闭运作。理财非存款，产品有风险，投资须谨慎。
C007057,3,P002,app_push,工作日18:00-21:00,专属推荐：固定期限002号（R5·固定期限），业绩比较基准11.3%，366天，1000元起投，T+0 随时赎回。该产品风险等级高于您的风险偏好，请谨慎选择。理财非存款，产品有风险，投资须谨慎。
C007060,1,P030,app_push,工作日18:00-21:00,专属推荐：固定期限030号（R2·固定期限），业绩比较基准3.1%，730天，1000元起投，T+0 随时赎回。理财非存款，产品有风险，投资须谨慎。
C007060,2,P025,app_push,周末09:00-12:00,专属推荐：定开025号（R3·定开），业绩比较基准5.2%，366天，1000元起投，T+0 随时赎回。理财非存款，产品有风险，投资须谨慎。
C007060,3,P024,app_push,周末14:00-18:00,专属推荐：定开024号（R3·定开），业绩比较基准4.7%，90天，1000元起投，T+1 次日赎回。理财非存款，产品有风险，投资须谨慎。
C007065,1,P011,app_push,工作日09:00-12:00,专属推荐：固定期限011号（R2·固定期限），业绩比较基准3.3%，90天，10000元起投，T+0 随时赎回。理财非存款，产品有风险，投资须谨慎。
C007065,2,P026,app_push,工作日12:00-14:00,专属推荐：混合026号（R2·混合），业绩比较基准3.1%，180天，1000元起投，T+1 次日赎回。理财非存款，产品有风险，投资须谨慎。
C007065,3,P022,app_push,周末09:00-12:00,专属推荐：定开022号（R2·定开），业绩比较基准3.0%，730天，10000元起投，T+1 次日赎回。理财非存款，产品有风险，投资须谨慎。
C007068,1,P002,call,工作日09:00-12:00,您好，我是您的专属理财顾问，为您介绍：固定期限002号（R5·固定期限），业绩比较基准11.3%，366天，1000元起投，T+0 随时赎回。理财非存款，产品有风险，投资须谨慎。
C007068,2,P023,call,工作日18:00-21:00,您好，我是您的专属理财顾问，为您介绍：固定期限023号（R5·固定期限），业绩比较基准9.8%，灵活存续，1000元起投，T+1 次日赎回。理财非存款，产品有风险，投资须谨慎。
C007068,3,P004,call,周末09:00-12:00,您好，我是您的专属理财顾问，为您介绍：现金管理004号（R5·现金管理），业绩比较基准8.6%，灵活存续，1000元起投，封闭运作。理财非存款，产品有风险，投资须谨慎。
C007071,1,P026,app_push,工作日12:00-14:00,专属推荐：混合026号（R2·混合），业绩比较基准3.1%，180天，1000元起投，T+1 次日赎回。理财非存款，产品有风险，投资须谨慎。
C007071,2,P019,app_push,周末14:00-18:00,专属推荐：定开019号（R2·定开），业绩比较基准3.3%，灵活存续，1000元起投，T+0 随时赎回。理财非存款，产品有风险，投资须谨慎。
C007071,3,P030,app_push,工作日18:00-21:00,专属推荐：固定期限030号（R2·固定期限），业绩比较基准3.1%，730天，1000元起投，T+0 随时赎回。理财非存款，产品有风险，投资须谨慎。
C007076,1,P025,call,工作日18:00-21:00,您好，我是您的专属理财顾问，为您介绍：定开025号（R3·定开），业绩比较基准5.2%，366天，1000元起投，T+0 随时赎回。理财非存款，产品有风险，投资须谨慎。
C007076,2,P008,call,周末09:00-12:00,您好，我是您的专属理财顾问，为您介绍：定开008号（R3·定开），业绩比较基准5.1%，366天，10000元起投，封闭运作。理财非存款，产品有风险，投资须谨慎。
C007076,3,P024,call,周末14:00-18:00,您好，我是您的专属理财顾问，为您介绍：定开024号（R3·定开），业绩比较基准4.7%，90天，1000元起投，T+1 次日赎回。理财非存款，产品有风险，投资须谨慎。
C007077,1,P012,call,工作日12:00-14:00,您好，我是您的专属理财顾问，为您介绍：混合012号（R2·混合），业绩比较基准3.7%，90天，10000元起投，T+1 次日赎回。理财非存款，产品有风险，投资须谨慎。
C007077,2,P022,call,周末14:00-18:00,您好，我是您的专属理财顾问，为您介绍：定开022号（R2·定开），业绩比较基准3.0%，730天，10000元起投，T+1 次日赎回。理财非存款，产品有风险，投资须谨慎。
C007077,3,P013,call,工作日18:00-21:00,您好，我是您的专属理财顾问，为您介绍：定开013号（R2·定开），业绩比较基准3.5%，灵活存续，10000元起投，T+0 随时赎回。理财非存款，产品有风险，投资须谨慎。
C007082,1,P002,call,工作日09:00-12:00,您好，我是您的专属理财顾问，为您介绍：固定期限002号（R5·固定期限），业绩比较基准11.3%，366天，1000元起投，T+0 随时赎回。该产品风险等级高于您的风险偏好，请谨慎选择。理财非存款，产品有风险，投资须谨慎。
C007082,2,P029,call,工作日18:00-21:00,您好，我是您的专属理财顾问，为您介绍：固定期限029号（R4·固定期限），业绩比较基准7.8%，灵活存续，10000元起投，封闭运作。理财非存款，产品有风险，投资须谨慎。
C007082,3,P023,call,周末14:00-18:00,您好，我是您的专属理财顾问，为您介绍：固定期限023号（R5·固定期限），业绩比较基准9.8%，灵活存续，1000元起投，T+1 次日赎回。该产品风险等级高于您的风险偏好，请谨慎选择。理财非存款，产品有风险，投资须谨慎。
C007086,1,P001,app_push,工作日18:00-21:00,专属推荐：混合001号（R3·混合），业绩比较基准5.5%，730天，50000元起投，封闭运作。该产品风险等级高于您的风险偏好，请谨慎选择。理财非存款，产品有风险，投资须谨慎。
C007086,2,P012,app_push,周末09:00-12:00,专属推荐：混合012号（R2·混合），业绩比较基准3.7%，90天，10000元起投，T+1 次日赎回。理财非存款，产品有风险，投资须谨慎。
C007086,3,P026,app_push,周末14:00-18:00,专属推荐：混合026号（R2·混合），业绩比较基准3.1%，180天，1000元起投，T+1 次日赎回。理财非存款，产品有风险，投资须谨慎。
C007087,1,P025,call,工作日09:00-12:00,您好，我是您的专属理财顾问，为您介绍：定开025号（R3·定开），业绩比较基准5.2%，366天，1000元起投，T+0 随时赎回。理财非存款，产品有风险，投资须谨慎。
C007087,2,P024,call,工作日12:00-14:00,您好，我是您的专属理财顾问，为您介绍：定开024号（R3·定开），业绩比较基准4.7%，90天，1000元起投，T+1 次日赎回。理财非存款，产品有风险，投资须谨慎。
C007087,3,P019,call,工作日18:00-21:00,您好，我是您的专属理财顾问，为您介绍：定开019号（R2·定开），业绩比较基准3.3%，灵活存续，1000元起投，T+0 随时赎回。理财非存款，产品有风险，投资须谨慎。
C007088,1,P012,call,工作日18:00-21:00,您好，我是您的专属理财顾问，为您介绍：混合012号（R2·混合），业绩比较基准3.7%，90天，10000元起投，T+1 次日赎回。理财非存款，产品有风险，投资须谨慎。
C007088,2,P014,call,周末09:00-12:00,您好，我是您的专属理财顾问，为您介绍：混合014号（R1·混合），业绩比较基准2.3%，90天，10000元起投，T+1 次日赎回。理财非存款，产品有风险，投资须谨慎。
C007088,3,P026,call,周末14:00-18:00,您好，我是您的专属理财顾问，为您介绍：混合026号（R2·混合），业绩比较基准3.1%，180天，1000元起投，T+1 次日赎回。理财非存款，产品有风险，投资须谨慎。
C007090,1,P030,app_push,工作日09:00-12:00,专属推荐：固定期限030号（R2·固定期限），业绩比较基准3.1%，730天，1000元起投，T+0 随时赎回。理财非存款，产品有风险，投资须谨慎。
C007090,2,P011,app_push,工作日12:00-14:00,专属推荐：固定期限011号（R2·固定期限），业绩比较基准3.3%，90天，10000元起投，T+0 随时赎回。理财非存款，产品有风险，投资须谨慎。
C007090,3,P012,app_push,周末09:00-12:00,专属推荐：混合012号（R2·混合），业绩比较基准3.7%，90天，10000元起投，T+1 次日赎回。理财非存款，产品有风险，投资须谨慎。
C007094,1,P011,app_push,工作日09:00-12:00,专属推荐：固定期限011号（R2·固定期限），业绩比较基准3.3%，90天，10000元起投，T+0 随时赎回。理财非存款，产品有风险，投资须谨慎。
C007094,2,P030,app_push,工作日12:00-14:00,专属推荐：固定期限030号（R2·固定期限），业绩比较基准3.1%，730天，1000元起投，T+0 随时赎回。理财非存款，产品有风险，投资须谨慎。
C007094,3,P012,app_push,周末09:00-12:00,专属推荐：混合012号（R2·混合），业绩比较基准3.7%，90天，10000元起投，T+1 次日赎回。理财非存款，产品有风险，投资须谨慎。
C007098,1,P006,call,工作日12:00-14:00,您好，我是您的专属理财顾问，为您介绍：混合006号（R3·混合），业绩比较基准5.1%，灵活存续，50000元起投，T+1 次日赎回。理财非存款，产品有风险，投资须谨慎。
C007098,2,P001,call,周末14:00-18:00,您好，我是您的专属理财顾问，为您介绍：混合001号（R3·混合），业绩比较基准5.5%，730天，50000元起投，封闭运作。理财非存款，产品有风险，投资须谨慎。
C007098,3,P025,call,工作日18:00-21:00,您好，我是您的专属理财顾问，为您介绍：定开025号（R3·定开），业绩比较基准5.2%，366天，1000元起投，T+0 随时赎回。理财非存款，产品有风险，投资须谨慎。
C007099,1,P006,app_push,工作日09:00-12:00,专属推荐：混合006号（R3·混合），业绩比较基准5.1%，灵活存续，50000元起投，T+1 次日赎回。理财非存款，产品有风险，投资须谨慎。
C007099,2,P025,app_push,工作日12:00-14:00,专属推荐：定开025号（R3·定开），业绩比较基准5.2%，366天，1000元起投，T+0 随时赎回。理财非存款，产品有风险，投资须谨慎。
C007099,3,P001,app_push,周末09:00-12:00,专属推荐：混合001号（R3·混合），业绩比较基准5.5%，730天，50000元起投，封闭运作。理财非存款，产品有风险，投资须谨慎。
C007100,1,P002,app_push,工作日18:00-21:00,专属推荐：固定期限002号（R5·固定期限），业绩比较基准11.3%，366天，1000元起投，T+0 随时赎回。理财非存款，产品有风险，投资须谨慎。
C007100,2,P023,app_push,周末09:00-12:00,专属推荐：固定期限023号（R5·固定期限），业绩比较基准9.8%，灵活存续，1000元起投，T+1 次日赎回。理财非存款，产品有风险，投资须谨慎。
C007100,3,P004,app_push,周末14:00-18:00,专属推荐：现金管理004号（R5·现金管理），业绩比较基准8.6%，灵活存续，1000元起投，封闭运作。理财非存款，产品有风险，投资须谨慎。
C007101,1,P011,call,工作日09:00-12:00,您好，我是您的专属理财顾问，为您介绍：固定期限011号（R2·固定期限），业绩比较基准3.3%，90天，10000元起投，T+0 随时赎回。理财非存款，产品有风险，投资须谨慎。
C007101,2,P013,call,工作日12:00-14:00,您好，我是您的专属理财顾问，为您介绍：定开013号（R2·定开），业绩比较基准3.5%，灵活存续，10000元起投，T+0 随时赎回。理财非存款，产品有风险，投资须谨慎。
C007101,3,P022,call,工作日18:00-21:00,您好，我是您的专属理财顾问，为您介绍：定开022号（R2·定开），业绩比较基准3.0%，730天，10000元起投，T+1 次日赎回。理财非存款，产品有风险，投资须谨慎。
C007104,1,P024,app_push,工作日12:00-14:00,专属推荐：定开024号（R3·定开），业绩比较基准4.7%，90天，1000元起投，T+1 次日赎回。理财非存款，产品有风险，投资须谨慎。
C007104,2,P025,app_push,工作日18:00-21:00,专属推荐：定开025号（R3·定开），业绩比较基准5.2%，366天，1000元起投，T+0 随时赎回。理财非存款，产品有风险，投资须谨慎。
C007104,3,P008,app_push,周末14:00-18:00,专属推荐：定开008号（R3·定开），业绩比较基准5.1%，366天，10000元起投，封闭运作。理财非存款，产品有风险，投资须谨慎。
C007106,1,P029,app_push,工作日09:00-12:00,专属推荐：固定期限029号（R4·固定期限），业绩比较基准7.8%，灵活存续，10000元起投，封闭运作。理财非存款，产品有风险，投资须谨慎。
C007106,2,P002,app_push,工作日12:00-14:00,专属推荐：固定期限002号（R5·固定期限），业绩比较基准11.3%，366天，1000元起投，T+0 随时赎回。该产品风险等级高于您的风险偏好，请谨慎选择。理财非存款，产品有风险，投资须谨慎。
C007106,3,P023,app_push,工作日18:00-21:00,专属推荐：固定期限023号（R5·固定期限），业绩比较基准9.8%，灵活存续，1000元起投，T+1 次日赎回。该产品风险等级高于您的风险偏好，请谨慎选择。理财非存款，产品有风险，投资须谨慎。
C007108,1,P026,app_push,工作日18:00-21:00,专属推荐：混合026号（R2·混合），业绩比较基准3.1%，180天，1000元起投，T+1 次日赎回。理财非存款，产品有风险，投资须谨慎。
C007108,2,P025,app_push,周末14:00-18:00,专属推荐：定开025号（R3·定开），业绩比较基准5.2%，366天，1000元起投，T+0 随时赎回。理财非存款，产品有风险，投资须谨慎。
C007108,3,P024,app_push,周末09:00-12:00,专属推荐：定开024号（R3·定开），业绩比较基准4.7%，90天，1000元起投，T+1 次日赎回。理财非存款，产品有风险，投资须谨慎。
C007116,1,P025,app_push,工作日09:00-12:00,专属推荐：定开025号（R3·定开），业绩比较基准5.2%，366天，1000元起投，T+0 随时赎回。理财非存款，产品有风险，投资须谨慎。
C007116,2,P024,app_push,工作日18:00-21:00,专属推荐：定开024号（R3·定开），业绩比较基准4.7%，90天，1000元起投，T+1 次日赎回。理财非存款，产品有风险，投资须谨慎。
C007116,3,P008,app_push,周末14:00-18:00,专属推荐：定开008号（R3·定开），业绩比较基准5.1%，366天，10000元起投，封闭运作。理财非存款，产品有风险，投资须谨慎。
C007117,1,P029,app_push,工作日18:00-21:00,专属推荐：固定期限029号（R4·固定期限），业绩比较基准7.8%，灵活存续，10000元起投，封闭运作。理财非存款，产品有风险，投资须谨慎。
C007117,2,P002,app_push,周末09:00-12:00,专属推荐：固定期限002号（R5·固定期限），业绩比较基准11.3%，366天，1000元起投，T+0 随时赎回。该产品风险等级高于您的风险偏好，请谨慎选择。理财非存款，产品有风险，投资须谨慎。
C007117,3,P023,app_push,周末14:00-18:00,专属推荐：固定期限023号（R5·固定期限），业绩比较基准9.8%，灵活存续，1000元起投，T+1 次日赎回。该产品风险等级高于您的风险偏好，请谨慎选择。理财非存款，产品有风险，投资须谨慎。
C007120,1,P011,call,工作日18:00-21:00,您好，我是您的专属理财顾问，为您介绍：固定期限011号（R2·固定期限），业绩比较基准3.3%，90天，10000元起投，T+0 随时赎回。理财非存款，产品有风险，投资须谨慎。
C007120,2,P012,call,周末14:00-18:00,您好，我是您的专属理财顾问，为您介绍：混合012号（R2·混合），业绩比较基准3.7%，90天，10000元起投，T+1 次日赎回。理财非存款，产品有风险，投资须谨慎。
C007120,3,P013,call,周末09:00-12:00,您好，我是您的专属理财顾问，为您介绍：定开013号（R2·定开），业绩比较基准3.5%，灵活存续，10000元起投，T+0 随时赎回。理财非存款，产品有风险，投资须谨慎。
C007121,1,P026,call,工作日18:00-21:00,您好，我是您的专属理财顾问，为您介绍：混合026号（R2·混合），业绩比较基准3.1%，180天，1000元起投，T+1 次日赎回。理财非存款，产品有风险，投资须谨慎。
C007121,2,P019,call,周末09:00-12:00,您好，我是您的专属理财顾问，为您介绍：定开019号（R2·定开），业绩比较基准3.3%，灵活存续，1000元起投，T+0 随时赎回。理财非存款，产品有风险，投资须谨慎。
C007121,3,P030,call,周末14:00-18:00,您好，我是您的专属理财顾问，为您介绍：固定期限030号（R2·固定期限），业绩比较基准3.1%，730天，1000元起投，T+0 随时赎回。理财非存款，产品有风险，投资须谨慎。
C007122,1,P025,call,工作日09:00-12:00,您好，我是您的专属理财顾问，为您介绍：定开025号（R3·定开），业绩比较基准5.2%，366天，1000元起投，T+0 随时赎回。理财非存款，产品有风险，投资须谨慎。
C007122,2,P008,call,工作日12:00-14:00,您好，我是您的专属理财顾问，为您介绍：定开008号（R3·定开），业绩比较基准5.1%，366天，10000元起投，封闭运作。理财非存款，产品有风险，投资须谨慎。
C007122,3,P024,call,工作日18:00-21:00,您好，我是您的专属理财顾问，为您介绍：定开024号（R3·定开），业绩比较基准4.7%，90天，1000元起投，T+1 次日赎回。理财非存款，产品有风险，投资须谨慎。
C007125,1,P017,call,工作日09:00-12:00,您好，我是您的专属理财顾问，为您介绍：现金管理017号（R3·现金管理），业绩比较基准4.3%，180天，1000元起投，T+1 次日赎回。理财非存款，产品有风险，投资须谨慎。
C007125,2,P018,call,工作日12:00-14:00,您好，我是您的专属理财顾问，为您介绍：现金管理018号（R2·现金管理），业绩比较基准3.6%，730天，10000元起投，T+0 随时赎回。理财非存款，产品有风险，投资须谨慎。
C007125,3,P020,call,周末09:00-12:00,您好，我是您的专属理财顾问，为您介绍：现金管理020号（R2·现金管理），业绩比较基准3.6%，366天，10000元起投，T+1 次日赎回。理财非存款，产品有风险，投资须谨慎。
C007135,1,P014,app_push,工作日09:00-12:00,专属推荐：混合014号（R1·混合），业绩比较基准2.3%，90天，10000元起投，T+1 次日赎回。理财非存款，产品有风险，投资须谨慎。
C007135,2,P010,app_push,工作日12:00-14:00,专属推荐：现金管理010号（R1·现金管理），业绩比较基准2.8%，366天，50000元起投，T+0 随时赎回。理财非存款，产品有风险，投资须谨慎。
C007135,3,P012,app_push,工作日18:00-21:00,专属推荐：混合012号（R2·混合），业绩比较基准3.7%，90天，10000元起投，T+1 次日赎回。该产品风险等级高于您的风险偏好，请谨慎选择。理财非存款，产品有风险，投资须谨慎。
C007139,1,P029,app_push,工作日18:00-21:00,专属推荐：固定期限029号（R4·固定期限），业绩比较基准7.8%，灵活存续，10000元起投，封闭运作。理财非存款，产品有风险，投资须谨慎。
C007139,2,P015,app_push,周末09:00-12:00,专属推荐：固定期限015号（R4·固定期限），业绩比较基准6.7%，366天，50000元起投，封闭运作。理财非存款，产品有风险，投资须谨慎。
C007139,3,P027,app_push,周末14:00-18:00,专属推荐：现金管理027号（R4·现金管理），业绩比较基准7.7%，366天，100000元起投，T+1 次日赎回。理财非存款，产品有风险，投资须谨慎。
C007141,1,P025,app_push,工作日09:00-12:00,专属推荐：定开025号（R3·定开），业绩比较基准5.2%，366天，1000元起投，T+0 随时赎回。理财非存款，产品有风险，投资须谨慎。
C007141,2,P024,app_push,工作日12:00-14:00,专属推荐：定开024号（R3·定开），业绩比较基准4.7%，90天，1000元起投，T+1 次日赎回。理财非存款，产品有风险，投资须谨慎。
C007141,3,P008,app_push,周末09:00-12:00,专属推荐：定开008号（R3·定开），业绩比较基准5.1%，366天，10000元起投，封闭运作。理财非存款，产品有风险，投资须谨慎。
C007142,1,P025,manager,工作日18:00-21:00,钻石贵宾专享：定开025号（R3·定开），业绩比较基准5.2%，366天，1000元起投，T+0 随时赎回，可为您预约专属认购。理财非存款，产品有风险，投资须谨慎。
C007142,2,P006,manager,周末09:00-12:00,钻石贵宾专享：混合006号（R3·混合），业绩比较基准5.1%，灵活存续，50000元起投，T+1 次日赎回，可为您预约专属认购。理财非存款，产品有风险，投资须谨慎。
C007142,3,P001,manager,周末14:00-18:00,钻石贵宾专享：混合001号（R3·混合），业绩比较基准5.5%，730天，50000元起投，封闭运作，可为您预约专属认购。理财非存款，产品有风险，投资须谨慎。
C007148,1,P025,call,工作日12:00-14:00,您好，我是您的专属理财顾问，为您介绍：定开025号（R3·定开），业绩比较基准5.2%，366天，1000元起投，T+0 随时赎回。理财非存款，产品有风险，投资须谨慎。
C007148,2,P006,call,周末14:00-18:00,您好，我是您的专属理财顾问，为您介绍：混合006号（R3·混合），业绩比较基准5.1%，灵活存续，50000元起投，T+1 次日赎回。理财非存款，产品有风险，投资须谨慎。
C007148,3,P024,call,工作日18:00-21:00,您好，我是您的专属理财顾问，为您介绍：定开024号（R3·定开），业绩比较基准4.7%，90天，1000元起投，T+1 次日赎回。理财非存款，产品有风险，投资须谨慎。
C007149,1,P004,app_push,工作日12:00-14:00,专属推荐：现金管理004号（R5·现金管理），业绩比较基准8.6%，灵活存续，1000元起投，封闭运作。该产品风险等级高于您的风险偏好，请谨慎选择。理财非存款，产品有风险，投资须谨慎。
C007149,2,P029,app_push,工作日18:00-21:00,专属推荐：固定期限029号（R4·固定期限），业绩比较基准7.8%，灵活存续，10000元起投，封闭运作。理财非存款，产品有风险，投资须谨慎。
C007149,3,P017,app_push,周末14:00-18:00,专属推荐：现金管理017号（R3·现金管理），业绩比较基准4.3%，180天，1000元起投，T+1 次日赎回。理财非存款，产品有风险，投资须谨慎。
C007150,1,P026,app_push,工作日12:00-14:00,专属推荐：混合026号（R2·混合），业绩比较基准3.1%，180天，1000元起投，T+1 次日赎回。理财非存款，产品有风险，投资须谨慎。
C007150,2,P019,app_push,工作日18:00-21:00,专属推荐：定开019号（R2·定开），业绩比较基准3.3%，灵活存续，1000元起投，T+0 随时赎回。理财非存款，产品有风险，投资须谨慎。
C007150,3,P012,app_push,周末14:00-18:00,专属推荐：混合012号（R2·混合），业绩比较基准3.7%，90天，10000元起投，T+1 次日赎回。理财非存款，产品有风险，投资须谨慎。
C007155,1,P029,app_push,工作日09:00-12:00,专属推荐：固定期限029号（R4·固定期限），业绩比较基准7.8%，灵活存续，10000元起投，封闭运作。理财非存款，产品有风险，投资须谨慎。
C007155,2,P002,app_push,工作日18:00-21:00,专属推荐：固定期限002号（R5·固定期限），业绩比较基准11.3%，366天，1000元起投，T+0 随时赎回。该产品风险等级高于您的风险偏好，请谨慎选择。理财非存款，产品有风险，投资须谨慎。
C007155,3,P023,app_push,周末09:00-12:00,专属推荐：固定期限023号（R5·固定期限），业绩比较基准9.8%，灵活存续，1000元起投，T+1 次日赎回。该产品风险等级高于您的风险偏好，请谨慎选择。理财非存款，产品有风险，投资须谨慎。
C007157,1,P025,call,工作日09:00-12:00,您好，我是您的专属理财顾问，为您介绍：定开025号（R3·定开），业绩比较基准5.2%，366天，1000元起投，T+0 随时赎回。理财非存款，产品有风险，投资须谨慎。
C007157,2,P024,call,工作日18:00-21:00,您好，我是您的专属理财顾问，为您介绍：定开024号（R3·定开），业绩比较基准4.7%，90天，1000元起投，T+1 次日赎回。理财非存款，产品有风险，投资须谨慎。
C007157,3,P008,call,周末09:00-12:00,您好，我是您的专属理财顾问，为您介绍：定开008号（R3·定开），业绩比较基准5.1%，366天，10000元起投，封闭运作。理财非存款，产品有风险，投资须谨慎。
C007158,1,P012,app_push,工作日09:00-12:00,专属推荐：混合012号（R2·混合），业绩比较基准3.7%，90天，10000元起投，T+1 次日赎回。理财非存款，产品有风险，投资须谨慎。
C007158,2,P013,app_push,工作日12:00-14:00,专属推荐：定开013号（R2·定开），业绩比较基准3.5%，灵活存续，10000元起投，T+0 随时赎回。理财非存款，产品有风险，投资须谨慎。
C007158,3,P011,app_push,周末14:00-18:00,专属推荐：固定期限011号（R2·固定期限），业绩比较基准3.3%，90天，10000元起投，T+0 随时赎回。理财非存款，产品有风险，投资须谨慎。
C007161,1,P025,app_push,工作日09:00-12:00,专属推荐：定开025号（R3·定开），业绩比较基准5.2%，366天，1000元起投，T+0 随时赎回。理财非存款，产品有风险，投资须谨慎。
C007161,2,P024,app_push,工作日12:00-14:00,专属推荐：定开024号（R3·定开），业绩比较基准4.7%，90天，1000元起投，T+1 次日赎回。理财非存款，产品有风险，投资须谨慎。
C007161,3,P017,app_push,周末09:00-12:00,专属推荐：现金管理017号（R3·现金管理），业绩比较基准4.3%，180天，1000元起投，T+1 次日赎回。理财非存款，产品有风险，投资须谨慎。
C007165,1,P014,app_push,工作日09:00-12:00,专属推荐：混合014号（R1·混合），业绩比较基准2.3%，90天，10000元起投，T+1 次日赎回。理财非存款，产品有风险，投资须谨慎。
C007165,2,P012,app_push,工作日12:00-14:00,专属推荐：混合012号（R2·混合），业绩比较基准3.7%，90天，10000元起投，T+1 次日赎回。该产品风险等级高于您的风险偏好，请谨慎选择。理财非存款，产品有风险，投资须谨慎。
C007165,3,P013,app_push,周末09:00-12:00,专属推荐：定开013号（R2·定开），业绩比较基准3.5%，灵活存续，10000元起投，T+0 随时赎回。该产品风险等级高于您的风险偏好，请谨慎选择。理财非存款，产品有风险，投资须谨慎。
C007166,1,P017,manager,工作日12:00-14:00,金卡贵宾专享：现金管理017号（R3·现金管理），业绩比较基准4.3%，180天，1000元起投，T+1 次日赎回，可为您预约专属认购。理财非存款，产品有风险，投资须谨慎。
C007166,2,P025,manager,工作日18:00-21:00,金卡贵宾专享：定开025号（R3·定开），业绩比较基准5.2%，366天，1000元起投，T+0 随时赎回，可为您预约专属认购。理财非存款，产品有风险，投资须谨慎。
C007166,3,P024,manager,周末14:00-18:00,金卡贵宾专享：定开024号（R3·定开），业绩比较基准4.7%，90天，1000元起投，T+1 次日赎回，可为您预约专属认购。理财非存款，产品有风险，投资须谨慎。
C007176,1,P027,app_push,工作日12:00-14:00,专属推荐：现金管理027号（R4·现金管理），业绩比较基准7.7%，366天，100000元起投，T+1 次日赎回。理财非存款，产品有风险，投资须谨慎。
C007176,2,P005,app_push,工作日18:00-21:00,专属推荐：现金管理005号（R5·现金管理），业绩比较基准11.0%，灵活存续，100000元起投，T+0 随时赎回。该产品风险等级高于您的风险偏好，请谨慎选择。理财非存款，产品有风险，投资须谨慎。
C007176,3,P004,app_push,周末14:00-18:00,专属推荐：现金管理004号（R5·现金管理），业绩比较基准8.6%，灵活存续，1000元起投，封闭运作。该产品风险等级高于您的风险偏好，请谨慎选择。理财非存款，产品有风险，投资须谨慎。
C007177,1,P026,app_push,工作日09:00-12:00,专属推荐：混合026号（R2·混合），业绩比较基准3.1%，180天，1000元起投，T+1 次日赎回。该产品风险等级高于您的风险偏好，请谨慎选择。理财非存款，产品有风险，投资须谨慎。
C007177,2,P019,app_push,工作日12:00-14:00,专属推荐：定开019号（R2·定开），业绩比较基准3.3%，灵活存续，1000元起投，T+0 随时赎回。该产品风险等级高于您的风险偏好，请谨慎选择。理财非存款，产品有风险，投资须谨慎。
C007177,3,P030,app_push,周末09:00-12:00,专属推荐：固定期限030号（R2·固定期限），业绩比较基准3.1%，730天，1000元起投，T+0 随时赎回。该产品风险等级高于您的风险偏好，请谨慎选择。理财非存款，产品有风险，投资须谨慎。
C007179,1,P025,app_push,工作日09:00-12:00,专属推荐：定开025号（R3·定开），业绩比较基准5.2%，366天，1000元起投，T+0 随时赎回。理财非存款，产品有风险，投资须谨慎。
C007179,2,P024,app_push,工作日12:00-14:00,专属推荐：定开024号（R3·定开），业绩比较基准4.7%，90天，1000元起投，T+1 次日赎回。理财非存款，产品有风险，投资须谨慎。
C007179,3,P017,app_push,周末09:00-12:00,专属推荐：现金管理017号（R3·现金管理），业绩比较基准4.3%，180天，1000元起投，T+1 次日赎回。理财非存款，产品有风险，投资须谨慎。
C007186,1,P013,app_push,工作日18:00-21:00,专属推荐：定开013号（R2·定开），业绩比较基准3.5%，灵活存续，10000元起投，T+0 随时赎回。理财非存款，产品有风险，投资须谨慎。
C007186,2,P019,app_push,周末09:00-12:00,专属推荐：定开019号（R2·定开），业绩比较基准3.3%，灵活存续，1000元起投，T+0 随时赎回。理财非存款，产品有风险，投资须谨慎。
C007186,3,P022,app_push,周末14:00-18:00,专属推荐：定开022号（R2·定开），业绩比较基准3.0%，730天，10000元起投，T+1 次日赎回。理财非存款，产品有风险，投资须谨慎。
C007189,1,P025,manager,工作日12:00-14:00,金卡贵宾专享：定开025号（R3·定开），业绩比较基准5.2%，366天，1000元起投，T+0 随时赎回，可为您预约专属认购。理财非存款，产品有风险，投资须谨慎。
C007189,2,P024,manager,周末14:00-18:00,金卡贵宾专享：定开024号（R3·定开），业绩比较基准4.7%，90天，1000元起投，T+1 次日赎回，可为您预约专属认购。理财非存款，产品有风险，投资须谨慎。
C007189,3,P017,manager,工作日18:00-21:00,金卡贵宾专享：现金管理017号（R3·现金管理），业绩比较基准4.3%，180天，1000元起投，T+1 次日赎回，可为您预约专属认购。理财非存款，产品有风险，投资须谨慎。
C007190,1,P011,manager,工作日12:00-14:00,金卡贵宾专享：固定期限011号（R2·固定期限），业绩比较基准3.3%，90天，10000元起投，T+0 随时赎回，可为您预约专属认购。该产品风险等级高于您的风险偏好，请谨慎选择。理财非存款，产品有风险，投资须谨慎。
C007190,2,P030,manager,工作日18:00-21:00,金卡贵宾专享：固定期限030号（R2·固定期限），业绩比较基准3.1%，730天，1000元起投，T+0 随时赎回，可为您预约专属认购。该产品风险等级高于您的风险偏好，请谨慎选择。理财非存款，产品有风险，投资须谨慎。
C007190,3,P014,manager,周末14:00-18:00,金卡贵宾专享：混合014号（R1·混合），业绩比较基准2.3%，90天，10000元起投，T+1 次日赎回，可为您预约专属认购。理财非存款，产品有风险，投资须谨慎。
C007204,1,P002,app_push,工作日09:00-12:00,专属推荐：固定期限002号（R5·固定期限），业绩比较基准11.3%，366天，1000元起投，T+0 随时赎回。理财非存款，产品有风险，投资须谨慎。
C007204,2,P023,app_push,工作日12:00-14:00,专属推荐：固定期限023号（R5·固定期限），业绩比较基准9.8%，灵活存续，1000元起投，T+1 次日赎回。理财非存款，产品有风险，投资须谨慎。
C007204,3,P004,app_push,工作日18:00-21:00,专属推荐：现金管理004号（R5·现金管理），业绩比较基准8.6%，灵活存续，1000元起投，封闭运作。理财非存款，产品有风险，投资须谨慎。
C007206,1,P029,app_push,工作日18:00-21:00,专属推荐：固定期限029号（R4·固定期限），业绩比较基准7.8%，灵活存续，10000元起投，封闭运作。该产品风险等级高于您的风险偏好，请谨慎选择。理财非存款，产品有风险，投资须谨慎。
C007206,2,P003,app_push,周末14:00-18:00,专属推荐：固定期限003号（R3·固定期限），业绩比较基准4.5%，730天，50000元起投，封闭运作。理财非存款，产品有风险，投资须谨慎。
C007206,3,P011,app_push,周末09:00-12:00,专属推荐：固定期限011号（R2·固定期限），业绩比较基准3.3%，90天，10000元起投，T+0 随时赎回。理财非存款，产品有风险，投资须谨慎。
C007207,1,P025,app_push,工作日18:00-21:00,专属推荐：定开025号（R3·定开），业绩比较基准5.2%，366天，1000元起投，T+0 随时赎回。理财非存款，产品有风险，投资须谨慎。
C007207,2,P008,app_push,周末09:00-12:00,专属推荐：定开008号（R3·定开），业绩比较基准5.1%，366天，10000元起投，封闭运作。理财非存款，产品有风险，投资须谨慎。
C007207,3,P024,app_push,周末14:00-18:00,专属推荐：定开024号（R3·定开），业绩比较基准4.7%，90天，1000元起投，T+1 次日赎回。理财非存款，产品有风险，投资须谨慎。
C007214,1,P025,app_push,工作日09:00-12:00,专属推荐：定开025号（R3·定开），业绩比较基准5.2%，366天，1000元起投，T+0 随时赎回。理财非存款，产品有风险，投资须谨慎。
C007214,2,P024,app_push,工作日12:00-14:00,专属推荐：定开024号（R3·定开），业绩比较基准4.7%，90天，1000元起投，T+1 次日赎回。理财非存款，产品有风险，投资须谨慎。
C007214,3,P008,app_push,周末09:00-12:00,专属推荐：定开008号（R3·定开），业绩比较基准5.1%，366天，10000元起投，封闭运作。理财非存款，产品有风险，投资须谨慎。
C007215,1,P017,app_push,工作日09:00-12:00,专属推荐：现金管理017号（R3·现金管理），业绩比较基准4.3%，180天，1000元起投，T+1 次日赎回。理财非存款，产品有风险，投资须谨慎。
C007215,2,P024,app_push,工作日12:00-14:00,专属推荐：定开024号（R3·定开），业绩比较基准4.7%，90天，1000元起投，T+1 次日赎回。理财非存款，产品有风险，投资须谨慎。
C007215,3,P025,app_push,周末14:00-18:00,专属推荐：定开025号（R3·定开），业绩比较基准5.2%，366天，1000元起投，T+0 随时赎回。理财非存款，产品有风险，投资须谨慎。
C007219,1,P025,app_push,工作日12:00-14:00,专属推荐：定开025号（R3·定开），业绩比较基准5.2%，366天，1000元起投，T+0 随时赎回。理财非存款，产品有风险，投资须谨慎。
C007219,2,P024,app_push,工作日18:00-21:00,专属推荐：定开024号（R3·定开），业绩比较基准4.7%，90天，1000元起投，T+1 次日赎回。理财非存款，产品有风险，投资须谨慎。
C007219,3,P017,app_push,周末14:00-18:00,专属推荐：现金管理017号（R3·现金管理），业绩比较基准4.3%，180天，1000元起投，T+1 次日赎回。理财非存款，产品有风险，投资须谨慎。
C007222,1,P029,app_push,工作日18:00-21:00,专属推荐：固定期限029号（R4·固定期限），业绩比较基准7.8%，灵活存续，10000元起投，封闭运作。该产品风险等级高于您的风险偏好，请谨慎选择。理财非存款，产品有风险，投资须谨慎。
C007222,2,P012,app_push,周末14:00-18:00,专属推荐：混合012号（R2·混合），业绩比较基准3.7%，90天，10000元起投，T+1 次日赎回。理财非存款，产品有风险，投资须谨慎。
C007222,3,P006,app_push,周末09:00-12:00,专属推荐：混合006号（R3·混合），业绩比较基准5.1%，灵活存续，50000元起投，T+1 次日赎回。理财非存款，产品有风险，投资须谨慎。
C007224,1,P008,call,工作日18:00-21:00,您好，我是您的专属理财顾问，为您介绍：定开008号（R3·定开），业绩比较基准5.1%，366天，10000元起投，封闭运作。理财非存款，产品有风险，投资须谨慎。
C007224,2,P029,call,周末14:00-18:00,您好，我是您的专属理财顾问，为您介绍：固定期限029号（R4·固定期限），业绩比较基准7.8%，灵活存续，10000元起投，封闭运作。该产品风险等级高于您的风险偏好，请谨慎选择。理财非存款，产品有风险，投资须谨慎。
C007224,3,P025,call,周末09:00-12:00,您好，我是您的专属理财顾问，为您介绍：定开025号（R3·定开），业绩比较基准5.2%，366天，1000元起投，T+0 随时赎回。理财非存款，产品有风险，投资须谨慎。
C007228,1,P029,app_push,工作日12:00-14:00,专属推荐：固定期限029号（R4·固定期限），业绩比较基准7.8%，灵活存续，10000元起投，封闭运作。理财非存款，产品有风险，投资须谨慎。
C007228,2,P002,app_push,周末14:00-18:00,专属推荐：固定期限002号（R5·固定期限），业绩比较基准11.3%，366天，1000元起投，T+0 随时赎回。该产品风险等级高于您的风险偏好，请谨慎选择。理财非存款，产品有风险，投资须谨慎。
C007228,3,P023,app_push,工作日18:00-21:00,专属推荐：固定期限023号（R5·固定期限），业绩比较基准9.8%，灵活存续，1000元起投，T+1 次日赎回。该产品风险等级高于您的风险偏好，请谨慎选择。理财非存款，产品有风险，投资须谨慎。
C007233,1,P026,app_push,工作日18:00-21:00,专属推荐：混合026号（R2·混合），业绩比较基准3.1%，180天，1000元起投，T+1 次日赎回。该产品风险等级高于您的风险偏好，请谨慎选择。理财非存款，产品有风险，投资须谨慎。
C007233,2,P019,app_push,周末14:00-18:00,专属推荐：定开019号（R2·定开），业绩比较基准3.3%，灵活存续，1000元起投，T+0 随时赎回。该产品风险等级高于您的风险偏好，请谨慎选择。理财非存款，产品有风险，投资须谨慎。
C007233,3,P030,app_push,周末09:00-12:00,专属推荐：固定期限030号（R2·固定期限），业绩比较基准3.1%，730天，1000元起投，T+0 随时赎回。该产品风险等级高于您的风险偏好，请谨慎选择。理财非存款，产品有风险，投资须谨慎。
C007238,1,P025,app_push,工作日09:00-12:00,专属推荐：定开025号（R3·定开），业绩比较基准5.2%，366天，1000元起投，T+0 随时赎回。理财非存款，产品有风险，投资须谨慎。
C007238,2,P024,app_push,工作日12:00-14:00,专属推荐：定开024号（R3·定开），业绩比较基准4.7%，90天，1000元起投，T+1 次日赎回。理财非存款，产品有风险，投资须谨慎。
C007238,3,P008,app_push,周末09:00-12:00,专属推荐：定开008号（R3·定开），业绩比较基准5.1%，366天，10000元起投，封闭运作。理财非存款，产品有风险，投资须谨慎。
C007241,1,P022,app_push,工作日12:00-14:00,专属推荐：定开022号（R2·定开），业绩比较基准3.0%，730天，10000元起投，T+1 次日赎回。该产品风险等级高于您的风险偏好，请谨慎选择。理财非存款，产品有风险，投资须谨慎。
C007241,2,P010,app_push,工作日18:00-21:00,专属推荐：现金管理010号（R1·现金管理），业绩比较基准2.8%，366天，50000元起投，T+0 随时赎回。理财非存款，产品有风险，投资须谨慎。
C007241,3,P009,app_push,周末14:00-18:00,专属推荐：现金管理009号（R2·现金管理），业绩比较基准4.0%，730天，50000元起投，T+0 随时赎回。该产品风险等级高于您的风险偏好，请谨慎选择。理财非存款，产品有风险，投资须谨慎。
C007242,1,P029,manager,工作日18:00-21:00,钻石贵宾专享：固定期限029号（R4·固定期限），业绩比较基准7.8%，灵活存续，10000元起投，封闭运作，可为您预约专属认购。该产品风险等级高于您的风险偏好，请谨慎选择。理财非存款，产品有风险，投资须谨慎。
C007242,2,P017,manager,周末14:00-18:00,钻石贵宾专享：现金管理017号（R3·现金管理），业绩比较基准4.3%，180天，1000元起投，T+1 次日赎回，可为您预约专属认购。理财非存款，产品有风险，投资须谨慎。
C007242,3,P011,manager,周末09:00-12:00,钻石贵宾专享：固定期限011号（R2·固定期限），业绩比较基准3.3%，90天，10000元起投，T+0 随时赎回，可为您预约专属认购。理财非存款，产品有风险，投资须谨慎。
C007249,1,P029,app_push,工作日09:00-12:00,专属推荐：固定期限029号（R4·固定期限），业绩比较基准7.8%，灵活存续，10000元起投，封闭运作。理财非存款，产品有风险，投资须谨慎。
C007249,2,P015,app_push,工作日12:00-14:00,专属推荐：固定期限015号（R4·固定期限），业绩比较基准6.7%，366天，50000元起投，封闭运作。理财非存款，产品有风险，投资须谨慎。
C007249,3,P002,app_push,周末14:00-18:00,专属推荐：固定期限002号（R5·固定期限），业绩比较基准11.3%，366天，1000元起投，T+0 随时赎回。该产品风险等级高于您的风险偏好，请谨慎选择。理财非存款，产品有风险，投资须谨慎。
C007261,1,P030,call,工作日09:00-12:00,您好，我是您的专属理财顾问，为您介绍：固定期限030号（R2·固定期限），业绩比较基准3.1%，730天，1000元起投，T+0 随时赎回。该产品风险等级高于您的风险偏好，请谨慎选择。理财非存款，产品有风险，投资须谨慎。
C007261,2,P014,call,工作日18:00-21:00,您好，我是您的专属理财顾问，为您介绍：混合014号（R1·混合），业绩比较基准2.3%，90天，10000元起投，T+1 次日赎回。理财非存款，产品有风险，投资须谨慎。
C007261,3,P011,call,周末09:00-12:00,您好，我是您的专属理财顾问，为您介绍：固定期限011号（R2·固定期限），业绩比较基准3.3%，90天，10000元起投，T+0 随时赎回。该产品风险等级高于您的风险偏好，请谨慎选择。理财非存款，产品有风险，投资须谨慎。
C007264,1,P026,app_push,工作日09:00-12:00,专属推荐：混合026号（R2·混合），业绩比较基准3.1%，180天，1000元起投，T+1 次日赎回。理财非存款，产品有风险，投资须谨慎。
C007264,2,P019,app_push,工作日12:00-14:00,专属推荐：定开019号（R2·定开），业绩比较基准3.3%，灵活存续，1000元起投，T+0 随时赎回。理财非存款，产品有风险，投资须谨慎。
C007264,3,P030,app_push,工作日18:00-21:00,专属推荐：固定期限030号（R2·固定期限），业绩比较基准3.1%，730天，1000元起投，T+0 随时赎回。理财非存款，产品有风险，投资须谨慎。
C007265,1,P024,app_push,工作日09:00-12:00,专属推荐：定开024号（R3·定开），业绩比较基准4.7%，90天，1000元起投，T+1 次日赎回。该产品风险等级高于您的风险偏好，请谨慎选择。理财非存款，产品有风险，投资须谨慎。
C007265,2,P019,app_push,工作日12:00-14:00,专属推荐：定开019号（R2·定开），业绩比较基准3.3%，灵活存续，1000元起投，T+0 随时赎回。理财非存款，产品有风险，投资须谨慎。
C007265,3,P025,app_push,周末09:00-12:00,专属推荐：定开025号（R3·定开），业绩比较基准5.2%，366天，1000元起投，T+0 随时赎回。该产品风险等级高于您的风险偏好，请谨慎选择。理财非存款，产品有风险，投资须谨慎。
C007273,1,P019,app_push,工作日18:00-21:00,专属推荐：定开019号（R2·定开），业绩比较基准3.3%，灵活存续，1000元起投，T+0 随时赎回。理财非存款，产品有风险，投资须谨慎。
C007273,2,P025,app_push,周末14:00-18:00,专属推荐：定开025号（R3·定开），业绩比较基准5.2%，366天，1000元起投，T+0 随时赎回。该产品风险等级高于您的风险偏好，请谨慎选择。理财非存款，产品有风险，投资须谨慎。
C007273,3,P024,app_push,周末09:00-12:00,专属推荐：定开024号（R3·定开），业绩比较基准4.7%，90天，1000元起投，T+1 次日赎回。该产品风险等级高于您的风险偏好，请谨慎选择。理财非存款，产品有风险，投资须谨慎。
C007274,1,P029,call,工作日09:00-12:00,您好，我是您的专属理财顾问，为您介绍：固定期限029号（R4·固定期限），业绩比较基准7.8%，灵活存续，10000元起投，封闭运作。该产品风险等级高于您的风险偏好，请谨慎选择。理财非存款，产品有风险，投资须谨慎。
C007274,2,P011,call,工作日12:00-14:00,您好，我是您的专属理财顾问，为您介绍：固定期限011号（R2·固定期限），业绩比较基准3.3%，90天，10000元起投，T+0 随时赎回。理财非存款，产品有风险，投资须谨慎。
C007274,3,P030,call,工作日18:00-21:00,您好，我是您的专属理财顾问，为您介绍：固定期限030号（R2·固定期限），业绩比较基准3.1%，730天，1000元起投，T+0 随时赎回。理财非存款，产品有风险，投资须谨慎。
C007275,1,P013,app_push,工作日09:00-12:00,专属推荐：定开013号（R2·定开），业绩比较基准3.5%，灵活存续，10000元起投，T+0 随时赎回。理财非存款，产品有风险，投资须谨慎。
C007275,2,P022,app_push,工作日12:00-14:00,专属推荐：定开022号（R2·定开），业绩比较基准3.0%，730天，10000元起投，T+1 次日赎回。理财非存款，产品有风险，投资须谨慎。
C007275,3,P018,app_push,工作日18:00-21:00,专属推荐：现金管理018号（R2·现金管理），业绩比较基准3.6%，730天，10000元起投，T+0 随时赎回。理财非存款，产品有风险，投资须谨慎。
C007279,1,P029,app_push,工作日18:00-21:00,专属推荐：固定期限029号（R4·固定期限），业绩比较基准7.8%，灵活存续，10000元起投，封闭运作。该产品风险等级高于您的风险偏好，请谨慎选择。理财非存款，产品有风险，投资须谨慎。
C007279,2,P011,app_push,周末14:00-18:00,专属推荐：固定期限011号（R2·固定期限），业绩比较基准3.3%，90天，10000元起投，T+0 随时赎回。理财非存款，产品有风险，投资须谨慎。
C007279,3,P030,app_push,周末09:00-12:00,专属推荐：固定期限030号（R2·固定期限），业绩比较基准3.1%，730天，1000元起投，T+0 随时赎回。理财非存款，产品有风险，投资须谨慎。
C007280,1,P017,manager,工作日12:00-14:00,金卡贵宾专享：现金管理017号（R3·现金管理），业绩比较基准4.3%，180天，1000元起投，T+1 次日赎回，可为您预约专属认购。理财非存款，产品有风险，投资须谨慎。
C007280,2,P024,manager,工作日18:00-21:00,金卡贵宾专享：定开024号（R3·定开），业绩比较基准4.7%，90天，1000元起投，T+1 次日赎回，可为您预约专属认购。理财非存款，产品有风险，投资须谨慎。
C007280,3,P025,manager,周末14:00-18:00,金卡贵宾专享：定开025号（R3·定开），业绩比较基准5.2%，366天，1000元起投，T+0 随时赎回，可为您预约专属认购。理财非存款，产品有风险，投资须谨慎。
C007288,1,P022,app_push,工作日18:00-21:00,专属推荐：定开022号（R2·定开），业绩比较基准3.0%，730天，10000元起投，T+1 次日赎回。理财非存款，产品有风险，投资须谨慎。
C007288,2,P013,app_push,周末14:00-18:00,专属推荐：定开013号（R2·定开），业绩比较基准3.5%，灵活存续，10000元起投，T+0 随时赎回。理财非存款，产品有风险，投资须谨慎。
C007288,3,P019,app_push,周末09:00-12:00,专属推荐：定开019号（R2·定开），业绩比较基准3.3%，灵活存续，1000元起投，T+0 随时赎回。理财非存款，产品有风险，投资须谨慎。
C007293,1,P029,call,工作日09:00-12:00,您好，我是您的专属理财顾问，为您介绍：固定期限029号（R4·固定期限），业绩比较基准7.8%，灵活存续，10000元起投，封闭运作。理财非存款，产品有风险，投资须谨慎。
C007293,2,P015,call,工作日12:00-14:00,您好，我是您的专属理财顾问，为您介绍：固定期限015号（R4·固定期限），业绩比较基准6.7%，366天，50000元起投，封闭运作。理财非存款，产品有风险，投资须谨慎。
C007293,3,P002,call,工作日18:00-21:00,您好，我是您的专属理财顾问，为您介绍：固定期限002号（R5·固定期限），业绩比较基准11.3%，366天，1000元起投，T+0 随时赎回。该产品风险等级高于您的风险偏好，请谨慎选择。理财非存款，产品有风险，投资须谨慎。
C007302,1,P030,manager,工作日12:00-14:00,金卡贵宾专享：固定期限030号（R2·固定期限），业绩比较基准3.1%，730天，1000元起投，T+0 随时赎回，可为您预约专属认购。该产品风险等级高于您的风险偏好，请谨慎选择。理财非存款，产品有风险，投资须谨慎。
C007302,2,P014,manager,周末14:00-18:00,金卡贵宾专享：混合014号（R1·混合），业绩比较基准2.3%，90天，10000元起投，T+1 次日赎回，可为您预约专属认购。理财非存款，产品有风险，投资须谨慎。
C007302,3,P011,manager,工作日18:00-21:00,金卡贵宾专享：固定期限011号（R2·固定期限），业绩比较基准3.3%，90天，10000元起投，T+0 随时赎回，可为您预约专属认购。该产品风险等级高于您的风险偏好，请谨慎选择。理财非存款，产品有风险，投资须谨慎。
C007304,1,P030,call,工作日09:00-12:00,您好，我是您的专属理财顾问，为您介绍：固定期限030号（R2·固定期限），业绩比较基准3.1%，730天，1000元起投，T+0 随时赎回。理财非存款，产品有风险，投资须谨慎。
C007304,2,P011,call,工作日12:00-14:00,您好，我是您的专属理财顾问，为您介绍：固定期限011号（R2·固定期限），业绩比较基准3.3%，90天，10000元起投，T+0 随时赎回。理财非存款，产品有风险，投资须谨慎。
C007304,3,P026,call,工作日18:00-21:00,您好，我是您的专属理财顾问，为您介绍：混合026号（R2·混合），业绩比较基准3.1%，180天，1000元起投，T+1 次日赎回。理财非存款，产品有风险，投资须谨慎。
C007305,1,P025,call,工作日12:00-14:00,您好，我是您的专属理财顾问，为您介绍：定开025号（R3·定开），业绩比较基准5.2%，366天，1000元起投，T+0 随时赎回。理财非存款，产品有风险，投资须谨慎。
C007305,2,P024,call,周末14:00-18:00,您好，我是您的专属理财顾问，为您介绍：定开024号（R3·定开），业绩比较基准4.7%，90天，1000元起投，T+1 次日赎回。理财非存款，产品有风险，投资须谨慎。
C007305,3,P017,call,工作日18:00-21:00,您好，我是您的专属理财顾问，为您介绍：现金管理017号（R3·现金管理），业绩比较基准4.3%，180天，1000元起投，T+1 次日赎回。理财非存款，产品有风险，投资须谨慎。
C007307,1,P025,call,工作日18:00-21:00,您好，我是您的专属理财顾问，为您介绍：定开025号（R3·定开），业绩比较基准5.2%，366天，1000元起投，T+0 随时赎回。理财非存款，产品有风险，投资须谨慎。
C007307,2,P024,call,周末14:00-18:00,您好，我是您的专属理财顾问，为您介绍：定开024号（R3·定开），业绩比较基准4.7%，90天，1000元起投，T+1 次日赎回。理财非存款，产品有风险，投资须谨慎。
C007307,3,P008,call,周末09:00-12:00,您好，我是您的专属理财顾问，为您介绍：定开008号（R3·定开），业绩比较基准5.1%，366天，10000元起投，封闭运作。理财非存款，产品有风险，投资须谨慎。
C007310,1,P002,call,工作日09:00-12:00,您好，我是您的专属理财顾问，为您介绍：固定期限002号（R5·固定期限），业绩比较基准11.3%，366天，1000元起投，T+0 随时赎回。理财非存款，产品有风险，投资须谨慎。
C007310,2,P023,call,工作日12:00-14:00,您好，我是您的专属理财顾问，为您介绍：固定期限023号（R5·固定期限），业绩比较基准9.8%，灵活存续，1000元起投，T+1 次日赎回。理财非存款，产品有风险，投资须谨慎。
C007310,3,P004,call,周末09:00-12:00,您好，我是您的专属理财顾问，为您介绍：现金管理004号（R5·现金管理），业绩比较基准8.6%，灵活存续，1000元起投，封闭运作。理财非存款，产品有风险，投资须谨慎。
C007311,1,P011,call,工作日12:00-14:00,您好，我是您的专属理财顾问，为您介绍：固定期限011号（R2·固定期限），业绩比较基准3.3%，90天，10000元起投，T+0 随时赎回。理财非存款，产品有风险，投资须谨慎。
C007311,2,P012,call,工作日18:00-21:00,您好，我是您的专属理财顾问，为您介绍：混合012号（R2·混合），业绩比较基准3.7%，90天，10000元起投，T+1 次日赎回。理财非存款，产品有风险，投资须谨慎。
C007311,3,P022,call,周末14:00-18:00,您好，我是您的专属理财顾问，为您介绍：定开022号（R2·定开），业绩比较基准3.0%，730天，10000元起投，T+1 次日赎回。理财非存款，产品有风险，投资须谨慎。
C007323,1,P025,manager,工作日18:00-21:00,钻石贵宾专享：定开025号（R3·定开），业绩比较基准5.2%，366天，1000元起投，T+0 随时赎回，可为您预约专属认购。理财非存款，产品有风险，投资须谨慎。
C007323,2,P008,manager,周末09:00-12:00,钻石贵宾专享：定开008号（R3·定开），业绩比较基准5.1%，366天，10000元起投，封闭运作，可为您预约专属认购。理财非存款，产品有风险，投资须谨慎。
C007323,3,P029,manager,周末14:00-18:00,钻石贵宾专享：固定期限029号（R4·固定期限），业绩比较基准7.8%，灵活存续，10000元起投，封闭运作，可为您预约专属认购。该产品风险等级高于您的风险偏好，请谨慎选择。理财非存款，产品有风险，投资须谨慎。
C007327,1,P017,manager,工作日09:00-12:00,钻石贵宾专享：现金管理017号（R3·现金管理），业绩比较基准4.3%，180天，1000元起投，T+1 次日赎回，可为您预约专属认购。理财非存款，产品有风险，投资须谨慎。
C007327,2,P024,manager,工作日18:00-21:00,钻石贵宾专享：定开024号（R3·定开），业绩比较基准4.7%，90天，1000元起投，T+1 次日赎回，可为您预约专属认购。理财非存款，产品有风险，投资须谨慎。
C007327,3,P025,manager,周末14:00-18:00,钻石贵宾专享：定开025号（R3·定开），业绩比较基准5.2%，366天，1000元起投，T+0 随时赎回，可为您预约专属认购。理财非存款，产品有风险，投资须谨慎。
C007329,1,P029,call,工作日12:00-14:00,您好，我是您的专属理财顾问，为您介绍：固定期限029号（R4·固定期限），业绩比较基准7.8%，灵活存续，10000元起投，封闭运作。理财非存款，产品有风险，投资须谨慎。
C007329,2,P002,call,周末14:00-18:00,您好，我是您的专属理财顾问，为您介绍：固定期限002号（R5·固定期限），业绩比较基准11.3%，366天，1000元起投，T+0 随时赎回。该产品风险等级高于您的风险偏好，请谨慎选择。理财非存款，产品有风险，投资须谨慎。
C007329,3,P023,call,工作日18:00-21:00,您好，我是您的专属理财顾问，为您介绍：固定期限023号（R5·固定期限），业绩比较基准9.8%，灵活存续，1000元起投，T+1 次日赎回。该产品风险等级高于您的风险偏好，请谨慎选择。理财非存款，产品有风险，投资须谨慎。
C007332,1,P018,manager,工作日09:00-12:00,金卡贵宾专享：现金管理018号（R2·现金管理），业绩比较基准3.6%，730天，10000元起投，T+0 随时赎回，可为您预约专属认购。该产品风险等级高于您的风险偏好，请谨慎选择。理财非存款，产品有风险，投资须谨慎。
C007332,2,P022,manager,工作日18:00-21:00,金卡贵宾专享：定开022号（R2·定开），业绩比较基准3.0%，730天，10000元起投，T+1 次日赎回，可为您预约专属认购。该产品风险等级高于您的风险偏好，请谨慎选择。理财非存款，产品有风险，投资须谨慎。
C007332,3,P011,manager,周末14:00-18:00,金卡贵宾专享：固定期限011号（R2·固定期限），业绩比较基准3.3%，90天，10000元起投，T+0 随时赎回，可为您预约专属认购。该产品风险等级高于您的风险偏好，请谨慎选择。理财非存款，产品有风险，投资须谨慎。
C007334,1,P013,app_push,工作日12:00-14:00,专属推荐：定开013号（R2·定开），业绩比较基准3.5%，灵活存续，10000元起投，T+0 随时赎回。理财非存款，产品有风险，投资须谨慎。
C007334,2,P025,app_push,周末14:00-18:00,专属推荐：定开025号（R3·定开），业绩比较基准5.2%，366天，1000元起投，T+0 随时赎回。该产品风险等级高于您的风险偏好，请谨慎选择。理财非存款，产品有风险，投资须谨慎。
C007334,3,P022,app_push,工作日18:00-21:00,专属推荐：定开022号（R2·定开），业绩比较基准3.0%，730天，10000元起投，T+1 次日赎回。理财非存款，产品有风险，投资须谨慎。
C007338,1,P030,app_push,工作日12:00-14:00,专属推荐：固定期限030号（R2·固定期限），业绩比较基准3.1%，730天，1000元起投，T+0 随时赎回。理财非存款，产品有风险，投资须谨慎。
C007338,2,P011,app_push,工作日18:00-21:00,专属推荐：固定期限011号（R2·固定期限），业绩比较基准3.3%，90天，10000元起投，T+0 随时赎回。理财非存款，产品有风险，投资须谨慎。
C007338,3,P019,app_push,周末14:00-18:00,专属推荐：定开019号（R2·定开），业绩比较基准3.3%，灵活存续，1000元起投，T+0 随时赎回。理财非存款，产品有风险，投资须谨慎。
C007339,1,P030,call,工作日18:00-21:00,您好，我是您的专属理财顾问，为您介绍：固定期限030号（R2·固定期限），业绩比较基准3.1%，730天，1000元起投，T+0 随时赎回。理财非存款，产品有风险，投资须谨慎。
C007339,2,P018,call,周末14:00-18:00,您好，我是您的专属理财顾问，为您介绍：现金管理018号（R2·现金管理），业绩比较基准3.6%，730天，10000元起投，T+0 随时赎回。理财非存款，产品有风险，投资须谨慎。
C007339,3,P011,call,周末09:00-12:00,您好，我是您的专属理财顾问，为您介绍：固定期限011号（R2·固定期限），业绩比较基准3.3%，90天，10000元起投，T+0 随时赎回。理财非存款，产品有风险，投资须谨慎。
C007340,1,P024,call,工作日09:00-12:00,您好，我是您的专属理财顾问，为您介绍：定开024号（R3·定开），业绩比较基准4.7%，90天，1000元起投，T+1 次日赎回。理财非存款，产品有风险，投资须谨慎。
C007340,2,P025,call,工作日12:00-14:00,您好，我是您的专属理财顾问，为您介绍：定开025号（R3·定开），业绩比较基准5.2%，366天，1000元起投，T+0 随时赎回。理财非存款，产品有风险，投资须谨慎。
C007340,3,P017,call,周末14:00-18:00,您好，我是您的专属理财顾问，为您介绍：现金管理017号（R3·现金管理），业绩比较基准4.3%，180天，1000元起投，T+1 次日赎回。理财非存款，产品有风险，投资须谨慎。
C007342,1,P022,app_push,工作日18:00-21:00,专属推荐：定开022号（R2·定开），业绩比较基准3.0%，730天，10000元起投，T+1 次日赎回。理财非存款，产品有风险，投资须谨慎。
C007342,2,P019,app_push,周末14:00-18:00,专属推荐：定开019号（R2·定开），业绩比较基准3.3%，灵活存续，1000元起投，T+0 随时赎回。理财非存款，产品有风险，投资须谨慎。
C007342,3,P013,app_push,周末09:00-12:00,专属推荐：定开013号（R2·定开），业绩比较基准3.5%，灵活存续，10000元起投，T+0 随时赎回。理财非存款，产品有风险，投资须谨慎。
C007343,1,P011,app_push,工作日09:00-12:00,专属推荐：固定期限011号（R2·固定期限），业绩比较基准3.3%，90天，10000元起投，T+0 随时赎回。理财非存款，产品有风险，投资须谨慎。
C007343,2,P018,app_push,工作日18:00-21:00,专属推荐：现金管理018号（R2·现金管理），业绩比较基准3.6%，730天，10000元起投，T+0 随时赎回。理财非存款，产品有风险，投资须谨慎。
C007343,3,P020,app_push,周末14:00-18:00,专属推荐：现金管理020号（R2·现金管理），业绩比较基准3.6%，366天，10000元起投，T+1 次日赎回。理财非存款，产品有风险，投资须谨慎。
C007344,1,P026,app_push,工作日18:00-21:00,专属推荐：混合026号（R2·混合），业绩比较基准3.1%，180天，1000元起投，T+1 次日赎回。理财非存款，产品有风险，投资须谨慎。
C007344,2,P019,app_push,周末09:00-12:00,专属推荐：定开019号（R2·定开），业绩比较基准3.3%，灵活存续，1000元起投，T+0 随时赎回。理财非存款，产品有风险，投资须谨慎。
C007344,3,P030,app_push,周末14:00-18:00,专属推荐：固定期限030号（R2·固定期限），业绩比较基准3.1%，730天，1000元起投，T+0 随时赎回。理财非存款，产品有风险，投资须谨慎。
C007352,1,P029,app_push,工作日12:00-14:00,专属推荐：固定期限029号（R4·固定期限），业绩比较基准7.8%，灵活存续，10000元起投，封闭运作。理财非存款，产品有风险，投资须谨慎。
C007352,2,P002,app_push,周末14:00-18:00,专属推荐：固定期限002号（R5·固定期限），业绩比较基准11.3%，366天，1000元起投，T+0 随时赎回。该产品风险等级高于您的风险偏好，请谨慎选择。理财非存款，产品有风险，投资须谨慎。
C007352,3,P023,app_push,工作日18:00-21:00,专属推荐：固定期限023号（R5·固定期限），业绩比较基准9.8%，灵活存续，1000元起投，T+1 次日赎回。该产品风险等级高于您的风险偏好，请谨慎选择。理财非存款，产品有风险，投资须谨慎。
C007353,1,P006,call,工作日09:00-12:00,您好，我是您的专属理财顾问，为您介绍：混合006号（R3·混合），业绩比较基准5.1%，灵活存续，50000元起投，T+1 次日赎回。理财非存款，产品有风险，投资须谨慎。
C007353,2,P024,call,工作日18:00-21:00,您好，我是您的专属理财顾问，为您介绍：定开024号（R3·定开），业绩比较基准4.7%，90天，1000元起投，T+1 次日赎回。理财非存款，产品有风险，投资须谨慎。
C007353,3,P001,call,周末14:00-18:00,您好，我是您的专属理财顾问，为您介绍：混合001号（R3·混合），业绩比较基准5.5%，730天，50000元起投，封闭运作。理财非存款，产品有风险，投资须谨慎。
C007354,1,P012,manager,工作日18:00-21:00,金卡贵宾专享：混合012号（R2·混合），业绩比较基准3.7%，90天，10000元起投，T+1 次日赎回，可为您预约专属认购。理财非存款，产品有风险，投资须谨慎。
C007354,2,P013,manager,周末09:00-12:00,金卡贵宾专享：定开013号（R2·定开），业绩比较基准3.5%，灵活存续，10000元起投，T+0 随时赎回，可为您预约专属认购。理财非存款，产品有风险，投资须谨慎。
C007354,3,P011,manager,周末14:00-18:00,金卡贵宾专享：固定期限011号（R2·固定期限），业绩比较基准3.3%，90天，10000元起投，T+0 随时赎回，可为您预约专属认购。理财非存款，产品有风险，投资须谨慎。
C007374,1,P019,call,工作日09:00-12:00,您好，我是您的专属理财顾问，为您介绍：定开019号（R2·定开），业绩比较基准3.3%，灵活存续，1000元起投，T+0 随时赎回。理财非存款，产品有风险，投资须谨慎。
C007374,2,P013,call,工作日18:00-21:00,您好，我是您的专属理财顾问，为您介绍：定开013号（R2·定开），业绩比较基准3.5%，灵活存续，10000元起投，T+0 随时赎回。理财非存款，产品有风险，投资须谨慎。
C007374,3,P022,call,周末14:00-18:00,您好，我是您的专属理财顾问，为您介绍：定开022号（R2·定开），业绩比较基准3.0%，730天，10000元起投，T+1 次日赎回。理财非存款，产品有风险，投资须谨慎。
C007377,1,P016,manager,工作日18:00-21:00,银卡贵宾专享：现金管理016号（R2·现金管理），业绩比较基准3.1%，180天，100000元起投，T+0 随时赎回，可为您预约专属认购。理财非存款，产品有风险，投资须谨慎。
C007377,2,P026,manager,周末14:00-18:00,银卡贵宾专享：混合026号（R2·混合），业绩比较基准3.1%，180天，1000元起投，T+1 次日赎回，可为您预约专属认购。理财非存款，产品有风险，投资须谨慎。
C007377,3,P012,manager,周末09:00-12:00,银卡贵宾专享：混合012号（R2·混合），业绩比较基准3.7%，90天，10000元起投，T+1 次日赎回，可为您预约专属认购。理财非存款，产品有风险，投资须谨慎。
C007379,1,P011,app_push,工作日09:00-12:00,专属推荐：固定期限011号（R2·固定期限），业绩比较基准3.3%，90天，10000元起投，T+0 随时赎回。该产品风险等级高于您的风险偏好，请谨慎选择。理财非存款，产品有风险，投资须谨慎。
C007379,2,P014,app_push,工作日12:00-14:00,专属推荐：混合014号（R1·混合），业绩比较基准2.3%，90天，10000元起投，T+1 次日赎回。理财非存款，产品有风险，投资须谨慎。
C007379,3,P030,app_push,工作日18:00-21:00,专属推荐：固定期限030号（R2·固定期限），业绩比较基准3.1%，730天，1000元起投，T+0 随时赎回。该产品风险等级高于您的风险偏好，请谨慎选择。理财非存款，产品有风险，投资须谨慎。
C007380,1,P029,app_push,工作日18:00-21:00,专属推荐：固定期限029号（R4·固定期限），业绩比较基准7.8%，灵活存续，10000元起投，封闭运作。理财非存款，产品有风险，投资须谨慎。
C007380,2,P002,app_push,周末14:00-18:00,专属推荐：固定期限002号（R5·固定期限），业绩比较基准11.3%，366天，1000元起投，T+0 随时赎回。该产品风险等级高于您的风险偏好，请谨慎选择。理财非存款，产品有风险，投资须谨慎。
C007380,3,P023,app_push,周末09:00-12:00,专属推荐：固定期限023号（R5·固定期限），业绩比较基准9.8%，灵活存续，1000元起投，T+1 次日赎回。该产品风险等级高于您的风险偏好，请谨慎选择。理财非存款，产品有风险，投资须谨慎。
C007382,1,P024,call,工作日18:00-21:00,您好，我是您的专属理财顾问，为您介绍：定开024号（R3·定开），业绩比较基准4.7%，90天，1000元起投，T+1 次日赎回。理财非存款，产品有风险，投资须谨慎。
C007382,2,P025,call,周末09:00-12:00,您好，我是您的专属理财顾问，为您介绍：定开025号（R3·定开），业绩比较基准5.2%，366天，1000元起投，T+0 随时赎回。理财非存款，产品有风险，投资须谨慎。
C007382,3,P008,call,周末14:00-18:00,您好，我是您的专属理财顾问，为您介绍：定开008号（R3·定开），业绩比较基准5.1%，366天，10000元起投，封闭运作。理财非存款，产品有风险，投资须谨慎。
C007383,1,P029,app_push,工作日09:00-12:00,专属推荐：固定期限029号（R4·固定期限），业绩比较基准7.8%，灵活存续，10000元起投，封闭运作。理财非存款，产品有风险，投资须谨慎。
C007383,2,P015,app_push,工作日12:00-14:00,专属推荐：固定期限015号（R4·固定期限），业绩比较基准6.7%，366天，50000元起投，封闭运作。理财非存款，产品有风险，投资须谨慎。
C007383,3,P002,app_push,工作日18:00-21:00,专属推荐：固定期限002号（R5·固定期限），业绩比较基准11.3%，366天，1000元起投，T+0 随时赎回。该产品风险等级高于您的风险偏好，请谨慎选择。理财非存款，产品有风险，投资须谨慎。
C007385,1,P026,app_push,工作日12:00-14:00,专属推荐：混合026号（R2·混合），业绩比较基准3.1%，180天，1000元起投，T+1 次日赎回。理财非存款，产品有风险，投资须谨慎。
C007385,2,P019,app_push,周末14:00-18:00,专属推荐：定开019号（R2·定开），业绩比较基准3.3%，灵活存续，1000元起投，T+0 随时赎回。理财非存款，产品有风险，投资须谨慎。
C007385,3,P030,app_push,工作日18:00-21:00,专属推荐：固定期限030号（R2·固定期限），业绩比较基准3.1%，730天，1000元起投，T+0 随时赎回。理财非存款，产品有风险，投资须谨慎。
C007386,1,P024,app_push,工作日09:00-12:00,专属推荐：定开024号（R3·定开），业绩比较基准4.7%，90天，1000元起投，T+1 次日赎回。理财非存款，产品有风险，投资须谨慎。
C007386,2,P025,app_push,工作日12:00-14:00,专属推荐：定开025号（R3·定开），业绩比较基准5.2%，366天，1000元起投，T+0 随时赎回。理财非存款，产品有风险，投资须谨慎。
C007386,3,P017,app_push,工作日18:00-21:00,专属推荐：现金管理017号（R3·现金管理），业绩比较基准4.3%，180天，1000元起投，T+1 次日赎回。理财非存款，产品有风险，投资须谨慎。
C007392,1,P025,app_push,工作日12:00-14:00,专属推荐：定开025号（R3·定开），业绩比较基准5.2%，366天，1000元起投，T+0 随时赎回。理财非存款，产品有风险，投资须谨慎。
C007392,2,P008,app_push,周末14:00-18:00,专属推荐：定开008号（R3·定开），业绩比较基准5.1%，366天，10000元起投，封闭运作。理财非存款，产品有风险，投资须谨慎。
C007392,3,P024,app_push,工作日18:00-21:00,专属推荐：定开024号（R3·定开），业绩比较基准4.7%，90天，1000元起投，T+1 次日赎回。理财非存款，产品有风险，投资须谨慎。
C007398,1,P029,app_push,工作日12:00-14:00,专属推荐：固定期限029号（R4·固定期限），业绩比较基准7.8%，灵活存续，10000元起投，封闭运作。该产品风险等级高于您的风险偏好，请谨慎选择。理财非存款，产品有风险，投资须谨慎。
C007398,2,P030,app_push,周末14:00-18:00,专属推荐：固定期限030号（R2·固定期限），业绩比较基准3.1%，730天，1000元起投，T+0 随时赎回。理财非存款，产品有风险，投资须谨慎。
C007398,3,P025,app_push,工作日18:00-21:00,专属推荐：定开025号（R3·定开），业绩比较基准5.2%，366天，1000元起投，T+0 随时赎回。理财非存款，产品有风险，投资须谨慎。
C007404,1,P006,app_push,工作日12:00-14:00,专属推荐：混合006号（R3·混合），业绩比较基准5.1%，灵活存续，50000元起投，T+1 次日赎回。理财非存款，产品有风险，投资须谨慎。
C007404,2,P001,app_push,工作日18:00-21:00,专属推荐：混合001号（R3·混合），业绩比较基准5.5%，730天，50000元起投，封闭运作。理财非存款，产品有风险，投资须谨慎。
C007404,3,P025,app_push,周末14:00-18:00,专属推荐：定开025号（R3·定开），业绩比较基准5.2%，366天，1000元起投，T+0 随时赎回。理财非存款，产品有风险，投资须谨慎。
C007412,1,P012,app_push,工作日09:00-12:00,专属推荐：混合012号（R2·混合），业绩比较基准3.7%，90天，10000元起投，T+1 次日赎回。理财非存款，产品有风险，投资须谨慎。
C007412,2,P013,app_push,工作日12:00-14:00,专属推荐：定开013号（R2·定开），业绩比较基准3.5%，灵活存续，10000元起投，T+0 随时赎回。理财非存款，产品有风险，投资须谨慎。
C007412,3,P026,app_push,周末09:00-12:00,专属推荐：混合026号（R2·混合），业绩比较基准3.1%，180天，1000元起投，T+1 次日赎回。理财非存款，产品有风险，投资须谨慎。
C007414,1,P002,app_push,工作日09:00-12:00,专属推荐：固定期限002号（R5·固定期限），业绩比较基准11.3%，366天，1000元起投，T+0 随时赎回。理财非存款，产品有风险，投资须谨慎。
C007414,2,P023,app_push,工作日12:00-14:00,专属推荐：固定期限023号（R5·固定期限），业绩比较基准9.8%，灵活存续，1000元起投，T+1 次日赎回。理财非存款，产品有风险，投资须谨慎。
C007414,3,P004,app_push,周末09:00-12:00,专属推荐：现金管理004号（R5·现金管理），业绩比较基准8.6%，灵活存续，1000元起投，封闭运作。理财非存款，产品有风险，投资须谨慎。
C007417,1,P022,app_push,工作日18:00-21:00,专属推荐：定开022号（R2·定开），业绩比较基准3.0%，730天，10000元起投，T+1 次日赎回。理财非存款，产品有风险，投资须谨慎。
C007417,2,P030,app_push,周末09:00-12:00,专属推荐：固定期限030号（R2·固定期限），业绩比较基准3.1%，730天，1000元起投，T+0 随时赎回。理财非存款，产品有风险，投资须谨慎。
C007417,3,P011,app_push,周末14:00-18:00,专属推荐：固定期限011号（R2·固定期限），业绩比较基准3.3%，90天，10000元起投，T+0 随时赎回。理财非存款，产品有风险，投资须谨慎。
C007421,1,P029,manager,工作日12:00-14:00,钻石贵宾专享：固定期限029号（R4·固定期限），业绩比较基准7.8%，灵活存续，10000元起投，封闭运作，可为您预约专属认购。理财非存款，产品有风险，投资须谨慎。
C007421,2,P002,manager,工作日18:00-21:00,钻石贵宾专享：固定期限002号（R5·固定期限），业绩比较基准11.3%，366天，1000元起投，T+0 随时赎回，可为您预约专属认购。该产品风险等级高于您的风险偏好，请谨慎选择。理财非存款，产品有风险，投资须谨慎。
C007421,3,P023,manager,周末14:00-18:00,钻石贵宾专享：固定期限023号（R5·固定期限），业绩比较基准9.8%，灵活存续，1000元起投，T+1 次日赎回，可为您预约专属认购。该产品风险等级高于您的风险偏好，请谨慎选择。理财非存款，产品有风险，投资须谨慎。
C007425,1,P002,manager,工作日18:00-21:00,钻石贵宾专享：固定期限002号（R5·固定期限），业绩比较基准11.3%，366天，1000元起投，T+0 随时赎回，可为您预约专属认购。该产品风险等级高于您的风险偏好，请谨慎选择。理财非存款，产品有风险，投资须谨慎。
C007425,2,P023,manager,周末09:00-12:00,钻石贵宾专享：固定期限023号（R5·固定期限），业绩比较基准9.8%，灵活存续，1000元起投，T+1 次日赎回，可为您预约专属认购。该产品风险等级高于您的风险偏好，请谨慎选择。理财非存款，产品有风险，投资须谨慎。
C007425,3,P004,manager,周末14:00-18:00,钻石贵宾专享：现金管理004号（R5·现金管理），业绩比较基准8.6%，灵活存续，1000元起投，封闭运作，可为您预约专属认购。该产品风险等级高于您的风险偏好，请谨慎选择。理财非存款，产品有风险，投资须谨慎。
C007426,1,P014,app_push,工作日09:00-12:00,专属推荐：混合014号（R1·混合），业绩比较基准2.3%，90天，10000元起投，T+1 次日赎回。理财非存款，产品有风险，投资须谨慎。
C007426,2,P012,app_push,工作日12:00-14:00,专属推荐：混合012号（R2·混合），业绩比较基准3.7%，90天，10000元起投，T+1 次日赎回。该产品风险等级高于您的风险偏好，请谨慎选择。理财非存款，产品有风险，投资须谨慎。
C007426,3,P011,app_push,工作日18:00-21:00,专属推荐：固定期限011号（R2·固定期限），业绩比较基准3.3%，90天，10000元起投，T+0 随时赎回。该产品风险等级高于您的风险偏好，请谨慎选择。理财非存款，产品有风险，投资须谨慎。
C007431,1,P010,app_push,工作日09:00-12:00,专属推荐：现金管理010号（R1·现金管理），业绩比较基准2.8%，366天，50000元起投，T+0 随时赎回。理财非存款，产品有风险，投资须谨慎。
C007431,2,P014,app_push,工作日18:00-21:00,专属推荐：混合014号（R1·混合），业绩比较基准2.3%，90天，10000元起投，T+1 次日赎回。理财非存款，产品有风险，投资须谨慎。
C007431,3,P009,app_push,周末14:00-18:00,专属推荐：现金管理009号（R2·现金管理），业绩比较基准4.0%，730天，50000元起投，T+0 随时赎回。该产品风险等级高于您的风险偏好，请谨慎选择。理财非存款，产品有风险，投资须谨慎。
C007433,1,P025,app_push,工作日12:00-14:00,专属推荐：定开025号（R3·定开），业绩比较基准5.2%，366天，1000元起投，T+0 随时赎回。理财非存款，产品有风险，投资须谨慎。
C007433,2,P007,app_push,工作日18:00-21:00,专属推荐：定开007号（R3·定开），业绩比较基准4.6%，730天，50000元起投，封闭运作。理财非存款，产品有风险，投资须谨慎。
C007433,3,P024,app_push,周末14:00-18:00,专属推荐：定开024号（R3·定开），业绩比较基准4.7%，90天，1000元起投，T+1 次日赎回。理财非存款，产品有风险，投资须谨慎。
C007436,1,P025,app_push,工作日12:00-14:00,专属推荐：定开025号（R3·定开），业绩比较基准5.2%，366天，1000元起投，T+0 随时赎回。理财非存款，产品有风险，投资须谨慎。
C007436,2,P008,app_push,周末14:00-18:00,专属推荐：定开008号（R3·定开），业绩比较基准5.1%，366天，10000元起投，封闭运作。理财非存款，产品有风险，投资须谨慎。
C007436,3,P024,app_push,工作日18:00-21:00,专属推荐：定开024号（R3·定开），业绩比较基准4.7%，90天，1000元起投，T+1 次日赎回。理财非存款，产品有风险，投资须谨慎。
C007438,1,P012,app_push,工作日12:00-14:00,专属推荐：混合012号（R2·混合），业绩比较基准3.7%，90天，10000元起投，T+1 次日赎回。理财非存款，产品有风险，投资须谨慎。
C007438,2,P029,app_push,周末14:00-18:00,专属推荐：固定期限029号（R4·固定期限），业绩比较基准7.8%，灵活存续，10000元起投，封闭运作。该产品风险等级高于您的风险偏好，请谨慎选择。理财非存款，产品有风险，投资须谨慎。
C007438,3,P025,app_push,工作日18:00-21:00,专属推荐：定开025号（R3·定开），业绩比较基准5.2%，366天，1000元起投，T+0 随时赎回。理财非存款，产品有风险，投资须谨慎。
C007442,1,P026,manager,工作日09:00-12:00,银卡贵宾专享：混合026号（R2·混合），业绩比较基准3.1%，180天，1000元起投，T+1 次日赎回，可为您预约专属认购。理财非存款，产品有风险，投资须谨慎。
C007442,2,P019,manager,工作日18:00-21:00,银卡贵宾专享：定开019号（R2·定开），业绩比较基准3.3%，灵活存续，1000元起投，T+0 随时赎回，可为您预约专属认购。理财非存款，产品有风险，投资须谨慎。
C007442,3,P012,manager,周末09:00-12:00,银卡贵宾专享：混合012号（R2·混合），业绩比较基准3.7%，90天，10000元起投，T+1 次日赎回，可为您预约专属认购。理财非存款，产品有风险，投资须谨慎。
C007451,1,P019,app_push,工作日09:00-12:00,专属推荐：定开019号（R2·定开），业绩比较基准3.3%，灵活存续，1000元起投，T+0 随时赎回。理财非存款，产品有风险，投资须谨慎。
C007451,2,P018,app_push,工作日12:00-14:00,专属推荐：现金管理018号（R2·现金管理），业绩比较基准3.6%，730天，10000元起投，T+0 随时赎回。理财非存款，产品有风险，投资须谨慎。
C007451,3,P024,app_push,工作日18:00-21:00,专属推荐：定开024号（R3·定开），业绩比较基准4.7%，90天，1000元起投，T+1 次日赎回。该产品风险等级高于您的风险偏好，请谨慎选择。理财非存款，产品有风险，投资须谨慎。
C007454,1,P002,app_push,工作日12:00-14:00,专属推荐：固定期限002号（R5·固定期限），业绩比较基准11.3%，366天，1000元起投，T+0 随时赎回。理财非存款，产品有风险，投资须谨慎。
C007454,2,P023,app_push,工作日18:00-21:00,专属推荐：固定期限023号（R5·固定期限），业绩比较基准9.8%，灵活存续，1000元起投，T+1 次日赎回。理财非存款，产品有风险，投资须谨慎。
C007454,3,P004,app_push,周末14:00-18:00,专属推荐：现金管理004号（R5·现金管理），业绩比较基准8.6%，灵活存续，1000元起投，封闭运作。理财非存款，产品有风险，投资须谨慎。
C007458,1,P024,manager,工作日09:00-12:00,钻石贵宾专享：定开024号（R3·定开），业绩比较基准4.7%，90天，1000元起投，T+1 次日赎回，可为您预约专属认购。理财非存款，产品有风险，投资须谨慎。
C007458,2,P025,manager,工作日12:00-14:00,钻石贵宾专享：定开025号（R3·定开），业绩比较基准5.2%，366天，1000元起投，T+0 随时赎回，可为您预约专属认购。理财非存款，产品有风险，投资须谨慎。
C007458,3,P017,manager,周末09:00-12:00,钻石贵宾专享：现金管理017号（R3·现金管理），业绩比较基准4.3%，180天，1000元起投，T+1 次日赎回，可为您预约专属认购。理财非存款，产品有风险，投资须谨慎。
C007461,1,P018,call,工作日12:00-14:00,您好，我是您的专属理财顾问，为您介绍：现金管理018号（R2·现金管理），业绩比较基准3.6%，730天，10000元起投，T+0 随时赎回。理财非存款，产品有风险，投资须谨慎。
C007461,2,P022,call,周末14:00-18:00,您好，我是您的专属理财顾问，为您介绍：定开022号（R2·定开），业绩比较基准3.0%，730天，10000元起投，T+1 次日赎回。理财非存款，产品有风险，投资须谨慎。
C007461,3,P013,call,工作日18:00-21:00,您好，我是您的专属理财顾问，为您介绍：定开013号（R2·定开），业绩比较基准3.5%，灵活存续，10000元起投，T+0 随时赎回。理财非存款，产品有风险，投资须谨慎。
C007463,1,P006,manager,工作日12:00-14:00,金卡贵宾专享：混合006号（R3·混合），业绩比较基准5.1%，灵活存续，50000元起投，T+1 次日赎回，可为您预约专属认购。理财非存款，产品有风险，投资须谨慎。
C007463,2,P025,manager,工作日18:00-21:00,金卡贵宾专享：定开025号（R3·定开），业绩比较基准5.2%，366天，1000元起投，T+0 随时赎回，可为您预约专属认购。理财非存款，产品有风险，投资须谨慎。
C007463,3,P001,manager,周末14:00-18:00,金卡贵宾专享：混合001号（R3·混合），业绩比较基准5.5%，730天，50000元起投，封闭运作，可为您预约专属认购。理财非存款，产品有风险，投资须谨慎。
C007464,1,P026,call,工作日09:00-12:00,您好，我是您的专属理财顾问，为您介绍：混合026号（R2·混合），业绩比较基准3.1%，180天，1000元起投，T+1 次日赎回。理财非存款，产品有风险，投资须谨慎。
C007464,2,P012,call,工作日18:00-21:00,您好，我是您的专属理财顾问，为您介绍：混合012号（R2·混合），业绩比较基准3.7%，90天，10000元起投，T+1 次日赎回。理财非存款，产品有风险，投资须谨慎。
C007464,3,P019,call,周末14:00-18:00,您好，我是您的专属理财顾问，为您介绍：定开019号（R2·定开），业绩比较基准3.3%，灵活存续，1000元起投，T+0 随时赎回。理财非存款，产品有风险，投资须谨慎。
C007471,1,P019,app_push,工作日09:00-12:00,专属推荐：定开019号（R2·定开），业绩比较基准3.3%，灵活存续，1000元起投，T+0 随时赎回。该产品风险等级高于您的风险偏好，请谨慎选择。理财非存款，产品有风险，投资须谨慎。
C007471,2,P013,app_push,工作日12:00-14:00,专属推荐：定开013号（R2·定开），业绩比较基准3.5%，灵活存续，10000元起投，T+0 随时赎回。该产品风险等级高于您的风险偏好，请谨慎选择。理财非存款，产品有风险，投资须谨慎。
C007471,3,P022,app_push,周末09:00-12:00,专属推荐：定开022号（R2·定开），业绩比较基准3.0%，730天，10000元起投，T+1 次日赎回。该产品风险等级高于您的风险偏好，请谨慎选择。理财非存款，产品有风险，投资须谨慎。
C007479,1,P004,manager,工作日12:00-14:00,钻石贵宾专享：现金管理004号（R5·现金管理），业绩比较基准8.6%，灵活存续，1000元起投，封闭运作，可为您预约专属认购。该产品风险等级高于您的风险偏好，请谨慎选择。理财非存款，产品有风险，投资须谨慎。
C007479,2,P024,manager,周末14:00-18:00,钻石贵宾专享：定开024号（R3·定开），业绩比较基准4.7%，90天，1000元起投，T+1 次日赎回，可为您预约专属认购。理财非存款，产品有风险，投资须谨慎。
C007479,3,P025,manager,工作日18:00-21:00,钻石贵宾专享：定开025号（R3·定开），业绩比较基准5.2%，366天，1000元起投，T+0 随时赎回，可为您预约专属认购。理财非存款，产品有风险，投资须谨慎。
C007484,1,P014,app_push,工作日09:00-12:00,专属推荐：混合014号（R1·混合），业绩比较基准2.3%，90天，10000元起投，T+1 次日赎回。理财非存款，产品有风险，投资须谨慎。
C007484,2,P026,app_push,工作日12:00-14:00,专属推荐：混合026号（R2·混合），业绩比较基准3.1%，180天，1000元起投，T+1 次日赎回。该产品风险等级高于您的风险偏好，请谨慎选择。理财非存款，产品有风险，投资须谨慎。
C007484,3,P019,app_push,工作日18:00-21:00,专属推荐：定开019号（R2·定开），业绩比较基准3.3%，灵活存续，1000元起投，T+0 随时赎回。该产品风险等级高于您的风险偏好，请谨慎选择。理财非存款，产品有风险，投资须谨慎。
C007492,1,P011,call,工作日09:00-12:00,您好，我是您的专属理财顾问，为您介绍：固定期限011号（R2·固定期限），业绩比较基准3.3%，90天，10000元起投，T+0 随时赎回。理财非存款，产品有风险，投资须谨慎。
C007492,2,P012,call,工作日12:00-14:00,您好，我是您的专属理财顾问，为您介绍：混合012号（R2·混合），业绩比较基准3.7%，90天，10000元起投，T+1 次日赎回。理财非存款，产品有风险，投资须谨慎。
C007492,3,P026,call,周末14:00-18:00,您好，我是您的专属理财顾问，为您介绍：混合026号（R2·混合），业绩比较基准3.1%，180天，1000元起投，T+1 次日赎回。理财非存款，产品有风险，投资须谨慎。
C007493,1,P020,app_push,工作日12:00-14:00,专属推荐：现金管理020号（R2·现金管理），业绩比较基准3.6%，366天，10000元起投，T+1 次日赎回。理财非存款，产品有风险，投资须谨慎。
C007493,2,P009,app_push,工作日18:00-21:00,专属推荐：现金管理009号（R2·现金管理），业绩比较基准4.0%，730天，50000元起投，T+0 随时赎回。理财非存款，产品有风险，投资须谨慎。
C007493,3,P018,app_push,周末14:00-18:00,专属推荐：现金管理018号（R2·现金管理），业绩比较基准3.6%，730天，10000元起投，T+0 随时赎回。理财非存款，产品有风险，投资须谨慎。
C007495,1,P002,app_push,工作日09:00-12:00,专属推荐：固定期限002号（R5·固定期限），业绩比较基准11.3%，366天，1000元起投，T+0 随时赎回。该产品风险等级高于您的风险偏好，请谨慎选择。理财非存款，产品有风险，投资须谨慎。
C007495,2,P023,app_push,工作日18:00-21:00,专属推荐：固定期限023号（R5·固定期限），业绩比较基准9.8%，灵活存续，1000元起投，T+1 次日赎回。该产品风险等级高于您的风险偏好，请谨慎选择。理财非存款，产品有风险，投资须谨慎。
C007495,3,P024,app_push,周末09:00-12:00,专属推荐：定开024号（R3·定开），业绩比较基准4.7%，90天，1000元起投，T+1 次日赎回。理财非存款，产品有风险，投资须谨慎。
C007497,1,P004,app_push,工作日09:00-12:00,专属推荐：现金管理004号（R5·现金管理），业绩比较基准8.6%，灵活存续，1000元起投，封闭运作。该产品风险等级高于您的风险偏好，请谨慎选择。理财非存款，产品有风险，投资须谨慎。
C007497,2,P001,app_push,工作日12:00-14:00,专属推荐：混合001号（R3·混合），业绩比较基准5.5%，730天，50000元起投，封闭运作。理财非存款，产品有风险，投资须谨慎。
C007497,3,P006,app_push,周末09:00-12:00,专属推荐：混合006号（R3·混合），业绩比较基准5.1%，灵活存续，50000元起投，T+1 次日赎回。理财非存款，产品有风险，投资须谨慎。
C007501,1,P025,app_push,工作日12:00-14:00,专属推荐：定开025号（R3·定开），业绩比较基准5.2%，366天，1000元起投，T+0 随时赎回。理财非存款，产品有风险，投资须谨慎。
C007501,2,P017,app_push,周末14:00-18:00,专属推荐：现金管理017号（R3·现金管理），业绩比较基准4.3%，180天，1000元起投，T+1 次日赎回。理财非存款，产品有风险，投资须谨慎。
C007501,3,P008,app_push,工作日18:00-21:00,专属推荐：定开008号（R3·定开），业绩比较基准5.1%，366天，10000元起投，封闭运作。理财非存款，产品有风险，投资须谨慎。
C007509,1,P030,app_push,工作日12:00-14:00,专属推荐：固定期限030号（R2·固定期限），业绩比较基准3.1%，730天，1000元起投，T+0 随时赎回。理财非存款，产品有风险，投资须谨慎。
C007509,2,P011,app_push,工作日18:00-21:00,专属推荐：固定期限011号（R2·固定期限），业绩比较基准3.3%，90天，10000元起投，T+0 随时赎回。理财非存款，产品有风险，投资须谨慎。
C007509,3,P026,app_push,周末14:00-18:00,专属推荐：混合026号（R2·混合），业绩比较基准3.1%，180天，1000元起投，T+1 次日赎回。理财非存款，产品有风险，投资须谨慎。
C007515,1,P002,app_push,工作日12:00-14:00,专属推荐：固定期限002号（R5·固定期限），业绩比较基准11.3%，366天，1000元起投，T+0 随时赎回。该产品风险等级高于您的风险偏好，请谨慎选择。理财非存款，产品有风险，投资须谨慎。
C007515,2,P023,app_push,工作日18:00-21:00,专属推荐：固定期限023号（R5·固定期限），业绩比较基准9.8%，灵活存续，1000元起投，T+1 次日赎回。该产品风险等级高于您的风险偏好，请谨慎选择。理财非存款，产品有风险，投资须谨慎。
C007515,3,P004,app_push,周末14:00-18:00,专属推荐：现金管理004号（R5·现金管理），业绩比较基准8.6%，灵活存续，1000元起投，封闭运作。该产品风险等级高于您的风险偏好，请谨慎选择。理财非存款，产品有风险，投资须谨慎。
C007518,1,P026,app_push,工作日18:00-21:00,专属推荐：混合026号（R2·混合），业绩比较基准3.1%，180天，1000元起投，T+1 次日赎回。理财非存款，产品有风险，投资须谨慎。
C007518,2,P019,app_push,周末09:00-12:00,专属推荐：定开019号（R2·定开），业绩比较基准3.3%，灵活存续，1000元起投，T+0 随时赎回。理财非存款，产品有风险，投资须谨慎。
C007518,3,P024,app_push,周末14:00-18:00,专属推荐：定开024号（R3·定开），业绩比较基准4.7%，90天，1000元起投，T+1 次日赎回。该产品风险等级高于您的风险偏好，请谨慎选择。理财非存款，产品有风险，投资须谨慎。
C007522,1,P002,call,工作日09:00-12:00,您好，我是您的专属理财顾问，为您介绍：固定期限002号（R5·固定期限），业绩比较基准11.3%，366天，1000元起投，T+0 随时赎回。理财非存款，产品有风险，投资须谨慎。
C007522,2,P023,call,工作日12:00-14:00,您好，我是您的专属理财顾问，为您介绍：固定期限023号（R5·固定期限），业绩比较基准9.8%，灵活存续，1000元起投，T+1 次日赎回。理财非存款，产品有风险，投资须谨慎。
C007522,3,P029,call,工作日18:00-21:00,您好，我是您的专属理财顾问，为您介绍：固定期限029号（R4·固定期限），业绩比较基准7.8%，灵活存续，10000元起投，封闭运作。理财非存款，产品有风险，投资须谨慎。
C007523,1,P025,app_push,工作日09:00-12:00,专属推荐：定开025号（R3·定开），业绩比较基准5.2%，366天，1000元起投，T+0 随时赎回。理财非存款，产品有风险，投资须谨慎。
C007523,2,P029,app_push,工作日12:00-14:00,专属推荐：固定期限029号（R4·固定期限），业绩比较基准7.8%，灵活存续，10000元起投，封闭运作。该产品风险等级高于您的风险偏好，请谨慎选择。理财非存款，产品有风险，投资须谨慎。
C007523,3,P008,app_push,工作日18:00-21:00,专属推荐：定开008号（R3·定开），业绩比较基准5.1%，366天，10000元起投，封闭运作。理财非存款，产品有风险，投资须谨慎。
C007524,1,P026,app_push,工作日18:00-21:00,专属推荐：混合026号（R2·混合），业绩比较基准3.1%，180天，1000元起投，T+1 次日赎回。该产品风险等级高于您的风险偏好，请谨慎选择。理财非存款，产品有风险，投资须谨慎。
C007524,2,P019,app_push,周末14:00-18:00,专属推荐：定开019号（R2·定开），业绩比较基准3.3%，灵活存续，1000元起投，T+0 随时赎回。该产品风险等级高于您的风险偏好，请谨慎选择。理财非存款，产品有风险，投资须谨慎。
C007524,3,P030,app_push,周末09:00-12:00,专属推荐：固定期限030号（R2·固定期限），业绩比较基准3.1%，730天，1000元起投，T+0 随时赎回。该产品风险等级高于您的风险偏好，请谨慎选择。理财非存款，产品有风险，投资须谨慎。
C007526,1,P030,app_push,工作日09:00-12:00,专属推荐：固定期限030号（R2·固定期限），业绩比较基准3.1%，730天，1000元起投，T+0 随时赎回。理财非存款，产品有风险，投资须谨慎。
C007526,2,P011,app_push,工作日12:00-14:00,专属推荐：固定期限011号（R2·固定期限），业绩比较基准3.3%，90天，10000元起投，T+0 随时赎回。理财非存款，产品有风险，投资须谨慎。
C007526,3,P012,app_push,周末09:00-12:00,专属推荐：混合012号（R2·混合），业绩比较基准3.7%，90天，10000元起投，T+1 次日赎回。理财非存款，产品有风险，投资须谨慎。
C007533,1,P019,call,工作日12:00-14:00,您好，我是您的专属理财顾问，为您介绍：定开019号（R2·定开），业绩比较基准3.3%，灵活存续，1000元起投，T+0 随时赎回。理财非存款，产品有风险，投资须谨慎。
C007533,2,P026,call,周末14:00-18:00,您好，我是您的专属理财顾问，为您介绍：混合026号（R2·混合），业绩比较基准3.1%，180天，1000元起投，T+1 次日赎回。理财非存款，产品有风险，投资须谨慎。
C007533,3,P030,call,工作日18:00-21:00,您好，我是您的专属理财顾问，为您介绍：固定期限030号（R2·固定期限），业绩比较基准3.1%，730天，1000元起投，T+0 随时赎回。理财非存款，产品有风险，投资须谨慎。
C007538,1,P030,call,工作日09:00-12:00,您好，我是您的专属理财顾问，为您介绍：固定期限030号（R2·固定期限），业绩比较基准3.1%，730天，1000元起投，T+0 随时赎回。理财非存款，产品有风险，投资须谨慎。
C007538,2,P026,call,工作日12:00-14:00,您好，我是您的专属理财顾问，为您介绍：混合026号（R2·混合），业绩比较基准3.1%，180天，1000元起投，T+1 次日赎回。理财非存款，产品有风险，投资须谨慎。
C007538,3,P019,call,工作日18:00-21:00,您好，我是您的专属理财顾问，为您介绍：定开019号（R2·定开），业绩比较基准3.3%，灵活存续，1000元起投，T+0 随时赎回。理财非存款，产品有风险，投资须谨慎。
C007540,1,P027,call,工作日18:00-21:00,您好，我是您的专属理财顾问，为您介绍：现金管理027号（R4·现金管理），业绩比较基准7.7%，366天，100000元起投，T+1 次日赎回。理财非存款，产品有风险，投资须谨慎。
C007540,2,P004,call,周末14:00-18:00,您好，我是您的专属理财顾问，为您介绍：现金管理004号（R5·现金管理），业绩比较基准8.6%，灵活存续，1000元起投，封闭运作。该产品风险等级高于您的风险偏好，请谨慎选择。理财非存款，产品有风险，投资须谨慎。
C007540,3,P005,call,周末09:00-12:00,您好，我是您的专属理财顾问，为您介绍：现金管理005号（R5·现金管理），业绩比较基准11.0%，灵活存续，100000元起投，T+0 随时赎回。该产品风险等级高于您的风险偏好，请谨慎选择。理财非存款，产品有风险，投资须谨慎。
C007546,1,P025,app_push,工作日12:00-14:00,专属推荐：定开025号（R3·定开），业绩比较基准5.2%，366天，1000元起投，T+0 随时赎回。理财非存款，产品有风险，投资须谨慎。
C007546,2,P024,app_push,工作日18:00-21:00,专属推荐：定开024号（R3·定开），业绩比较基准4.7%，90天，1000元起投，T+1 次日赎回。理财非存款，产品有风险，投资须谨慎。
C007546,3,P030,app_push,周末14:00-18:00,专属推荐：固定期限030号（R2·固定期限），业绩比较基准3.1%，730天，1000元起投，T+0 随时赎回。理财非存款，产品有风险，投资须谨慎。
C007549,1,P009,app_push,工作日12:00-14:00,专属推荐：现金管理009号（R2·现金管理），业绩比较基准4.0%，730天，50000元起投，T+0 随时赎回。理财非存款，产品有风险，投资须谨慎。
C007549,2,P026,app_push,工作日18:00-21:00,专属推荐：混合026号（R2·混合），业绩比较基准3.1%，180天，1000元起投，T+1 次日赎回。理财非存款，产品有风险，投资须谨慎。
C007549,3,P019,app_push,周末14:00-18:00,专属推荐：定开019号（R2·定开），业绩比较基准3.3%，灵活存续，1000元起投，T+0 随时赎回。理财非存款，产品有风险，投资须谨慎。
C007552,1,P025,app_push,工作日18:00-21:00,专属推荐：定开025号（R3·定开），业绩比较基准5.2%，366天，1000元起投，T+0 随时赎回。理财非存款，产品有风险，投资须谨慎。
C007552,2,P024,app_push,周末09:00-12:00,专属推荐：定开024号（R3·定开），业绩比较基准4.7%，90天，1000元起投，T+1 次日赎回。理财非存款，产品有风险，投资须谨慎。
C007552,3,P008,app_push,周末14:00-18:00,专属推荐：定开008号（R3·定开），业绩比较基准5.1%，366天，10000元起投，封闭运作。理财非存款，产品有风险，投资须谨慎。
C007554,1,P012,app_push,工作日12:00-14:00,专属推荐：混合012号（R2·混合），业绩比较基准3.7%，90天，10000元起投，T+1 次日赎回。理财非存款，产品有风险，投资须谨慎。
C007554,2,P011,app_push,工作日18:00-21:00,专属推荐：固定期限011号（R2·固定期限），业绩比较基准3.3%，90天，10000元起投，T+0 随时赎回。理财非存款，产品有风险，投资须谨慎。
C007554,3,P026,app_push,周末14:00-18:00,专属推荐：混合026号（R2·混合），业绩比较基准3.1%，180天，1000元起投，T+1 次日赎回。理财非存款，产品有风险，投资须谨慎。
C007558,1,P026,app_push,工作日09:00-12:00,专属推荐：混合026号（R2·混合），业绩比较基准3.1%，180天，1000元起投，T+1 次日赎回。理财非存款，产品有风险，投资须谨慎。
C007558,2,P012,app_push,工作日12:00-14:00,专属推荐：混合012号（R2·混合），业绩比较基准3.7%，90天，10000元起投，T+1 次日赎回。理财非存款，产品有风险，投资须谨慎。
C007558,3,P025,app_push,周末09:00-12:00,专属推荐：定开025号（R3·定开），业绩比较基准5.2%，366天，1000元起投，T+0 随时赎回。理财非存款，产品有风险，投资须谨慎。
C007563,1,P011,app_push,工作日18:00-21:00,专属推荐：固定期限011号（R2·固定期限），业绩比较基准3.3%，90天，10000元起投，T+0 随时赎回。理财非存款，产品有风险，投资须谨慎。
C007563,2,P029,app_push,周末09:00-12:00,专属推荐：固定期限029号（R4·固定期限），业绩比较基准7.8%，灵活存续，10000元起投，封闭运作。该产品风险等级高于您的风险偏好，请谨慎选择。理财非存款，产品有风险，投资须谨慎。
C007563,3,P025,app_push,周末14:00-18:00,专属推荐：定开025号（R3·定开），业绩比较基准5.2%，366天，1000元起投，T+0 随时赎回。理财非存款，产品有风险，投资须谨慎。
C007565,1,P011,app_push,工作日09:00-12:00,专属推荐：固定期限011号（R2·固定期限），业绩比较基准3.3%，90天，10000元起投，T+0 随时赎回。理财非存款，产品有风险，投资须谨慎。
C007565,2,P030,app_push,工作日12:00-14:00,专属推荐：固定期限030号（R2·固定期限），业绩比较基准3.1%，730天，1000元起投，T+0 随时赎回。理财非存款，产品有风险，投资须谨慎。
C007565,3,P012,app_push,周末09:00-12:00,专属推荐：混合012号（R2·混合），业绩比较基准3.7%，90天，10000元起投，T+1 次日赎回。理财非存款，产品有风险，投资须谨慎。
C007566,1,P002,app_push,工作日09:00-12:00,专属推荐：固定期限002号（R5·固定期限），业绩比较基准11.3%，366天，1000元起投，T+0 随时赎回。理财非存款，产品有风险，投资须谨慎。
C007566,2,P023,app_push,工作日12:00-14:00,专属推荐：固定期限023号（R5·固定期限），业绩比较基准9.8%，灵活存续，1000元起投，T+1 次日赎回。理财非存款，产品有风险，投资须谨慎。
C007566,3,P029,app_push,工作日18:00-21:00,专属推荐：固定期限029号（R4·固定期限），业绩比较基准7.8%，灵活存续，10000元起投，封闭运作。理财非存款，产品有风险，投资须谨慎。
C007567,1,P006,app_push,工作日12:00-14:00,专属推荐：混合006号（R3·混合），业绩比较基准5.1%，灵活存续，50000元起投，T+1 次日赎回。理财非存款，产品有风险，投资须谨慎。
C007567,2,P001,app_push,周末14:00-18:00,专属推荐：混合001号（R3·混合），业绩比较基准5.5%，730天，50000元起投，封闭运作。理财非存款，产品有风险，投资须谨慎。
C007567,3,P025,app_push,工作日18:00-21:00,专属推荐：定开025号（R3·定开），业绩比较基准5.2%，366天，1000元起投，T+0 随时赎回。理财非存款，产品有风险，投资须谨慎。
C007569,1,P002,app_push,工作日09:00-12:00,专属推荐：固定期限002号（R5·固定期限），业绩比较基准11.3%，366天，1000元起投，T+0 随时赎回。理财非存款，产品有风险，投资须谨慎。
C007569,2,P023,app_push,工作日18:00-21:00,专属推荐：固定期限023号（R5·固定期限），业绩比较基准9.8%，灵活存续，1000元起投，T+1 次日赎回。理财非存款，产品有风险，投资须谨慎。
C007569,3,P004,app_push,周末14:00-18:00,专属推荐：现金管理004号（R5·现金管理），业绩比较基准8.6%，灵活存续，1000元起投，封闭运作。理财非存款，产品有风险，投资须谨慎。
C007573,1,P029,call,工作日12:00-14:00,您好，我是您的专属理财顾问，为您介绍：固定期限029号（R4·固定期限），业绩比较基准7.8%，灵活存续，10000元起投，封闭运作。理财非存款，产品有风险，投资须谨慎。
C007573,2,P002,call,周末14:00-18:00,您好，我是您的专属理财顾问，为您介绍：固定期限002号（R5·固定期限），业绩比较基准11.3%，366天，1000元起投，T+0 随时赎回。该产品风险等级高于您的风险偏好，请谨慎选择。理财非存款，产品有风险，投资须谨慎。
C007573,3,P023,call,工作日18:00-21:00,您好，我是您的专属理财顾问，为您介绍：固定期限023号（R5·固定期限），业绩比较基准9.8%，灵活存续，1000元起投，T+1 次日赎回。该产品风险等级高于您的风险偏好，请谨慎选择。理财非存款，产品有风险，投资须谨慎。
C007574,1,P012,app_push,工作日12:00-14:00,专属推荐：混合012号（R2·混合），业绩比较基准3.7%，90天，10000元起投，T+1 次日赎回。理财非存款，产品有风险，投资须谨慎。
C007574,2,P011,app_push,工作日18:00-21:00,专属推荐：固定期限011号（R2·固定期限），业绩比较基准3.3%，90天，10000元起投，T+0 随时赎回。理财非存款，产品有风险，投资须谨慎。
C007574,3,P026,app_push,周末14:00-18:00,专属推荐：混合026号（R2·混合），业绩比较基准3.1%，180天，1000元起投，T+1 次日赎回。理财非存款，产品有风险，投资须谨慎。
C007575,1,P025,app_push,工作日09:00-12:00,专属推荐：定开025号（R3·定开），业绩比较基准5.2%，366天，1000元起投，T+0 随时赎回。理财非存款，产品有风险，投资须谨慎。
C007575,2,P024,app_push,工作日12:00-14:00,专属推荐：定开024号（R3·定开），业绩比较基准4.7%，90天，1000元起投，T+1 次日赎回。理财非存款，产品有风险，投资须谨慎。
C007575,3,P008,app_push,周末09:00-12:00,专属推荐：定开008号（R3·定开），业绩比较基准5.1%，366天，10000元起投，封闭运作。理财非存款，产品有风险，投资须谨慎。
C007581,1,P025,app_push,工作日18:00-21:00,专属推荐：定开025号（R3·定开），业绩比较基准5.2%，366天，1000元起投，T+0 随时赎回。理财非存款，产品有风险，投资须谨慎。
C007581,2,P024,app_push,周末14:00-18:00,专属推荐：定开024号（R3·定开），业绩比较基准4.7%，90天，1000元起投，T+1 次日赎回。理财非存款，产品有风险，投资须谨慎。
C007581,3,P017,app_push,周末09:00-12:00,专属推荐：现金管理017号（R3·现金管理），业绩比较基准4.3%，180天，1000元起投，T+1 次日赎回。理财非存款，产品有风险，投资须谨慎。
C007586,1,P025,app_push,工作日09:00-12:00,专属推荐：定开025号（R3·定开），业绩比较基准5.2%，366天，1000元起投，T+0 随时赎回。理财非存款，产品有风险，投资须谨慎。
C007586,2,P008,app_push,工作日12:00-14:00,专属推荐：定开008号（R3·定开），业绩比较基准5.1%，366天，10000元起投，封闭运作。理财非存款，产品有风险，投资须谨慎。
C007586,3,P024,app_push,工作日18:00-21:00,专属推荐：定开024号（R3·定开），业绩比较基准4.7%，90天，1000元起投，T+1 次日赎回。理财非存款，产品有风险，投资须谨慎。
C007601,1,P025,app_push,工作日09:00-12:00,专属推荐：定开025号（R3·定开），业绩比较基准5.2%，366天，1000元起投，T+0 随时赎回。理财非存款，产品有风险，投资须谨慎。
C007601,2,P024,app_push,工作日18:00-21:00,专属推荐：定开024号（R3·定开），业绩比较基准4.7%，90天，1000元起投，T+1 次日赎回。理财非存款，产品有风险，投资须谨慎。
C007601,3,P019,app_push,周末14:00-18:00,专属推荐：定开019号（R2·定开），业绩比较基准3.3%，灵活存续，1000元起投，T+0 随时赎回。理财非存款，产品有风险，投资须谨慎。
C007602,1,P026,app_push,工作日09:00-12:00,专属推荐：混合026号（R2·混合），业绩比较基准3.1%，180天，1000元起投，T+1 次日赎回。理财非存款，产品有风险，投资须谨慎。
C007602,2,P019,app_push,工作日12:00-14:00,专属推荐：定开019号（R2·定开），业绩比较基准3.3%，灵活存续，1000元起投，T+0 随时赎回。理财非存款，产品有风险，投资须谨慎。
C007602,3,P030,app_push,工作日18:00-21:00,专属推荐：固定期限030号（R2·固定期限），业绩比较基准3.1%，730天，1000元起投，T+0 随时赎回。理财非存款，产品有风险，投资须谨慎。
C007608,1,P004,call,工作日09:00-12:00,您好，我是您的专属理财顾问，为您介绍：现金管理004号（R5·现金管理），业绩比较基准8.6%，灵活存续，1000元起投，封闭运作。该产品风险等级高于您的风险偏好，请谨慎选择。理财非存款，产品有风险，投资须谨慎。
C007608,2,P029,call,工作日12:00-14:00,您好，我是您的专属理财顾问，为您介绍：固定期限029号（R4·固定期限），业绩比较基准7.8%，灵活存续，10000元起投，封闭运作。理财非存款，产品有风险，投资须谨慎。
C007608,3,P017,call,工作日18:00-21:00,您好，我是您的专属理财顾问，为您介绍：现金管理017号（R3·现金管理），业绩比较基准4.3%，180天，1000元起投，T+1 次日赎回。理财非存款，产品有风险，投资须谨慎。
C007612,1,P002,call,工作日12:00-14:00,您好，我是您的专属理财顾问，为您介绍：固定期限002号（R5·固定期限），业绩比较基准11.3%，366天，1000元起投，T+0 随时赎回。该产品风险等级高于您的风险偏好，请谨慎选择。理财非存款，产品有风险，投资须谨慎。
C007612,2,P023,call,工作日18:00-21:00,您好，我是您的专属理财顾问，为您介绍：固定期限023号（R5·固定期限），业绩比较基准9.8%，灵活存续，1000元起投，T+1 次日赎回。该产品风险等级高于您的风险偏好，请谨慎选择。理财非存款，产品有风险，投资须谨慎。
C007612,3,P029,call,周末14:00-18:00,您好，我是您的专属理财顾问，为您介绍：固定期限029号（R4·固定期限），业绩比较基准7.8%，灵活存续，10000元起投，封闭运作。理财非存款，产品有风险，投资须谨慎。
C007614,1,P026,app_push,工作日12:00-14:00,专属推荐：混合026号（R2·混合），业绩比较基准3.1%，180天，1000元起投，T+1 次日赎回。理财非存款，产品有风险，投资须谨慎。
C007614,2,P025,app_push,周末14:00-18:00,专属推荐：定开025号（R3·定开），业绩比较基准5.2%，366天，1000元起投，T+0 随时赎回。理财非存款，产品有风险，投资须谨慎。
C007614,3,P024,app_push,工作日18:00-21:00,专属推荐：定开024号（R3·定开），业绩比较基准4.7%，90天，1000元起投，T+1 次日赎回。理财非存款，产品有风险，投资须谨慎。
C007616,1,P006,manager,工作日09:00-12:00,金卡贵宾专享：混合006号（R3·混合），业绩比较基准5.1%，灵活存续，50000元起投，T+1 次日赎回，可为您预约专属认购。理财非存款，产品有风险，投资须谨慎。
C007616,2,P012,manager,工作日18:00-21:00,金卡贵宾专享：混合012号（R2·混合），业绩比较基准3.7%，90天，10000元起投，T+1 次日赎回，可为您预约专属认购。理财非存款，产品有风险，投资须谨慎。
C007616,3,P009,manager,周末09:00-12:00,金卡贵宾专享：现金管理009号（R2·现金管理），业绩比较基准4.0%，730天，50000元起投，T+0 随时赎回，可为您预约专属认购。理财非存款，产品有风险，投资须谨慎。
C007620,1,P013,call,工作日09:00-12:00,您好，我是您的专属理财顾问，为您介绍：定开013号（R2·定开），业绩比较基准3.5%，灵活存续，10000元起投，T+0 随时赎回。理财非存款，产品有风险，投资须谨慎。
C007620,2,P018,call,工作日12:00-14:00,您好，我是您的专属理财顾问，为您介绍：现金管理018号（R2·现金管理），业绩比较基准3.6%，730天，10000元起投，T+0 随时赎回。理财非存款，产品有风险，投资须谨慎。
C007620,3,P022,call,周末09:00-12:00,您好，我是您的专属理财顾问，为您介绍：定开022号（R2·定开），业绩比较基准3.0%，730天，10000元起投，T+1 次日赎回。理财非存款，产品有风险，投资须谨慎。
C007622,1,P029,app_push,工作日18:00-21:00,专属推荐：固定期限029号（R4·固定期限），业绩比较基准7.8%，灵活存续，10000元起投，封闭运作。该产品风险等级高于您的风险偏好，请谨慎选择。理财非存款，产品有风险，投资须谨慎。
C007622,2,P030,app_push,周末14:00-18:00,专属推荐：固定期限030号（R2·固定期限），业绩比较基准3.1%，730天，1000元起投，T+0 随时赎回。理财非存款，产品有风险，投资须谨慎。
C007622,3,P025,app_push,周末09:00-12:00,专属推荐：定开025号（R3·定开），业绩比较基准5.2%，366天，1000元起投，T+0 随时赎回。理财非存款，产品有风险，投资须谨慎。
C007628,1,P011,app_push,工作日09:00-12:00,专属推荐：固定期限011号（R2·固定期限），业绩比较基准3.3%，90天，10000元起投，T+0 随时赎回。理财非存款，产品有风险，投资须谨慎。
C007628,2,P030,app_push,工作日12:00-14:00,专属推荐：固定期限030号（R2·固定期限），业绩比较基准3.1%，730天，1000元起投，T+0 随时赎回。理财非存款，产品有风险，投资须谨慎。
C007628,3,P012,app_push,周末14:00-18:00,专属推荐：混合012号（R2·混合），业绩比较基准3.7%，90天，10000元起投，T+1 次日赎回。理财非存款，产品有风险，投资须谨慎。
C007635,1,P015,call,工作日09:00-12:00,您好，我是您的专属理财顾问，为您介绍：固定期限015号（R4·固定期限），业绩比较基准6.7%，366天，50000元起投，封闭运作。理财非存款，产品有风险，投资须谨慎。
C007635,2,P029,call,工作日12:00-14:00,您好，我是您的专属理财顾问，为您介绍：固定期限029号（R4·固定期限），业绩比较基准7.8%，灵活存续，10000元起投，封闭运作。理财非存款，产品有风险，投资须谨慎。
C007635,3,P002,call,工作日18:00-21:00,您好，我是您的专属理财顾问，为您介绍：固定期限002号（R5·固定期限），业绩比较基准11.3%，366天，1000元起投，T+0 随时赎回。该产品风险等级高于您的风险偏好，请谨慎选择。理财非存款，产品有风险，投资须谨慎。
C007636,1,P025,manager,工作日09:00-12:00,银卡贵宾专享：定开025号（R3·定开），业绩比较基准5.2%，366天，1000元起投，T+0 随时赎回，可为您预约专属认购。理财非存款，产品有风险，投资须谨慎。
C007636,2,P024,manager,工作日12:00-14:00,银卡贵宾专享：定开024号（R3·定开），业绩比较基准4.7%，90天，1000元起投，T+1 次日赎回，可为您预约专属认购。理财非存款，产品有风险，投资须谨慎。
C007636,3,P006,manager,周末09:00-12:00,银卡贵宾专享：混合006号（R3·混合），业绩比较基准5.1%，灵活存续，50000元起投，T+1 次日赎回，可为您预约专属认购。理财非存款，产品有风险，投资须谨慎。
C007640,1,P025,app_push,工作日18:00-21:00,专属推荐：定开025号（R3·定开），业绩比较基准5.2%，366天，1000元起投，T+0 随时赎回。理财非存款，产品有风险，投资须谨慎。
C007640,2,P008,app_push,周末14:00-18:00,专属推荐：定开008号（R3·定开），业绩比较基准5.1%，366天，10000元起投，封闭运作。理财非存款，产品有风险，投资须谨慎。
C007640,3,P024,app_push,周末09:00-12:00,专属推荐：定开024号（R3·定开），业绩比较基准4.7%，90天，1000元起投，T+1 次日赎回。理财非存款，产品有风险，投资须谨慎。
C007644,1,P014,app_push,工作日09:00-12:00,专属推荐：混合014号（R1·混合），业绩比较基准2.3%，90天，10000元起投，T+1 次日赎回。理财非存款，产品有风险，投资须谨慎。
C007644,2,P026,app_push,工作日12:00-14:00,专属推荐：混合026号（R2·混合），业绩比较基准3.1%，180天，1000元起投，T+1 次日赎回。该产品风险等级高于您的风险偏好，请谨慎选择。理财非存款，产品有风险，投资须谨慎。
C007644,3,P019,app_push,周末09:00-12:00,专属推荐：定开019号（R2·定开），业绩比较基准3.3%，灵活存续，1000元起投，T+0 随时赎回。该产品风险等级高于您的风险偏好，请谨慎选择。理财非存款，产品有风险，投资须谨慎。
C007649,1,P014,call,工作日12:00-14:00,您好，我是您的专属理财顾问，为您介绍：混合014号（R1·混合），业绩比较基准2.3%，90天，10000元起投，T+1 次日赎回。理财非存款，产品有风险，投资须谨慎。
C007649,2,P012,call,工作日18:00-21:00,您好，我是您的专属理财顾问，为您介绍：混合012号（R2·混合），业绩比较基准3.7%，90天，10000元起投，T+1 次日赎回。该产品风险等级高于您的风险偏好，请谨慎选择。理财非存款，产品有风险，投资须谨慎。
C007649,3,P013,call,周末14:00-18:00,您好，我是您的专属理财顾问，为您介绍：定开013号（R2·定开），业绩比较基准3.5%，灵活存续，10000元起投，T+0 随时赎回。该产品风险等级高于您的风险偏好，请谨慎选择。理财非存款，产品有风险，投资须谨慎。
C007652,1,P017,call,工作日18:00-21:00,您好，我是您的专属理财顾问，为您介绍：现金管理017号（R3·现金管理），业绩比较基准4.3%，180天，1000元起投，T+1 次日赎回。理财非存款，产品有风险，投资须谨慎。
C007652,2,P020,call,周末09:00-12:00,您好，我是您的专属理财顾问，为您介绍：现金管理020号（R2·现金管理），业绩比较基准3.6%，366天，10000元起投，T+1 次日赎回。理财非存款，产品有风险，投资须谨慎。
C007652,3,P001,call,周末14:00-18:00,您好，我是您的专属理财顾问，为您介绍：混合001号（R3·混合），业绩比较基准5.5%，730天，50000元起投，封闭运作。理财非存款，产品有风险，投资须谨慎。
C007655,1,P026,call,工作日18:00-21:00,您好，我是您的专属理财顾问，为您介绍：混合026号（R2·混合），业绩比较基准3.1%，180天，1000元起投，T+1 次日赎回。该产品风险等级高于您的风险偏好，请谨慎选择。理财非存款，产品有风险，投资须谨慎。
C007655,2,P019,call,周末09:00-12:00,您好，我是您的专属理财顾问，为您介绍：定开019号（R2·定开），业绩比较基准3.3%，灵活存续，1000元起投，T+0 随时赎回。该产品风险等级高于您的风险偏好，请谨慎选择。理财非存款，产品有风险，投资须谨慎。
C007655,3,P030,call,周末14:00-18:00,您好，我是您的专属理财顾问，为您介绍：固定期限030号（R2·固定期限），业绩比较基准3.1%，730天，1000元起投，T+0 随时赎回。该产品风险等级高于您的风险偏好，请谨慎选择。理财非存款，产品有风险，投资须谨慎。
C007658,1,P006,app_push,工作日18:00-21:00,专属推荐：混合006号（R3·混合），业绩比较基准5.1%，灵活存续，50000元起投，T+1 次日赎回。理财非存款，产品有风险，投资须谨慎。
C007658,2,P001,app_push,周末09:00-12:00,专属推荐：混合001号（R3·混合），业绩比较基准5.5%，730天，50000元起投，封闭运作。理财非存款，产品有风险，投资须谨慎。
C007658,3,P025,app_push,周末14:00-18:00,专属推荐：定开025号（R3·定开），业绩比较基准5.2%，366天，1000元起投，T+0 随时赎回。理财非存款，产品有风险，投资须谨慎。
C007673,1,P014,manager,工作日09:00-12:00,金卡贵宾专享：混合014号（R1·混合），业绩比较基准2.3%，90天，10000元起投，T+1 次日赎回，可为您预约专属认购。理财非存款，产品有风险，投资须谨慎。
C007673,2,P011,manager,工作日12:00-14:00,金卡贵宾专享：固定期限011号（R2·固定期限），业绩比较基准3.3%，90天，10000元起投，T+0 随时赎回，可为您预约专属认购。该产品风险等级高于您的风险偏好，请谨慎选择。理财非存款，产品有风险，投资须谨慎。
C007673,3,P012,manager,周末14:00-18:00,金卡贵宾专享：混合012号（R2·混合），业绩比较基准3.7%，90天，10000元起投，T+1 次日赎回，可为您预约专属认购。该产品风险等级高于您的风险偏好，请谨慎选择。理财非存款，产品有风险，投资须谨慎。
C007678,1,P019,app_push,工作日09:00-12:00,专属推荐：定开019号（R2·定开），业绩比较基准3.3%，灵活存续，1000元起投，T+0 随时赎回。该产品风险等级高于您的风险偏好，请谨慎选择。理财非存款，产品有风险，投资须谨慎。
C007678,2,P013,app_push,工作日12:00-14:00,专属推荐：定开013号（R2·定开），业绩比较基准3.5%，灵活存续，10000元起投，T+0 随时赎回。该产品风险等级高于您的风险偏好，请谨慎选择。理财非存款，产品有风险，投资须谨慎。
C007678,3,P022,app_push,工作日18:00-21:00,专属推荐：定开022号（R2·定开），业绩比较基准3.0%，730天，10000元起投，T+1 次日赎回。该产品风险等级高于您的风险偏好，请谨慎选择。理财非存款，产品有风险，投资须谨慎。
C007679,1,P013,manager,工作日09:00-12:00,钻石贵宾专享：定开013号（R2·定开），业绩比较基准3.5%，灵活存续，10000元起投，T+0 随时赎回，可为您预约专属认购。理财非存款，产品有风险，投资须谨慎。
C007679,2,P019,manager,工作日18:00-21:00,钻石贵宾专享：定开019号（R2·定开），业绩比较基准3.3%，灵活存续，1000元起投，T+0 随时赎回，可为您预约专属认购。理财非存款，产品有风险，投资须谨慎。
C007679,3,P025,manager,周末09:00-12:00,钻石贵宾专享：定开025号（R3·定开），业绩比较基准5.2%，366天，1000元起投，T+0 随时赎回，可为您预约专属认购。该产品风险等级高于您的风险偏好，请谨慎选择。理财非存款，产品有风险，投资须谨慎。
C007692,1,P019,call,工作日09:00-12:00,您好，我是您的专属理财顾问，为您介绍：定开019号（R2·定开），业绩比较基准3.3%，灵活存续，1000元起投，T+0 随时赎回。该产品风险等级高于您的风险偏好，请谨慎选择。理财非存款，产品有风险，投资须谨慎。
C007692,2,P013,call,工作日12:00-14:00,您好，我是您的专属理财顾问，为您介绍：定开013号（R2·定开），业绩比较基准3.5%，灵活存续，10000元起投，T+0 随时赎回。该产品风险等级高于您的风险偏好，请谨慎选择。理财非存款，产品有风险，投资须谨慎。
C007692,3,P022,call,工作日18:00-21:00,您好，我是您的专属理财顾问，为您介绍：定开022号（R2·定开），业绩比较基准3.0%，730天，10000元起投，T+1 次日赎回。该产品风险等级高于您的风险偏好，请谨慎选择。理财非存款，产品有风险，投资须谨慎。
C007693,1,P019,app_push,工作日09:00-12:00,专属推荐：定开019号（R2·定开），业绩比较基准3.3%，灵活存续，1000元起投，T+0 随时赎回。理财非存款，产品有风险，投资须谨慎。
C007693,2,P025,app_push,工作日12:00-14:00,专属推荐：定开025号（R3·定开），业绩比较基准5.2%，366天，1000元起投，T+0 随时赎回。该产品风险等级高于您的风险偏好，请谨慎选择。理财非存款，产品有风险，投资须谨慎。
C007693,3,P013,app_push,周末09:00-12:00,专属推荐：定开013号（R2·定开），业绩比较基准3.5%，灵活存续，10000元起投，T+0 随时赎回。理财非存款，产品有风险，投资须谨慎。
C007698,1,P017,call,工作日09:00-12:00,您好，我是您的专属理财顾问，为您介绍：现金管理017号（R3·现金管理），业绩比较基准4.3%，180天，1000元起投，T+1 次日赎回。理财非存款，产品有风险，投资须谨慎。
C007698,2,P024,call,工作日18:00-21:00,您好，我是您的专属理财顾问，为您介绍：定开024号（R3·定开），业绩比较基准4.7%，90天，1000元起投，T+1 次日赎回。理财非存款，产品有风险，投资须谨慎。
C007698,3,P025,call,周末14:00-18:00,您好，我是您的专属理财顾问，为您介绍：定开025号（R3·定开），业绩比较基准5.2%，366天，1000元起投，T+0 随时赎回。理财非存款，产品有风险，投资须谨慎。
C007699,1,P022,app_push,工作日12:00-14:00,专属推荐：定开022号（R2·定开），业绩比较基准3.0%，730天，10000元起投，T+1 次日赎回。理财非存款，产品有风险，投资须谨慎。
C007699,2,P013,app_push,工作日18:00-21:00,专属推荐：定开013号（R2·定开），业绩比较基准3.5%，灵活存续，10000元起投，T+0 随时赎回。理财非存款，产品有风险，投资须谨慎。
C007699,3,P019,app_push,周末14:00-18:00,专属推荐：定开019号（R2·定开），业绩比较基准3.3%，灵活存续，1000元起投，T+0 随时赎回。理财非存款，产品有风险，投资须谨慎。
C007702,1,P010,call,工作日18:00-21:00,您好，我是您的专属理财顾问，为您介绍：现金管理010号（R1·现金管理），业绩比较基准2.8%，366天，50000元起投，T+0 随时赎回。理财非存款，产品有风险，投资须谨慎。
C007702,2,P009,call,周末09:00-12:00,您好，我是您的专属理财顾问，为您介绍：现金管理009号（R2·现金管理），业绩比较基准4.0%，730天，50000元起投，T+0 随时赎回。该产品风险等级高于您的风险偏好，请谨慎选择。理财非存款，产品有风险，投资须谨慎。
C007702,3,P014,call,周末14:00-18:00,您好，我是您的专属理财顾问，为您介绍：混合014号（R1·混合），业绩比较基准2.3%，90天，10000元起投，T+1 次日赎回。理财非存款，产品有风险，投资须谨慎。
C007703,1,P012,app_push,工作日09:00-12:00,专属推荐：混合012号（R2·混合），业绩比较基准3.7%，90天，10000元起投，T+1 次日赎回。理财非存款，产品有风险，投资须谨慎。
C007703,2,P011,app_push,工作日12:00-14:00,专属推荐：固定期限011号（R2·固定期限），业绩比较基准3.3%，90天，10000元起投，T+0 随时赎回。理财非存款，产品有风险，投资须谨慎。
C007703,3,P030,app_push,工作日18:00-21:00,专属推荐：固定期限030号（R2·固定期限），业绩比较基准3.1%，730天，1000元起投，T+0 随时赎回。理财非存款，产品有风险，投资须谨慎。
C007707,1,P017,call,工作日09:00-12:00,您好，我是您的专属理财顾问，为您介绍：现金管理017号（R3·现金管理），业绩比较基准4.3%，180天，1000元起投，T+1 次日赎回。理财非存款，产品有风险，投资须谨慎。
C007707,2,P030,call,工作日12:00-14:00,您好，我是您的专属理财顾问，为您介绍：固定期限030号（R2·固定期限），业绩比较基准3.1%，730天，1000元起投，T+0 随时赎回。理财非存款，产品有风险，投资须谨慎。
C007707,3,P020,call,周末09:00-12:00,您好，我是您的专属理财顾问，为您介绍：现金管理020号（R2·现金管理），业绩比较基准3.6%，366天，10000元起投，T+1 次日赎回。理财非存款，产品有风险，投资须谨慎。
C007708,1,P006,app_push,工作日18:00-21:00,专属推荐：混合006号（R3·混合），业绩比较基准5.1%，灵活存续，50000元起投，T+1 次日赎回。理财非存款，产品有风险，投资须谨慎。
C007708,2,P001,app_push,周末09:00-12:00,专属推荐：混合001号（R3·混合），业绩比较基准5.5%，730天，50000元起投，封闭运作。理财非存款，产品有风险，投资须谨慎。
C007708,3,P025,app_push,周末14:00-18:00,专属推荐：定开025号（R3·定开），业绩比较基准5.2%，366天，1000元起投，T+0 随时赎回。理财非存款，产品有风险，投资须谨慎。
C007709,1,P025,app_push,工作日18:00-21:00,专属推荐：定开025号（R3·定开），业绩比较基准5.2%，366天，1000元起投，T+0 随时赎回。理财非存款，产品有风险，投资须谨慎。
C007709,2,P008,app_push,周末14:00-18:00,专属推荐：定开008号（R3·定开），业绩比较基准5.1%，366天，10000元起投，封闭运作。理财非存款，产品有风险，投资须谨慎。
C007709,3,P024,app_push,周末09:00-12:00,专属推荐：定开024号（R3·定开），业绩比较基准4.7%，90天，1000元起投，T+1 次日赎回。理财非存款，产品有风险，投资须谨慎。
C007710,1,P024,call,工作日12:00-14:00,您好，我是您的专属理财顾问，为您介绍：定开024号（R3·定开），业绩比较基准4.7%，90天，1000元起投，T+1 次日赎回。理财非存款，产品有风险，投资须谨慎。
C007710,2,P025,call,工作日18:00-21:00,您好，我是您的专属理财顾问，为您介绍：定开025号（R3·定开），业绩比较基准5.2%，366天，1000元起投，T+0 随时赎回。理财非存款，产品有风险，投资须谨慎。
C007710,3,P008,call,周末14:00-18:00,您好，我是您的专属理财顾问，为您介绍：定开008号（R3·定开），业绩比较基准5.1%，366天，10000元起投，封闭运作。理财非存款，产品有风险，投资须谨慎。
C007714,1,P018,app_push,工作日18:00-21:00,专属推荐：现金管理018号（R2·现金管理），业绩比较基准3.6%，730天，10000元起投，T+0 随时赎回。理财非存款，产品有风险，投资须谨慎。
C007714,2,P009,app_push,周末14:00-18:00,专属推荐：现金管理009号（R2·现金管理），业绩比较基准4.0%，730天，50000元起投，T+0 随时赎回。理财非存款，产品有风险，投资须谨慎。
C007714,3,P016,app_push,周末09:00-12:00,专属推荐：现金管理016号（R2·现金管理），业绩比较基准3.1%，180天，100000元起投，T+0 随时赎回。理财非存款，产品有风险，投资须谨慎。
C007720,1,P012,call,工作日18:00-21:00,您好，我是您的专属理财顾问，为您介绍：混合012号（R2·混合），业绩比较基准3.7%，90天，10000元起投，T+1 次日赎回。理财非存款，产品有风险，投资须谨慎。
C007720,2,P026,call,周末14:00-18:00,您好，我是您的专属理财顾问，为您介绍：混合026号（R2·混合），业绩比较基准3.1%，180天，1000元起投，T+1 次日赎回。理财非存款，产品有风险，投资须谨慎。
C007720,3,P013,call,周末09:00-12:00,您好，我是您的专属理财顾问，为您介绍：定开013号（R2·定开），业绩比较基准3.5%，灵活存续，10000元起投，T+0 随时赎回。理财非存款，产品有风险，投资须谨慎。
C007721,1,P013,call,工作日09:00-12:00,您好，我是您的专属理财顾问，为您介绍：定开013号（R2·定开），业绩比较基准3.5%，灵活存续，10000元起投，T+0 随时赎回。理财非存款，产品有风险，投资须谨慎。
C007721,2,P028,call,工作日12:00-14:00,您好，我是您的专属理财顾问，为您介绍：定开028号（R2·定开），业绩比较基准3.6%，366天，100000元起投，T+1 次日赎回。理财非存款，产品有风险，投资须谨慎。
C007721,3,P022,call,工作日18:00-21:00,您好，我是您的专属理财顾问，为您介绍：定开022号（R2·定开），业绩比较基准3.0%，730天，10000元起投，T+1 次日赎回。理财非存款，产品有风险，投资须谨慎。
C007724,1,P011,app_push,工作日18:00-21:00,专属推荐：固定期限011号（R2·固定期限），业绩比较基准3.3%，90天，10000元起投，T+0 随时赎回。理财非存款，产品有风险，投资须谨慎。
C007724,2,P012,app_push,周末14:00-18:00,专属推荐：混合012号（R2·混合），业绩比较基准3.7%，90天，10000元起投，T+1 次日赎回。理财非存款，产品有风险，投资须谨慎。
C007724,3,P013,app_push,周末09:00-12:00,专属推荐：定开013号（R2·定开），业绩比较基准3.5%，灵活存续，10000元起投，T+0 随时赎回。理财非存款，产品有风险，投资须谨慎。
C007726,1,P025,app_push,工作日12:00-14:00,专属推荐：定开025号（R3·定开），业绩比较基准5.2%，366天，1000元起投，T+0 随时赎回。理财非存款，产品有风险，投资须谨慎。
C007726,2,P024,app_push,工作日18:00-21:00,专属推荐：定开024号（R3·定开），业绩比较基准4.7%，90天，1000元起投，T+1 次日赎回。理财非存款，产品有风险，投资须谨慎。
C007726,3,P017,app_push,周末14:00-18:00,专属推荐：现金管理017号（R3·现金管理），业绩比较基准4.3%，180天，1000元起投，T+1 次日赎回。理财非存款，产品有风险，投资须谨慎。
C007735,1,P029,app_push,工作日09:00-12:00,专属推荐：固定期限029号（R4·固定期限），业绩比较基准7.8%，灵活存续，10000元起投，封闭运作。理财非存款，产品有风险，投资须谨慎。
C007735,2,P002,app_push,工作日12:00-14:00,专属推荐：固定期限002号（R5·固定期限），业绩比较基准11.3%，366天，1000元起投，T+0 随时赎回。该产品风险等级高于您的风险偏好，请谨慎选择。理财非存款，产品有风险，投资须谨慎。
C007735,3,P023,app_push,周末14:00-18:00,专属推荐：固定期限023号（R5·固定期限），业绩比较基准9.8%，灵活存续，1000元起投，T+1 次日赎回。该产品风险等级高于您的风险偏好，请谨慎选择。理财非存款，产品有风险，投资须谨慎。
C007737,1,P011,call,工作日18:00-21:00,您好，我是您的专属理财顾问，为您介绍：固定期限011号（R2·固定期限），业绩比较基准3.3%，90天，10000元起投，T+0 随时赎回。理财非存款，产品有风险，投资须谨慎。
C007737,2,P012,call,周末09:00-12:00,您好，我是您的专属理财顾问，为您介绍：混合012号（R2·混合），业绩比较基准3.7%，90天，10000元起投，T+1 次日赎回。理财非存款，产品有风险，投资须谨慎。
C007737,3,P013,call,周末14:00-18:00,您好，我是您的专属理财顾问，为您介绍：定开013号（R2·定开），业绩比较基准3.5%，灵活存续，10000元起投，T+0 随时赎回。理财非存款，产品有风险，投资须谨慎。
C007738,1,P010,app_push,工作日12:00-14:00,专属推荐：现金管理010号（R1·现金管理），业绩比较基准2.8%，366天，50000元起投，T+0 随时赎回。理财非存款，产品有风险，投资须谨慎。
C007738,2,P014,app_push,工作日18:00-21:00,专属推荐：混合014号（R1·混合），业绩比较基准2.3%，90天，10000元起投，T+1 次日赎回。理财非存款，产品有风险，投资须谨慎。
C007738,3,P030,app_push,周末14:00-18:00,专属推荐：固定期限030号（R2·固定期限），业绩比较基准3.1%，730天，1000元起投，T+0 随时赎回。该产品风险等级高于您的风险偏好，请谨慎选择。理财非存款，产品有风险，投资须谨慎。
C007743,1,P012,call,工作日09:00-12:00,您好，我是您的专属理财顾问，为您介绍：混合012号（R2·混合），业绩比较基准3.7%，90天，10000元起投，T+1 次日赎回。理财非存款，产品有风险，投资须谨慎。
C007743,2,P011,call,工作日18:00-21:00,您好，我是您的专属理财顾问，为您介绍：固定期限011号（R2·固定期限），业绩比较基准3.3%，90天，10000元起投，T+0 随时赎回。理财非存款，产品有风险，投资须谨慎。
C007743,3,P013,call,周末14:00-18:00,您好，我是您的专属理财顾问，为您介绍：定开013号（R2·定开），业绩比较基准3.5%，灵活存续，10000元起投，T+0 随时赎回。理财非存款，产品有风险，投资须谨慎。
C007749,1,P022,app_push,工作日18:00-21:00,专属推荐：定开022号（R2·定开），业绩比较基准3.0%，730天，10000元起投，T+1 次日赎回。该产品风险等级高于您的风险偏好，请谨慎选择。理财非存款，产品有风险，投资须谨慎。
C007749,2,P013,app_push,周末09:00-12:00,专属推荐：定开013号（R2·定开），业绩比较基准3.5%，灵活存续，10000元起投，T+0 随时赎回。该产品风险等级高于您的风险偏好，请谨慎选择。理财非存款，产品有风险，投资须谨慎。
C007749,3,P019,app_push,周末14:00-18:00,专属推荐：定开019号（R2·定开），业绩比较基准3.3%，灵活存续，1000元起投，T+0 随时赎回。该产品风险等级高于您的风险偏好，请谨慎选择。理财非存款，产品有风险，投资须谨慎。
C007752,1,P006,call,工作日09:00-12:00,您好，我是您的专属理财顾问，为您介绍：混合006号（R3·混合），业绩比较基准5.1%，灵活存续，50000元起投，T+1 次日赎回。理财非存款，产品有风险，投资须谨慎。
C007752,2,P001,call,工作日12:00-14:00,您好，我是您的专属理财顾问，为您介绍：混合001号（R3·混合），业绩比较基准5.5%，730天，50000元起投，封闭运作。理财非存款，产品有风险，投资须谨慎。
C007752,3,P025,call,周末09:00-12:00,您好，我是您的专属理财顾问，为您介绍：定开025号（R3·定开），业绩比较基准5.2%，366天，1000元起投，T+0 随时赎回。理财非存款，产品有风险，投资须谨慎。
C007766,1,P002,app_push,工作日18:00-21:00,专属推荐：固定期限002号（R5·固定期限），业绩比较基准11.3%，366天，1000元起投，T+0 随时赎回。理财非存款，产品有风险，投资须谨慎。
C007766,2,P023,app_push,周末09:00-12:00,专属推荐：固定期限023号（R5·固定期限），业绩比较基准9.8%，灵活存续，1000元起投，T+1 次日赎回。理财非存款，产品有风险，投资须谨慎。
C007766,3,P004,app_push,周末14:00-18:00,专属推荐：现金管理004号（R5·现金管理），业绩比较基准8.6%，灵活存续，1000元起投，封闭运作。理财非存款，产品有风险，投资须谨慎。
C007767,1,P002,call,工作日09:00-12:00,您好，我是您的专属理财顾问，为您介绍：固定期限002号（R5·固定期限），业绩比较基准11.3%，366天，1000元起投，T+0 随时赎回。该产品风险等级高于您的风险偏好，请谨慎选择。理财非存款，产品有风险，投资须谨慎。
C007767,2,P023,call,工作日12:00-14:00,您好，我是您的专属理财顾问，为您介绍：固定期限023号（R5·固定期限），业绩比较基准9.8%，灵活存续，1000元起投，T+1 次日赎回。该产品风险等级高于您的风险偏好，请谨慎选择。理财非存款，产品有风险，投资须谨慎。
C007767,3,P004,call,工作日18:00-21:00,您好，我是您的专属理财顾问，为您介绍：现金管理004号（R5·现金管理），业绩比较基准8.6%，灵活存续，1000元起投，封闭运作。该产品风险等级高于您的风险偏好，请谨慎选择。理财非存款，产品有风险，投资须谨慎。
C007771,1,P014,manager,工作日18:00-21:00,金卡贵宾专享：混合014号（R1·混合），业绩比较基准2.3%，90天，10000元起投，T+1 次日赎回，可为您预约专属认购。理财非存款，产品有风险，投资须谨慎。
C007771,2,P010,manager,周末14:00-18:00,金卡贵宾专享：现金管理010号（R1·现金管理），业绩比较基准2.8%，366天，50000元起投，T+0 随时赎回，可为您预约专属认购。理财非存款，产品有风险，投资须谨慎。
C007771,3,P011,manager,周末09:00-12:00,金卡贵宾专享：固定期限011号（R2·固定期限），业绩比较基准3.3%，90天，10000元起投，T+0 随时赎回，可为您预约专属认购。该产品风险等级高于您的风险偏好，请谨慎选择。理财非存款，产品有风险，投资须谨慎。
C007775,1,P012,call,工作日12:00-14:00,您好，我是您的专属理财顾问，为您介绍：混合012号（R2·混合），业绩比较基准3.7%，90天，10000元起投，T+1 次日赎回。理财非存款，产品有风险，投资须谨慎。
C007775,2,P011,call,工作日18:00-21:00,您好，我是您的专属理财顾问，为您介绍：固定期限011号（R2·固定期限），业绩比较基准3.3%，90天，10000元起投，T+0 随时赎回。理财非存款，产品有风险，投资须谨慎。
C007775,3,P013,call,周末14:00-18:00,您好，我是您的专属理财顾问，为您介绍：定开013号（R2·定开），业绩比较基准3.5%，灵活存续，10000元起投，T+0 随时赎回。理财非存款，产品有风险，投资须谨慎。
C007777,1,P002,app_push,工作日09:00-12:00,专属推荐：固定期限002号（R5·固定期限），业绩比较基准11.3%，366天，1000元起投，T+0 随时赎回。理财非存款，产品有风险，投资须谨慎。
C007777,2,P023,app_push,工作日12:00-14:00,专属推荐：固定期限023号（R5·固定期限），业绩比较基准9.8%，灵活存续，1000元起投，T+1 次日赎回。理财非存款，产品有风险，投资须谨慎。
C007777,3,P004,app_push,工作日18:00-21:00,专属推荐：现金管理004号（R5·现金管理），业绩比较基准8.6%，灵活存续，1000元起投，封闭运作。理财非存款，产品有风险，投资须谨慎。
C007788,1,P002,app_push,工作日09:00-12:00,专属推荐：固定期限002号（R5·固定期限），业绩比较基准11.3%，366天，1000元起投，T+0 随时赎回。理财非存款，产品有风险，投资须谨慎。
C007788,2,P023,app_push,工作日12:00-14:00,专属推荐：固定期限023号（R5·固定期限），业绩比较基准9.8%，灵活存续，1000元起投，T+1 次日赎回。理财非存款，产品有风险，投资须谨慎。
C007788,3,P004,app_push,周末14:00-18:00,专属推荐：现金管理004号（R5·现金管理），业绩比较基准8.6%，灵活存续，1000元起投，封闭运作。理财非存款，产品有风险，投资须谨慎。
C007789,1,P025,app_push,工作日12:00-14:00,专属推荐：定开025号（R3·定开），业绩比较基准5.2%，366天，1000元起投，T+0 随时赎回。理财非存款，产品有风险，投资须谨慎。
C007789,2,P008,app_push,周末14:00-18:00,专属推荐：定开008号（R3·定开），业绩比较基准5.1%，366天，10000元起投，封闭运作。理财非存款，产品有风险，投资须谨慎。
C007789,3,P024,app_push,工作日18:00-21:00,专属推荐：定开024号（R3·定开），业绩比较基准4.7%，90天，1000元起投，T+1 次日赎回。理财非存款，产品有风险，投资须谨慎。
C007793,1,P009,app_push,工作日12:00-14:00,专属推荐：现金管理009号（R2·现金管理），业绩比较基准4.0%，730天，50000元起投，T+0 随时赎回。理财非存款，产品有风险，投资须谨慎。
C007793,2,P016,app_push,工作日18:00-21:00,专属推荐：现金管理016号（R2·现金管理），业绩比较基准3.1%，180天，100000元起投，T+0 随时赎回。理财非存款，产品有风险，投资须谨慎。
C007793,3,P018,app_push,周末14:00-18:00,专属推荐：现金管理018号（R2·现金管理），业绩比较基准3.6%，730天，10000元起投，T+0 随时赎回。理财非存款，产品有风险，投资须谨慎。
C007805,1,P002,app_push,工作日12:00-14:00,专属推荐：固定期限002号（R5·固定期限），业绩比较基准11.3%，366天，1000元起投，T+0 随时赎回。理财非存款，产品有风险，投资须谨慎。
C007805,2,P023,app_push,工作日18:00-21:00,专属推荐：固定期限023号（R5·固定期限），业绩比较基准9.8%，灵活存续，1000元起投，T+1 次日赎回。理财非存款，产品有风险，投资须谨慎。
C007805,3,P004,app_push,周末14:00-18:00,专属推荐：现金管理004号（R5·现金管理），业绩比较基准8.6%，灵活存续，1000元起投，封闭运作。理财非存款，产品有风险，投资须谨慎。
C007810,1,P025,call,工作日12:00-14:00,您好，我是您的专属理财顾问，为您介绍：定开025号（R3·定开），业绩比较基准5.2%，366天，1000元起投，T+0 随时赎回。理财非存款，产品有风险，投资须谨慎。
C007810,2,P024,call,工作日18:00-21:00,您好，我是您的专属理财顾问，为您介绍：定开024号（R3·定开），业绩比较基准4.7%，90天，1000元起投，T+1 次日赎回。理财非存款，产品有风险，投资须谨慎。
C007810,3,P017,call,周末14:00-18:00,您好，我是您的专属理财顾问，为您介绍：现金管理017号（R3·现金管理），业绩比较基准4.3%，180天，1000元起投，T+1 次日赎回。理财非存款，产品有风险，投资须谨慎。
C007813,1,P012,call,工作日12:00-14:00,您好，我是您的专属理财顾问，为您介绍：混合012号（R2·混合），业绩比较基准3.7%，90天，10000元起投，T+1 次日赎回。理财非存款，产品有风险，投资须谨慎。
C007813,2,P013,call,周末14:00-18:00,您好，我是您的专属理财顾问，为您介绍：定开013号（R2·定开），业绩比较基准3.5%，灵活存续，10000元起投，T+0 随时赎回。理财非存款，产品有风险，投资须谨慎。
C007813,3,P011,call,工作日18:00-21:00,您好，我是您的专属理财顾问，为您介绍：固定期限011号（R2·固定期限），业绩比较基准3.3%，90天，10000元起投，T+0 随时赎回。理财非存款，产品有风险，投资须谨慎。
C007827,1,P008,app_push,工作日09:00-12:00,专属推荐：定开008号（R3·定开），业绩比较基准5.1%，366天，10000元起投，封闭运作。理财非存款，产品有风险，投资须谨慎。
C007827,2,P025,app_push,工作日12:00-14:00,专属推荐：定开025号（R3·定开），业绩比较基准5.2%，366天，1000元起投，T+0 随时赎回。理财非存款，产品有风险，投资须谨慎。
C007827,3,P024,app_push,周末14:00-18:00,专属推荐：定开024号（R3·定开），业绩比较基准4.7%，90天，1000元起投，T+1 次日赎回。理财非存款，产品有风险，投资须谨慎。
C007831,1,P004,app_push,工作日09:00-12:00,专属推荐：现金管理004号（R5·现金管理），业绩比较基准8.6%，灵活存续，1000元起投，封闭运作。该产品风险等级高于您的风险偏好，请谨慎选择。理财非存款，产品有风险，投资须谨慎。
C007831,2,P029,app_push,工作日18:00-21:00,专属推荐：固定期限029号（R4·固定期限），业绩比较基准7.8%，灵活存续，10000元起投，封闭运作。理财非存款，产品有风险，投资须谨慎。
C007831,3,P015,app_push,周末14:00-18:00,专属推荐：固定期限015号（R4·固定期限），业绩比较基准6.7%，366天，50000元起投，封闭运作。理财非存款，产品有风险，投资须谨慎。
C007840,1,P014,call,工作日12:00-14:00,您好，我是您的专属理财顾问，为您介绍：混合014号（R1·混合），业绩比较基准2.3%，90天，10000元起投，T+1 次日赎回。理财非存款，产品有风险，投资须谨慎。
C007840,2,P026,call,周末14:00-18:00,您好，我是您的专属理财顾问，为您介绍：混合026号（R2·混合），业绩比较基准3.1%，180天，1000元起投，T+1 次日赎回。该产品风险等级高于您的风险偏好，请谨慎选择。理财非存款，产品有风险，投资须谨慎。
C007840,3,P030,call,工作日18:00-21:00,您好，我是您的专属理财顾问，为您介绍：固定期限030号（R2·固定期限），业绩比较基准3.1%，730天，1000元起投，T+0 随时赎回。该产品风险等级高于您的风险偏好，请谨慎选择。理财非存款，产品有风险，投资须谨慎。
C007841,1,P013,call,工作日09:00-12:00,您好，我是您的专属理财顾问，为您介绍：定开013号（R2·定开），业绩比较基准3.5%，灵活存续，10000元起投，T+0 随时赎回。理财非存款，产品有风险，投资须谨慎。
C007841,2,P012,call,工作日12:00-14:00,您好，我是您的专属理财顾问，为您介绍：混合012号（R2·混合），业绩比较基准3.7%，90天，10000元起投，T+1 次日赎回。理财非存款，产品有风险，投资须谨慎。
C007841,3,P026,call,周末14:00-18:00,您好，我是您的专属理财顾问，为您介绍：混合026号（R2·混合），业绩比较基准3.1%，180天，1000元起投，T+1 次日赎回。理财非存款，产品有风险，投资须谨慎。
C007846,1,P002,call,工作日09:00-12:00,您好，我是您的专属理财顾问，为您介绍：固定期限002号（R5·固定期限），业绩比较基准11.3%，366天，1000元起投，T+0 随时赎回。理财非存款，产品有风险，投资须谨慎。
C007846,2,P023,call,工作日12:00-14:00,您好，我是您的专属理财顾问，为您介绍：固定期限023号（R5·固定期限），业绩比较基准9.8%，灵活存续，1000元起投，T+1 次日赎回。理财非存款，产品有风险，投资须谨慎。
C007846,3,P004,call,工作日18:00-21:00,您好，我是您的专属理财顾问，为您介绍：现金管理004号（R5·现金管理），业绩比较基准8.6%，灵活存续，1000元起投，封闭运作。理财非存款，产品有风险，投资须谨慎。
C007854,1,P011,app_push,工作日12:00-14:00,专属推荐：固定期限011号（R2·固定期限），业绩比较基准3.3%，90天，10000元起投，T+0 随时赎回。理财非存款，产品有风险，投资须谨慎。
C007854,2,P013,app_push,工作日18:00-21:00,专属推荐：定开013号（R2·定开），业绩比较基准3.5%，灵活存续，10000元起投，T+0 随时赎回。理财非存款，产品有风险，投资须谨慎。
C007854,3,P022,app_push,周末14:00-18:00,专属推荐：定开022号（R2·定开），业绩比较基准3.0%，730天，10000元起投，T+1 次日赎回。理财非存款，产品有风险，投资须谨慎。
C007856,1,P026,app_push,工作日09:00-12:00,专属推荐：混合026号（R2·混合），业绩比较基准3.1%，180天，1000元起投，T+1 次日赎回。理财非存款，产品有风险，投资须谨慎。
C007856,2,P012,app_push,工作日18:00-21:00,专属推荐：混合012号（R2·混合），业绩比较基准3.7%，90天，10000元起投，T+1 次日赎回。理财非存款，产品有风险，投资须谨慎。
C007856,3,P019,app_push,周末09:00-12:00,专属推荐：定开019号（R2·定开），业绩比较基准3.3%，灵活存续，1000元起投，T+0 随时赎回。理财非存款，产品有风险，投资须谨慎。
C007868,1,P014,call,工作日12:00-14:00,您好，我是您的专属理财顾问，为您介绍：混合014号（R1·混合），业绩比较基准2.3%，90天，10000元起投，T+1 次日赎回。理财非存款，产品有风险，投资须谨慎。
C007868,2,P012,call,工作日18:00-21:00,您好，我是您的专属理财顾问，为您介绍：混合012号（R2·混合），业绩比较基准3.7%，90天，10000元起投，T+1 次日赎回。该产品风险等级高于您的风险偏好，请谨慎选择。理财非存款，产品有风险，投资须谨慎。
C007868,3,P026,call,周末14:00-18:00,您好，我是您的专属理财顾问，为您介绍：混合026号（R2·混合），业绩比较基准3.1%，180天，1000元起投，T+1 次日赎回。该产品风险等级高于您的风险偏好，请谨慎选择。理财非存款，产品有风险，投资须谨慎。
C007872,1,P027,manager,工作日12:00-14:00,银卡贵宾专享：现金管理027号（R4·现金管理），业绩比较基准7.7%，366天，100000元起投，T+1 次日赎回，可为您预约专属认购。理财非存款，产品有风险，投资须谨慎。
C007872,2,P017,manager,工作日18:00-21:00,银卡贵宾专享：现金管理017号（R3·现金管理），业绩比较基准4.3%，180天，1000元起投，T+1 次日赎回，可为您预约专属认购。理财非存款，产品有风险，投资须谨慎。
C007872,3,P004,manager,周末14:00-18:00,银卡贵宾专享：现金管理004号（R5·现金管理），业绩比较基准8.6%，灵活存续，1000元起投，封闭运作，可为您预约专属认购。该产品风险等级高于您的风险偏好，请谨慎选择。理财非存款，产品有风险，投资须谨慎。
C007876,1,P014,app_push,工作日12:00-14:00,专属推荐：混合014号（R1·混合），业绩比较基准2.3%，90天，10000元起投，T+1 次日赎回。理财非存款，产品有风险，投资须谨慎。
C007876,2,P010,app_push,周末14:00-18:00,专属推荐：现金管理010号（R1·现金管理），业绩比较基准2.8%，366天，50000元起投，T+0 随时赎回。理财非存款，产品有风险，投资须谨慎。
C007876,3,P012,app_push,工作日18:00-21:00,专属推荐：混合012号（R2·混合），业绩比较基准3.7%，90天，10000元起投，T+1 次日赎回。该产品风险等级高于您的风险偏好，请谨慎选择。理财非存款，产品有风险，投资须谨慎。
C007877,1,P012,app_push,工作日18:00-21:00,专属推荐：混合012号（R2·混合），业绩比较基准3.7%，90天，10000元起投，T+1 次日赎回。理财非存款，产品有风险，投资须谨慎。
C007877,2,P013,app_push,周末09:00-12:00,专属推荐：定开013号（R2·定开），业绩比较基准3.5%，灵活存续，10000元起投，T+0 随时赎回。理财非存款，产品有风险，投资须谨慎。
C007877,3,P011,app_push,周末14:00-18:00,专属推荐：固定期限011号（R2·固定期限），业绩比较基准3.3%，90天，10000元起投，T+0 随时赎回。理财非存款，产品有风险，投资须谨慎。
C007881,1,P002,app_push,工作日12:00-14:00,专属推荐：固定期限002号（R5·固定期限），业绩比较基准11.3%，366天，1000元起投，T+0 随时赎回。理财非存款，产品有风险，投资须谨慎。
C007881,2,P023,app_push,周末14:00-18:00,专属推荐：固定期限023号（R5·固定期限），业绩比较基准9.8%，灵活存续，1000元起投，T+1 次日赎回。理财非存款，产品有风险，投资须谨慎。
C007881,3,P004,app_push,工作日18:00-21:00,专属推荐：现金管理004号（R5·现金管理），业绩比较基准8.6%，灵活存续，1000元起投，封闭运作。理财非存款，产品有风险，投资须谨慎。
C007889,1,P014,app_push,工作日09:00-12:00,专属推荐：混合014号（R1·混合），业绩比较基准2.3%，90天，10000元起投，T+1 次日赎回。理财非存款，产品有风险，投资须谨慎。
C007889,2,P010,app_push,工作日12:00-14:00,专属推荐：现金管理010号（R1·现金管理），业绩比较基准2.8%，366天，50000元起投，T+0 随时赎回。理财非存款，产品有风险，投资须谨慎。
C007889,3,P026,app_push,周末09:00-12:00,专属推荐：混合026号（R2·混合），业绩比较基准3.1%，180天，1000元起投，T+1 次日赎回。该产品风险等级高于您的风险偏好，请谨慎选择。理财非存款，产品有风险，投资须谨慎。
C007893,1,P014,app_push,工作日18:00-21:00,专属推荐：混合014号（R1·混合），业绩比较基准2.3%，90天，10000元起投，T+1 次日赎回。理财非存款，产品有风险，投资须谨慎。
C007893,2,P026,app_push,周末14:00-18:00,专属推荐：混合026号（R2·混合），业绩比较基准3.1%，180天，1000元起投，T+1 次日赎回。该产品风险等级高于您的风险偏好，请谨慎选择。理财非存款，产品有风险，投资须谨慎。
C007893,3,P019,app_push,周末09:00-12:00,专属推荐：定开019号（R2·定开），业绩比较基准3.3%，灵活存续，1000元起投，T+0 随时赎回。该产品风险等级高于您的风险偏好，请谨慎选择。理财非存款，产品有风险，投资须谨慎。
C007895,1,P006,call,工作日09:00-12:00,您好，我是您的专属理财顾问，为您介绍：混合006号（R3·混合），业绩比较基准5.1%，灵活存续，50000元起投，T+1 次日赎回。理财非存款，产品有风险，投资须谨慎。
C007895,2,P001,call,工作日12:00-14:00,您好，我是您的专属理财顾问，为您介绍：混合001号（R3·混合），业绩比较基准5.5%，730天，50000元起投，封闭运作。理财非存款，产品有风险，投资须谨慎。
C007895,3,P025,call,周末09:00-12:00,您好，我是您的专属理财顾问，为您介绍：定开025号（R3·定开），业绩比较基准5.2%，366天，1000元起投，T+0 随时赎回。理财非存款，产品有风险，投资须谨慎。
C007900,1,P002,app_push,工作日09:00-12:00,专属推荐：固定期限002号（R5·固定期限），业绩比较基准11.3%，366天，1000元起投，T+0 随时赎回。理财非存款，产品有风险，投资须谨慎。
C007900,2,P023,app_push,工作日12:00-14:00,专属推荐：固定期限023号（R5·固定期限），业绩比较基准9.8%，灵活存续，1000元起投，T+1 次日赎回。理财非存款，产品有风险，投资须谨慎。
C007900,3,P004,app_push,周末09:00-12:00,专属推荐：现金管理004号（R5·现金管理），业绩比较基准8.6%，灵活存续，1000元起投，封闭运作。理财非存款，产品有风险，投资须谨慎。
C007903,1,P013,call,工作日09:00-12:00,您好，我是您的专属理财顾问，为您介绍：定开013号（R2·定开），业绩比较基准3.5%，灵活存续，10000元起投，T+0 随时赎回。理财非存款，产品有风险，投资须谨慎。
C007903,2,P011,call,工作日18:00-21:00,您好，我是您的专属理财顾问，为您介绍：固定期限011号（R2·固定期限），业绩比较基准3.3%，90天，10000元起投，T+0 随时赎回。理财非存款，产品有风险，投资须谨慎。
C007903,3,P022,call,周末14:00-18:00,您好，我是您的专属理财顾问，为您介绍：定开022号（R2·定开），业绩比较基准3.0%，730天，10000元起投，T+1 次日赎回。理财非存款，产品有风险，投资须谨慎。
C007906,1,P025,app_push,工作日12:00-14:00,专属推荐：定开025号（R3·定开），业绩比较基准5.2%，366天，1000元起投，T+0 随时赎回。理财非存款，产品有风险，投资须谨慎。
C007906,2,P024,app_push,工作日18:00-21:00,专属推荐：定开024号（R3·定开），业绩比较基准4.7%，90天，1000元起投，T+1 次日赎回。理财非存款，产品有风险，投资须谨慎。
C007906,3,P017,app_push,周末14:00-18:00,专属推荐：现金管理017号（R3·现金管理），业绩比较基准4.3%，180天，1000元起投，T+1 次日赎回。理财非存款，产品有风险，投资须谨慎。
C007914,1,P014,app_push,工作日09:00-12:00,专属推荐：混合014号（R1·混合），业绩比较基准2.3%，90天，10000元起投，T+1 次日赎回。理财非存款，产品有风险，投资须谨慎。
C007914,2,P012,app_push,工作日18:00-21:00,专属推荐：混合012号（R2·混合），业绩比较基准3.7%，90天，10000元起投，T+1 次日赎回。该产品风险等级高于您的风险偏好，请谨慎选择。理财非存款，产品有风险，投资须谨慎。
C007914,3,P026,app_push,周末09:00-12:00,专属推荐：混合026号（R2·混合），业绩比较基准3.1%，180天，1000元起投，T+1 次日赎回。该产品风险等级高于您的风险偏好，请谨慎选择。理财非存款，产品有风险，投资须谨慎。
C007921,1,P020,call,工作日12:00-14:00,您好，我是您的专属理财顾问，为您介绍：现金管理020号（R2·现金管理），业绩比较基准3.6%，366天，10000元起投，T+1 次日赎回。理财非存款，产品有风险，投资须谨慎。
C007921,2,P018,call,工作日18:00-21:00,您好，我是您的专属理财顾问，为您介绍：现金管理018号（R2·现金管理），业绩比较基准3.6%，730天，10000元起投，T+0 随时赎回。理财非存款，产品有风险，投资须谨慎。
C007921,3,P017,call,周末14:00-18:00,您好，我是您的专属理财顾问，为您介绍：现金管理017号（R3·现金管理），业绩比较基准4.3%，180天，1000元起投，T+1 次日赎回。该产品风险等级高于您的风险偏好，请谨慎选择。理财非存款，产品有风险，投资须谨慎。
C007922,1,P011,app_push,工作日12:00-14:00,专属推荐：固定期限011号（R2·固定期限），业绩比较基准3.3%，90天，10000元起投，T+0 随时赎回。理财非存款，产品有风险，投资须谨慎。
C007922,2,P012,app_push,周末14:00-18:00,专属推荐：混合012号（R2·混合），业绩比较基准3.7%，90天，10000元起投，T+1 次日赎回。理财非存款，产品有风险，投资须谨慎。
C007922,3,P022,app_push,工作日18:00-21:00,专属推荐：定开022号（R2·定开），业绩比较基准3.0%，730天，10000元起投，T+1 次日赎回。理财非存款，产品有风险，投资须谨慎。
C007923,1,P026,app_push,工作日09:00-12:00,专属推荐：混合026号（R2·混合），业绩比较基准3.1%，180天，1000元起投，T+1 次日赎回。理财非存款，产品有风险，投资须谨慎。
C007923,2,P019,app_push,工作日12:00-14:00,专属推荐：定开019号（R2·定开），业绩比较基准3.3%，灵活存续，1000元起投，T+0 随时赎回。理财非存款，产品有风险，投资须谨慎。
C007923,3,P030,app_push,工作日18:00-21:00,专属推荐：固定期限030号（R2·固定期限），业绩比较基准3.1%，730天，1000元起投，T+0 随时赎回。理财非存款，产品有风险，投资须谨慎。
C007924,1,P012,app_push,工作日12:00-14:00,专属推荐：混合012号（R2·混合），业绩比较基准3.7%，90天，10000元起投，T+1 次日赎回。理财非存款，产品有风险，投资须谨慎。
C007924,2,P013,app_push,周末14:00-18:00,专属推荐：定开013号（R2·定开），业绩比较基准3.5%，灵活存续，10000元起投，T+0 随时赎回。理财非存款，产品有风险，投资须谨慎。
C007924,3,P022,app_push,工作日18:00-21:00,专属推荐：定开022号（R2·定开），业绩比较基准3.0%，730天，10000元起投，T+1 次日赎回。理财非存款，产品有风险，投资须谨慎。
C007928,1,P014,call,工作日09:00-12:00,您好，我是您的专属理财顾问，为您介绍：混合014号（R1·混合），业绩比较基准2.3%，90天，10000元起投，T+1 次日赎回。理财非存款，产品有风险，投资须谨慎。
C007928,2,P012,call,工作日12:00-14:00,您好，我是您的专属理财顾问，为您介绍：混合012号（R2·混合），业绩比较基准3.7%，90天，10000元起投，T+1 次日赎回。该产品风险等级高于您的风险偏好，请谨慎选择。理财非存款，产品有风险，投资须谨慎。
C007928,3,P011,call,工作日18:00-21:00,您好，我是您的专属理财顾问，为您介绍：固定期限011号（R2·固定期限），业绩比较基准3.3%，90天，10000元起投，T+0 随时赎回。该产品风险等级高于您的风险偏好，请谨慎选择。理财非存款，产品有风险，投资须谨慎。
C007937,1,P026,app_push,工作日12:00-14:00,专属推荐：混合026号（R2·混合），业绩比较基准3.1%，180天，1000元起投，T+1 次日赎回。理财非存款，产品有风险，投资须谨慎。
C007937,2,P012,app_push,工作日18:00-21:00,专属推荐：混合012号（R2·混合），业绩比较基准3.7%，90天，10000元起投，T+1 次日赎回。理财非存款，产品有风险，投资须谨慎。
C007937,3,P019,app_push,周末14:00-18:00,专属推荐：定开019号（R2·定开），业绩比较基准3.3%，灵活存续，1000元起投，T+0 随时赎回。理财非存款，产品有风险，投资须谨慎。
C007939,1,P029,app_push,工作日18:00-21:00,专属推荐：固定期限029号（R4·固定期限），业绩比较基准7.8%，灵活存续，10000元起投，封闭运作。理财非存款，产品有风险，投资须谨慎。
C007939,2,P015,app_push,周末09:00-12:00,专属推荐：固定期限015号（R4·固定期限），业绩比较基准6.7%，366天，50000元起投，封闭运作。理财非存款，产品有风险，投资须谨慎。
C007939,3,P002,app_push,周末14:00-18:00,专属推荐：固定期限002号（R5·固定期限），业绩比较基准11.3%，366天，1000元起投，T+0 随时赎回。该产品风险等级高于您的风险偏好，请谨慎选择。理财非存款，产品有风险，投资须谨慎。
C007940,1,P019,app_push,工作日18:00-21:00,专属推荐：定开019号（R2·定开），业绩比较基准3.3%，灵活存续，1000元起投，T+0 随时赎回。该产品风险等级高于您的风险偏好，请谨慎选择。理财非存款，产品有风险，投资须谨慎。
C007940,2,P026,app_push,周末09:00-12:00,专属推荐：混合026号（R2·混合），业绩比较基准3.1%，180天，1000元起投，T+1 次日赎回。该产品风险等级高于您的风险偏好，请谨慎选择。理财非存款，产品有风险，投资须谨慎。
C007940,3,P030,app_push,周末14:00-18:00,专属推荐：固定期限030号（R2·固定期限），业绩比较基准3.1%，730天，1000元起投，T+0 随时赎回。该产品风险等级高于您的风险偏好，请谨慎选择。理财非存款，产品有风险，投资须谨慎。
C007942,1,P022,app_push,工作日09:00-12:00,专属推荐：定开022号（R2·定开），业绩比较基准3.0%，730天，10000元起投，T+1 次日赎回。理财非存款，产品有风险，投资须谨慎。
C007942,2,P019,app_push,工作日12:00-14:00,专属推荐：定开019号（R2·定开），业绩比较基准3.3%，灵活存续，1000元起投，T+0 随时赎回。理财非存款，产品有风险，投资须谨慎。
C007942,3,P013,app_push,周末09:00-12:00,专属推荐：定开013号（R2·定开），业绩比较基准3.5%，灵活存续，10000元起投，T+0 随时赎回。理财非存款，产品有风险，投资须谨慎。
C007943,1,P002,call,工作日09:00-12:00,您好，我是您的专属理财顾问，为您介绍：固定期限002号（R5·固定期限），业绩比较基准11.3%，366天，1000元起投，T+0 随时赎回。该产品风险等级高于您的风险偏好，请谨慎选择。理财非存款，产品有风险，投资须谨慎。
C007943,2,P029,call,工作日12:00-14:00,您好，我是您的专属理财顾问，为您介绍：固定期限029号（R4·固定期限），业绩比较基准7.8%，灵活存续，10000元起投，封闭运作。理财非存款，产品有风险，投资须谨慎。
C007943,3,P023,call,周末09:00-12:00,您好，我是您的专属理财顾问，为您介绍：固定期限023号（R5·固定期限），业绩比较基准9.8%，灵活存续，1000元起投，T+1 次日赎回。该产品风险等级高于您的风险偏好，请谨慎选择。理财非存款，产品有风险，投资须谨慎。
C007945,1,P004,call,工作日09:00-12:00,您好，我是您的专属理财顾问，为您介绍：现金管理004号（R5·现金管理），业绩比较基准8.6%，灵活存续，1000元起投，封闭运作。理财非存款，产品有风险，投资须谨慎。
C007945,2,P002,call,工作日12:00-14:00,您好，我是您的专属理财顾问，为您介绍：固定期限002号（R5·固定期限），业绩比较基准11.3%，366天，1000元起投，T+0 随时赎回。理财非存款，产品有风险，投资须谨慎。
C007945,3,P023,call,工作日18:00-21:00,您好，我是您的专属理财顾问，为您介绍：固定期限023号（R5·固定期限），业绩比较基准9.8%，灵活存续，1000元起投，T+1 次日赎回。理财非存款，产品有风险，投资须谨慎。
C007958,1,P014,app_push,工作日12:00-14:00,专属推荐：混合014号（R1·混合），业绩比较基准2.3%，90天，10000元起投，T+1 次日赎回。理财非存款，产品有风险，投资须谨慎。
C007958,2,P012,app_push,工作日18:00-21:00,专属推荐：混合012号（R2·混合），业绩比较基准3.7%，90天，10000元起投，T+1 次日赎回。该产品风险等级高于您的风险偏好，请谨慎选择。理财非存款，产品有风险，投资须谨慎。
C007958,3,P013,app_push,周末14:00-18:00,专属推荐：定开013号（R2·定开），业绩比较基准3.5%，灵活存续，10000元起投，T+0 随时赎回。该产品风险等级高于您的风险偏好，请谨慎选择。理财非存款，产品有风险，投资须谨慎。
C007964,1,P006,app_push,工作日09:00-12:00,专属推荐：混合006号（R3·混合），业绩比较基准5.1%，灵活存续，50000元起投，T+1 次日赎回。理财非存款，产品有风险，投资须谨慎。
C007964,2,P025,app_push,工作日12:00-14:00,专属推荐：定开025号（R3·定开），业绩比较基准5.2%，366天，1000元起投，T+0 随时赎回。理财非存款，产品有风险，投资须谨慎。
C007964,3,P001,app_push,工作日18:00-21:00,专属推荐：混合001号（R3·混合），业绩比较基准5.5%，730天，50000元起投，封闭运作。理财非存款，产品有风险，投资须谨慎。
C007965,1,P025,app_push,工作日09:00-12:00,专属推荐：定开025号（R3·定开），业绩比较基准5.2%，366天，1000元起投，T+0 随时赎回。理财非存款，产品有风险，投资须谨慎。
C007965,2,P008,app_push,工作日12:00-14:00,专属推荐：定开008号（R3·定开），业绩比较基准5.1%，366天，10000元起投，封闭运作。理财非存款，产品有风险，投资须谨慎。
C007965,3,P024,app_push,工作日18:00-21:00,专属推荐：定开024号（R3·定开），业绩比较基准4.7%，90天，1000元起投，T+1 次日赎回。理财非存款，产品有风险，投资须谨慎。
C007969,1,P025,app_push,工作日09:00-12:00,专属推荐：定开025号（R3·定开），业绩比较基准5.2%，366天，1000元起投，T+0 随时赎回。理财非存款，产品有风险，投资须谨慎。
C007969,2,P024,app_push,工作日12:00-14:00,专属推荐：定开024号（R3·定开），业绩比较基准4.7%，90天，1000元起投，T+1 次日赎回。理财非存款，产品有风险，投资须谨慎。
C007969,3,P017,app_push,周末09:00-12:00,专属推荐：现金管理017号（R3·现金管理），业绩比较基准4.3%，180天，1000元起投，T+1 次日赎回。理财非存款，产品有风险，投资须谨慎。
C007975,1,P013,app_push,工作日12:00-14:00,专属推荐：定开013号（R2·定开），业绩比较基准3.5%，灵活存续，10000元起投，T+0 随时赎回。理财非存款，产品有风险，投资须谨慎。
C007975,2,P022,app_push,周末14:00-18:00,专属推荐：定开022号（R2·定开），业绩比较基准3.0%，730天，10000元起投，T+1 次日赎回。理财非存款，产品有风险，投资须谨慎。
C007975,3,P019,app_push,工作日18:00-21:00,专属推荐：定开019号（R2·定开），业绩比较基准3.3%，灵活存续，1000元起投，T+0 随时赎回。理财非存款，产品有风险，投资须谨慎。
C007977,1,P029,app_push,工作日09:00-12:00,专属推荐：固定期限029号（R4·固定期限），业绩比较基准7.8%，灵活存续，10000元起投，封闭运作。理财非存款，产品有风险，投资须谨慎。
C007977,2,P002,app_push,工作日18:00-21:00,专属推荐：固定期限002号（R5·固定期限），业绩比较基准11.3%，366天，1000元起投，T+0 随时赎回。该产品风险等级高于您的风险偏好，请谨慎选择。理财非存款，产品有风险，投资须谨慎。
C007977,3,P023,app_push,周末09:00-12:00,专属推荐：固定期限023号（R5·固定期限），业绩比较基准9.8%，灵活存续，1000元起投，T+1 次日赎回。该产品风险等级高于您的风险偏好，请谨慎选择。理财非存款，产品有风险，投资须谨慎。
C007980,1,P011,call,工作日09:00-12:00,您好，我是您的专属理财顾问，为您介绍：固定期限011号（R2·固定期限），业绩比较基准3.3%，90天，10000元起投，T+0 随时赎回。理财非存款，产品有风险，投资须谨慎。
C007980,2,P003,call,工作日12:00-14:00,您好，我是您的专属理财顾问，为您介绍：固定期限003号（R3·固定期限），业绩比较基准4.5%，730天，50000元起投，封闭运作。理财非存款，产品有风险，投资须谨慎。
C007980,3,P029,call,周末09:00-12:00,您好，我是您的专属理财顾问，为您介绍：固定期限029号（R4·固定期限），业绩比较基准7.8%，灵活存续，10000元起投，封闭运作。该产品风险等级高于您的风险偏好，请谨慎选择。理财非存款，产品有风险，投资须谨慎。
C007988,1,P029,call,工作日09:00-12:00,您好，我是您的专属理财顾问，为您介绍：固定期限029号（R4·固定期限），业绩比较基准7.8%，灵活存续，10000元起投，封闭运作。理财非存款，产品有风险，投资须谨慎。
C007988,2,P002,call,工作日18:00-21:00,您好，我是您的专属理财顾问，为您介绍：固定期限002号（R5·固定期限），业绩比较基准11.3%，366天，1000元起投，T+0 随时赎回。该产品风险等级高于您的风险偏好，请谨慎选择。理财非存款，产品有风险，投资须谨慎。
C007988,3,P023,call,周末09:00-12:00,您好，我是您的专属理财顾问，为您介绍：固定期限023号（R5·固定期限），业绩比较基准9.8%，灵活存续，1000元起投，T+1 次日赎回。该产品风险等级高于您的风险偏好，请谨慎选择。理财非存款，产品有风险，投资须谨慎。
C007991,1,P025,app_push,工作日12:00-14:00,专属推荐：定开025号（R3·定开），业绩比较基准5.2%，366天，1000元起投，T+0 随时赎回。理财非存款，产品有风险，投资须谨慎。
C007991,2,P024,app_push,工作日18:00-21:00,专属推荐：定开024号（R3·定开），业绩比较基准4.7%，90天，1000元起投，T+1 次日赎回。理财非存款，产品有风险，投资须谨慎。
C007991,3,P017,app_push,周末14:00-18:00,专属推荐：现金管理017号（R3·现金管理），业绩比较基准4.3%，180天，1000元起投，T+1 次日赎回。理财非存款，产品有风险，投资须谨慎。
C008000,1,P030,app_push,工作日09:00-12:00,专属推荐：固定期限030号（R2·固定期限），业绩比较基准3.1%，730天，1000元起投，T+0 随时赎回。理财非存款，产品有风险，投资须谨慎。
C008000,2,P019,app_push,工作日18:00-21:00,专属推荐：定开019号（R2·定开），业绩比较基准3.3%，灵活存续，1000元起投，T+0 随时赎回。理财非存款，产品有风险，投资须谨慎。
C008000,3,P011,app_push,周末09:00-12:00,专属推荐：固定期限011号（R2·固定期限），业绩比较基准3.3%，90天，10000元起投，T+0 随时赎回。理财非存款，产品有风险，投资须谨慎。
