contact_id,response_prob
KT000000,0.387456
KT000001,0.045178
KT000002,0.667515
KT000003,0.141889
KT000004,0.483983
KT000005,0.085515
KT000006,0.181315
KT000007,0.013546
KT000008,0.041383
KT000009,0.342341
KT000010,0.653619
KT000011,0.028111
KT000012,0.232123
KT000013,0.012093
KT000014,0.171441
KT000015,0.017605
KT000016,0.063947
KT000017,0.011745
KT000018,0.117226
KT000019,0.542456
KT000020,0.01134
KT000021,0.308143
KT000022,0.557833
KT000023,0.032664
KT000024,0.457217
KT000025,0.431074
KT000026,0.007443
KT000027,0.040535
KT000028,0.51463
KT000029,0.172845
KT000030,0.067248
KT000031,0.014583
KT000032,0.015586
KT000033,0.258866
KT000034,0.440488
KT000035,0.576478
KT000036,0.064077
KT000037,0.069025
KT000038,0.005192
KT000039,0.01625
KT000040,0.237544
KT000041,0.5526
KT000042,0.011788
KT000043,0.606577
KT000044,0.040848
KT000045,0.017604
KT000046,0.313065
KT000047,0.004125
KT000048,0.389491
KT000049,0.465907
KT000050,0.334836
KT000051,0.003724
KT000052,0.023328
KT000053,0.547005
KT000054,0.070064
KT000055,0.093339
KT000056,0.004102
KT000057,0.149048
KT000058,0.163877
KT000059,0.360224
KT000060,0.084189
KT000061,0.051127
KT000062,0.66352
KT000063,0.604084
KT000064,0.072101
KT000065,0.004643
KT000066,0.679258
KT000067,0.015657
KT000068,0.157418
KT000069,0.027026
KT000070,0.281644
KT000071,0.008915
KT000072,0.813942
KT000073,0.011876
KT000074,0.005268
KT000075,0.112275
KT000076,0.049956
KT000077,0.283398
KT000078,0.019961
KT000079,0.017521
KT000080,0.186617
KT000081,0.545463
KT000082,0.052861
KT000083,0.007266
KT000084,0.748624
KT000085,0.019503
KT000086,0.083832
KT000087,0.007049
KT000088,0.306449
KT000089,0.061004
KT000090,0.255121
KT000091,0.080972
KT000092,0.519607
KT000093,0.154368
KT000094,0.141063
KT000095,0.040481
KT000096,0.070134
KT000097,0.104076
KT000098,0.013509
KT000099,0.044021
KT000100,0.036981
KT000101,0.135646
KT000102,0.128308
KT000103,0.737061
KT000104,0.019486
KT000105,0.670268
KT000106,0.049304
KT000107,0.115287
KT000108,0.103231
KT000109,0.428821
KT000110,0.009421
KT000111,0.260446
KT000112,0.407643
KT000113,0.077389
KT000114,0.086808
KT000115,0.014359
KT000116,0.05392
KT000117,0.07397
KT000118,0.05857
KT000119,0.368695
KT000120,0.631617
KT000121,0.084367
KT000122,0.034734
KT000123,0.030438
KT000124,0.010012
KT000125,0.526006
KT000126,0.036814
KT000127,0.03293
KT000128,0.598276
KT000129,0.014729
KT000130,0.006226
KT000131,0.103579
KT000132,0.016398
KT000133,0.405472
KT000134,0.922189
KT000135,0.095636
KT000136,0.115668
KT000137,0.062242
KT000138,0.093212
KT000139,0.009527
KT000140,0.015129
KT000141,0.186605
KT000142,0.007701
KT000143,0.10975
KT000144,0.077141
KT000145,0.221923
KT000146,0.031826
KT000147,0.059332
KT000148,0.655791
KT000149,0.055312
KT000150,0.012669
KT000151,0.094238
KT000152,0.102471
KT000153,0.005428
KT000154,0.314295
KT000155,0.622561
KT000156,0.113007
KT000157,0.343032
KT000158,0.839479
KT000159,0.168247
KT000160,0.003501
KT000161,0.002658
KT000162,0.046542
KT000163,0.342629
KT000164,0.518453
KT000165,0.003799
KT000166,0.34721
KT000167,0.609217
KT000168,0.245379
KT000169,0.339179
KT000170,0.015421
KT000171,0.064395
KT000172,0.074801
KT000173,0.005289
KT000174,0.070441
KT000175,0.229314
KT000176,0.106383
KT000177,0.080966
KT000178,0.004948
KT000179,0.008587
KT000180,0.005288
KT000181,0.896758
KT000182,0.364053
KT000183,0.085384
KT000184,0.062369
KT000185,0.198449
KT000186,0.23019
KT000187,0.735096
KT000188,0.051963
KT000189,0.010395
KT000190,0.350302
KT000191,0.314536
KT000192,0.044203
KT000193,0.033528
KT000194,0.043087
KT000195,0.565567
KT000196,0.006641
KT000197,0.26597
KT000198,0.17373
KT000199,0.215232
KT000200,0.26164
KT000201,0.014233
KT000202,0.054536
KT000203,0.099274
KT000204,0.183039
KT000205,0.042331
KT000206,0.016418
KT000207,0.669108
KT000208,0.152476
KT000209,0.061231
KT000210,0.208453
KT000211,0.073641
KT000212,0.717113
KT000213,0.186654
KT000214,0.026252
KT000215,0.685998
KT000216,0.11734
KT000217,0.022403
KT000218,0.126762
KT000219,0.229435
KT000220,0.036487
KT000221,0.137961
KT000222,0.114671
KT000223,0.047182
KT000224,0.43018
KT000225,0.090305
KT000226,0.030235
KT000227,0.544387
KT000228,0.406989
KT000229,0.021326
KT000230,0.017603
KT000231,0.039455
KT000232,0.219722
KT000233,0.648336
KT000234,0.544171
KT000235,0.759036
KT000236,0.186199
KT000237,0.298924
KT000238,0.418683
KT000239,0.095464
KT000240,0.004711
KT000241,0.268695
KT000242,0.032201
KT000243,0.081689
KT000244,0.593076
KT000245,0.265412
KT000246,0.571982
KT000247,0.754989
KT000248,0.122693
KT000249,0.335638
KT000250,0.02321
KT000251,0.01355
KT000252,0.021007
KT000253,0.009006
KT000254,0.583902
KT000255,0.040896
KT000256,0.041489
KT000257,0.192198
KT000258,0.009249
KT000259,0.033768
KT000260,0.014647
KT000261,0.310363
KT000262,0.110037
KT000263,0.686498
KT000264,0.01763
KT000265,0.062813
KT000266,0.563666
KT000267,0.277432
KT000268,0.903019
KT000269,0.012127
KT000270,0.068148
KT000271,0.078601
KT000272,0.023813
KT000273,0.318822
KT000274,0.011842
KT000275,0.092223
KT000276,0.032039
KT000277,0.016523
KT000278,0.01342
KT000279,0.015352
KT000280,0.917176
KT000281,0.174913
KT000282,0.239834
KT000283,0.008594
KT000284,0.369296
KT000285,0.402475
KT000286,0.66688
KT000287,0.093782
KT000288,0.007718
KT000289,0.14779
KT000290,0.041727
KT000291,0.049289
KT000292,0.130658
KT000293,0.004095
KT000294,0.011499
KT000295,0.53725
KT000296,0.746709
KT000297,0.060451
KT000298,0.139745
KT000299,0.455331
KT000300,0.50899
KT000301,0.244812
KT000302,0.289006
KT000303,0.298542
KT000304,0.639737
KT000305,0.327308
KT000306,0.039573
KT000307,0.014028
KT000308,0.019442
KT000309,0.25823
KT000310,0.006727
KT000311,0.851258
KT000312,0.252803
KT000313,0.125747
KT000314,0.035045
KT000315,0.003734
KT000316,0.051555
KT000317,0.57411
KT000318,0.010296
KT000319,0.784948
KT000320,0.187703
KT000321,0.681985
KT000322,0.731246
KT000323,0.027997
KT000324,0.041318
KT000325,0.762524
KT000326,0.026002
KT000327,0.020658
KT000328,0.00539
KT000329,0.112745
KT000330,0.025032
KT000331,0.718221
KT000332,0.19608
KT000333,0.410686
KT000334,0.20588
KT000335,0.032257
KT000336,0.014246
KT000337,0.043923
KT000338,0.299279
KT000339,0.007564
KT000340,0.054375
KT000341,0.157745
KT000342,0.020003
KT000343,0.004687
KT000344,0.161098
KT000345,0.140237
KT000346,0.027904
KT000347,0.040931
KT000348,0.050931
KT000349,0.606046
KT000350,0.076334
KT000351,0.07347
KT000352,0.079887
KT000353,0.024426
KT000354,0.023225
KT000355,0.007557
KT000356,0.27457
KT000357,0.479661
KT000358,0.009002
KT000359,0.029734
KT000360,0.03087
KT000361,0.625177
KT000362,0.023305
KT000363,0.007583
KT000364,0.039179
KT000365,0.172639
KT000366,0.00894
KT000367,0.0332
KT000368,0.141341
KT000369,0.287474
KT000370,0.028402
KT000371,0.676703
KT000372,0.079717
KT000373,0.048349
KT000374,0.067819
KT000375,0.030172
KT000376,0.22054
KT000377,0.48628
KT000378,0.095961
KT000379,0.016469
KT000380,0.02182
KT000381,0.93963
KT000382,0.063054
KT000383,0.023973
KT000384,0.060995
KT000385,0.934235
KT000386,0.038101
KT000387,0.053979
KT000388,0.061292
KT000389,0.046103
KT000390,0.028049
KT000391,0.006237
KT000392,0.700733
KT000393,0.00306
KT000394,0.015685
KT000395,0.157547
KT000396,0.656119
KT000397,0.024068
KT000398,0.46053
KT000399,0.097738
KT000400,0.153402
KT000401,0.037689
KT000402,0.165706
KT000403,0.060929
KT000404,0.127707
KT000405,0.95019
KT000406,0.020113
KT000407,0.06295
KT000408,0.016696
KT000409,0.050487
KT000410,0.034461
KT000411,0.367452
KT000412,0.108061
KT000413,0.383941
KT000414,0.012214
KT000415,0.122186
KT000416,0.243819
KT000417,0.03736
KT000418,0.009451
KT000419,0.346939
KT000420,0.024179
KT000421,0.002979
KT000422,0.19615
KT000423,0.431151
KT000424,0.069379
KT000425,0.402343
KT000426,0.366021
KT000427,0.04739
KT000428,0.754519
KT000429,0.235868
KT000430,0.030856
KT000431,0.548546
KT000432,0.013506
KT000433,0.10646
KT000434,0.194798
KT000435,0.475509
KT000436,0.01857
KT000437,0.210913
KT000438,0.069851
KT000439,0.447382
KT000440,0.817141
KT000441,0.643615
KT000442,0.033966
KT000443,0.124807
KT000444,0.520693
KT000445,0.103566
KT000446,0.397259
KT000447,0.072388
KT000448,0.128519
KT000449,0.010283
KT000450,0.00744
KT000451,0.018356
KT000452,0.187314
KT000453,0.337948
KT000454,0.158206
KT000455,0.006429
KT000456,0.686293
KT000457,0.005613
KT000458,0.525419
KT000459,0.097195
KT000460,0.014441
KT000461,0.032731
KT000462,0.103286
KT000463,0.392419
KT000464,0.356264
KT000465,0.206842
KT000466,0.295392
KT000467,0.636212
KT000468,0.093564
KT000469,0.03645
KT000470,0.041958
KT000471,0.274642
KT000472,0.039199
KT000473,0.127042
KT000474,0.057811
KT000475,0.192678
KT000476,0.486092
KT000477,0.042719
KT000478,0.027932
KT000479,0.037158
KT000480,0.346482
KT000481,0.122506
KT000482,0.135885
KT000483,0.019116
KT000484,0.185655
KT000485,0.514241
KT000486,0.127626
KT000487,0.012974
KT000488,0.263036
KT000489,0.069853
KT000490,0.005593
KT000491,0.179236
KT000492,0.173147
KT000493,0.580475
KT000494,0.634593
KT000495,0.162228
KT000496,0.101845
KT000497,0.946996
KT000498,0.004871
KT000499,0.22133
KT000500,0.026153
KT000501,0.056494
KT000502,0.025625
KT000503,0.029991
KT000504,0.388405
KT000505,0.010845
KT000506,0.341996
KT000507,0.049024
KT000508,0.555156
KT000509,0.685401
KT000510,0.010931
KT000511,0.24041
KT000512,0.005573
KT000513,0.014259
KT000514,0.027967
KT000515,0.742527
KT000516,0.34676
KT000517,0.069496
KT000518,0.012955
KT000519,0.044146
KT000520,0.038944
KT000521,0.195099
KT000522,0.660623
KT000523,0.569709
KT000524,0.038337
KT000525,0.028333
KT000526,0.03637
KT000527,0.838724
KT000528,0.028573
KT000529,0.236122
KT000530,0.054005
KT000531,0.030328
KT000532,0.075899
KT000533,0.140491
KT000534,0.044195
KT000535,0.817428
KT000536,0.154867
KT000537,0.240708
KT000538,0.743033
KT000539,0.710204
KT000540,0.036372
KT000541,0.077951
KT000542,0.004572
KT000543,0.084941
KT000544,0.074722
KT000545,0.011264
KT000546,0.243031
KT000547,0.012074
KT000548,0.005946
KT000549,0.807773
KT000550,0.012963
KT000551,0.66578
KT000552,0.086905
KT000553,0.927537
KT000554,0.936478
KT000555,0.210722
KT000556,0.016412
KT000557,0.036364
KT000558,0.197053
KT000559,0.773075
KT000560,0.482311
KT000561,0.02774
KT000562,0.053694
KT000563,0.153216
KT000564,0.010734
KT000565,0.016219
KT000566,0.130331
KT000567,0.009965
KT000568,0.018479
KT000569,0.186773
KT000570,0.061735
KT000571,0.016342
KT000572,0.099306
KT000573,0.032497
KT000574,0.170516
KT000575,0.608769
KT000576,0.059284
KT000577,0.13251
KT000578,0.035923
KT000579,0.19293
KT000580,0.069058
KT000581,0.124961
KT000582,0.579064
KT000583,0.048983
KT000584,0.026078
KT000585,0.027967
KT000586,0.044859
KT000587,0.034096
KT000588,0.038602
KT000589,0.193466
KT000590,0.453889
KT000591,0.171169
KT000592,0.421375
KT000593,0.0541
KT000594,0.008832
KT000595,0.068619
KT000596,0.059613
KT000597,0.056357
KT000598,0.185297
KT000599,0.005101
KT000600,0.421559
KT000601,0.551617
KT000602,0.011367
KT000603,0.42962
KT000604,0.059319
KT000605,0.114024
KT000606,0.315783
KT000607,0.033403
KT000608,0.027403
KT000609,0.391109
KT000610,0.025109
KT000611,0.292404
KT000612,0.182884
KT000613,0.010256
KT000614,0.744411
KT000615,0.213134
KT000616,0.034674
KT000617,0.052492
KT000618,0.104487
KT000619,0.188717
KT000620,0.469276
KT000621,0.005227
KT000622,0.238364
KT000623,0.152985
KT000624,0.090112
KT000625,0.439252
KT000626,0.075091
KT000627,0.092694
KT000628,0.010993
KT000629,0.001902
KT000630,0.230209
KT000631,0.12952
KT000632,0.067127
KT000633,0.018464
KT000634,0.036347
KT000635,0.036842
KT000636,0.290537
KT000637,0.061785
KT000638,0.005928
KT000639,0.072307
KT000640,0.004513
KT000641,0.735799
KT000642,0.03331
KT000643,0.709063
KT000644,0.276121
KT000645,0.059161
KT000646,0.131266
KT000647,0.029481
KT000648,0.056777
KT000649,0.061658
KT000650,0.181474
KT000651,0.034255
KT000652,0.039994
KT000653,0.400641
KT000654,0.107665
KT000655,0.152221
KT000656,0.013652
KT000657,0.545867
KT000658,0.064518
KT000659,0.048102
KT000660,0.643347
KT000661,0.113895
KT000662,0.102464
KT000663,0.130374
KT000664,0.129797
KT000665,0.017084
KT000666,0.003675
KT000667,0.220584
KT000668,0.142776
KT000669,0.002951
KT000670,0.058136
KT000671,0.128704
KT000672,0.173632
KT000673,0.003081
KT000674,0.004692
KT000675,0.030837
KT000676,0.15393
KT000677,0.417501
KT000678,0.042608
KT000679,0.896315
KT000680,0.027981
KT000681,0.414048
KT000682,0.060774
KT000683,0.046562
KT000684,0.329917
KT000685,0.071871
KT000686,0.271976
KT000687,0.01193
KT000688,0.150458
KT000689,0.097723
KT000690,0.029325
KT000691,0.073991
KT000692,0.061578
KT000693,0.140184
KT000694,0.045776
KT000695,0.047647
KT000696,0.026718
KT000697,0.139391
KT000698,0.618468
KT000699,0.045329
KT000700,0.135394
KT000701,0.004908
KT000702,0.130848
KT000703,0.149152
KT000704,0.130072
KT000705,0.531679
KT000706,0.007822
KT000707,0.069473
KT000708,0.067663
KT000709,0.026797
KT000710,0.014044
KT000711,0.149138
KT000712,0.025084
KT000713,0.088705
KT000714,0.034772
KT000715,0.122969
KT000716,0.374159
KT000717,0.204293
KT000718,0.013225
KT000719,0.22961
KT000720,0.002924
KT000721,0.042199
KT000722,0.303727
KT000723,0.002741
KT000724,0.573761
KT000725,0.292741
KT000726,0.030778
KT000727,0.418851
KT000728,0.480387
KT000729,0.246203
KT000730,0.588481
KT000731,0.008561
KT000732,0.443236
KT000733,0.034313
KT000734,0.348571
KT000735,0.013151
KT000736,0.945361
KT000737,0.1592
KT000738,0.03968
KT000739,0.125184
KT000740,0.462356
KT000741,0.317495
KT000742,0.042914
KT000743,0.481995
KT000744,0.102366
KT000745,0.943335
KT000746,0.036787
KT000747,0.10827
KT000748,0.01129
KT000749,0.026191
KT000750,0.030301
KT000751,0.005943
KT000752,0.033104
KT000753,0.140816
KT000754,0.059387
KT000755,0.009217
KT000756,0.030876
KT000757,0.331799
KT000758,0.033417
KT000759,0.216105
KT000760,0.132244
KT000761,0.144901
KT000762,0.776459
KT000763,0.006064
KT000764,0.007796
KT000765,0.022635
KT000766,0.039431
KT000767,0.643361
KT000768,0.03769
KT000769,0.097348
KT000770,0.731635
KT000771,0.075875
KT000772,0.01937
KT000773,0.059814
KT000774,0.595693
KT000775,0.030932
KT000776,0.030979
KT000777,0.586975
KT000778,0.049297
KT000779,0.888323
KT000780,0.329952
KT000781,0.504562
KT000782,0.079131
KT000783,0.107157
KT000784,0.49149
KT000785,0.106293
KT000786,0.050141
KT000787,0.220806
KT000788,0.135033
KT000789,0.360628
KT000790,0.861203
KT000791,0.050194
KT000792,0.245118
KT000793,0.019228
KT000794,0.44773
KT000795,0.302172
KT000796,0.158881
KT000797,0.126887
KT000798,0.25669
KT000799,0.271782
KT000800,0.338441
KT000801,0.043323
KT000802,0.314614
KT000803,0.015796
KT000804,0.240467
KT000805,0.033237
KT000806,0.158953
KT000807,0.005734
KT000808,0.727754
KT000809,0.463898
KT000810,0.051558
KT000811,0.047234
KT000812,0.037593
KT000813,0.015366
KT000814,0.361193
KT000815,0.460275
KT000816,0.946254
KT000817,0.216019
KT000818,0.012316
KT000819,0.889353
KT000820,0.220357
KT000821,0.075751
KT000822,0.096503
KT000823,0.03527
KT000824,0.005619
KT000825,0.030164
KT000826,0.019597
KT000827,0.088361
KT000828,0.037894
KT000829,0.044464
KT000830,0.020813
KT000831,0.022964
KT000832,0.029647
KT000833,0.169646
KT000834,0.057605
KT000835,0.067191
KT000836,0.442978
KT000837,0.018615
KT000838,0.754011
KT000839,0.116138
KT000840,0.048596
KT000841,0.032673
KT000842,0.252263
KT000843,0.004497
KT000844,0.004586
KT000845,0.02372
KT000846,0.891901
KT000847,0.132852
KT000848,0.092414
KT000849,0.03103
KT000850,0.089978
KT000851,0.051792
KT000852,0.10845
KT000853,0.033786
KT000854,0.380028
KT000855,0.032389
KT000856,0.072815
KT000857,0.013304
KT000858,0.161129
KT000859,0.037261
KT000860,0.391702
KT000861,0.213495
KT000862,0.152556
KT000863,0.642737
KT000864,0.121106
KT000865,0.04641
KT000866,0.299062
KT000867,0.263485
KT000868,0.5235
KT000869,0.187124
KT000870,0.023688
KT000871,0.204575
KT000872,0.375256
KT000873,0.019905
KT000874,0.005943
KT000875,0.26078
KT000876,0.016457
KT000877,0.086439
KT000878,0.037715
KT000879,0.03414
KT000880,0.279747
KT000881,0.027032
KT000882,0.006556
KT000883,0.701106
KT000884,0.005393
KT000885,0.291231
KT000886,0.002887
KT000887,0.007859
KT000888,0.869651
KT000889,0.039116
KT000890,0.078217
KT000891,0.1126
KT000892,0.023633
KT000893,0.050783
KT000894,0.055541
KT000895,0.210902
KT000896,0.562683
KT000897,0.164489
KT000898,0.353598
KT000899,0.873733
KT000900,0.11048
KT000901,0.097246
KT000902,0.056993
KT000903,0.035585
KT000904,0.052717
KT000905,0.220075
KT000906,0.122509
KT000907,0.114201
KT000908,0.020097
KT000909,0.653317
KT000910,0.217894
KT000911,0.071413
KT000912,0.051981
KT000913,0.130232
KT000914,0.049312
KT000915,0.01363
KT000916,0.13642
KT000917,0.016689
KT000918,0.054128
KT000919,0.117747
KT000920,0.004619
KT000921,0.071485
KT000922,0.027936
KT000923,0.56605
KT000924,0.09126
KT000925,0.009178
KT000926,0.08017
KT000927,0.334829
KT000928,0.068823
KT000929,0.178377
KT000930,0.706838
KT000931,0.083633
KT000932,0.077551
KT000933,0.64044
KT000934,0.179747
KT000935,0.009996
KT000936,0.047629
KT000937,0.017183
KT000938,0.010475
KT000939,0.155313
KT000940,0.020003
KT000941,0.873625
KT000942,0.526864
KT000943,0.009626
KT000944,0.345086
KT000945,0.083666
KT000946,0.769603
KT000947,0.393308
KT000948,0.044556
KT000949,0.146052
KT000950,0.227797
KT000951,0.72792
KT000952,0.062415
KT000953,0.37662
KT000954,0.876937
KT000955,0.026885
KT000956,0.425141
KT000957,0.044991
KT000958,0.04054
KT000959,0.070556
KT000960,0.420637
KT000961,0.250837
KT000962,0.695265
KT000963,0.11103
KT000964,0.018085
KT000965,0.017031
KT000966,0.130764
KT000967,0.027522
KT000968,0.047469
KT000969,0.014589
KT000970,0.021153
KT000971,0.006508
KT000972,0.078505
KT000973,0.061323
KT000974,0.051915
KT000975,0.565377
KT000976,0.125642
KT000977,0.118055
KT000978,0.084382
KT000979,0.168991
KT000980,0.071872
KT000981,0.718187
KT000982,0.047848
KT000983,0.05328
KT000984,0.072705
KT000985,0.002882
KT000986,0.489474
KT000987,0.011476
KT000988,0.752863
KT000989,0.132254
KT000990,0.685191
KT000991,0.007605
KT000992,0.084672
KT000993,0.111345
KT000994,0.446382
KT000995,0.29215
KT000996,0.005244
KT000997,0.249581
KT000998,0.196883
KT000999,0.217861
KT001000,0.072785
KT001001,0.040523
KT001002,0.060178
KT001003,0.110943
KT001004,0.035188
KT001005,0.104675
KT001006,0.11473
KT001007,0.751164
KT001008,0.809307
KT001009,0.096947
KT001010,0.014776
KT001011,0.112752
KT001012,0.023986
KT001013,0.663702
KT001014,0.062606
KT001015,0.0237
KT001016,0.231479
KT001017,0.025694
KT001018,0.017038
KT001019,0.012388
KT001020,0.013404
KT001021,0.17528
KT001022,0.012418
KT001023,0.122119
KT001024,0.003629
KT001025,0.003844
KT001026,0.052899
KT001027,0.098731
KT001028,0.048872
KT001029,0.056779
KT001030,0.059888
KT001031,0.007839
KT001032,0.012715
KT001033,0.122004
KT001034,0.037302
KT001035,0.133697
KT001036,0.95398
KT001037,0.03198
KT001038,0.14458
KT001039,0.059411
KT001040,0.00531
KT001041,0.030686
KT001042,0.01611
KT001043,0.099678
KT001044,0.005803
KT001045,0.073641
KT001046,0.721253
KT001047,0.234079
KT001048,0.449559
KT001049,0.741299
KT001050,0.709011
KT001051,0.104206
KT001052,0.207201
KT001053,0.010598
KT001054,0.189028
KT001055,0.035034
KT001056,0.873513
KT001057,0.052454
KT001058,0.563472
KT001059,0.251443
KT001060,0.535716
KT001061,0.458906
KT001062,0.562237
KT001063,0.042148
KT001064,0.007398
KT001065,0.011677
KT001066,0.086995
KT001067,0.027409
KT001068,0.152551
KT001069,0.158348
KT001070,0.034597
KT001071,0.333082
KT001072,0.038167
KT001073,0.02501
KT001074,0.027068
KT001075,0.152926
KT001076,0.268046
KT001077,0.009171
KT001078,0.056769
KT001079,0.248208
KT001080,0.461298
KT001081,0.007914
KT001082,0.00843
KT001083,0.408357
KT001084,0.358115
KT001085,0.586139
KT001086,0.044079
KT001087,0.017354
KT001088,0.081199
KT001089,0.036079
KT001090,0.115366
KT001091,0.545777
KT001092,0.019321
KT001093,0.046943
KT001094,0.329277
KT001095,0.002666
KT001096,0.791992
KT001097,0.604672
KT001098,0.062886
KT001099,0.014486
KT001100,0.110582
KT001101,0.090892
KT001102,0.020182
KT001103,0.017111
KT001104,0.09438
KT001105,0.045647
KT001106,0.295748
KT001107,0.012578
KT001108,0.334591
KT001109,0.269322
KT001110,0.125041
KT001111,0.173164
KT001112,0.011663
KT001113,0.13251
KT001114,0.142822
KT001115,0.010126
KT001116,0.004484
KT001117,0.03027
KT001118,0.176948
KT001119,0.796201
KT001120,0.094195
KT001121,0.040459
KT001122,0.336305
KT001123,0.512607
KT001124,0.008947
KT001125,0.603012
KT001126,0.113742
KT001127,0.077801
KT001128,0.021896
KT001129,0.070484
KT001130,0.332725
KT001131,0.007665
KT001132,0.046277
KT001133,0.321361
KT001134,0.349407
KT001135,0.243347
KT001136,0.030287
KT001137,0.909998
KT001138,0.021424
KT001139,0.039597
KT001140,0.033049
KT001141,0.658999
KT001142,0.008965
KT001143,0.112952
KT001144,0.040372
KT001145,0.070617
KT001146,0.346505
KT001147,0.058128
KT001148,0.411425
KT001149,0.081113
KT001150,0.015668
KT001151,0.652971
KT001152,0.046089
KT001153,0.013968
KT001154,0.015435
KT001155,0.433906
KT001156,0.046347
KT001157,0.124134
KT001158,0.128005
KT001159,0.480943
KT001160,0.019878
KT001161,0.180986
KT001162,0.065535
KT001163,0.144385
KT001164,0.223842
KT001165,0.013306
KT001166,0.240101
KT001167,0.018883
KT001168,0.002964
KT001169,0.246906
KT001170,0.064758
KT001171,0.181392
KT001172,0.029283
KT001173,0.076132
KT001174,0.076267
KT001175,0.056238
KT001176,0.01541
KT001177,0.93146
KT001178,0.044607
KT001179,0.333269
KT001180,0.111334
KT001181,0.34577
KT001182,0.004576
KT001183,0.004561
KT001184,0.252304
KT001185,0.023904
KT001186,0.013224
KT001187,0.689567
KT001188,0.019397
KT001189,0.029153
KT001190,0.315561
KT001191,0.066322
KT001192,0.005389
KT001193,0.513582
KT001194,0.038716
KT001195,0.029849
KT001196,0.2419
KT001197,0.035479
KT001198,0.131813
KT001199,0.396018
KT001200,0.013538
KT001201,0.014788
KT001202,0.035836
KT001203,0.314543
KT001204,0.006471
KT001205,0.253186
KT001206,0.028706
KT001207,0.02246
KT001208,0.090079
KT001209,0.023971
KT001210,0.622443
KT001211,0.018419
KT001212,0.041522
KT001213,0.184631
KT001214,0.006325
KT001215,0.175109
KT001216,0.031552
KT001217,0.371863
KT001218,0.008943
KT001219,0.092455
KT001220,0.097725
KT001221,0.829226
KT001222,0.320254
KT001223,0.278325
KT001224,0.530069
KT001225,0.326203
KT001226,0.108247
KT001227,0.011019
KT001228,0.198107
KT001229,0.033125
KT001230,0.696894
KT001231,0.079059
KT001232,0.52702
KT001233,0.073937
KT001234,0.034054
KT001235,0.049516
KT001236,0.728914
KT001237,0.108257
KT001238,0.201755
KT001239,0.020265
KT001240,0.013432
KT001241,0.027836
KT001242,0.760158
KT001243,0.363422
KT001244,0.122299
KT001245,0.023219
KT001246,0.072544
KT001247,0.163612
KT001248,0.030973
KT001249,0.370149
KT001250,0.032934
KT001251,0.50781
KT001252,0.009972
KT001253,0.048198
KT001254,0.0353
KT001255,0.002025
KT001256,0.017336
KT001257,0.012282
KT001258,0.830878
KT001259,0.629006
KT001260,0.136379
KT001261,0.042907
KT001262,0.05115
KT001263,0.037113
KT001264,0.00478
KT001265,0.124599
KT001266,0.019904
KT001267,0.387829
KT001268,0.196255
KT001269,0.007822
KT001270,0.018353
KT001271,0.00571
KT001272,0.667332
KT001273,0.72871
KT001274,0.088316
KT001275,0.065407
KT001276,0.413627
KT001277,0.026805
KT001278,0.365819
KT001279,0.269566
KT001280,0.011315
KT001281,0.192734
KT001282,0.045494
KT001283,0.120863
KT001284,0.208879
KT001285,0.007737
KT001286,0.051241
KT001287,0.118521
KT001288,0.030527
KT001289,0.013145
KT001290,0.135642
KT001291,0.008016
KT001292,0.00295
KT001293,0.00597
KT001294,0.004475
KT001295,0.057818
KT001296,0.829501
KT001297,0.291783
KT001298,0.210712
KT001299,0.022348
KT001300,0.028418
KT001301,0.02893
KT001302,0.048482
KT001303,0.314242
KT001304,0.005367
KT001305,0.159306
KT001306,0.059375
KT001307,0.007462
KT001308,0.765658
KT001309,0.1371
KT001310,0.045435
KT001311,0.058848
KT001312,0.664593
KT001313,0.056848
KT001314,0.079803
KT001315,0.092108
KT001316,0.582983
KT001317,0.236982
KT001318,0.059857
KT001319,0.539298
KT001320,0.5852
KT001321,0.11019
KT001322,0.085051
KT001323,0.076017
KT001324,0.060509
KT001325,0.005049
KT001326,0.131196
KT001327,0.011439
KT001328,0.65384
KT001329,0.010415
KT001330,0.007457
KT001331,0.041865
KT001332,0.037514
KT001333,0.198984
KT001334,0.00499
KT001335,0.039748
KT001336,0.031228
KT001337,0.052417
KT001338,0.014369
KT001339,0.022843
KT001340,0.05632
KT001341,0.118685
KT001342,0.02198
KT001343,0.082719
KT001344,0.009955
KT001345,0.018437
KT001346,0.244055
KT001347,0.033724
KT001348,0.625026
KT001349,0.023497
KT001350,0.330395
KT001351,0.043703
KT001352,0.015727
KT001353,0.335459
KT001354,0.08674
KT001355,0.383575
KT001356,0.068014
KT001357,0.040707
KT001358,0.140172
KT001359,0.095911
KT001360,0.136036
KT001361,0.394308
KT001362,0.037335
KT001363,0.008091
KT001364,0.026428
KT001365,0.075115
KT001366,0.043215
KT001367,0.162169
KT001368,0.034597
KT001369,0.021255
KT001370,0.169078
KT001371,0.613258
KT001372,0.041046
KT001373,0.009765
KT001374,0.123498
KT001375,0.0044
KT001376,0.045601
KT001377,0.625821
KT001378,0.460739
KT001379,0.05441
KT001380,0.006404
KT001381,0.028462
KT001382,0.465396
KT001383,0.137493
KT001384,0.746963
KT001385,0.105828
KT001386,0.198347
KT001387,0.010868
KT001388,0.186262
KT001389,0.68609
KT001390,0.005414
KT001391,0.262844
KT001392,0.084325
KT001393,0.017093
KT001394,0.109014
KT001395,0.537698
KT001396,0.156315
KT001397,0.005347
KT001398,0.832178
KT001399,0.035771
KT001400,0.623284
KT001401,0.057766
KT001402,0.079787
KT001403,0.209811
KT001404,0.278314
KT001405,0.011641
KT001406,0.052416
KT001407,0.004956
KT001408,0.07863
KT001409,0.117357
KT001410,0.004739
KT001411,0.21378
KT001412,0.628654
KT001413,0.20072
KT001414,0.004871
KT001415,0.138625
KT001416,0.333333
KT001417,0.031914
KT001418,0.542519
KT001419,0.3071
KT001420,0.050668
KT001421,0.004828
KT001422,0.597717
KT001423,0.28199
KT001424,0.078089
KT001425,0.698799
KT001426,0.107887
KT001427,0.13866
KT001428,0.028237
KT001429,0.646301
KT001430,0.206239
KT001431,0.034919
KT001432,0.063794
KT001433,0.195647
KT001434,0.465315
KT001435,0.021559
KT001436,0.128053
KT001437,0.017564
KT001438,0.278617
KT001439,0.05432
KT001440,0.007644
KT001441,0.028363
KT001442,0.084488
KT001443,0.023162
KT001444,0.054162
KT001445,0.017443
KT001446,0.10458
KT001447,0.34019
KT001448,0.033354
KT001449,0.095398
KT001450,0.733312
KT001451,0.250395
KT001452,0.012294
KT001453,0.026253
KT001454,0.02906
KT001455,0.071964
KT001456,0.037734
KT001457,0.221268
KT001458,0.044615
KT001459,0.159432
KT001460,0.333082
KT001461,0.029446
KT001462,0.025662
KT001463,0.032509
KT001464,0.134776
KT001465,0.113617
KT001466,0.005828
KT001467,0.003515
KT001468,0.022476
KT001469,0.008048
KT001470,0.005565
KT001471,0.008526
KT001472,0.556438
KT001473,0.071272
KT001474,0.118366
KT001475,0.035842
KT001476,0.00768
KT001477,0.021603
KT001478,0.113561
KT001479,0.665301
KT001480,0.065486
KT001481,0.179409
KT001482,0.142822
KT001483,0.033775
KT001484,0.28332
KT001485,0.161013
KT001486,0.019878
KT001487,0.117771
KT001488,0.027541
KT001489,0.370793
KT001490,0.05453
KT001491,0.097053
KT001492,0.024635
KT001493,0.039672
KT001494,0.004425
KT001495,0.078164
KT001496,0.050467
KT001497,0.110425
KT001498,0.70555
KT001499,0.388107
KT001500,0.581308
KT001501,0.164451
KT001502,0.075957
KT001503,0.504972
KT001504,0.01205
KT001505,0.058891
KT001506,0.04892
KT001507,0.129809
KT001508,0.016588
KT001509,0.010886
KT001510,0.014779
KT001511,0.017798
KT001512,0.361697
KT001513,0.031562
KT001514,0.011453
KT001515,0.016354
KT001516,0.17609
KT001517,0.050806
KT001518,0.356851
KT001519,0.220189
KT001520,0.352067
KT001521,0.007074
KT001522,0.017044
KT001523,0.054739
KT001524,0.049996
KT001525,0.023438
KT001526,0.12105
KT001527,0.128815
KT001528,0.102099
KT001529,0.016401
KT001530,0.431059
KT001531,0.082468
KT001532,0.223665
KT001533,0.334884
KT001534,0.524241
KT001535,0.145766
KT001536,0.0894
KT001537,0.940025
KT001538,0.113734
KT001539,0.025784
KT001540,0.064635
KT001541,0.011253
KT001542,0.078091
KT001543,0.026817
KT001544,0.03215
KT001545,0.028105
KT001546,0.037733
KT001547,0.27136
KT001548,0.016637
KT001549,0.063539
KT001550,0.006307
KT001551,0.0451
KT001552,0.135853
KT001553,0.574589
KT001554,0.155504
KT001555,0.042995
KT001556,0.246773
KT001557,0.309072
KT001558,0.014775
KT001559,0.528962
KT001560,0.047521
KT001561,0.324262
KT001562,0.006733
KT001563,0.013473
KT001564,0.774907
KT001565,0.230227
KT001566,0.286921
KT001567,0.007249
KT001568,0.52371
KT001569,0.027847
KT001570,0.025882
KT001571,0.004317
KT001572,0.079391
KT001573,0.244631
KT001574,0.037836
KT001575,0.034084
KT001576,0.025123
KT001577,0.257757
KT001578,0.078002
KT001579,0.075847
KT001580,0.256774
KT001581,0.370696
KT001582,0.010887
KT001583,0.163197
KT001584,0.750283
KT001585,0.037085
KT001586,0.217081
KT001587,0.424224
KT001588,0.060358
KT001589,0.03046
KT001590,0.348661
KT001591,0.125704
KT001592,0.434455
KT001593,0.100034
KT001594,0.003479
KT001595,0.690204
KT001596,0.005885
KT001597,0.110235
KT001598,0.026504
KT001599,0.054153
KT001600,0.077441
KT001601,0.01325
KT001602,0.004173
KT001603,0.014918
KT001604,0.850897
KT001605,0.84432
KT001606,0.022449
KT001607,0.009232
KT001608,0.022569
KT001609,0.469149
KT001610,0.032213
KT001611,0.308974
KT001612,0.003998
KT001613,0.107732
KT001614,0.587642
KT001615,0.103252
KT001616,0.064769
KT001617,0.076081
KT001618,0.0062
KT001619,0.408504
KT001620,0.146215
KT001621,0.071775
KT001622,0.133224
KT001623,0.471103
KT001624,0.082519
KT001625,0.836217
KT001626,0.078694
KT001627,0.029008
KT001628,0.041547
KT001629,0.02712
KT001630,0.704101
KT001631,0.602256
KT001632,0.120516
KT001633,0.056309
KT001634,0.43843
KT001635,0.290665
KT001636,0.388547
KT001637,0.022992
KT001638,0.297342
KT001639,0.104646
KT001640,0.06997
KT001641,0.035175
KT001642,0.032285
KT001643,0.65664
KT001644,0.012972
KT001645,0.007795
KT001646,0.77983
KT001647,0.503938
KT001648,0.049548
KT001649,0.0898
KT001650,0.646748
KT001651,0.314025
KT001652,0.02603
KT001653,0.028382
KT001654,0.121807
KT001655,0.006878
KT001656,0.254801
KT001657,0.271261
KT001658,0.069297
KT001659,0.492765
KT001660,0.025565
KT001661,0.045499
KT001662,0.48616
KT001663,0.015304
KT001664,0.148519
KT001665,0.210518
KT001666,0.266737
KT001667,0.013028
KT001668,0.003008
KT001669,0.02918
KT001670,0.298895
KT001671,0.018862
KT001672,0.017618
KT001673,0.079318
KT001674,0.801523
KT001675,0.006434
KT001676,0.047007
KT001677,0.126949
KT001678,0.067572
KT001679,0.262148
KT001680,0.679678
KT001681,0.06213
KT001682,0.006497
KT001683,0.002886
KT001684,0.118327
KT001685,0.514674
KT001686,0.191722
KT001687,0.00683
KT001688,0.006441
KT001689,0.122106
KT001690,0.459797
KT001691,0.042634
KT001692,0.029823
KT001693,0.510082
KT001694,0.022331
KT001695,0.821104
KT001696,0.562458
KT001697,0.365061
KT001698,0.11942
KT001699,0.017136
KT001700,0.063835
KT001701,0.220928
KT001702,0.099279
KT001703,0.008629
KT001704,0.002438
KT001705,0.086942
KT001706,0.294905
KT001707,0.572515
KT001708,0.352188
KT001709,0.004258
KT001710,0.009521
KT001711,0.196199
KT001712,0.236828
KT001713,0.003268
KT001714,0.069956
KT001715,0.021065
KT001716,0.063754
KT001717,0.021884
KT001718,0.407336
KT001719,0.056621
KT001720,0.210549
KT001721,0.090452
KT001722,0.120793
KT001723,0.006472
KT001724,0.701967
KT001725,0.017212
KT001726,0.010209
KT001727,0.261544
KT001728,0.109023
KT001729,0.358889
KT001730,0.059415
KT001731,0.288817
KT001732,0.273492
KT001733,0.740125
KT001734,0.058129
KT001735,0.109214
KT001736,0.656772
KT001737,0.05585
KT001738,0.860007
KT001739,0.412257
KT001740,0.049907
KT001741,0.881453
KT001742,0.431329
KT001743,0.038575
KT001744,0.183157
KT001745,0.242617
KT001746,0.778065
KT001747,0.06029
KT001748,0.013431
KT001749,0.208707
KT001750,0.02542
KT001751,0.004296
KT001752,0.009706
KT001753,0.006217
KT001754,0.010923
KT001755,0.037007
KT001756,0.191989
KT001757,0.00531
KT001758,0.101291
KT001759,0.508086
KT001760,0.341744
KT001761,0.627169
KT001762,0.031538
KT001763,0.766651
KT001764,0.55438
KT001765,0.032054
KT001766,0.022497
KT001767,0.081816
KT001768,0.478724
KT001769,0.095783
KT001770,0.018495
KT001771,0.032148
KT001772,0.025205
KT001773,0.925128
KT001774,0.322337
KT001775,0.056356
KT001776,0.003663
KT001777,0.779849
KT001778,0.025739
KT001779,0.008359
KT001780,0.134965
KT001781,0.023451
KT001782,0.059152
KT001783,0.060944
KT001784,0.009879
KT001785,0.043925
KT001786,0.122304
KT001787,0.150674
KT001788,0.037344
KT001789,0.067496
KT001790,0.050803
KT001791,0.951442
KT001792,0.632837
KT001793,0.010037
KT001794,0.587085
KT001795,0.787568
KT001796,0.393437
KT001797,0.729116
KT001798,0.067958
KT001799,0.016777
KT001800,0.013689
KT001801,0.257676
KT001802,0.181233
KT001803,0.032263
KT001804,0.017913
KT001805,0.035215
KT001806,0.733489
KT001807,0.040608
KT001808,0.010341
KT001809,0.081668
KT001810,0.18109
KT001811,0.473306
KT001812,0.492443
KT001813,0.929605
KT001814,0.397811
KT001815,0.008966
KT001816,0.512412
KT001817,0.111153
KT001818,0.602401
KT001819,0.22357
KT001820,0.102449
KT001821,0.125792
KT001822,0.449435
KT001823,0.760929
KT001824,0.508495
KT001825,0.386399
KT001826,0.263739
KT001827,0.005334
KT001828,0.148497
KT001829,0.461415
KT001830,0.627536
KT001831,0.080484
KT001832,0.011208
KT001833,0.029479
KT001834,0.039823
KT001835,0.158849
KT001836,0.052026
KT001837,0.071084
KT001838,0.011601
KT001839,0.296115
KT001840,0.019214
KT001841,0.018955
KT001842,0.050542
KT001843,0.08379
KT001844,0.005173
KT001845,0.008144
KT001846,0.236441
KT001847,0.071835
KT001848,0.061813
KT001849,0.057861
KT001850,0.036811
KT001851,0.45312
KT001852,0.022668
KT001853,0.308512
KT001854,0.524413
KT001855,0.076282
KT001856,0.066322
KT001857,0.782894
KT001858,0.742687
KT001859,0.012423
KT001860,0.006429
KT001861,0.22814
KT001862,0.003761
KT001863,0.023591
KT001864,0.028556
KT001865,0.10928
KT001866,0.041571
KT001867,0.275285
KT001868,0.005495
KT001869,0.050239
KT001870,0.098831
KT001871,0.014573
KT001872,0.020448
KT001873,0.016387
KT001874,0.077621
KT001875,0.209752
KT001876,0.010222
KT001877,0.285592
KT001878,0.202299
KT001879,0.00281
KT001880,0.156786
KT001881,0.167901
KT001882,0.24427
KT001883,0.388818
KT001884,0.149925
KT001885,0.053286
KT001886,0.094675
KT001887,0.042786
KT001888,0.137815
KT001889,0.325779
KT001890,0.014617
KT001891,0.018891
KT001892,0.029804
KT001893,0.392528
KT001894,0.029628
KT001895,0.776194
KT001896,0.143311
KT001897,0.011541
KT001898,0.351255
KT001899,0.723356
KT001900,0.451905
KT001901,0.298545
KT001902,0.009449
KT001903,0.029873
KT001904,0.02163
KT001905,0.149164
KT001906,0.060275
KT001907,0.019476
KT001908,0.247084
KT001909,0.389697
KT001910,0.701812
KT001911,0.748138
KT001912,0.006386
KT001913,0.666258
KT001914,0.014106
KT001915,0.130859
KT001916,0.047938
KT001917,0.129052
KT001918,0.016432
KT001919,0.11285
KT001920,0.375876
KT001921,0.022344
KT001922,0.675452
KT001923,0.042308
KT001924,0.249354
KT001925,0.183013
KT001926,0.021415
KT001927,0.020748
KT001928,0.325888
KT001929,0.007597
KT001930,0.919193
KT001931,0.205451
KT001932,0.375402
KT001933,0.029848
KT001934,0.010038
KT001935,0.235345
KT001936,0.102782
KT001937,0.722714
KT001938,0.007967
KT001939,0.069406
KT001940,0.004268
KT001941,0.011369
KT001942,0.680102
KT001943,0.259064
KT001944,0.627844
KT001945,0.024596
KT001946,0.01947
KT001947,0.078964
KT001948,0.55441
KT001949,0.554102
KT001950,0.181011
KT001951,0.156483
KT001952,0.824583
KT001953,0.676596
KT001954,0.106139
KT001955,0.526301
KT001956,0.093949
KT001957,0.007072
KT001958,0.087782
KT001959,0.028169
KT001960,0.22481
KT001961,0.008241
KT001962,0.006117
KT001963,0.318634
KT001964,0.006713
KT001965,0.030612
KT001966,0.098222
KT001967,0.080881
KT001968,0.167324
KT001969,0.17496
KT001970,0.025582
KT001971,0.105606
KT001972,0.045295
KT001973,0.620559
KT001974,0.278763
KT001975,0.735114
KT001976,0.478572
KT001977,0.224314
KT001978,0.537772
KT001979,0.639755
KT001980,0.010761
KT001981,0.00751
KT001982,0.056704
KT001983,0.027561
KT001984,0.004313
KT001985,0.058898
KT001986,0.008963
KT001987,0.154945
KT001988,0.281103
KT001989,0.835165
KT001990,0.871434
KT001991,0.41345
KT001992,0.011075
KT001993,0.246064
KT001994,0.49799
KT001995,0.040621
KT001996,0.004161
KT001997,0.003743
KT001998,0.029753
KT001999,0.111704
KT002000,0.070358
KT002001,0.016367
KT002002,0.014202
KT002003,0.006787
KT002004,0.019294
KT002005,0.350307
KT002006,0.159872
KT002007,0.0335
KT002008,0.005345
KT002009,0.591811
KT002010,0.286521
KT002011,0.770898
KT002012,0.666594
KT002013,0.008388
KT002014,0.691841
KT002015,0.102309
KT002016,0.223055
KT002017,0.029139
KT002018,0.016654
KT002019,0.182222
KT002020,0.029707
KT002021,0.179817
KT002022,0.031178
KT002023,0.046795
KT002024,0.038477
KT002025,0.075006
KT002026,0.464483
KT002027,0.796585
KT002028,0.176878
KT002029,0.249548
KT002030,0.050358
KT002031,0.024581
KT002032,0.013475
KT002033,0.01739
KT002034,0.01123
KT002035,0.137973
KT002036,0.054504
KT002037,0.040897
KT002038,0.485946
KT002039,0.033965
KT002040,0.017839
KT002041,0.23966
KT002042,0.062054
KT002043,0.011903
KT002044,0.463594
KT002045,0.165953
KT002046,0.009708
KT002047,0.311452
KT002048,0.03366
KT002049,0.180243
KT002050,0.074431
KT002051,0.752692
KT002052,0.010651
KT002053,0.093687
KT002054,0.005469
KT002055,0.089419
KT002056,0.231952
KT002057,0.609738
KT002058,0.238719
KT002059,0.124764
KT002060,0.716376
KT002061,0.025532
KT002062,0.65929
KT002063,0.079148
KT002064,0.084801
KT002065,0.237141
KT002066,0.776346
KT002067,0.022324
KT002068,0.060428
KT002069,0.726254
KT002070,0.813789
KT002071,0.65873
KT002072,0.446993
KT002073,0.530743
KT002074,0.662375
KT002075,0.053458
KT002076,0.031546
KT002077,0.096902
KT002078,0.746802
KT002079,0.03397
KT002080,0.418811
KT002081,0.011914
KT002082,0.045821
KT002083,0.199226
KT002084,0.797489
KT002085,0.956696
KT002086,0.26597
KT002087,0.123922
KT002088,0.044873
KT002089,0.016891
KT002090,0.90102
KT002091,0.37248
KT002092,0.61625
KT002093,0.00427
KT002094,0.09511
KT002095,0.067115
KT002096,0.522847
KT002097,0.009452
KT002098,0.41435
KT002099,0.129381
KT002100,0.003741
KT002101,0.086331
KT002102,0.154527
KT002103,0.297084
KT002104,0.20651
KT002105,0.780116
KT002106,0.028139
KT002107,0.155428
KT002108,0.12721
KT002109,0.005985
KT002110,0.00765
KT002111,0.009391
KT002112,0.479134
KT002113,0.216393
KT002114,0.012978
KT002115,0.046164
KT002116,0.052227
KT002117,0.022844
KT002118,0.034425
KT002119,0.11823
KT002120,0.00359
KT002121,0.010021
KT002122,0.013505
KT002123,0.698757
KT002124,0.034145
KT002125,0.069288
KT002126,0.003919
KT002127,0.014663
KT002128,0.152889
KT002129,0.00268
KT002130,0.008126
KT002131,0.263462
KT002132,0.780099
KT002133,0.044007
KT002134,0.090489
KT002135,0.089389
KT002136,0.131962
KT002137,0.363577
KT002138,0.874025
KT002139,0.080053
KT002140,0.118591
KT002141,0.010346
KT002142,0.026206
KT002143,0.738934
KT002144,0.041749
KT002145,0.046455
KT002146,0.709008
KT002147,0.285693
KT002148,0.158122
KT002149,0.58608
KT002150,0.809405
KT002151,0.422729
KT002152,0.012845
KT002153,0.145657
KT002154,0.508071
KT002155,0.009783
KT002156,0.506302
KT002157,0.119735
KT002158,0.182442
KT002159,0.282106
KT002160,0.022985
KT002161,0.016846
KT002162,0.010205
KT002163,0.255319
KT002164,0.178747
KT002165,0.308593
KT002166,0.19671
KT002167,0.142444
KT002168,0.459454
KT002169,0.126634
KT002170,0.031268
KT002171,0.076726
KT002172,0.063983
KT002173,0.33956
KT002174,0.113263
KT002175,0.189595
KT002176,0.11713
KT002177,0.061881
KT002178,0.020144
KT002179,0.027001
KT002180,0.0033
KT002181,0.031559
KT002182,0.02328
KT002183,0.239645
KT002184,0.044515
KT002185,0.043474
KT002186,0.369858
KT002187,0.210211
KT002188,0.039158
KT002189,0.006509
KT002190,0.362681
KT002191,0.23514
KT002192,0.005594
KT002193,0.017108
KT002194,0.02762
KT002195,0.015971
KT002196,0.244845
KT002197,0.027453
KT002198,0.027967
KT002199,0.171125
KT002200,0.015967
KT002201,0.033175
KT002202,0.212858
KT002203,0.28332
KT002204,0.47215
KT002205,0.167325
KT002206,0.282507
KT002207,0.033032
KT002208,0.75037
KT002209,0.307918
KT002210,0.128793
KT002211,0.07895
KT002212,0.089154
KT002213,0.232586
KT002214,0.306808
KT002215,0.030044
KT002216,0.271939
KT002217,0.135306
KT002218,0.29298
KT002219,0.003863
KT002220,0.083099
KT002221,0.019187
KT002222,0.038325
KT002223,0.735187
KT002224,0.317471
KT002225,0.056932
KT002226,0.316704
KT002227,0.032044
KT002228,0.066774
KT002229,0.101876
KT002230,0.069075
KT002231,0.802594
KT002232,0.223905
KT002233,0.352209
KT002234,0.018342
KT002235,0.004798
KT002236,0.199871
KT002237,0.166995
KT002238,0.046542
KT002239,0.059898
KT002240,0.029298
KT002241,0.015397
KT002242,0.021477
KT002243,0.293152
KT002244,0.02304
KT002245,0.493978
KT002246,0.057349
KT002247,0.022965
KT002248,0.036312
KT002249,0.053695
KT002250,0.192875
KT002251,0.264918
KT002252,0.487309
KT002253,0.172998
KT002254,0.250901
KT002255,0.09479
KT002256,0.39004
KT002257,0.062463
KT002258,0.093589
KT002259,0.352438
KT002260,0.463808
KT002261,0.023703
KT002262,0.714112
KT002263,0.128437
KT002264,0.02624
KT002265,0.045145
KT002266,0.712701
KT002267,0.008443
KT002268,0.026897
KT002269,0.034896
KT002270,0.085433
KT002271,0.18903
KT002272,0.023942
KT002273,0.514874
KT002274,0.698047
KT002275,0.218222
KT002276,0.66544
KT002277,0.555252
KT002278,0.003399
KT002279,0.02053
KT002280,0.502465
KT002281,0.716519
KT002282,0.174086
KT002283,0.215065
KT002284,0.43642
KT002285,0.023663
KT002286,0.662071
KT002287,0.17796
KT002288,0.697695
KT002289,0.2243
KT002290,0.616919
KT002291,0.014023
KT002292,0.635357
KT002293,0.052902
KT002294,0.063571
KT002295,0.037469
KT002296,0.127326
KT002297,0.008243
KT002298,0.013737
KT002299,0.077132
KT002300,0.143357
KT002301,0.012768
KT002302,0.279211
KT002303,0.016278
KT002304,0.009613
KT002305,0.099304
KT002306,0.075308
KT002307,0.735079
KT002308,0.005297
KT002309,0.075551
KT002310,0.248398
KT002311,0.087036
KT002312,0.030858
KT002313,0.045256
KT002314,0.071192
KT002315,0.140149
KT002316,0.119295
KT002317,0.009024
KT002318,0.008333
KT002319,0.058893
KT002320,0.541209
KT002321,0.493897
KT002322,0.009678
KT002323,0.146246
KT002324,0.063537
KT002325,0.022479
KT002326,0.114
KT002327,0.104348
KT002328,0.244763
KT002329,0.026428
KT002330,0.722412
KT002331,0.181743
KT002332,0.543534
KT002333,0.016939
KT002334,0.047179
KT002335,0.055326
KT002336,0.026064
KT002337,0.039641
KT002338,0.026738
KT002339,0.07311
KT002340,0.033395
KT002341,0.011154
KT002342,0.009725
KT002343,0.029211
KT002344,0.006577
KT002345,0.048421
KT002346,0.368099
KT002347,0.408067
KT002348,0.735942
KT002349,0.016308
KT002350,0.076506
KT002351,0.015833
KT002352,0.094524
KT002353,0.029102
KT002354,0.005611
KT002355,0.368318
KT002356,0.177817
KT002357,0.006997
KT002358,0.710844
KT002359,0.180501
KT002360,0.059331
KT002361,0.132654
KT002362,0.030447
KT002363,0.167432
KT002364,0.056203
KT002365,0.096443
KT002366,0.03043
KT002367,0.110858
KT002368,0.082996
KT002369,0.530042
KT002370,0.036074
KT002371,0.141348
KT002372,0.542715
KT002373,0.108946
KT002374,0.133044
KT002375,0.464034
KT002376,0.013998
KT002377,0.876148
KT002378,0.811198
KT002379,0.145358
KT002380,0.186896
KT002381,0.006168
KT002382,0.08418
KT002383,0.613114
KT002384,0.006687
KT002385,0.025361
KT002386,0.084455
KT002387,0.708434
KT002388,0.062451
KT002389,0.004438
KT002390,0.629479
KT002391,0.065802
KT002392,0.002642
KT002393,0.032223
KT002394,0.009121
KT002395,0.541078
KT002396,0.157283
KT002397,0.439716
KT002398,0.017341
KT002399,0.005346
KT002400,0.11996
KT002401,0.208337
KT002402,0.313308
KT002403,0.004789
KT002404,0.546313
KT002405,0.023606
KT002406,0.010393
KT002407,0.15416
KT002408,0.448002
KT002409,0.14905
KT002410,0.335581
KT002411,0.519157
KT002412,0.142979
KT002413,0.120897
KT002414,0.004339
KT002415,0.259788
KT002416,0.774341
KT002417,0.16097
KT002418,0.311906
KT002419,0.017405
KT002420,0.568357
KT002421,0.05354
KT002422,0.011459
KT002423,0.021049
KT002424,0.216864
KT002425,0.351872
KT002426,0.03781
KT002427,0.085417
KT002428,0.155294
KT002429,0.160549
KT002430,0.053408
KT002431,0.132964
KT002432,0.031492
KT002433,0.087582
KT002434,0.042539
KT002435,0.029545
KT002436,0.055317
KT002437,0.140722
KT002438,0.061637
KT002439,0.618768
KT002440,0.37176
KT002441,0.329808
KT002442,0.037787
KT002443,0.948139
KT002444,0.018021
KT002445,0.029907
KT002446,0.229289
KT002447,0.370219
KT002448,0.098169
KT002449,0.26122
KT002450,0.043883
KT002451,0.019933
KT002452,0.56031
KT002453,0.017972
KT002454,0.072818
KT002455,0.092888
KT002456,0.929564
KT002457,0.164332
KT002458,0.508442
KT002459,0.161373
KT002460,0.003049
KT002461,0.013544
KT002462,0.250478
KT002463,0.105974
KT002464,0.014995
KT002465,0.042574
KT002466,0.126549
KT002467,0.090649
KT002468,0.054155
KT002469,0.005229
KT002470,0.700284
KT002471,0.061602
KT002472,0.086904
KT002473,0.692177
KT002474,0.664908
KT002475,0.112852
KT002476,0.532386
KT002477,0.011797
KT002478,0.764556
KT002479,0.028897
KT002480,0.167321
KT002481,0.007654
KT002482,0.702767
KT002483,0.542709
KT002484,0.009396
KT002485,0.143839
KT002486,0.004877
KT002487,0.068857
KT002488,0.071013
KT002489,0.080943
KT002490,0.004684
KT002491,0.228105
KT002492,0.011965
KT002493,0.215561
KT002494,0.068301
KT002495,0.194658
KT002496,0.035786
KT002497,0.205737
KT002498,0.066012
KT002499,0.103874
KT002500,0.92465
KT002501,0.025098
KT002502,0.045746
KT002503,0.07511
KT002504,0.002582
KT002505,0.033059
KT002506,0.248521
KT002507,0.027745
KT002508,0.015123
KT002509,0.159477
KT002510,0.229126
KT002511,0.006499
KT002512,0.107598
KT002513,0.003273
KT002514,0.520784
KT002515,0.389446
KT002516,0.02468
KT002517,0.002942
KT002518,0.357964
KT002519,0.040938
KT002520,0.063814
KT002521,0.18935
KT002522,0.044989
KT002523,0.045135
KT002524,0.053372
KT002525,0.242473
KT002526,0.003184
KT002527,0.0085
KT002528,0.005679
KT002529,0.060894
KT002530,0.080131
KT002531,0.08092
KT002532,0.071143
KT002533,0.069449
KT002534,0.311491
KT002535,0.004561
KT002536,0.192707
KT002537,0.085517
KT002538,0.30153
KT002539,0.259339
KT002540,0.672553
KT002541,0.054574
KT002542,0.026757
KT002543,0.01924
KT002544,0.043987
KT002545,0.056851
KT002546,0.482764
KT002547,0.003891
KT002548,0.159077
KT002549,0.087808
KT002550,0.100551
KT002551,0.18167
KT002552,0.039415
KT002553,0.192522
KT002554,0.032342
KT002555,0.048864
KT002556,0.586448
KT002557,0.074135
KT002558,0.544899
KT002559,0.009253
KT002560,0.534443
KT002561,0.625483
KT002562,0.746061
KT002563,0.013064
KT002564,0.012225
KT002565,0.140337
KT002566,0.173526
KT002567,0.093607
KT002568,0.481491
KT002569,0.03163
KT002570,0.00824
KT002571,0.049671
KT002572,0.005552
KT002573,0.002527
KT002574,0.155321
KT002575,0.310842
KT002576,0.013734
KT002577,0.56713
KT002578,0.054231
KT002579,0.08191
KT002580,0.033611
KT002581,0.066762
KT002582,0.011143
KT002583,0.117579
KT002584,0.019427
KT002585,0.026988
KT002586,0.474549
KT002587,0.090483
KT002588,0.010462
KT002589,0.044714
KT002590,0.005998
KT002591,0.014557
KT002592,0.020053
KT002593,0.881976
KT002594,0.025073
KT002595,0.317228
KT002596,0.064112
KT002597,0.014022
KT002598,0.121799
KT002599,0.069497
KT002600,0.014537
KT002601,0.021665
KT002602,0.04485
KT002603,0.025496
KT002604,0.463616
KT002605,0.002748
KT002606,0.803406
KT002607,0.055534
KT002608,0.024656
KT002609,0.445779
KT002610,0.046581
KT002611,0.015089
KT002612,0.278399
KT002613,0.527543
KT002614,0.011153
KT002615,0.135728
KT002616,0.03469
KT002617,0.027299
KT002618,0.085381
KT002619,0.082645
KT002620,0.11195
KT002621,0.04425
KT002622,0.064207
KT002623,0.793282
KT002624,0.070711
KT002625,0.011779
KT002626,0.067608
KT002627,0.004153
KT002628,0.504419
KT002629,0.095609
KT002630,0.089132
KT002631,0.103852
KT002632,0.029769
KT002633,0.027546
KT002634,0.046084
KT002635,0.39582
KT002636,0.00326
KT002637,0.366059
KT002638,0.013588
KT002639,0.018376
KT002640,0.680554
KT002641,0.10934
KT002642,0.003638
KT002643,0.444971
KT002644,0.006007
KT002645,0.034466
KT002646,0.003932
KT002647,0.191234
KT002648,0.012833
KT002649,0.875244
KT002650,0.916821
KT002651,0.499326
KT002652,0.043111
KT002653,0.780673
KT002654,0.042383
KT002655,0.040476
KT002656,0.009779
KT002657,0.654216
KT002658,0.134404
KT002659,0.673784
KT002660,0.777082
KT002661,0.675387
KT002662,0.710672
KT002663,0.343296
KT002664,0.024187
KT002665,0.012459
KT002666,0.168752
KT002667,0.199763
KT002668,0.011226
KT002669,0.010326
KT002670,0.007345
KT002671,0.541262
KT002672,0.422731
KT002673,0.660394
KT002674,0.015239
KT002675,0.004686
KT002676,0.030053
KT002677,0.019929
KT002678,0.163269
KT002679,0.029528
KT002680,0.052801
KT002681,0.887445
KT002682,0.330113
KT002683,0.617007
KT002684,0.015603
KT002685,0.922117
KT002686,0.922933
KT002687,0.04942
KT002688,0.021265
KT002689,0.443602
KT002690,0.049926
KT002691,0.023411
KT002692,0.283235
KT002693,0.064337
KT002694,0.240112
KT002695,0.131217
KT002696,0.019219
KT002697,0.236624
KT002698,0.211423
KT002699,0.186691
KT002700,0.089429
KT002701,0.745593
KT002702,0.008367
KT002703,0.036865
KT002704,0.262047
KT002705,0.024931
KT002706,0.043868
KT002707,0.109145
KT002708,0.067376
KT002709,0.533748
KT002710,0.494044
KT002711,0.215841
KT002712,0.177729
KT002713,0.004882
KT002714,0.008232
KT002715,0.008389
KT002716,0.322126
KT002717,0.019668
KT002718,0.403795
KT002719,0.108024
KT002720,0.03835
KT002721,0.129944
KT002722,0.02525
KT002723,0.028267
KT002724,0.597147
KT002725,0.068066
KT002726,0.008978
KT002727,0.033068
KT002728,0.435015
KT002729,0.046712
KT002730,0.065964
KT002731,0.545956
KT002732,0.002955
KT002733,0.729076
KT002734,0.163119
KT002735,0.016394
KT002736,0.044053
KT002737,0.035232
KT002738,0.057855
KT002739,0.0192
KT002740,0.005677
KT002741,0.372681
KT002742,0.102969
KT002743,0.00905
KT002744,0.292704
KT002745,0.08281
KT002746,0.029523
KT002747,0.014816
KT002748,0.169953
KT002749,0.128545
KT002750,0.920447
KT002751,0.061827
KT002752,0.068982
KT002753,0.248956
KT002754,0.211103
KT002755,0.936716
KT002756,0.059141
KT002757,0.214857
KT002758,0.07184
KT002759,0.366609
KT002760,0.653892
KT002761,0.061809
KT002762,0.013361
KT002763,0.160113
KT002764,0.615129
KT002765,0.012643
KT002766,0.036038
KT002767,0.313186
KT002768,0.545615
KT002769,0.030201
KT002770,0.024327
KT002771,0.005364
KT002772,0.047685
KT002773,0.414121
KT002774,0.033313
KT002775,0.448448
KT002776,0.051909
KT002777,0.031341
KT002778,0.08179
KT002779,0.04835
KT002780,0.038
KT002781,0.009456
KT002782,0.030897
KT002783,0.178322
KT002784,0.360055
KT002785,0.292494
KT002786,0.002511
KT002787,0.654536
KT002788,0.013059
KT002789,0.0174
KT002790,0.011846
KT002791,0.038335
KT002792,0.451856
KT002793,0.005454
KT002794,0.207577
KT002795,0.027088
KT002796,0.158785
KT002797,0.46883
KT002798,0.033376
KT002799,0.009635
KT002800,0.010212
KT002801,0.652714
KT002802,0.330286
KT002803,0.631978
KT002804,0.06187
KT002805,0.386261
KT002806,0.004282
KT002807,0.218325
KT002808,0.018861
KT002809,0.230124
KT002810,0.530741
KT002811,0.011751
KT002812,0.003552
KT002813,0.552381
KT002814,0.822984
KT002815,0.060276
KT002816,0.012829
KT002817,0.013451
KT002818,0.111433
KT002819,0.014829
KT002820,0.181495
KT002821,0.709759
KT002822,0.417989
KT002823,0.581424
KT002824,0.397385
KT002825,0.047112
KT002826,0.332155
KT002827,0.053612
KT002828,0.686157
KT002829,0.184598
KT002830,0.604084
KT002831,0.046876
KT002832,0.647268
KT002833,0.033003
KT002834,0.3333
KT002835,0.688149
KT002836,0.01213
KT002837,0.264683
KT002838,0.062477
KT002839,0.147466
KT002840,0.129965
KT002841,0.004701
KT002842,0.083591
KT002843,0.069808
KT002844,0.577271
KT002845,0.08519
KT002846,0.009114
KT002847,0.200216
KT002848,0.023587
KT002849,0.256963
KT002850,0.368492
KT002851,0.01987
KT002852,0.258457
KT002853,0.008993
KT002854,0.013282
KT002855,0.033862
KT002856,0.648579
KT002857,0.028304
KT002858,0.036375
KT002859,0.501643
KT002860,0.0383
KT002861,0.135229
KT002862,0.416039
KT002863,0.076208
KT002864,0.934424
KT002865,0.057885
KT002866,0.032658
KT002867,0.004624
KT002868,0.715595
KT002869,0.015704
KT002870,0.136866
KT002871,0.376454
KT002872,0.138477
KT002873,0.205776
KT002874,0.136327
KT002875,0.01062
KT002876,0.19927
KT002877,0.274104
KT002878,0.214073
KT002879,0.080845
KT002880,0.077619
KT002881,0.248554
KT002882,0.30682
KT002883,0.575393
KT002884,0.0078
KT002885,0.04573
KT002886,0.032708
KT002887,0.038524
KT002888,0.043525
KT002889,0.164598
KT002890,0.015069
KT002891,0.13705
KT002892,0.590726
KT002893,0.074495
KT002894,0.055455
KT002895,0.019374
KT002896,0.008535
KT002897,0.009943
KT002898,0.067073
KT002899,0.056583
KT002900,0.040714
KT002901,0.015468
KT002902,0.32511
KT002903,0.332268
KT002904,0.092013
KT002905,0.009024
KT002906,0.135102
KT002907,0.025736
KT002908,0.089861
KT002909,0.029467
KT002910,0.140881
KT002911,0.112096
KT002912,0.005361
KT002913,0.00681
KT002914,0.048056
KT002915,0.474065
KT002916,0.075531
KT002917,0.18566
KT002918,0.052504
KT002919,0.160546
KT002920,0.298332
KT002921,0.023092
KT002922,0.109819
KT002923,0.069092
KT002924,0.047572
KT002925,0.112015
KT002926,0.256922
KT002927,0.031758
KT002928,0.041683
KT002929,0.222031
KT002930,0.031101
KT002931,0.072457
KT002932,0.108902
KT002933,0.514114
KT002934,0.02297
KT002935,0.450552
KT002936,0.956927
KT002937,0.068823
KT002938,0.063982
KT002939,0.088909
KT002940,0.140045
KT002941,0.251494
KT002942,0.004955
KT002943,0.529955
KT002944,0.008997
KT002945,0.02875
KT002946,0.459164
KT002947,0.108285
KT002948,0.267367
KT002949,0.085381
KT002950,0.222576
KT002951,0.315453
KT002952,0.761168
KT002953,0.502728
KT002954,0.181913
KT002955,0.02614
KT002956,0.370576
KT002957,0.011972
KT002958,0.06332
KT002959,0.02909
KT002960,0.029414
KT002961,0.494849
KT002962,0.039832
KT002963,0.037787
KT002964,0.043386
KT002965,0.655054
KT002966,0.629325
KT002967,0.015155
KT002968,0.161263
KT002969,0.109583
KT002970,0.164082
KT002971,0.061923
KT002972,0.548133
KT002973,0.366166
KT002974,0.008523
KT002975,0.059851
KT002976,0.372594
KT002977,0.07268
KT002978,0.005933
KT002979,0.258687
KT002980,0.048454
KT002981,0.151385
KT002982,0.087086
KT002983,0.355774
KT002984,0.468608
KT002985,0.045643
KT002986,0.059684
KT002987,0.163421
KT002988,0.335119
KT002989,0.246306
KT002990,0.007602
KT002991,0.013597
KT002992,0.037219
KT002993,0.056632
KT002994,0.220651
KT002995,0.037031
KT002996,0.194129
KT002997,0.516706
KT002998,0.082076
KT002999,0.163885
KT003000,0.008151
KT003001,0.125476
KT003002,0.075684
KT003003,0.051842
KT003004,0.545872
KT003005,0.027253
KT003006,0.045662
KT003007,0.233787
KT003008,0.19752
KT003009,0.070545
KT003010,0.009577
KT003011,0.326343
KT003012,0.458425
KT003013,0.035017
KT003014,0.015611
KT003015,0.099272
KT003016,0.112839
KT003017,0.15417
KT003018,0.24231
KT003019,0.376577
KT003020,0.417549
KT003021,0.010504
KT003022,0.03653
KT003023,0.005345
KT003024,0.028918
KT003025,0.048125
KT003026,0.179844
KT003027,0.555544
KT003028,0.004341
KT003029,0.231809
KT003030,0.12745
KT003031,0.0113
KT003032,0.283869
KT003033,0.005881
KT003034,0.070517
KT003035,0.263227
KT003036,0.078297
KT003037,0.036707
KT003038,0.119289
KT003039,0.737
KT003040,0.218447
KT003041,0.433104
KT003042,0.462034
KT003043,0.050576
KT003044,0.036588
KT003045,0.039013
KT003046,0.662514
KT003047,0.074026
KT003048,0.29417
KT003049,0.021627
KT003050,0.008771
KT003051,0.107416
KT003052,0.416264
KT003053,0.036696
KT003054,0.250172
KT003055,0.472202
KT003056,0.363637
KT003057,0.035954
KT003058,0.118477
KT003059,0.072922
KT003060,0.045878
KT003061,0.14286
KT003062,0.021541
KT003063,0.095879
KT003064,0.013119
KT003065,0.039856
KT003066,0.150342
KT003067,0.399256
KT003068,0.019514
KT003069,0.003801
KT003070,0.047221
KT003071,0.119635
KT003072,0.280884
KT003073,0.317286
KT003074,0.068619
KT003075,0.036577
KT003076,0.926778
KT003077,0.011855
KT003078,0.550999
KT003079,0.027747
KT003080,0.707991
KT003081,0.016089
KT003082,0.004118
KT003083,0.370116
KT003084,0.354996
KT003085,0.422567
KT003086,0.605931
KT003087,0.246421
KT003088,0.208882
KT003089,0.031799
KT003090,0.00376
KT003091,0.038684
KT003092,0.20562
KT003093,0.34385
KT003094,0.269233
KT003095,0.078539
KT003096,0.06284
KT003097,0.577257
KT003098,0.836526
KT003099,0.760573
KT003100,0.525782
KT003101,0.075151
KT003102,0.665582
KT003103,0.167712
KT003104,0.031025
KT003105,0.549447
KT003106,0.924111
KT003107,0.790464
KT003108,0.026241
KT003109,0.274124
KT003110,0.461441
KT003111,0.008595
KT003112,0.032379
KT003113,0.073714
KT003114,0.777684
KT003115,0.636479
KT003116,0.036231
KT003117,0.903061
KT003118,0.742371
KT003119,0.093639
KT003120,0.907797
KT003121,0.086649
KT003122,0.3549
KT003123,0.397574
KT003124,0.033928
KT003125,0.090379
KT003126,0.198871
KT003127,0.339323
KT003128,0.140112
KT003129,0.133195
KT003130,0.29715
KT003131,0.089668
KT003132,0.49146
KT003133,0.289349
KT003134,0.058087
KT003135,0.057632
KT003136,0.12631
KT003137,0.065535
KT003138,0.425279
KT003139,0.005958
KT003140,0.869226
KT003141,0.135556
KT003142,0.010421
KT003143,0.714057
KT003144,0.616948
KT003145,0.056136
KT003146,0.020755
KT003147,0.136991
KT003148,0.006459
KT003149,0.007717
KT003150,0.501741
KT003151,0.029364
KT003152,0.039687
KT003153,0.01033
KT003154,0.077622
KT003155,0.104322
KT003156,0.009249
KT003157,0.035174
KT003158,0.070548
KT003159,0.211329
KT003160,0.00489
KT003161,0.451376
KT003162,0.036097
KT003163,0.057837
KT003164,0.004018
KT003165,0.029114
KT003166,0.021942
KT003167,0.020053
KT003168,0.264179
KT003169,0.310143
KT003170,0.061136
KT003171,0.067912
KT003172,0.294369
KT003173,0.537406
KT003174,0.044472
KT003175,0.00586
KT003176,0.097727
KT003177,0.037734
KT003178,0.051489
KT003179,0.299395
KT003180,0.056397
KT003181,0.225999
KT003182,0.489374
KT003183,0.146482
KT003184,0.13407
KT003185,0.013759
KT003186,0.520303
KT003187,0.337593
KT003188,0.082242
KT003189,0.043736
KT003190,0.704754
KT003191,0.718797
KT003192,0.084676
KT003193,0.41046
KT003194,0.022056
KT003195,0.01816
KT003196,0.506267
KT003197,0.006367
KT003198,0.38083
KT003199,0.043972
KT003200,0.03868
KT003201,0.022131
KT003202,0.005457
KT003203,0.13555
KT003204,0.076169
KT003205,0.334955
KT003206,0.054348
KT003207,0.364015
KT003208,0.528225
KT003209,0.025263
KT003210,0.11614
KT003211,0.063855
KT003212,0.084907
KT003213,0.207513
KT003214,0.046099
KT003215,0.156933
KT003216,0.145954
KT003217,0.024277
KT003218,0.312311
KT003219,0.038063
KT003220,0.470153
KT003221,0.31508
KT003222,0.211786
KT003223,0.017037
KT003224,0.006433
KT003225,0.399774
KT003226,0.364719
KT003227,0.00396
KT003228,0.636334
KT003229,0.04156
KT003230,0.349032
KT003231,0.377433
KT003232,0.046997
KT003233,0.050457
KT003234,0.047398
KT003235,0.258486
KT003236,0.005736
KT003237,0.010314
KT003238,0.029196
KT003239,0.612347
KT003240,0.008956
KT003241,0.054006
KT003242,0.010566
KT003243,0.00629
KT003244,0.056126
KT003245,0.036564
KT003246,0.018245
KT003247,0.0534
KT003248,0.462084
KT003249,0.064669
KT003250,0.074029
KT003251,0.526499
KT003252,0.140757
KT003253,0.194881
KT003254,0.061999
KT003255,0.022778
KT003256,0.088366
KT003257,0.890255
KT003258,0.681512
KT003259,0.46816
KT003260,0.024147
KT003261,0.039865
KT003262,0.063477
KT003263,0.312156
KT003264,0.037661
KT003265,0.020618
KT003266,0.310573
KT003267,0.007066
KT003268,0.323052
KT003269,0.096309
KT003270,0.272894
KT003271,0.163733
KT003272,0.079197
KT003273,0.003502
KT003274,0.040871
KT003275,0.450186
KT003276,0.030706
KT003277,0.406664
KT003278,0.009058
KT003279,0.015199
KT003280,0.039618
KT003281,0.335365
KT003282,0.041925
KT003283,0.082572
KT003284,0.028631
KT003285,0.135861
KT003286,0.187881
KT003287,0.015362
KT003288,0.011267
KT003289,0.030618
KT003290,0.367674
KT003291,0.113233
KT003292,0.015373
KT003293,0.040257
KT003294,0.74558
KT003295,0.010643
KT003296,0.011003
KT003297,0.0307
KT003298,0.044312
KT003299,0.140712
KT003300,0.031578
KT003301,0.441201
KT003302,0.111522
KT003303,0.176472
KT003304,0.068975
KT003305,0.021876
KT003306,0.052651
KT003307,0.043198
KT003308,0.271823
KT003309,0.219128
KT003310,0.211305
KT003311,0.005998
KT003312,0.264277
KT003313,0.004895
KT003314,0.008067
KT003315,0.039305
KT003316,0.026062
KT003317,0.273038
KT003318,0.39367
KT003319,0.153524
KT003320,0.774656
KT003321,0.112079
KT003322,0.021581
KT003323,0.137856
KT003324,0.056976
KT003325,0.161802
KT003326,0.166464
KT003327,0.404831
KT003328,0.106466
KT003329,0.349787
KT003330,0.053068
KT003331,0.136172
KT003332,0.189158
KT003333,0.104744
KT003334,0.025267
KT003335,0.411187
KT003336,0.079391
KT003337,0.790092
KT003338,0.369367
KT003339,0.397275
KT003340,0.653057
KT003341,0.010475
KT003342,0.327294
KT003343,0.080285
KT003344,0.065548
KT003345,0.485888
KT003346,0.299017
KT003347,0.084952
KT003348,0.108468
KT003349,0.007412
KT003350,0.134646
KT003351,0.243288
KT003352,0.02423
KT003353,0.097497
KT003354,0.798896
KT003355,0.015065
KT003356,0.383369
KT003357,0.005246
KT003358,0.640664
KT003359,0.307596
KT003360,0.005035
KT003361,0.065151
KT003362,0.191869
KT003363,0.856353
KT003364,0.018823
KT003365,0.114816
KT003366,0.33897
KT003367,0.035294
KT003368,0.104687
KT003369,0.068738
KT003370,0.045329
KT003371,0.007433
KT003372,0.085951
KT003373,0.009144
KT003374,0.006358
KT003375,0.026339
KT003376,0.115168
KT003377,0.033062
KT003378,0.042296
KT003379,0.128674
KT003380,0.010868
KT003381,0.671078
KT003382,0.147728
KT003383,0.125239
KT003384,0.435321
KT003385,0.499836
KT003386,0.080907
KT003387,0.022819
KT003388,0.065035
KT003389,0.121527
KT003390,0.0507
KT003391,0.174772
KT003392,0.01542
KT003393,0.405079
KT003394,0.019752
KT003395,0.152391
KT003396,0.011251
KT003397,0.006766
KT003398,0.028951
KT003399,0.57574
KT003400,0.14755
KT003401,0.278373
KT003402,0.058066
KT003403,0.073539
KT003404,0.083465
KT003405,0.318325
KT003406,0.031191
KT003407,0.934354
KT003408,0.403277
KT003409,0.104883
KT003410,0.00735
KT003411,0.193024
KT003412,0.035928
KT003413,0.576571
KT003414,0.031756
KT003415,0.09166
KT003416,0.004758
KT003417,0.125554
KT003418,0.206361
KT003419,0.061818
KT003420,0.027673
KT003421,0.140211
KT003422,0.020536
KT003423,0.725749
KT003424,0.125697
KT003425,0.606793
KT003426,0.311817
KT003427,0.038121
KT003428,0.006005
KT003429,0.004655
KT003430,0.041046
KT003431,0.66361
KT003432,0.028665
KT003433,0.096447
KT003434,0.330258
KT003435,0.010424
KT003436,0.117495
KT003437,0.163252
KT003438,0.074106
KT003439,0.048175
KT003440,0.086065
KT003441,0.043865
KT003442,0.015344
KT003443,0.508139
KT003444,0.63493
KT003445,0.231096
KT003446,0.888779
KT003447,0.139242
KT003448,0.283326
KT003449,0.024483
KT003450,0.383959
KT003451,0.008302
KT003452,0.128321
KT003453,0.026404
KT003454,0.242038
KT003455,0.264951
KT003456,0.336097
KT003457,0.038099
KT003458,0.010281
KT003459,0.553627
KT003460,0.367144
KT003461,0.511344
KT003462,0.037141
KT003463,0.065071
KT003464,0.018615
KT003465,0.526353
KT003466,0.193401
KT003467,0.191218
KT003468,0.023814
KT003469,0.129662
KT003470,0.089699
KT003471,0.711048
KT003472,0.041104
KT003473,0.07907
KT003474,0.711657
KT003475,0.251126
KT003476,0.005285
KT003477,0.007487
KT003478,0.366574
KT003479,0.553096
KT003480,0.003939
KT003481,0.254939
KT003482,0.392908
KT003483,0.258049
KT003484,0.182717
KT003485,0.0059
KT003486,0.128527
KT003487,0.15386
KT003488,0.050162
KT003489,0.00253
KT003490,0.024345
KT003491,0.823958
KT003492,0.07881
KT003493,0.004971
KT003494,0.754051
KT003495,0.830315
KT003496,0.021037
KT003497,0.289225
KT003498,0.068171
KT003499,0.053673
KT003500,0.037967
KT003501,0.176413
KT003502,0.050142
KT003503,0.014767
KT003504,0.120919
KT003505,0.148305
KT003506,0.034417
KT003507,0.042167
KT003508,0.003722
KT003509,0.214982
KT003510,0.088317
KT003511,0.177257
KT003512,0.549582
KT003513,0.028409
KT003514,0.066943
KT003515,0.003697
KT003516,0.143968
KT003517,0.011292
KT003518,0.530102
KT003519,0.50094
KT003520,0.098568
KT003521,0.020548
KT003522,0.036998
KT003523,0.50781
KT003524,0.03064
KT003525,0.009479
KT003526,0.532245
KT003527,0.016433
KT003528,0.179091
KT003529,0.232354
KT003530,0.484495
KT003531,0.016632
KT003532,0.517716
KT003533,0.007855
KT003534,0.016586
KT003535,0.017503
KT003536,0.162186
KT003537,0.068753
KT003538,0.044861
KT003539,0.105801
KT003540,0.006974
KT003541,0.037415
KT003542,0.105241
KT003543,0.017734
KT003544,0.420747
KT003545,0.120315
KT003546,0.496964
KT003547,0.006641
KT003548,0.024122
KT003549,0.013258
KT003550,0.070559
KT003551,0.061896
KT003552,0.227773
KT003553,0.107124
KT003554,0.230736
KT003555,0.006628
KT003556,0.015381
KT003557,0.037789
KT003558,0.115668
KT003559,0.07613
KT003560,0.044948
KT003561,0.1815
KT003562,0.044873
KT003563,0.429394
KT003564,0.441863
KT003565,0.10851
KT003566,0.064956
KT003567,0.065385
KT003568,0.166321
KT003569,0.016418
KT003570,0.050459
KT003571,0.148113
KT003572,0.114488
KT003573,0.226768
KT003574,0.717962
KT003575,0.070413
KT003576,0.036802
KT003577,0.087653
KT003578,0.039071
KT003579,0.514976
KT003580,0.199502
KT003581,0.503954
KT003582,0.007115
KT003583,0.028448
KT003584,0.046887
KT003585,0.050093
KT003586,0.10968
KT003587,0.692204
KT003588,0.651757
KT003589,0.051896
KT003590,0.435469
KT003591,0.411557
KT003592,0.415058
KT003593,0.021184
KT003594,0.047228
KT003595,0.036743
KT003596,0.05877
KT003597,0.007764
KT003598,0.078676
KT003599,0.66595
KT003600,0.079707
KT003601,0.00599
KT003602,0.022199
KT003603,0.319066
KT003604,0.031729
KT003605,0.017947
KT003606,0.010737
KT003607,0.078857
KT003608,0.309519
KT003609,0.038587
KT003610,0.092167
KT003611,0.130607
KT003612,0.945255
KT003613,0.031403
KT003614,0.014169
KT003615,0.107838
KT003616,0.058974
KT003617,0.166144
KT003618,0.003395
KT003619,0.152681
KT003620,0.027098
KT003621,0.037851
KT003622,0.04985
KT003623,0.019069
KT003624,0.429648
KT003625,0.677907
KT003626,0.010053
KT003627,0.033532
KT003628,0.04812
KT003629,0.150023
KT003630,0.066925
KT003631,0.053283
KT003632,0.72038
KT003633,0.357692
KT003634,0.233593
KT003635,0.030021
KT003636,0.04305
KT003637,0.024783
KT003638,0.03208
KT003639,0.132929
KT003640,0.004981
KT003641,0.196872
KT003642,0.01733
KT003643,0.453177
KT003644,0.005617
KT003645,0.034244
KT003646,0.003481
KT003647,0.002885
KT003648,0.010209
KT003649,0.10732
KT003650,0.162979
KT003651,0.011983
KT003652,0.322783
KT003653,0.634278
KT003654,0.155796
KT003655,0.322693
KT003656,0.006019
KT003657,0.297513
KT003658,0.023948
KT003659,0.262548
KT003660,0.795583
KT003661,0.031093
KT003662,0.550126
KT003663,0.340093
KT003664,0.922416
KT003665,0.129605
KT003666,0.132726
KT003667,0.110646
KT003668,0.05112
KT003669,0.012466
KT003670,0.021426
KT003671,0.043089
KT003672,0.773047
KT003673,0.163916
KT003674,0.34721
KT003675,0.039397
KT003676,0.746324
KT003677,0.214421
KT003678,0.066034
KT003679,0.175018
KT003680,0.115569
KT003681,0.003328
KT003682,0.008799
KT003683,0.07893
KT003684,0.005531
KT003685,0.096279
KT003686,0.007021
KT003687,0.010615
KT003688,0.358745
KT003689,0.107434
KT003690,0.168111
KT003691,0.131664
KT003692,0.523389
KT003693,0.448636
KT003694,0.084835
KT003695,0.024365
KT003696,0.079878
KT003697,0.695795
KT003698,0.153709
KT003699,0.342462
KT003700,0.042851
KT003701,0.012696
KT003702,0.016342
KT003703,0.396589
KT003704,0.013779
KT003705,0.005381
KT003706,0.064544
KT003707,0.041384
KT003708,0.121052
KT003709,0.26406
KT003710,0.0172
KT003711,0.149952
KT003712,0.038346
KT003713,0.121388
KT003714,0.129184
KT003715,0.013315
KT003716,0.320566
KT003717,0.016948
KT003718,0.619034
KT003719,0.012954
KT003720,0.113808
KT003721,0.892445
KT003722,0.22404
KT003723,0.336831
KT003724,0.005532
KT003725,0.016616
KT003726,0.018716
KT003727,0.085934
KT003728,0.631124
KT003729,0.165382
KT003730,0.181622
KT003731,0.018771
KT003732,0.337453
KT003733,0.08194
KT003734,0.465873
KT003735,0.062505
KT003736,0.328166
KT003737,0.132608
KT003738,0.04693
KT003739,0.713415
KT003740,0.020793
KT003741,0.034192
KT003742,0.707427
KT003743,0.049805
KT003744,0.347773
KT003745,0.025087
KT003746,0.09992
KT003747,0.033936
KT003748,0.007477
KT003749,0.363135
KT003750,0.005405
KT003751,0.026495
KT003752,0.129046
KT003753,0.347883
KT003754,0.010202
KT003755,0.296656
KT003756,0.420011
KT003757,0.042003
KT003758,0.00735
KT003759,0.025077
KT003760,0.332237
KT003761,0.35954
KT003762,0.159425
KT003763,0.028361
KT003764,0.888511
KT003765,0.034079
KT003766,0.046848
KT003767,0.066208
KT003768,0.130724
KT003769,0.112289
KT003770,0.11317
KT003771,0.012873
KT003772,0.470651
KT003773,0.100968
KT003774,0.259649
KT003775,0.010018
KT003776,0.231677
KT003777,0.465656
KT003778,0.305467
KT003779,0.033482
KT003780,0.034633
KT003781,0.068982
KT003782,0.616091
KT003783,0.01064
KT003784,0.01318
KT003785,0.074543
KT003786,0.016511
KT003787,0.183084
KT003788,0.070726
KT003789,0.258486
KT003790,0.170497
KT003791,0.015097
KT003792,0.279142
KT003793,0.022622
KT003794,0.053066
KT003795,0.623918
KT003796,0.009816
KT003797,0.077325
KT003798,0.047351
KT003799,0.028302
KT003800,0.009715
KT003801,0.608529
KT003802,0.021791
KT003803,0.365472
KT003804,0.388804
KT003805,0.081903
KT003806,0.032407
KT003807,0.02702
KT003808,0.094356
KT003809,0.009275
KT003810,0.004093
KT003811,0.189455
KT003812,0.041689
KT003813,0.006627
KT003814,0.211428
KT003815,0.143102
KT003816,0.906868
KT003817,0.236661
KT003818,0.596829
KT003819,0.685449
KT003820,0.342594
KT003821,0.069904
KT003822,0.680444
KT003823,0.057691
KT003824,0.593845
KT003825,0.06822
KT003826,0.020589
KT003827,0.18889
KT003828,0.088826
KT003829,0.135246
KT003830,0.169503
KT003831,0.128842
KT003832,0.279712
KT003833,0.081011
KT003834,0.058207
KT003835,0.879202
KT003836,0.051558
KT003837,0.095597
KT003838,0.59919
KT003839,0.701493
KT003840,0.39615
KT003841,0.024222
KT003842,0.005388
KT003843,0.126133
KT003844,0.020783
KT003845,0.387249
KT003846,0.032072
KT003847,0.047713
KT003848,0.160982
KT003849,0.69952
KT003850,0.015629
KT003851,0.068702
KT003852,0.09751
KT003853,0.092732
KT003854,0.167313
KT003855,0.017441
KT003856,0.269952
KT003857,0.064303
KT003858,0.010279
KT003859,0.533108
KT003860,0.023668
KT003861,0.838159
KT003862,0.157335
KT003863,0.382658
KT003864,0.175836
KT003865,0.149538
KT003866,0.134652
KT003867,0.089708
KT003868,0.007364
KT003869,0.246272
KT003870,0.653134
KT003871,0.053537
KT003872,0.005242
KT003873,0.158724
KT003874,0.215053
KT003875,0.147056
KT003876,0.160533
KT003877,0.055405
KT003878,0.307037
KT003879,0.088593
KT003880,0.700209
KT003881,0.010372
KT003882,0.011573
KT003883,0.010211
KT003884,0.135515
KT003885,0.007235
KT003886,0.218074
KT003887,0.643685
KT003888,0.048095
KT003889,0.010455
KT003890,0.247761
KT003891,0.134321
KT003892,0.046587
KT003893,0.135187
KT003894,0.519926
KT003895,0.009251
KT003896,0.094362
KT003897,0.705358
KT003898,0.530374
KT003899,0.040076
KT003900,0.700425
KT003901,0.052207
KT003902,0.023395
KT003903,0.32839
KT003904,0.022477
KT003905,0.074958
KT003906,0.026646
KT003907,0.054859
KT003908,0.114925
KT003909,0.024152
KT003910,0.520242
KT003911,0.044177
KT003912,0.238742
KT003913,0.368016
KT003914,0.0469
KT003915,0.773304
KT003916,0.073933
KT003917,0.217651
KT003918,0.243935
KT003919,0.005704
KT003920,0.548956
KT003921,0.02895
KT003922,0.674259
KT003923,0.053949
KT003924,0.003751
KT003925,0.022519
KT003926,0.061864
KT003927,0.074687
KT003928,0.066671
KT003929,0.134669
KT003930,0.126549
KT003931,0.340926
KT003932,0.149683
KT003933,0.073898
KT003934,0.013553
KT003935,0.900045
KT003936,0.034784
KT003937,0.186496
KT003938,0.029844
KT003939,0.084598
KT003940,0.006056
KT003941,0.901374
KT003942,0.039103
KT003943,0.07772
KT003944,0.182923
KT003945,0.196858
KT003946,0.021512
KT003947,0.029485
KT003948,0.022515
KT003949,0.342481
KT003950,0.477373
KT003951,0.907607
KT003952,0.100443
KT003953,0.066411
KT003954,0.079185
KT003955,0.044575
KT003956,0.680659
KT003957,0.085357
KT003958,0.079028
KT003959,0.019481
KT003960,0.032951
KT003961,0.69217
KT003962,0.124621
KT003963,0.026741
KT003964,0.908591
KT003965,0.037995
KT003966,0.023589
KT003967,0.70437
KT003968,0.387252
KT003969,0.037885
KT003970,0.397324
KT003971,0.795084
KT003972,0.022935
KT003973,0.284934
KT003974,0.873819
KT003975,0.01587
KT003976,0.024905
KT003977,0.560207
KT003978,0.169901
KT003979,0.040345
KT003980,0.206019
KT003981,0.03076
KT003982,0.233278
KT003983,0.523115
KT003984,0.008171
KT003985,0.056724
KT003986,0.611793
KT003987,0.205957
KT003988,0.004924
KT003989,0.057613
KT003990,0.037667
KT003991,0.231579
KT003992,0.012601
KT003993,0.019797
KT003994,0.602426
KT003995,0.005897
KT003996,0.072368
KT003997,0.109689
KT003998,0.057586
KT003999,0.078786
KT004000,0.124454
KT004001,0.021035
KT004002,0.20989
KT004003,0.009717
KT004004,0.007923
KT004005,0.07818
KT004006,0.032463
KT004007,0.0119
KT004008,0.10951
KT004009,0.120276
KT004010,0.178613
KT004011,0.092669
KT004012,0.189111
KT004013,0.266993
KT004014,0.276345
KT004015,0.005229
KT004016,0.051418
KT004017,0.031304
KT004018,0.034215
KT004019,0.059767
KT004020,0.239606
KT004021,0.020395
KT004022,0.581485
KT004023,0.038766
KT004024,0.002674
KT004025,0.351825
KT004026,0.011085
KT004027,0.259206
KT004028,0.14985
KT004029,0.014752
KT004030,0.007475
KT004031,0.445531
KT004032,0.024024
KT004033,0.065668
KT004034,0.026292
KT004035,0.019939
KT004036,0.110203
KT004037,0.004236
KT004038,0.004573
KT004039,0.017386
KT004040,0.391572
KT004041,0.020806
KT004042,0.007912
KT004043,0.275213
KT004044,0.245461
KT004045,0.025075
KT004046,0.592927
KT004047,0.244723
KT004048,0.361801
KT004049,0.0126
KT004050,0.004952
KT004051,0.032554
KT004052,0.123074
KT004053,0.029324
KT004054,0.153195
KT004055,0.711862
KT004056,0.770768
KT004057,0.886038
KT004058,0.008095
KT004059,0.027269
KT004060,0.093202
KT004061,0.104583
KT004062,0.171102
KT004063,0.113304
KT004064,0.328488
KT004065,0.006071
KT004066,0.395906
KT004067,0.019946
KT004068,0.01706
KT004069,0.537402
KT004070,0.475194
KT004071,0.084228
KT004072,0.009562
KT004073,0.166093
KT004074,0.003153
KT004075,0.148981
KT004076,0.007755
KT004077,0.008135
KT004078,0.4605
KT004079,0.53392
KT004080,0.013372
KT004081,0.003874
KT004082,0.579982
KT004083,0.216731
KT004084,0.080059
KT004085,0.025986
KT004086,0.004056
KT004087,0.035865
KT004088,0.404722
KT004089,0.435891
KT004090,0.018447
KT004091,0.202769
KT004092,0.099097
KT004093,0.276078
KT004094,0.003455
KT004095,0.106987
KT004096,0.86862
KT004097,0.148245
KT004098,0.064455
KT004099,0.007824
KT004100,0.202549
KT004101,0.005755
KT004102,0.252536
KT004103,0.005419
KT004104,0.402593
KT004105,0.474048
KT004106,0.020388
KT004107,0.295633
KT004108,0.481904
KT004109,0.036926
KT004110,0.204639
KT004111,0.12577
KT004112,0.763011
KT004113,0.149395
KT004114,0.071599
KT004115,0.011427
KT004116,0.007486
KT004117,0.073285
KT004118,0.385335
KT004119,0.09309
KT004120,0.291223
KT004121,0.41378
KT004122,0.106121
KT004123,0.045505
KT004124,0.140083
KT004125,0.9294
KT004126,0.310799
KT004127,0.062174
KT004128,0.322435
KT004129,0.005819
KT004130,0.853013
KT004131,0.005392
KT004132,0.347917
KT004133,0.004702
KT004134,0.541734
KT004135,0.004296
KT004136,0.005083
KT004137,0.506928
KT004138,0.051273
KT004139,0.416894
KT004140,0.440309
KT004141,0.025185
KT004142,0.010301
KT004143,0.012597
KT004144,0.2804
KT004145,0.020268
KT004146,0.102182
KT004147,0.01442
KT004148,0.849533
KT004149,0.05197
KT004150,0.662036
KT004151,0.032832
KT004152,0.071391
KT004153,0.528971
KT004154,0.008818
KT004155,0.036178
KT004156,0.025044
KT004157,0.066899
KT004158,0.004015
KT004159,0.009172
KT004160,0.035828
KT004161,0.499996
KT004162,0.230494
KT004163,0.190642
KT004164,0.143469
KT004165,0.087347
KT004166,0.051469
KT004167,0.006996
KT004168,0.005293
KT004169,0.056159
KT004170,0.837213
KT004171,0.138504
KT004172,0.151733
KT004173,0.040978
KT004174,0.759806
KT004175,0.010897
KT004176,0.074284
KT004177,0.021606
KT004178,0.355589
KT004179,0.846447
KT004180,0.029176
KT004181,0.115817
KT004182,0.040594
KT004183,0.029867
KT004184,0.099044
KT004185,0.004909
KT004186,0.329036
KT004187,0.028162
KT004188,0.01585
KT004189,0.87489
KT004190,0.046663
KT004191,0.417698
KT004192,0.408964
KT004193,0.003582
KT004194,0.887257
KT004195,0.569496
KT004196,0.011308
KT004197,0.238957
KT004198,0.028954
KT004199,0.037479
KT004200,0.045929
KT004201,0.005685
KT004202,0.700417
KT004203,0.031922
KT004204,0.01347
KT004205,0.186647
KT004206,0.182996
KT004207,0.170903
KT004208,0.077916
KT004209,0.006891
KT004210,0.038519
KT004211,0.017575
KT004212,0.852498
KT004213,0.170373
KT004214,0.118328
KT004215,0.035147
KT004216,0.376694
KT004217,0.307713
KT004218,0.019307
KT004219,0.104913
KT004220,0.357847
KT004221,0.46403
KT004222,0.086703
KT004223,0.047683
KT004224,0.01175
KT004225,0.886425
KT004226,0.45263
KT004227,0.008809
KT004228,0.010602
KT004229,0.072045
KT004230,0.002227
KT004231,0.071064
KT004232,0.565094
KT004233,0.66311
KT004234,0.040528
KT004235,0.032726
KT004236,0.448951
KT004237,0.048862
KT004238,0.11052
KT004239,0.143965
KT004240,0.141676
KT004241,0.101431
KT004242,0.068412
KT004243,0.060323
KT004244,0.006155
KT004245,0.4283
KT004246,0.054675
KT004247,0.012085
KT004248,0.214424
KT004249,0.007109
KT004250,0.146045
KT004251,0.027873
KT004252,0.036454
KT004253,0.944377
KT004254,0.00574
KT004255,0.898928
KT004256,0.523878
KT004257,0.231315
KT004258,0.057547
KT004259,0.01927
KT004260,0.220954
KT004261,0.130268
KT004262,0.241096
KT004263,0.431926
KT004264,0.024349
KT004265,0.241209
KT004266,0.236154
KT004267,0.111314
KT004268,0.040014
KT004269,0.313155
KT004270,0.017708
KT004271,0.21826
KT004272,0.011911
KT004273,0.231518
KT004274,0.080021
KT004275,0.139361
KT004276,0.88561
KT004277,0.021026
KT004278,0.007341
KT004279,0.038167
KT004280,0.034642
KT004281,0.178541
KT004282,0.019936
KT004283,0.616815
KT004284,0.026916
KT004285,0.005627
KT004286,0.04148
KT004287,0.019855
KT004288,0.019748
KT004289,0.07934
KT004290,0.009899
KT004291,0.343937
KT004292,0.003745
KT004293,0.106571
KT004294,0.392275
KT004295,0.02209
KT004296,0.003782
KT004297,0.04359
KT004298,0.102138
KT004299,0.031785
KT004300,0.561385
KT004301,0.899661
KT004302,0.747338
KT004303,0.515211
KT004304,0.003723
KT004305,0.010869
KT004306,0.238406
KT004307,0.005911
KT004308,0.490784
KT004309,0.585007
KT004310,0.052189
KT004311,0.026174
KT004312,0.476622
KT004313,0.773305
KT004314,0.003505
KT004315,0.12645
KT004316,0.067317
KT004317,0.083802
KT004318,0.05656
KT004319,0.279233
KT004320,0.325927
KT004321,0.010089
KT004322,0.228763
KT004323,0.033222
KT004324,0.019679
KT004325,0.008567
KT004326,0.480412
KT004327,0.129649
KT004328,0.126341
KT004329,0.102037
KT004330,0.0049
KT004331,0.024155
KT004332,0.295733
KT004333,0.002837
KT004334,0.022208
KT004335,0.075088
KT004336,0.053827
KT004337,0.560207
KT004338,0.893117
KT004339,0.058386
KT004340,0.391693
KT004341,0.278975
KT004342,0.1799
KT004343,0.028888
KT004344,0.287297
KT004345,0.513776
KT004346,0.015406
KT004347,0.196103
KT004348,0.412994
KT004349,0.182561
KT004350,0.776281
KT004351,0.822499
KT004352,0.16546
KT004353,0.400535
KT004354,0.016076
KT004355,0.003966
KT004356,0.005237
KT004357,0.363801
KT004358,0.070903
KT004359,0.840285
KT004360,0.085864
KT004361,0.004065
KT004362,0.190154
KT004363,0.151655
KT004364,0.073957
KT004365,0.101096
KT004366,0.007106
KT004367,0.018659
KT004368,0.006504
KT004369,0.048754
KT004370,0.038571
KT004371,0.039901
KT004372,0.028594
KT004373,0.492566
KT004374,0.011843
KT004375,0.016143
KT004376,0.057491
KT004377,0.00463
KT004378,0.093067
KT004379,0.04193
KT004380,0.372191
KT004381,0.029114
KT004382,0.005905
KT004383,0.086369
KT004384,0.720514
KT004385,0.418954
KT004386,0.277143
KT004387,0.007443
KT004388,0.012239
KT004389,0.188513
KT004390,0.177931
KT004391,0.13903
KT004392,0.072713
KT004393,0.102794
KT004394,0.013335
KT004395,0.342301
KT004396,0.911887
KT004397,0.203716
KT004398,0.14197
KT004399,0.048967
KT004400,0.119652
KT004401,0.069352
KT004402,0.202957
KT004403,0.184376
KT004404,0.049142
KT004405,0.070132
KT004406,0.017033
KT004407,0.088598
KT004408,0.032522
KT004409,0.241605
KT004410,0.190875
KT004411,0.034862
KT004412,0.01834
KT004413,0.003745
KT004414,0.015942
KT004415,0.010788
KT004416,0.251986
KT004417,0.033297
KT004418,0.028713
KT004419,0.016091
KT004420,0.052615
KT004421,0.424876
KT004422,0.561825
KT004423,0.168819
KT004424,0.081507
KT004425,0.004371
KT004426,0.441944
KT004427,0.458953
KT004428,0.009141
KT004429,0.007246
KT004430,0.361172
KT004431,0.184089
KT004432,0.058687
KT004433,0.032755
KT004434,0.358256
KT004435,0.06795
KT004436,0.036866
KT004437,0.002791
KT004438,0.054065
KT004439,0.617852
KT004440,0.087717
KT004441,0.148628
KT004442,0.032913
KT004443,0.292902
KT004444,0.393081
KT004445,0.037542
KT004446,0.00714
KT004447,0.48961
KT004448,0.051174
KT004449,0.312816
KT004450,0.010764
KT004451,0.011442
KT004452,0.158186
KT004453,0.003475
KT004454,0.01016
KT004455,0.042626
KT004456,0.097595
KT004457,0.008713
KT004458,0.493879
KT004459,0.786849
KT004460,0.012828
KT004461,0.004408
KT004462,0.014841
KT004463,0.01176
KT004464,0.332096
KT004465,0.042166
KT004466,0.040022
KT004467,0.531416
KT004468,0.720047
KT004469,0.734109
KT004470,0.16367
KT004471,0.20984
KT004472,0.108971
KT004473,0.003757
KT004474,0.255867
KT004475,0.146595
KT004476,0.641479
KT004477,0.02764
KT004478,0.010673
KT004479,0.060347
KT004480,0.377839
KT004481,0.337379
KT004482,0.224287
KT004483,0.34598
KT004484,0.047525
KT004485,0.045634
KT004486,0.002931
KT004487,0.072062
KT004488,0.007596
KT004489,0.792837
KT004490,0.123423
KT004491,0.077781
KT004492,0.11093
KT004493,0.100667
KT004494,0.01615
KT004495,0.881977
KT004496,0.027235
KT004497,0.266817
KT004498,0.006796
KT004499,0.008312
KT004500,0.097343
KT004501,0.448786
KT004502,0.025088
KT004503,0.015102
KT004504,0.007301
KT004505,0.749641
KT004506,0.612558
KT004507,0.551079
KT004508,0.150084
KT004509,0.076175
KT004510,0.037159
KT004511,0.004822
KT004512,0.7209
KT004513,0.0309
KT004514,0.489146
KT004515,0.431674
KT004516,0.81206
KT004517,0.030163
KT004518,0.076664
KT004519,0.558023
KT004520,0.026448
KT004521,0.795682
KT004522,0.028477
KT004523,0.228887
KT004524,0.55702
KT004525,0.036622
KT004526,0.007049
KT004527,0.006189
KT004528,0.003325
KT004529,0.375242
KT004530,0.639076
KT004531,0.024964
KT004532,0.010622
KT004533,0.013136
KT004534,0.239801
KT004535,0.037374
KT004536,0.070875
KT004537,0.449668
KT004538,0.028808
KT004539,0.121423
KT004540,0.261241
KT004541,0.035251
KT004542,0.053084
KT004543,0.640759
KT004544,0.443677
KT004545,0.088513
KT004546,0.327092
KT004547,0.200567
KT004548,0.184182
KT004549,0.095145
KT004550,0.010973
KT004551,0.025145
KT004552,0.336021
KT004553,0.053885
KT004554,0.00359
KT004555,0.108158
KT004556,0.018378
KT004557,0.348536
KT004558,0.023598
KT004559,0.008985
KT004560,0.643702
KT004561,0.205538
KT004562,0.251461
KT004563,0.28937
KT004564,0.221128
KT004565,0.008847
KT004566,0.034768
KT004567,0.240528
KT004568,0.068258
KT004569,0.129031
KT004570,0.00445
KT004571,0.005183
KT004572,0.294419
KT004573,0.015961
KT004574,0.091677
KT004575,0.243635
KT004576,0.066599
KT004577,0.060003
KT004578,0.58444
KT004579,0.013833
KT004580,0.021475
KT004581,0.015916
KT004582,0.021257
KT004583,0.008533
KT004584,0.035992
KT004585,0.034584
KT004586,0.225065
KT004587,0.007923
KT004588,0.255164
KT004589,0.003906
KT004590,0.076617
KT004591,0.844486
KT004592,0.005868
KT004593,0.038609
KT004594,0.012514
KT004595,0.817423
KT004596,0.0183
KT004597,0.208271
KT004598,0.370926
KT004599,0.096614
KT004600,0.520571
KT004601,0.147629
KT004602,0.017388
KT004603,0.165534
KT004604,0.050562
KT004605,0.007743
KT004606,0.004741
KT004607,0.068213
KT004608,0.185617
KT004609,0.625865
KT004610,0.007574
KT004611,0.065387
KT004612,0.592406
KT004613,0.104597
KT004614,0.698571
KT004615,0.040656
KT004616,0.714751
KT004617,0.08423
KT004618,0.618337
KT004619,0.177011
KT004620,0.006902
KT004621,0.024555
KT004622,0.014747
KT004623,0.052009
KT004624,0.301196
KT004625,0.00379
KT004626,0.343152
KT004627,0.006125
KT004628,0.186269
KT004629,0.021984
KT004630,0.274562
KT004631,0.03188
KT004632,0.816818
KT004633,0.106483
KT004634,0.023193
KT004635,0.011469
KT004636,0.016719
KT004637,0.068337
KT004638,0.561914
KT004639,0.021639
KT004640,0.115018
KT004641,0.128314
KT004642,0.119794
KT004643,0.326145
KT004644,0.006616
KT004645,0.234026
KT004646,0.192605
KT004647,0.159825
KT004648,0.024733
KT004649,0.03626
KT004650,0.005868
KT004651,0.050201
KT004652,0.382428
KT004653,0.00642
KT004654,0.038998
KT004655,0.004425
KT004656,0.360321
KT004657,0.009258
KT004658,0.262365
KT004659,0.007583
KT004660,0.297404
KT004661,0.012383
KT004662,0.721941
KT004663,0.46312
KT004664,0.181835
KT004665,0.028565
KT004666,0.127018
KT004667,0.021377
KT004668,0.092491
KT004669,0.084288
KT004670,0.111942
KT004671,0.051255
KT004672,0.009888
KT004673,0.115854
KT004674,0.006518
KT004675,0.017364
KT004676,0.00584
KT004677,0.839094
KT004678,0.435806
KT004679,0.112999
KT004680,0.710017
KT004681,0.508857
KT004682,0.075558
KT004683,0.471147
KT004684,0.03484
KT004685,0.23192
KT004686,0.112089
KT004687,0.098761
KT004688,0.063585
KT004689,0.695922
KT004690,0.254772
KT004691,0.06739
KT004692,0.730607
KT004693,0.01226
KT004694,0.237221
KT004695,0.375736
KT004696,0.706038
KT004697,0.050563
KT004698,0.010886
KT004699,0.006445
KT004700,0.108111
KT004701,0.109135
KT004702,0.89017
KT004703,0.868453
KT004704,0.054744
KT004705,0.13124
KT004706,0.324658
KT004707,0.028346
KT004708,0.905346
KT004709,0.00349
KT004710,0.765369
KT004711,0.032804
KT004712,0.167958
KT004713,0.110065
KT004714,0.867398
KT004715,0.079627
KT004716,0.006378
KT004717,0.024751
KT004718,0.157741
KT004719,0.088452
KT004720,0.092664
KT004721,0.015036
KT004722,0.063019
KT004723,0.209797
KT004724,0.365077
KT004725,0.048862
KT004726,0.511036
KT004727,0.102392
KT004728,0.186582
KT004729,0.063467
KT004730,0.02666
KT004731,0.467505
KT004732,0.815306
KT004733,0.081542
KT004734,0.138632
KT004735,0.214177
KT004736,0.039788
KT004737,0.094523
KT004738,0.262548
KT004739,0.084741
KT004740,0.437049
KT004741,0.012063
KT004742,0.026346
KT004743,0.70436
KT004744,0.021061
KT004745,0.354829
KT004746,0.13119
KT004747,0.270475
KT004748,0.003453
KT004749,0.003255
KT004750,0.744754
KT004751,0.043521
KT004752,0.025571
KT004753,0.057919
KT004754,0.018065
KT004755,0.267764
KT004756,0.119007
KT004757,0.076968
KT004758,0.019348
KT004759,0.047132
KT004760,0.049957
KT004761,0.045656
KT004762,0.077834
KT004763,0.382269
KT004764,0.008357
KT004765,0.147536
KT004766,0.050264
KT004767,0.743029
KT004768,0.010337
KT004769,0.007869
KT004770,0.018976
KT004771,0.066524
KT004772,0.443232
KT004773,0.787245
KT004774,0.05469
KT004775,0.165159
KT004776,0.023848
KT004777,0.050208
KT004778,0.175151
KT004779,0.761244
KT004780,0.17088
KT004781,0.034129
KT004782,0.090942
KT004783,0.190467
KT004784,0.005307
KT004785,0.088498
KT004786,0.605406
KT004787,0.185085
KT004788,0.189623
KT004789,0.791533
KT004790,0.746011
KT004791,0.029133
KT004792,0.068795
KT004793,0.244476
KT004794,0.023025
KT004795,0.131603
KT004796,0.114413
KT004797,0.106235
KT004798,0.005045
KT004799,0.014959
KT004800,0.393028
KT004801,0.28646
KT004802,0.8954
KT004803,0.030161
KT004804,0.405376
KT004805,0.332347
KT004806,0.247584
KT004807,0.425124
KT004808,0.028837
KT004809,0.030033
KT004810,0.074061
KT004811,0.176427
KT004812,0.040823
KT004813,0.302291
KT004814,0.010091
KT004815,0.132045
KT004816,0.031306
KT004817,0.002879
KT004818,0.309403
KT004819,0.004903
KT004820,0.006068
KT004821,0.018453
KT004822,0.071147
KT004823,0.418898
KT004824,0.086162
KT004825,0.02847
KT004826,0.005291
KT004827,0.042759
KT004828,0.732913
KT004829,0.057608
KT004830,0.121968
KT004831,0.118981
KT004832,0.380127
KT004833,0.011683
KT004834,0.322284
KT004835,0.015555
KT004836,0.29572
KT004837,0.210072
KT004838,0.008709
KT004839,0.093039
KT004840,0.021536
KT004841,0.042515
KT004842,0.075757
KT004843,0.913498
KT004844,0.143374
KT004845,0.315357
KT004846,0.275387
KT004847,0.11111
KT004848,0.062891
KT004849,0.744149
KT004850,0.042917
KT004851,0.044925
KT004852,0.073782
KT004853,0.772607
KT004854,0.41378
KT004855,0.854572
KT004856,0.551798
KT004857,0.433174
KT004858,0.014432
KT004859,0.228715
KT004860,0.005373
KT004861,0.076188
KT004862,0.006614
KT004863,0.185846
KT004864,0.083621
KT004865,0.012316
KT004866,0.02082
KT004867,0.312128
KT004868,0.004672
KT004869,0.288412
KT004870,0.039207
KT004871,0.832019
KT004872,0.12494
KT004873,0.061388
KT004874,0.038888
KT004875,0.667106
KT004876,0.476738
KT004877,0.014205
KT004878,0.024064
KT004879,0.219964
KT004880,0.012962
KT004881,0.911487
KT004882,0.150082
KT004883,0.620797
KT004884,0.01942
KT004885,0.152493
KT004886,0.810125
KT004887,0.868513
KT004888,0.858528
KT004889,0.06228
KT004890,0.081128
KT004891,0.124295
KT004892,0.757002
KT004893,0.258758
KT004894,0.019765
KT004895,0.054434
KT004896,0.896868
KT004897,0.005021
KT004898,0.178406
KT004899,0.01427
KT004900,0.053483
KT004901,0.03701
KT004902,0.041475
KT004903,0.067101
KT004904,0.100071
KT004905,0.158772
KT004906,0.014874
KT004907,0.004536
KT004908,0.056813
KT004909,0.369506
KT004910,0.016877
KT004911,0.004401
KT004912,0.10218
KT004913,0.009698
KT004914,0.280103
KT004915,0.004801
KT004916,0.576255
KT004917,0.007484
KT004918,0.051928
KT004919,0.133561
KT004920,0.139924
KT004921,0.486562
KT004922,0.165667
KT004923,0.057613
KT004924,0.619999
KT004925,0.098308
KT004926,0.001964
KT004927,0.014339
KT004928,0.058259
KT004929,0.011692
KT004930,0.024793
KT004931,0.079325
KT004932,0.198408
KT004933,0.008357
KT004934,0.00866
KT004935,0.189724
KT004936,0.828613
KT004937,0.616143
KT004938,0.42328
KT004939,0.816735
KT004940,0.050581
KT004941,0.058609
KT004942,0.736752
KT004943,0.038646
KT004944,0.292534
KT004945,0.197126
KT004946,0.404102
KT004947,0.130748
KT004948,0.072149
KT004949,0.101208
KT004950,0.070477
KT004951,0.517693
KT004952,0.729085
KT004953,0.017297
KT004954,0.027299
KT004955,0.576298
KT004956,0.01854
KT004957,0.694672
KT004958,0.100474
KT004959,0.054524
KT004960,0.12169
KT004961,0.010736
KT004962,0.086591
KT004963,0.03632
KT004964,0.629686
KT004965,0.010321
KT004966,0.028352
KT004967,0.006291
KT004968,0.023016
KT004969,0.951648
KT004970,0.004104
KT004971,0.045152
KT004972,0.123266
KT004973,0.267991
KT004974,0.053648
KT004975,0.065576
KT004976,0.164582
KT004977,0.1648
KT004978,0.012388
KT004979,0.015146
KT004980,0.004145
KT004981,0.065018
KT004982,0.647604
KT004983,0.128294
KT004984,0.211984
KT004985,0.187523
KT004986,0.162439
KT004987,0.616815
KT004988,0.131035
KT004989,0.011268
KT004990,0.181937
KT004991,0.17788
KT004992,0.061465
KT004993,0.292252
KT004994,0.529196
KT004995,0.234322
KT004996,0.708633
KT004997,0.043448
KT004998,0.103551
KT004999,0.128051
KT005000,0.019121
KT005001,0.150638
KT005002,0.828614
KT005003,0.050724
KT005004,0.800561
KT005005,0.089733
KT005006,0.063981
KT005007,0.489841
KT005008,0.191824
KT005009,0.093732
KT005010,0.422166
KT005011,0.007443
KT005012,0.009586
KT005013,0.419689
KT005014,0.031588
KT005015,0.089398
KT005016,0.218073
KT005017,0.018458
KT005018,0.050511
KT005019,0.51477
KT005020,0.035496
KT005021,0.058156
KT005022,0.138431
KT005023,0.067608
KT005024,0.296534
KT005025,0.03433
KT005026,0.704381
KT005027,0.04806
KT005028,0.044431
KT005029,0.005909
KT005030,0.229936
KT005031,0.031867
KT005032,0.598976
KT005033,0.391753
KT005034,0.615714
KT005035,0.099482
KT005036,0.130672
KT005037,0.295489
KT005038,0.778488
KT005039,0.191479
KT005040,0.00564
KT005041,0.081164
KT005042,0.026405
KT005043,0.049912
KT005044,0.0043
KT005045,0.109857
KT005046,0.003824
KT005047,0.456235
KT005048,0.121399
KT005049,0.194041
KT005050,0.02151
KT005051,0.003081
KT005052,0.364351
KT005053,0.309071
KT005054,0.021936
KT005055,0.214934
KT005056,0.816821
KT005057,0.008638
KT005058,0.018926
KT005059,0.092445
KT005060,0.065194
KT005061,0.061115
KT005062,0.261717
KT005063,0.276675
KT005064,0.030055
KT005065,0.864358
KT005066,0.493731
KT005067,0.024834
KT005068,0.025963
KT005069,0.072159
KT005070,0.063018
KT005071,0.108572
KT005072,0.211566
KT005073,0.930344
KT005074,0.417499
KT005075,0.075203
KT005076,0.083537
KT005077,0.017641
KT005078,0.074451
KT005079,0.131708
KT005080,0.228339
KT005081,0.186154
KT005082,0.042025
KT005083,0.423105
KT005084,0.885356
KT005085,0.627082
KT005086,0.044601
KT005087,0.019779
KT005088,0.010689
KT005089,0.746689
KT005090,0.483702
KT005091,0.014108
KT005092,0.120329
KT005093,0.357271
KT005094,0.048244
KT005095,0.002236
KT005096,0.130268
KT005097,0.011354
KT005098,0.025984
KT005099,0.586278
KT005100,0.64056
KT005101,0.024472
KT005102,0.330405
KT005103,0.718858
KT005104,0.657082
KT005105,0.005573
KT005106,0.715625
KT005107,0.625434
KT005108,0.154907
KT005109,0.801736
KT005110,0.039709
KT005111,0.165644
KT005112,0.695933
KT005113,0.033459
KT005114,0.187355
KT005115,0.009483
KT005116,0.236275
KT005117,0.628146
KT005118,0.317531
KT005119,0.005576
KT005120,0.032153
KT005121,0.306757
KT005122,0.028596
KT005123,0.145325
KT005124,0.030122
KT005125,0.043411
KT005126,0.003608
KT005127,0.200177
KT005128,0.082209
KT005129,0.065692
KT005130,0.196739
KT005131,0.287931
KT005132,0.049398
KT005133,0.026248
KT005134,0.038377
KT005135,0.015474
KT005136,0.256652
KT005137,0.018943
KT005138,0.134548
KT005139,0.004163
KT005140,0.028175
KT005141,0.383346
KT005142,0.031661
KT005143,0.006569
KT005144,0.307952
KT005145,0.218806
KT005146,0.04035
KT005147,0.034479
KT005148,0.84745
KT005149,0.041321
KT005150,0.005295
KT005151,0.034754
KT005152,0.208261
KT005153,0.085411
KT005154,0.029584
KT005155,0.796254
KT005156,0.01691
KT005157,0.019121
KT005158,0.289912
KT005159,0.300164
KT005160,0.207148
KT005161,0.775202
KT005162,0.143187
KT005163,0.580559
KT005164,0.879458
KT005165,0.605036
KT005166,0.048676
KT005167,0.106005
KT005168,0.13239
KT005169,0.298157
KT005170,0.026601
KT005171,0.044991
KT005172,0.610405
KT005173,0.26267
KT005174,0.021048
KT005175,0.072374
KT005176,0.093334
KT005177,0.116016
KT005178,0.011262
KT005179,0.004248
KT005180,0.010989
KT005181,0.017122
KT005182,0.821378
KT005183,0.040724
KT005184,0.137043
KT005185,0.011031
KT005186,0.586641
KT005187,0.006029
KT005188,0.01825
KT005189,0.141289
KT005190,0.238559
KT005191,0.135427
KT005192,0.111379
KT005193,0.052773
KT005194,0.023229
KT005195,0.089861
KT005196,0.059326
KT005197,0.890243
KT005198,0.131716
KT005199,0.067289
KT005200,0.14675
KT005201,0.015803
KT005202,0.011262
KT005203,0.01337
KT005204,0.257096
KT005205,0.688142
KT005206,0.176325
KT005207,0.348333
KT005208,0.004847
KT005209,0.470932
KT005210,0.1905
KT005211,0.012381
KT005212,0.002168
KT005213,0.019352
KT005214,0.859959
KT005215,0.782357
KT005216,0.055068
KT005217,0.03157
KT005218,0.28544
KT005219,0.301884
KT005220,0.221964
KT005221,0.066401
KT005222,0.305061
KT005223,0.005976
KT005224,0.139269
KT005225,0.425479
KT005226,0.127822
KT005227,0.649265
KT005228,0.070582
KT005229,0.016365
KT005230,0.736527
KT005231,0.744011
KT005232,0.163828
KT005233,0.167185
KT005234,0.013394
KT005235,0.0096
KT005236,0.114752
KT005237,0.067308
KT005238,0.1337
KT005239,0.142604
KT005240,0.215657
KT005241,0.342844
KT005242,0.44389
KT005243,0.472403
KT005244,0.026498
KT005245,0.022895
KT005246,0.097591
KT005247,0.522469
KT005248,0.004446
KT005249,0.010016
KT005250,0.014833
KT005251,0.083852
KT005252,0.005978
KT005253,0.155995
KT005254,0.219306
KT005255,0.024143
KT005256,0.016976
KT005257,0.178003
KT005258,0.142926
KT005259,0.693866
KT005260,0.357662
KT005261,0.009637
KT005262,0.424401
KT005263,0.065457
KT005264,0.195145
KT005265,0.034209
KT005266,0.005139
KT005267,0.041269
KT005268,0.030201
KT005269,0.39017
KT005270,0.070709
KT005271,0.079474
KT005272,0.030954
KT005273,0.682278
KT005274,0.18921
KT005275,0.033901
KT005276,0.247299
KT005277,0.424537
KT005278,0.035954
KT005279,0.009356
KT005280,0.147188
KT005281,0.077509
KT005282,0.020224
KT005283,0.874348
KT005284,0.530882
KT005285,0.165619
KT005286,0.254071
KT005287,0.215591
KT005288,0.265485
KT005289,0.253783
KT005290,0.029867
KT005291,0.498953
KT005292,0.041102
KT005293,0.005685
KT005294,0.038273
KT005295,0.399054
KT005296,0.634024
KT005297,0.67773
KT005298,0.068697
KT005299,0.236564
KT005300,0.017488
KT005301,0.184972
KT005302,0.566964
KT005303,0.352672
KT005304,0.023274
KT005305,0.464074
KT005306,0.168507
KT005307,0.159429
KT005308,0.278614
KT005309,0.222823
KT005310,0.24125
KT005311,0.098475
KT005312,0.250272
KT005313,0.08238
KT005314,0.732557
KT005315,0.393502
KT005316,0.790024
KT005317,0.273795
KT005318,0.692054
KT005319,0.030214
KT005320,0.629332
KT005321,0.461925
KT005322,0.006271
KT005323,0.057443
KT005324,0.03996
KT005325,0.255277
KT005326,0.024315
KT005327,0.004378
KT005328,0.007895
KT005329,0.023909
KT005330,0.502571
KT005331,0.037699
KT005332,0.149241
KT005333,0.104761
KT005334,0.404099
KT005335,0.595379
KT005336,0.127873
KT005337,0.049388
KT005338,0.052072
KT005339,0.105596
KT005340,0.062906
KT005341,0.154574
KT005342,0.07338
KT005343,0.02908
KT005344,0.077273
KT005345,0.193398
KT005346,0.55149
KT005347,0.256342
KT005348,0.007132
KT005349,0.398829
KT005350,0.277841
KT005351,0.169762
KT005352,0.055388
KT005353,0.307114
KT005354,0.007024
KT005355,0.280488
KT005356,0.030013
KT005357,0.425276
KT005358,0.158766
KT005359,0.235247
KT005360,0.326444
KT005361,0.020167
KT005362,0.034659
KT005363,0.635356
KT005364,0.043749
KT005365,0.2974
KT005366,0.889665
KT005367,0.107836
KT005368,0.671017
KT005369,0.056109
KT005370,0.011604
KT005371,0.0265
KT005372,0.030173
KT005373,0.053891
KT005374,0.238836
KT005375,0.003584
KT005376,0.006097
KT005377,0.603404
KT005378,0.264862
KT005379,0.56387
KT005380,0.044364
KT005381,0.266536
KT005382,0.034182
KT005383,0.465125
KT005384,0.038825
KT005385,0.286463
KT005386,0.019251
KT005387,0.00616
KT005388,0.013665
KT005389,0.860117
KT005390,0.011552
KT005391,0.216613
KT005392,0.019696
KT005393,0.603248
KT005394,0.027476
KT005395,0.859602
KT005396,0.355892
KT005397,0.105035
KT005398,0.011694
KT005399,0.023706
KT005400,0.927948
KT005401,0.160484
KT005402,0.043119
KT005403,0.577654
KT005404,0.099872
KT005405,0.090379
KT005406,0.209429
KT005407,0.04637
KT005408,0.0733
KT005409,0.083807
KT005410,0.118701
KT005411,0.031047
KT005412,0.021767
KT005413,0.504532
KT005414,0.017049
KT005415,0.446033
KT005416,0.706341
KT005417,0.015732
KT005418,0.417562
KT005419,0.061868
KT005420,0.095022
KT005421,0.133659
KT005422,0.026536
KT005423,0.175637
KT005424,0.024586
KT005425,0.027432
KT005426,0.244667
KT005427,0.071431
KT005428,0.066588
KT005429,0.062663
KT005430,0.12228
KT005431,0.018566
KT005432,0.550632
KT005433,0.541712
KT005434,0.03004
KT005435,0.61891
KT005436,0.039076
KT005437,0.002772
KT005438,0.018668
KT005439,0.184427
KT005440,0.024042
KT005441,0.147162
KT005442,0.767674
KT005443,0.007403
KT005444,0.0867
KT005445,0.022812
KT005446,0.729525
KT005447,0.099295
KT005448,0.217463
KT005449,0.120466
KT005450,0.061342
KT005451,0.02467
KT005452,0.017837
KT005453,0.518133
KT005454,0.024796
KT005455,0.091098
KT005456,0.727319
KT005457,0.094956
KT005458,0.069687
KT005459,0.027906
KT005460,0.820596
KT005461,0.204758
KT005462,0.513866
KT005463,0.308573
KT005464,0.045856
KT005465,0.06129
KT005466,0.172346
KT005467,0.74817
KT005468,0.716848
KT005469,0.30956
KT005470,0.003776
KT005471,0.904577
KT005472,0.004517
KT005473,0.50298
KT005474,0.105011
KT005475,0.137055
KT005476,0.073602
KT005477,0.010773
KT005478,0.119728
KT005479,0.016674
KT005480,0.024925
KT005481,0.035584
KT005482,0.238703
KT005483,0.09234
KT005484,0.118085
KT005485,0.00726
KT005486,0.709583
KT005487,0.188693
KT005488,0.028416
KT005489,0.601745
KT005490,0.247461
KT005491,0.175793
KT005492,0.07418
KT005493,0.015891
KT005494,0.54355
KT005495,0.510292
KT005496,0.023494
KT005497,0.219773
KT005498,0.047659
KT005499,0.026183
KT005500,0.247977
KT005501,0.775021
KT005502,0.074764
KT005503,0.429861
KT005504,0.00528
KT005505,0.577238
KT005506,0.863117
KT005507,0.258637
KT005508,0.032111
KT005509,0.660161
KT005510,0.017261
KT005511,0.125558
KT005512,0.010237
KT005513,0.02735
KT005514,0.054375
KT005515,0.377366
KT005516,0.672793
KT005517,0.033615
KT005518,0.189366
KT005519,0.011119
KT005520,0.10378
KT005521,0.038138
KT005522,0.914142
KT005523,0.144481
KT005524,0.077507
KT005525,0.004869
KT005526,0.141505
KT005527,0.290165
KT005528,0.052024
KT005529,0.546657
KT005530,0.361315
KT005531,0.07511
KT005532,0.082812
KT005533,0.660818
KT005534,0.015583
KT005535,0.050432
KT005536,0.04413
KT005537,0.035293
KT005538,0.008852
KT005539,0.074408
KT005540,0.026338
KT005541,0.047245
KT005542,0.570704
KT005543,0.429318
KT005544,0.045977
KT005545,0.026276
KT005546,0.091887
KT005547,0.036363
KT005548,0.351483
KT005549,0.240374
KT005550,0.385242
KT005551,0.008016
KT005552,0.425164
KT005553,0.144348
KT005554,0.315883
KT005555,0.029037
KT005556,0.34176
KT005557,0.011143
KT005558,0.119936
KT005559,0.186935
KT005560,0.044433
KT005561,0.029479
KT005562,0.10523
KT005563,0.071574
KT005564,0.100172
KT005565,0.011534
KT005566,0.029447
KT005567,0.025239
KT005568,0.275242
KT005569,0.395787
KT005570,0.117579
KT005571,0.093118
KT005572,0.22082
KT005573,0.037881
KT005574,0.612097
KT005575,0.035013
KT005576,0.039768
KT005577,0.358646
KT005578,0.006667
KT005579,0.010195
KT005580,0.069392
KT005581,0.019693
KT005582,0.005747
KT005583,0.280442
KT005584,0.056993
KT005585,0.095113
KT005586,0.071319
KT005587,0.608832
KT005588,0.016073
KT005589,0.250187
KT005590,0.004746
KT005591,0.051847
KT005592,0.716468
KT005593,0.029199
KT005594,0.521395
KT005595,0.046553
KT005596,0.791349
KT005597,0.183188
KT005598,0.748918
KT005599,0.483813
KT005600,0.712306
KT005601,0.633255
KT005602,0.21352
KT005603,0.605361
KT005604,0.008053
KT005605,0.045367
KT005606,0.010072
KT005607,0.050489
KT005608,0.623378
KT005609,0.200363
KT005610,0.098934
KT005611,0.05382
KT005612,0.145361
KT005613,0.157927
KT005614,0.420356
KT005615,0.174888
KT005616,0.562815
KT005617,0.114559
KT005618,0.169013
KT005619,0.142094
KT005620,0.093681
KT005621,0.671103
KT005622,0.353274
KT005623,0.020392
KT005624,0.030345
KT005625,0.073909
KT005626,0.083304
KT005627,0.022189
KT005628,0.045199
KT005629,0.355228
KT005630,0.008306
KT005631,0.701954
KT005632,0.201139
KT005633,0.20327
KT005634,0.005275
KT005635,0.749099
KT005636,0.068664
KT005637,0.436859
KT005638,0.003436
KT005639,0.030904
KT005640,0.73499
KT005641,0.005298
KT005642,0.004938
KT005643,0.045206
KT005644,0.057401
KT005645,0.030306
KT005646,0.056061
KT005647,0.040262
KT005648,0.044877
KT005649,0.067468
KT005650,0.118673
KT005651,0.824424
KT005652,0.092869
KT005653,0.559453
KT005654,0.101872
KT005655,0.174001
KT005656,0.867922
KT005657,0.656185
KT005658,0.088342
KT005659,0.245099
KT005660,0.029494
KT005661,0.02073
KT005662,0.071858
KT005663,0.196446
KT005664,0.093256
KT005665,0.026611
KT005666,0.047628
KT005667,0.018877
KT005668,0.371703
KT005669,0.01669
KT005670,0.007475
KT005671,0.205547
KT005672,0.469164
KT005673,0.086674
KT005674,0.02672
KT005675,0.003167
KT005676,0.032456
KT005677,0.144644
KT005678,0.847374
KT005679,0.632133
KT005680,0.267709
KT005681,0.099817
KT005682,0.027206
KT005683,0.606542
KT005684,0.119294
KT005685,0.027449
KT005686,0.003517
KT005687,0.02438
KT005688,0.37383
KT005689,0.398174
KT005690,0.500455
KT005691,0.015468
KT005692,0.055117
KT005693,0.017238
KT005694,0.312816
KT005695,0.00996
KT005696,0.726932
KT005697,0.10787
KT005698,0.156837
KT005699,0.087605
KT005700,0.494568
KT005701,0.084207
KT005702,0.141613
KT005703,0.037641
KT005704,0.4622
KT005705,0.063027
KT005706,0.046171
KT005707,0.147162
KT005708,0.031037
KT005709,0.031451
KT005710,0.627591
KT005711,0.224326
KT005712,0.006465
KT005713,0.423737
KT005714,0.193418
KT005715,0.075479
KT005716,0.336811
KT005717,0.049827
KT005718,0.019889
KT005719,0.934988
KT005720,0.237344
KT005721,0.014212
KT005722,0.25852
KT005723,0.005273
KT005724,0.13553
KT005725,0.540313
KT005726,0.083181
KT005727,0.097595
KT005728,0.211923
KT005729,0.801843
KT005730,0.045645
KT005731,0.244297
KT005732,0.030193
KT005733,0.031198
KT005734,0.156997
KT005735,0.104458
KT005736,0.287858
KT005737,0.134626
KT005738,0.004965
KT005739,0.356131
KT005740,0.41334
KT005741,0.007885
KT005742,0.040137
KT005743,0.009709
KT005744,0.214802
KT005745,0.015441
KT005746,0.462145
KT005747,0.555876
KT005748,0.147243
KT005749,0.017601
KT005750,0.385655
KT005751,0.025751
KT005752,0.300819
KT005753,0.007293
KT005754,0.661841
KT005755,0.122738
KT005756,0.140182
KT005757,0.010678
KT005758,0.163156
KT005759,0.016633
KT005760,0.061837
KT005761,0.061594
KT005762,0.087999
KT005763,0.459297
KT005764,0.090386
KT005765,0.385428
KT005766,0.228616
KT005767,0.111567
KT005768,0.009855
KT005769,0.343365
KT005770,0.837977
KT005771,0.037079
KT005772,0.132348
KT005773,0.024732
KT005774,0.008598
KT005775,0.030582
KT005776,0.840941
KT005777,0.027576
KT005778,0.156058
KT005779,0.589097
KT005780,0.108516
KT005781,0.01444
KT005782,0.539188
KT005783,0.776605
KT005784,0.08699
KT005785,0.026013
KT005786,0.375911
KT005787,0.040343
KT005788,0.284153
KT005789,0.022622
KT005790,0.632302
KT005791,0.595284
KT005792,0.411052
KT005793,0.022641
KT005794,0.517603
KT005795,0.005503
KT005796,0.133031
KT005797,0.041565
KT005798,0.112254
KT005799,0.025992
KT005800,0.706698
KT005801,0.334139
KT005802,0.019788
KT005803,0.142966
KT005804,0.006437
KT005805,0.162398
KT005806,0.089068
KT005807,0.279327
KT005808,0.196081
KT005809,0.011717
KT005810,0.149902
KT005811,0.01773
KT005812,0.054965
KT005813,0.08405
KT005814,0.011533
KT005815,0.002869
KT005816,0.039367
KT005817,0.005751
KT005818,0.09989
KT005819,0.648913
KT005820,0.010105
KT005821,0.006027
KT005822,0.02639
KT005823,0.03339
KT005824,0.56838
KT005825,0.03454
KT005826,0.637709
KT005827,0.037829
KT005828,0.067308
KT005829,0.05761
KT005830,0.074652
KT005831,0.042038
KT005832,0.187074
KT005833,0.004908
KT005834,0.492385
KT005835,0.62327
KT005836,0.015534
KT005837,0.639229
KT005838,0.004175
KT005839,0.302877
KT005840,0.382746
KT005841,0.039917
KT005842,0.062356
KT005843,0.153629
KT005844,0.015781
KT005845,0.036032
KT005846,0.017768
KT005847,0.014472
KT005848,0.062021
KT005849,0.032972
KT005850,0.052877
KT005851,0.563447
KT005852,0.052317
KT005853,0.052707
KT005854,0.021721
KT005855,0.032421
KT005856,0.068922
KT005857,0.0096
KT005858,0.167836
KT005859,0.411012
KT005860,0.333294
KT005861,0.007291
KT005862,0.145142
KT005863,0.090954
KT005864,0.670017
KT005865,0.031975
KT005866,0.342056
KT005867,0.541474
KT005868,0.698477
KT005869,0.03392
KT005870,0.234218
KT005871,0.06533
KT005872,0.012365
KT005873,0.266012
KT005874,0.010534
KT005875,0.784948
KT005876,0.101625
KT005877,0.064329
KT005878,0.362805
KT005879,0.031105
KT005880,0.775969
KT005881,0.272849
KT005882,0.159372
KT005883,0.004147
KT005884,0.756382
KT005885,0.253125
KT005886,0.20936
KT005887,0.055921
KT005888,0.409066
KT005889,0.003947
KT005890,0.336367
KT005891,0.064436
KT005892,0.019821
KT005893,0.086273
KT005894,0.029448
KT005895,0.111542
KT005896,0.224447
KT005897,0.097159
KT005898,0.037123
KT005899,0.107112
KT005900,0.008304
KT005901,0.0618
KT005902,0.083636
KT005903,0.214905
KT005904,0.032848
KT005905,0.105697
KT005906,0.350978
KT005907,0.519098
KT005908,0.126331
KT005909,0.552686
KT005910,0.033017
KT005911,0.73504
KT005912,0.091576
KT005913,0.049146
KT005914,0.004814
KT005915,0.082254
KT005916,0.01011
KT005917,0.550606
KT005918,0.04299
KT005919,0.068864
KT005920,0.223889
KT005921,0.338827
KT005922,0.02353
KT005923,0.131817
KT005924,0.073298
KT005925,0.605036
KT005926,0.042142
KT005927,0.161481
KT005928,0.014147
KT005929,0.033561
KT005930,0.058477
KT005931,0.015858
KT005932,0.368092
KT005933,0.030378
KT005934,0.012684
KT005935,0.002695
KT005936,0.007046
KT005937,0.093928
KT005938,0.386115
KT005939,0.126591
KT005940,0.576061
KT005941,0.002795
KT005942,0.043071
KT005943,0.032799
KT005944,0.100177
KT005945,0.054603
KT005946,0.410224
KT005947,0.039117
KT005948,0.018797
KT005949,0.638709
KT005950,0.26478
KT005951,0.11474
KT005952,0.818725
KT005953,0.018279
KT005954,0.062403
KT005955,0.040827
KT005956,0.021864
KT005957,0.488387
KT005958,0.462426
KT005959,0.211751
KT005960,0.005207
KT005961,0.622147
KT005962,0.101495
KT005963,0.211821
KT005964,0.027633
KT005965,0.393474
KT005966,0.023021
KT005967,0.186763
KT005968,0.784323
KT005969,0.085491
KT005970,0.005401
KT005971,0.018912
KT005972,0.284843
KT005973,0.011012
KT005974,0.009191
KT005975,0.080692
KT005976,0.041828
KT005977,0.074635
KT005978,0.011297
KT005979,0.007715
KT005980,0.271073
KT005981,0.39863
KT005982,0.336996
KT005983,0.027906
KT005984,0.54615
KT005985,0.004534
KT005986,0.02342
KT005987,0.799356
KT005988,0.126164
KT005989,0.571535
KT005990,0.056594
KT005991,0.00919
KT005992,0.073686
KT005993,0.136457
KT005994,0.076077
KT005995,0.759527
KT005996,0.709501
KT005997,0.07421
KT005998,0.822074
KT005999,0.08029
KT006000,0.225778
KT006001,0.031726
KT006002,0.101666
KT006003,0.060325
KT006004,0.222128
KT006005,0.252133
KT006006,0.868216
KT006007,0.061402
KT006008,0.664798
KT006009,0.004456
KT006010,0.033937
KT006011,0.233655
KT006012,0.052552
KT006013,0.389551
KT006014,0.026483
KT006015,0.425238
KT006016,0.564959
KT006017,0.128476
KT006018,0.638625
KT006019,0.11373
KT006020,0.573897
KT006021,0.114948
KT006022,0.330069
KT006023,0.041492
KT006024,0.020075
KT006025,0.390879
KT006026,0.227172
KT006027,0.1015
KT006028,0.031176
KT006029,0.010985
KT006030,0.218405
KT006031,0.02785
KT006032,0.168948
KT006033,0.072879
KT006034,0.007746
KT006035,0.015496
KT006036,0.340415
KT006037,0.023661
KT006038,0.048724
KT006039,0.006376
KT006040,0.058871
KT006041,0.899118
KT006042,0.036916
KT006043,0.026057
KT006044,0.061139
KT006045,0.269272
KT006046,0.678004
KT006047,0.178336
KT006048,0.012152
KT006049,0.027171
KT006050,0.079222
KT006051,0.038204
KT006052,0.109279
KT006053,0.022518
KT006054,0.008059
KT006055,0.079888
KT006056,0.279097
KT006057,0.770661
KT006058,0.003078
KT006059,0.090703
KT006060,0.047863
KT006061,0.282998
KT006062,0.043036
KT006063,0.084449
KT006064,0.437102
KT006065,0.026107
KT006066,0.427802
KT006067,0.012046
KT006068,0.037536
KT006069,0.409063
KT006070,0.423648
KT006071,0.020291
KT006072,0.05263
KT006073,0.072812
KT006074,0.192231
KT006075,0.018908
KT006076,0.02213
KT006077,0.032605
KT006078,0.253582
KT006079,0.144776
KT006080,0.128437
KT006081,0.125685
KT006082,0.824945
KT006083,0.067505
KT006084,0.156306
KT006085,0.101966
KT006086,0.004141
KT006087,0.041392
KT006088,0.068391
KT006089,0.062955
KT006090,0.004
KT006091,0.013352
KT006092,0.248553
KT006093,0.72038
KT006094,0.058002
KT006095,0.003055
KT006096,0.648198
KT006097,0.610406
KT006098,0.894904
KT006099,0.011208
KT006100,0.123771
KT006101,0.013534
KT006102,0.464385
KT006103,0.006253
KT006104,0.035579
KT006105,0.210913
KT006106,0.131946
KT006107,0.006034
KT006108,0.250182
KT006109,0.004405
KT006110,0.119289
KT006111,0.216654
KT006112,0.627446
KT006113,0.03868
KT006114,0.227961
KT006115,0.12895
KT006116,0.253774
KT006117,0.105226
KT006118,0.019647
KT006119,0.193085
KT006120,0.013992
KT006121,0.088493
KT006122,0.676733
KT006123,0.046771
KT006124,0.61845
KT006125,0.033005
KT006126,0.393274
KT006127,0.007421
KT006128,0.008726
KT006129,0.02254
KT006130,0.060431
KT006131,0.019162
KT006132,0.7831
KT006133,0.358227
KT006134,0.023229
KT006135,0.132439
KT006136,0.357204
KT006137,0.716365
KT006138,0.008107
KT006139,0.203135
KT006140,0.075791
KT006141,0.020472
KT006142,0.163819
KT006143,0.007266
KT006144,0.345173
KT006145,0.134423
KT006146,0.049271
KT006147,0.601677
KT006148,0.071761
KT006149,0.144396
KT006150,0.01818
KT006151,0.010281
KT006152,0.021133
KT006153,0.011239
KT006154,0.024514
KT006155,0.290365
KT006156,0.005186
KT006157,0.221766
KT006158,0.086355
KT006159,0.03314
KT006160,0.510814
KT006161,0.10155
KT006162,0.203428
KT006163,0.040502
KT006164,0.053017
KT006165,0.648939
KT006166,0.485937
KT006167,0.127603
KT006168,0.082025
KT006169,0.016534
KT006170,0.028676
KT006171,0.316492
KT006172,0.210331
KT006173,0.096849
KT006174,0.004815
KT006175,0.251514
KT006176,0.061908
KT006177,0.883472
KT006178,0.011668
KT006179,0.066359
KT006180,0.906991
KT006181,0.181334
KT006182,0.606463
KT006183,0.164331
KT006184,0.042381
KT006185,0.456859
KT006186,0.204032
KT006187,0.264006
KT006188,0.1168
KT006189,0.324978
KT006190,0.034214
KT006191,0.016441
KT006192,0.224539
KT006193,0.276157
KT006194,0.403829
KT006195,0.006881
KT006196,0.006637
KT006197,0.103762
KT006198,0.010864
KT006199,0.173467
KT006200,0.071102
KT006201,0.07624
KT006202,0.011512
KT006203,0.664786
KT006204,0.451079
KT006205,0.007859
KT006206,0.144492
KT006207,0.609667
KT006208,0.208773
KT006209,0.23409
KT006210,0.027523
KT006211,0.077065
KT006212,0.02391
KT006213,0.246182
KT006214,0.137474
KT006215,0.066677
KT006216,0.004567
KT006217,0.090064
KT006218,0.027961
KT006219,0.083096
KT006220,0.242153
KT006221,0.330314
KT006222,0.008505
KT006223,0.015462
KT006224,0.626658
KT006225,0.032707
KT006226,0.036987
KT006227,0.146189
KT006228,0.107764
KT006229,0.022977
KT006230,0.004763
KT006231,0.068629
KT006232,0.025119
KT006233,0.708778
KT006234,0.020188
KT006235,0.406293
KT006236,0.03614
KT006237,0.014379
KT006238,0.184034
KT006239,0.183299
KT006240,0.141847
KT006241,0.162065
KT006242,0.33158
KT006243,0.03769
KT006244,0.168742
KT006245,0.12288
KT006246,0.028913
KT006247,0.109046
KT006248,0.003523
KT006249,0.137541
KT006250,0.072928
KT006251,0.082457
KT006252,0.128608
KT006253,0.240205
KT006254,0.015875
KT006255,0.008754
KT006256,0.11834
KT006257,0.566919
KT006258,0.133169
KT006259,0.237623
KT006260,0.02732
KT006261,0.017778
KT006262,0.040517
KT006263,0.087169
KT006264,0.117521
KT006265,0.096581
KT006266,0.006377
KT006267,0.537064
KT006268,0.093451
KT006269,0.085768
KT006270,0.013279
KT006271,0.212691
KT006272,0.070708
KT006273,0.032227
KT006274,0.009699
KT006275,0.188885
KT006276,0.037365
KT006277,0.258737
KT006278,0.003875
KT006279,0.548328
KT006280,0.803637
KT006281,0.313568
KT006282,0.114298
KT006283,0.167807
KT006284,0.16102
KT006285,0.797158
KT006286,0.015553
KT006287,0.615933
KT006288,0.029182
KT006289,0.040342
KT006290,0.005195
KT006291,0.403751
KT006292,0.026553
KT006293,0.057835
KT006294,0.84876
KT006295,0.539559
KT006296,0.118638
KT006297,0.125696
KT006298,0.087988
KT006299,0.004921
KT006300,0.042473
KT006301,0.178256
KT006302,0.302256
KT006303,0.142667
KT006304,0.216571
KT006305,0.367071
KT006306,0.274021
KT006307,0.072615
KT006308,0.080571
KT006309,0.065625
KT006310,0.914962
KT006311,0.136016
KT006312,0.013206
KT006313,0.016356
KT006314,0.007436
KT006315,0.740923
KT006316,0.124741
KT006317,0.865503
KT006318,0.368668
KT006319,0.04389
KT006320,0.46543
KT006321,0.605219
KT006322,0.902499
KT006323,0.085913
KT006324,0.106006
KT006325,0.598208
KT006326,0.447286
KT006327,0.082843
KT006328,0.008282
KT006329,0.198667
KT006330,0.027705
KT006331,0.011121
KT006332,0.019371
KT006333,0.010625
KT006334,0.03248
KT006335,0.20715
KT006336,0.027384
KT006337,0.459385
KT006338,0.243416
KT006339,0.004772
KT006340,0.05772
KT006341,0.167369
KT006342,0.119079
KT006343,0.192169
KT006344,0.034129
KT006345,0.051783
KT006346,0.729752
KT006347,0.025585
KT006348,0.436409
KT006349,0.04387
KT006350,0.474937
KT006351,0.012776
KT006352,0.341943
KT006353,0.371558
KT006354,0.14786
KT006355,0.049302
KT006356,0.130037
KT006357,0.011848
KT006358,0.26903
KT006359,0.239538
KT006360,0.010137
KT006361,0.140735
KT006362,0.00695
KT006363,0.016509
KT006364,0.145943
KT006365,0.055734
KT006366,0.035138
KT006367,0.04378
KT006368,0.538875
KT006369,0.103962
KT006370,0.177255
KT006371,0.278454
KT006372,0.059451
KT006373,0.17668
KT006374,0.289306
KT006375,0.727734
KT006376,0.099974
KT006377,0.748689
KT006378,0.123144
KT006379,0.003588
KT006380,0.278622
KT006381,0.056576
KT006382,0.129832
KT006383,0.041548
KT006384,0.735951
KT006385,0.501366
KT006386,0.004058
KT006387,0.844663
KT006388,0.009584
KT006389,0.790746
KT006390,0.919991
KT006391,0.010516
KT006392,0.027381
KT006393,0.035893
KT006394,0.009161
KT006395,0.297126
KT006396,0.023139
KT006397,0.091656
KT006398,0.030174
KT006399,0.033622
KT006400,0.428228
KT006401,0.063931
KT006402,0.036762
KT006403,0.344096
KT006404,0.281243
KT006405,0.6322
KT006406,0.035626
KT006407,0.028847
KT006408,0.009427
KT006409,0.378666
KT006410,0.05567
KT006411,0.015324
KT006412,0.484341
KT006413,0.86775
KT006414,0.266032
KT006415,0.078234
KT006416,0.026829
KT006417,0.007991
KT006418,0.654075
KT006419,0.269332
KT006420,0.010355
KT006421,0.158216
KT006422,0.058023
KT006423,0.039755
KT006424,0.083942
KT006425,0.031563
KT006426,0.170647
KT006427,0.091057
KT006428,0.841895
KT006429,0.172876
KT006430,0.561299
KT006431,0.01137
KT006432,0.009731
KT006433,0.645019
KT006434,0.932795
KT006435,0.017526
KT006436,0.077673
KT006437,0.376286
KT006438,0.002433
KT006439,0.038864
KT006440,0.031878
KT006441,0.139694
KT006442,0.004689
KT006443,0.06415
KT006444,0.485729
KT006445,0.443691
KT006446,0.387529
KT006447,0.779288
KT006448,0.715953
KT006449,0.013674
KT006450,0.67751
KT006451,0.160355
KT006452,0.080425
KT006453,0.144199
KT006454,0.809962
KT006455,0.018516
KT006456,0.196319
KT006457,0.094725
KT006458,0.102682
KT006459,0.014672
KT006460,0.092682
KT006461,0.28242
KT006462,0.024201
KT006463,0.037337
KT006464,0.193491
KT006465,0.106987
KT006466,0.167923
KT006467,0.577825
KT006468,0.571871
KT006469,0.082657
KT006470,0.007198
KT006471,0.08237
KT006472,0.008299
KT006473,0.055978
KT006474,0.731853
KT006475,0.015187
KT006476,0.028733
KT006477,0.09264
KT006478,0.024712
KT006479,0.057479
KT006480,0.027234
KT006481,0.07208
KT006482,0.037775
KT006483,0.440405
KT006484,0.142554
KT006485,0.02526
KT006486,0.015647
KT006487,0.033484
KT006488,0.039656
KT006489,0.164837
KT006490,0.026383
KT006491,0.030048
KT006492,0.078621
KT006493,0.350341
KT006494,0.02804
KT006495,0.723559
KT006496,0.010099
KT006497,0.117587
KT006498,0.02962
KT006499,0.236428
KT006500,0.010025
KT006501,0.27429
KT006502,0.012117
KT006503,0.034612
KT006504,0.487288
KT006505,0.208898
KT006506,0.590049
KT006507,0.020376
KT006508,0.634367
KT006509,0.03412
KT006510,0.05991
KT006511,0.099599
KT006512,0.529238
KT006513,0.006841
KT006514,0.289312
KT006515,0.011781
KT006516,0.067848
KT006517,0.599938
KT006518,0.604411
KT006519,0.012559
KT006520,0.033418
KT006521,0.096191
KT006522,0.074151
KT006523,0.377064
KT006524,0.014119
KT006525,0.022796
KT006526,0.06471
KT006527,0.026031
KT006528,0.132198
KT006529,0.081438
KT006530,0.103072
KT006531,0.003896
KT006532,0.479436
KT006533,0.165324
KT006534,0.100307
KT006535,0.030839
KT006536,0.716303
KT006537,0.879537
KT006538,0.057027
KT006539,0.751621
KT006540,0.103707
KT006541,0.680323
KT006542,0.004834
KT006543,0.281736
KT006544,0.005196
KT006545,0.060152
KT006546,0.685988
KT006547,0.129084
KT006548,0.270408
KT006549,0.044415
KT006550,0.048454
KT006551,0.268304
KT006552,0.026243
KT006553,0.051019
KT006554,0.808175
KT006555,0.71462
KT006556,0.007263
KT006557,0.36099
KT006558,0.620621
KT006559,0.025487
KT006560,0.617516
KT006561,0.169473
KT006562,0.021931
KT006563,0.613276
KT006564,0.229195
KT006565,0.035225
KT006566,0.107194
KT006567,0.010846
KT006568,0.105977
KT006569,0.134256
KT006570,0.31637
KT006571,0.045901
KT006572,0.476008
KT006573,0.132427
KT006574,0.036806
KT006575,0.270107
KT006576,0.007834
KT006577,0.003751
KT006578,0.081491
KT006579,0.136767
KT006580,0.033629
KT006581,0.004896
KT006582,0.121011
KT006583,0.010584
KT006584,0.633999
KT006585,0.014357
KT006586,0.26992
KT006587,0.032227
KT006588,0.031789
KT006589,0.271258
KT006590,0.094727
KT006591,0.011815
KT006592,0.53223
KT006593,0.083673
KT006594,0.30662
KT006595,0.928759
KT006596,0.006025
KT006597,0.796008
KT006598,0.17926
KT006599,0.041151
KT006600,0.004628
KT006601,0.178545
KT006602,0.201762
KT006603,0.055086
KT006604,0.027846
KT006605,0.103278
KT006606,0.294054
KT006607,0.429397
KT006608,0.040757
KT006609,0.05334
KT006610,0.567054
KT006611,0.010228
KT006612,0.013868
KT006613,0.029609
KT006614,0.220584
KT006615,0.13737
KT006616,0.004349
KT006617,0.117128
KT006618,0.566761
KT006619,0.298951
KT006620,0.023367
KT006621,0.055217
KT006622,0.017559
KT006623,0.30789
KT006624,0.058632
KT006625,0.223087
KT006626,0.023026
KT006627,0.140913
KT006628,0.161148
KT006629,0.355227
KT006630,0.257597
KT006631,0.673377
KT006632,0.003944
KT006633,0.026333
KT006634,0.013885
KT006635,0.289114
KT006636,0.023992
KT006637,0.025874
KT006638,0.104884
KT006639,0.430032
KT006640,0.319423
KT006641,0.009465
KT006642,0.035123
KT006643,0.067862
KT006644,0.230099
KT006645,0.019657
KT006646,0.003526
KT006647,0.106778
KT006648,0.029648
KT006649,0.08008
KT006650,0.025817
KT006651,0.016822
KT006652,0.021677
KT006653,0.948808
KT006654,0.423543
KT006655,0.157718
KT006656,0.102293
KT006657,0.037366
KT006658,0.030154
KT006659,0.048643
KT006660,0.493713
KT006661,0.557755
KT006662,0.511957
KT006663,0.035558
KT006664,0.694837
KT006665,0.51555
KT006666,0.203822
KT006667,0.646983
KT006668,0.711417
KT006669,0.022721
KT006670,0.018022
KT006671,0.080435
KT006672,0.053847
KT006673,0.012261
KT006674,0.216335
KT006675,0.03728
KT006676,0.013994
KT006677,0.041928
KT006678,0.124975
KT006679,0.398325
KT006680,0.069255
KT006681,0.01477
KT006682,0.003255
KT006683,0.269956
KT006684,0.230261
KT006685,0.036619
KT006686,0.036287
KT006687,0.037408
KT006688,0.935485
KT006689,0.250164
KT006690,0.01442
KT006691,0.016025
KT006692,0.114951
KT006693,0.010065
KT006694,0.076995
KT006695,0.02865
KT006696,0.030054
KT006697,0.322783
KT006698,0.003861
KT006699,0.282986
KT006700,0.070971
KT006701,0.478593
KT006702,0.056411
KT006703,0.179866
KT006704,0.461377
KT006705,0.065885
KT006706,0.015684
KT006707,0.077474
KT006708,0.008496
KT006709,0.367611
KT006710,0.030659
KT006711,0.010731
KT006712,0.030102
KT006713,0.639812
KT006714,0.013221
KT006715,0.791903
KT006716,0.035697
KT006717,0.051208
KT006718,0.286078
KT006719,0.021715
KT006720,0.734714
KT006721,0.010465
KT006722,0.426343
KT006723,0.024643
KT006724,0.009879
KT006725,0.066448
KT006726,0.023075
KT006727,0.028499
KT006728,0.476203
KT006729,0.709683
KT006730,0.609873
KT006731,0.479356
KT006732,0.129559
KT006733,0.015751
KT006734,0.026782
KT006735,0.649698
KT006736,0.037978
KT006737,0.139567
KT006738,0.004814
KT006739,0.00854
KT006740,0.00397
KT006741,0.065679
KT006742,0.628628
KT006743,0.10126
KT006744,0.03433
KT006745,0.033648
KT006746,0.037311
KT006747,0.07291
KT006748,0.450023
KT006749,0.009221
KT006750,0.019425
KT006751,0.879899
KT006752,0.058915
KT006753,0.025022
KT006754,0.125599
KT006755,0.036827
KT006756,0.110079
KT006757,0.043106
KT006758,0.119102
KT006759,0.930461
KT006760,0.022033
KT006761,0.281094
KT006762,0.072916
KT006763,0.312462
KT006764,0.016224
KT006765,0.260755
KT006766,0.083209
KT006767,0.059111
KT006768,0.659815
KT006769,0.134941
KT006770,0.004875
KT006771,0.02749
KT006772,0.463503
KT006773,0.73218
KT006774,0.121959
KT006775,0.356601
KT006776,0.537451
KT006777,0.679992
KT006778,0.068329
KT006779,0.331144
KT006780,0.005637
KT006781,0.132096
KT006782,0.075327
KT006783,0.046867
KT006784,0.065065
KT006785,0.09114
KT006786,0.169757
KT006787,0.508817
KT006788,0.218181
KT006789,0.216918
KT006790,0.009871
KT006791,0.098618
KT006792,0.907272
KT006793,0.030836
KT006794,0.00972
KT006795,0.023726
KT006796,0.266333
KT006797,0.012411
KT006798,0.02005
KT006799,0.026432
KT006800,0.045023
KT006801,0.336555
KT006802,0.019535
KT006803,0.087363
KT006804,0.068094
KT006805,0.252352
KT006806,0.047634
KT006807,0.692958
KT006808,0.004973
KT006809,0.406586
KT006810,0.022344
KT006811,0.060327
KT006812,0.76684
KT006813,0.082885
KT006814,0.011267
KT006815,0.044492
KT006816,0.324083
KT006817,0.019154
KT006818,0.006099
KT006819,0.059515
KT006820,0.0801
KT006821,0.043712
KT006822,0.099428
KT006823,0.03984
KT006824,0.696798
KT006825,0.231576
KT006826,0.226534
KT006827,0.557162
KT006828,0.324835
KT006829,0.317274
KT006830,0.035232
KT006831,0.1834
KT006832,0.026092
KT006833,0.106386
KT006834,0.335828
KT006835,0.024863
KT006836,0.011612
KT006837,0.075648
KT006838,0.322812
KT006839,0.126082
KT006840,0.360729
KT006841,0.039571
KT006842,0.020439
KT006843,0.070133
KT006844,0.525843
KT006845,0.048753
KT006846,0.376082
KT006847,0.026615
KT006848,0.007054
KT006849,0.46746
KT006850,0.048822
KT006851,0.03095
KT006852,0.241682
KT006853,0.052523
KT006854,0.006166
KT006855,0.011352
KT006856,0.462746
KT006857,0.015584
KT006858,0.004825
KT006859,0.03849
KT006860,0.107569
KT006861,0.160589
KT006862,0.022471
KT006863,0.881046
KT006864,0.189623
KT006865,0.02311
KT006866,0.164947
KT006867,0.533661
KT006868,0.044435
KT006869,0.008827
KT006870,0.18706
KT006871,0.003524
KT006872,0.012504
KT006873,0.011044
KT006874,0.072703
KT006875,0.142301
KT006876,0.040474
KT006877,0.484226
KT006878,0.921705
KT006879,0.028375
KT006880,0.115753
KT006881,0.168422
KT006882,0.056443
KT006883,0.054851
KT006884,0.295501
KT006885,0.016195
KT006886,0.650358
KT006887,0.168819
KT006888,0.626902
KT006889,0.868998
KT006890,0.369552
KT006891,0.0337
KT006892,0.086179
KT006893,0.037835
KT006894,0.128308
KT006895,0.048603
KT006896,0.027951
KT006897,0.852704
KT006898,0.037212
KT006899,0.006713
KT006900,0.003913
KT006901,0.005357
KT006902,0.010141
KT006903,0.818454
KT006904,0.007763
KT006905,0.630614
KT006906,0.160802
KT006907,0.074122
KT006908,0.102993
KT006909,0.046181
KT006910,0.075812
KT006911,0.087814
KT006912,0.623494
KT006913,0.038736
KT006914,0.236341
KT006915,0.028711
KT006916,0.128096
KT006917,0.021225
KT006918,0.011209
KT006919,0.128566
KT006920,0.036323
KT006921,0.10551
KT006922,0.797396
KT006923,0.057374
KT006924,0.080082
KT006925,0.121039
KT006926,0.225033
KT006927,0.003844
KT006928,0.018725
KT006929,0.018216
KT006930,0.032638
KT006931,0.033814
KT006932,0.190127
KT006933,0.430808
KT006934,0.914881
KT006935,0.147726
KT006936,0.219757
KT006937,0.774402
KT006938,0.052504
KT006939,0.004606
KT006940,0.289093
KT006941,0.55938
KT006942,0.05207
KT006943,0.138766
KT006944,0.204174
KT006945,0.006723
KT006946,0.191431
KT006947,0.004123
KT006948,0.008588
KT006949,0.20209
KT006950,0.060332
KT006951,0.737616
KT006952,0.093369
KT006953,0.087342
KT006954,0.187504
KT006955,0.286002
KT006956,0.62928
KT006957,0.004744
KT006958,0.012578
KT006959,0.050937
KT006960,0.311948
KT006961,0.057899
KT006962,0.266822
KT006963,0.024593
KT006964,0.560807
KT006965,0.116687
KT006966,0.932706
KT006967,0.010475
KT006968,0.343057
KT006969,0.506447
KT006970,0.019347
KT006971,0.06815
KT006972,0.008545
KT006973,0.11224
KT006974,0.056671
KT006975,0.205263
KT006976,0.065838
KT006977,0.341872
KT006978,0.039868
KT006979,0.263093
KT006980,0.003877
KT006981,0.505303
KT006982,0.495709
KT006983,0.11332
KT006984,0.02212
KT006985,0.013912
KT006986,0.448695
KT006987,0.588397
KT006988,0.020435
KT006989,0.048152
KT006990,0.143104
KT006991,0.904732
KT006992,0.073919
KT006993,0.00192
KT006994,0.706445
KT006995,0.178038
KT006996,0.094381
KT006997,0.031738
KT006998,0.006501
KT006999,0.294094
KT007000,0.76545
KT007001,0.055681
KT007002,0.624629
KT007003,0.063516
KT007004,0.018162
KT007005,0.383449
KT007006,0.045641
KT007007,0.045542
KT007008,0.131967
KT007009,0.180367
KT007010,0.127405
KT007011,0.100553
KT007012,0.006071
KT007013,0.607409
KT007014,0.038111
KT007015,0.143371
KT007016,0.169863
KT007017,0.004809
KT007018,0.111453
KT007019,0.004219
KT007020,0.646915
KT007021,0.017979
KT007022,0.229202
KT007023,0.020056
KT007024,0.03279
KT007025,0.081581
KT007026,0.233783
KT007027,0.554855
KT007028,0.012509
KT007029,0.039838
KT007030,0.073691
KT007031,0.290335
KT007032,0.611835
KT007033,0.034524
KT007034,0.028829
KT007035,0.017166
KT007036,0.245434
KT007037,0.325375
KT007038,0.092111
KT007039,0.395623
KT007040,0.040896
KT007041,0.184176
KT007042,0.144543
KT007043,0.060924
KT007044,0.019758
KT007045,0.020054
KT007046,0.533201
KT007047,0.049929
KT007048,0.017884
KT007049,0.244452
KT007050,0.576661
KT007051,0.624506
KT007052,0.221523
KT007053,0.067643
KT007054,0.206931
KT007055,0.408896
KT007056,0.277648
KT007057,0.435957
KT007058,0.03427
KT007059,0.398375
KT007060,0.121464
KT007061,0.010964
KT007062,0.011327
KT007063,0.299088
KT007064,0.087162
KT007065,0.144359
KT007066,0.01028
KT007067,0.109488
KT007068,0.616088
KT007069,0.023547
KT007070,0.452236
KT007071,0.053606
KT007072,0.725823
KT007073,0.038952
KT007074,0.014073
KT007075,0.128135
KT007076,0.055347
KT007077,0.072714
KT007078,0.005143
KT007079,0.012915
KT007080,0.015905
KT007081,0.022838
KT007082,0.306152
KT007083,0.125557
KT007084,0.006562
KT007085,0.079556
KT007086,0.178374
KT007087,0.104304
KT007088,0.04146
KT007089,0.025831
KT007090,0.559988
KT007091,0.336729
KT007092,0.657761
KT007093,0.01126
KT007094,0.094089
KT007095,0.089187
KT007096,0.011569
KT007097,0.012215
KT007098,0.104488
KT007099,0.933702
KT007100,0.017809
KT007101,0.549209
KT007102,0.017596
KT007103,0.03077
KT007104,0.018321
KT007105,0.032215
KT007106,0.241179
KT007107,0.034299
KT007108,0.070167
KT007109,0.076797
KT007110,0.174138
KT007111,0.073068
KT007112,0.260538
KT007113,0.401056
KT007114,0.3332
KT007115,0.538616
KT007116,0.022821
KT007117,0.554383
KT007118,0.101539
KT007119,0.199299
KT007120,0.583668
KT007121,0.003406
KT007122,0.017326
KT007123,0.037825
KT007124,0.185793
KT007125,0.542372
KT007126,0.615965
KT007127,0.30497
KT007128,0.17305
KT007129,0.049965
KT007130,0.006468
KT007131,0.289795
KT007132,0.034799
KT007133,0.017612
KT007134,0.0033
KT007135,0.012957
KT007136,0.074517
KT007137,0.016015
KT007138,0.020481
KT007139,0.146807
KT007140,0.102236
KT007141,0.422091
KT007142,0.104863
KT007143,0.072701
KT007144,0.008149
KT007145,0.048168
KT007146,0.139302
KT007147,0.651689
KT007148,0.179844
KT007149,0.009647
KT007150,0.04705
KT007151,0.213091
KT007152,0.056651
KT007153,0.036406
KT007154,0.033934
KT007155,0.236887
KT007156,0.054155
KT007157,0.21064
KT007158,0.220533
KT007159,0.309936
KT007160,0.015605
KT007161,0.027953
KT007162,0.041923
KT007163,0.85868
KT007164,0.064811
KT007165,0.010395
KT007166,0.070339
KT007167,0.142077
KT007168,0.006451
KT007169,0.483001
KT007170,0.187669
KT007171,0.109389
KT007172,0.006962
KT007173,0.486784
KT007174,0.013106
KT007175,0.544797
KT007176,0.213648
KT007177,0.076185
KT007178,0.795018
KT007179,0.048099
KT007180,0.290228
KT007181,0.04664
KT007182,0.046175
KT007183,0.271653
KT007184,0.118953
KT007185,0.016669
KT007186,0.14786
KT007187,0.196119
KT007188,0.00578
KT007189,0.053696
KT007190,0.074786
KT007191,0.062159
KT007192,0.733569
KT007193,0.007859
KT007194,0.011986
KT007195,0.034249
KT007196,0.266631
KT007197,0.07468
KT007198,0.181914
KT007199,0.15176
KT007200,0.72059
KT007201,0.372068
KT007202,0.025974
KT007203,0.048032
KT007204,0.108828
KT007205,0.147418
KT007206,0.408804
KT007207,0.037228
KT007208,0.099736
KT007209,0.037195
KT007210,0.569901
KT007211,0.238177
KT007212,0.080947
KT007213,0.358815
KT007214,0.087991
KT007215,0.009637
KT007216,0.090991
KT007217,0.016276
KT007218,0.071217
KT007219,0.019371
KT007220,0.017231
KT007221,0.085124
KT007222,0.040208
KT007223,0.636644
KT007224,0.614295
KT007225,0.004734
KT007226,0.024451
KT007227,0.572721
KT007228,0.092322
KT007229,0.251494
KT007230,0.002414
KT007231,0.15415
KT007232,0.010975
KT007233,0.027876
KT007234,0.07158
KT007235,0.031575
KT007236,0.032241
KT007237,0.127038
KT007238,0.04151
KT007239,0.117646
KT007240,0.354416
KT007241,0.370594
KT007242,0.064136
KT007243,0.618317
KT007244,0.554553
KT007245,0.318979
KT007246,0.023451
KT007247,0.390225
KT007248,0.028536
KT007249,0.075342
KT007250,0.058618
KT007251,0.242025
KT007252,0.11157
KT007253,0.124442
KT007254,0.006523
KT007255,0.07808
KT007256,0.097712
KT007257,0.032118
KT007258,0.039392
KT007259,0.904333
KT007260,0.09998
KT007261,0.115374
KT007262,0.200788
KT007263,0.117918
KT007264,0.062636
KT007265,0.003822
KT007266,0.429585
KT007267,0.005055
KT007268,0.061268
KT007269,0.856306
KT007270,0.018676
KT007271,0.456584
KT007272,0.052781
KT007273,0.011995
KT007274,0.512227
KT007275,0.052654
KT007276,0.37177
KT007277,0.066198
KT007278,0.435431
KT007279,0.312912
KT007280,0.005299
KT007281,0.038519
KT007282,0.050676
KT007283,0.043122
KT007284,0.048439
KT007285,0.03157
KT007286,0.567039
KT007287,0.069603
KT007288,0.559982
KT007289,0.27098
KT007290,0.036996
KT007291,0.059635
KT007292,0.134128
KT007293,0.00364
KT007294,0.373234
KT007295,0.063487
KT007296,0.621989
KT007297,0.173961
KT007298,0.007776
KT007299,0.053639
KT007300,0.570886
KT007301,0.273255
KT007302,0.074326
KT007303,0.029424
KT007304,0.0088
KT007305,0.012458
KT007306,0.889622
KT007307,0.026813
KT007308,0.05107
KT007309,0.002162
KT007310,0.370981
KT007311,0.008004
KT007312,0.049416
KT007313,0.017374
KT007314,0.110837
KT007315,0.602244
KT007316,0.009446
KT007317,0.014592
KT007318,0.104222
KT007319,0.084659
KT007320,0.002789
KT007321,0.418255
KT007322,0.614404
KT007323,0.031471
KT007324,0.082803
KT007325,0.385695
KT007326,0.266158
KT007327,0.300893
KT007328,0.202666
KT007329,0.102309
KT007330,0.053294
KT007331,0.094308
KT007332,0.028758
KT007333,0.620347
KT007334,0.647416
KT007335,0.250005
KT007336,0.009086
KT007337,0.012937
KT007338,0.043996
KT007339,0.01011
KT007340,0.182641
KT007341,0.040445
KT007342,0.006933
KT007343,0.056224
KT007344,0.007046
KT007345,0.77132
KT007346,0.213955
KT007347,0.034142
KT007348,0.218676
KT007349,0.242109
KT007350,0.297404
KT007351,0.063521
KT007352,0.004873
KT007353,0.327358
KT007354,0.379738
KT007355,0.006804
KT007356,0.347402
KT007357,0.367663
KT007358,0.36317
KT007359,0.040007
KT007360,0.100638
KT007361,0.783215
KT007362,0.682767
KT007363,0.102018
KT007364,0.044912
KT007365,0.870616
KT007366,0.062596
KT007367,0.429556
KT007368,0.415617
KT007369,0.464866
KT007370,0.652894
KT007371,0.129333
KT007372,0.071883
KT007373,0.010959
KT007374,0.046878
KT007375,0.015734
KT007376,0.010837
KT007377,0.181793
KT007378,0.126782
KT007379,0.152571
KT007380,0.036352
KT007381,0.043465
KT007382,0.284654
KT007383,0.317068
KT007384,0.025615
KT007385,0.636267
KT007386,0.46545
KT007387,0.261106
KT007388,0.02649
KT007389,0.582566
KT007390,0.053025
KT007391,0.026955
KT007392,0.195672
KT007393,0.051041
KT007394,0.003574
KT007395,0.015829
KT007396,0.074146
KT007397,0.280447
KT007398,0.058526
KT007399,0.0355
KT007400,0.02181
KT007401,0.337051
KT007402,0.08374
KT007403,0.021229
KT007404,0.088384
KT007405,0.379236
KT007406,0.028647
KT007407,0.19115
KT007408,0.542114
KT007409,0.537078
KT007410,0.017981
KT007411,0.102589
KT007412,0.131767
KT007413,0.012473
KT007414,0.256469
KT007415,0.006107
KT007416,0.017198
KT007417,0.304761
KT007418,0.004307
KT007419,0.087607
KT007420,0.010526
KT007421,0.353619
KT007422,0.293169
KT007423,0.011891
KT007424,0.484151
KT007425,0.047088
KT007426,0.370766
KT007427,0.032213
KT007428,0.781711
KT007429,0.107468
KT007430,0.379773
KT007431,0.264001
KT007432,0.075723
KT007433,0.017326
KT007434,0.055185
KT007435,0.142638
KT007436,0.242914
KT007437,0.161331
KT007438,0.00272
KT007439,0.081024
KT007440,0.078
KT007441,0.098122
KT007442,0.682691
KT007443,0.251214
KT007444,0.004377
KT007445,0.233052
KT007446,0.016174
KT007447,0.051363
KT007448,0.008138
KT007449,0.072378
KT007450,0.023955
KT007451,0.020519
KT007452,0.147625
KT007453,0.113765
KT007454,0.112758
KT007455,0.007859
KT007456,0.462366
KT007457,0.02681
KT007458,0.133282
KT007459,0.168889
KT007460,0.592198
KT007461,0.153506
KT007462,0.011028
KT007463,0.255337
KT007464,0.055465
KT007465,0.015816
KT007466,0.512934
KT007467,0.008158
KT007468,0.241359
KT007469,0.317904
KT007470,0.007068
KT007471,0.545118
KT007472,0.807808
KT007473,0.010743
KT007474,0.707928
KT007475,0.080381
KT007476,0.01342
KT007477,0.311467
KT007478,0.042144
KT007479,0.249854
KT007480,0.266385
KT007481,0.17205
KT007482,0.09489
KT007483,0.048403
KT007484,0.005984
KT007485,0.046985
KT007486,0.004199
KT007487,0.681057
KT007488,0.011514
KT007489,0.042594
KT007490,0.190985
KT007491,0.044525
KT007492,0.106396
KT007493,0.688063
KT007494,0.026939
KT007495,0.353274
KT007496,0.528671
KT007497,0.004548
KT007498,0.077034
KT007499,0.799028
KT007500,0.249212
KT007501,0.026141
KT007502,0.012324
KT007503,0.06283
KT007504,0.70292
KT007505,0.370029
KT007506,0.030813
KT007507,0.010508
KT007508,0.920054
KT007509,0.115781
KT007510,0.003149
KT007511,0.237329
KT007512,0.475512
KT007513,0.703092
KT007514,0.851842
KT007515,0.058453
KT007516,0.177295
KT007517,0.153349
KT007518,0.040121
KT007519,0.251088
KT007520,0.01643
KT007521,0.037847
KT007522,0.032093
KT007523,0.128839
KT007524,0.012089
KT007525,0.561112
KT007526,0.389752
KT007527,0.029563
KT007528,0.00452
KT007529,0.373227
KT007530,0.077384
KT007531,0.0075
KT007532,0.003882
KT007533,0.089442
KT007534,0.085296
KT007535,0.008491
KT007536,0.085769
KT007537,0.569496
KT007538,0.18157
KT007539,0.027981
KT007540,0.019501
KT007541,0.028695
KT007542,0.029137
KT007543,0.004897
KT007544,0.025776
KT007545,0.04045
KT007546,0.096632
KT007547,0.371972
KT007548,0.029538
KT007549,0.030709
KT007550,0.015925
KT007551,0.005505
KT007552,0.215464
KT007553,0.731838
KT007554,0.679755
KT007555,0.010945
KT007556,0.616053
KT007557,0.038533
KT007558,0.252876
KT007559,0.051916
KT007560,0.047265
KT007561,0.425226
KT007562,0.338949
KT007563,0.313365
KT007564,0.04917
KT007565,0.08658
KT007566,0.563778
KT007567,0.049448
KT007568,0.026732
KT007569,0.62334
KT007570,0.044229
KT007571,0.177099
KT007572,0.009299
KT007573,0.26086
KT007574,0.029792
KT007575,0.049121
KT007576,0.611958
KT007577,0.543772
KT007578,0.242225
KT007579,0.012255
KT007580,0.118206
KT007581,0.058433
KT007582,0.526864
KT007583,0.031986
KT007584,0.226169
KT007585,0.009794
KT007586,0.095142
KT007587,0.035301
KT007588,0.125706
KT007589,0.815706
KT007590,0.012534
KT007591,0.006391
KT007592,0.022015
KT007593,0.032336
KT007594,0.156083
KT007595,0.098216
KT007596,0.30806
KT007597,0.133125
KT007598,0.114585
KT007599,0.008419
KT007600,0.932016
KT007601,0.01726
KT007602,0.046086
KT007603,0.105825
KT007604,0.193454
KT007605,0.009549
KT007606,0.368669
KT007607,0.012021
KT007608,0.099102
KT007609,0.012483
KT007610,0.58502
KT007611,0.173597
KT007612,0.009012
KT007613,0.385479
KT007614,0.738216
KT007615,0.125678
KT007616,0.045244
KT007617,0.121409
KT007618,0.241506
KT007619,0.074256
KT007620,0.108833
KT007621,0.080966
KT007622,0.178168
KT007623,0.023096
KT007624,0.003207
KT007625,0.123974
KT007626,0.039188
KT007627,0.00342
KT007628,0.090931
KT007629,0.140618
KT007630,0.00608
KT007631,0.077666
KT007632,0.057169
KT007633,0.01193
KT007634,0.471317
KT007635,0.045986
KT007636,0.2661
KT007637,0.011587
KT007638,0.003884
KT007639,0.040757
KT007640,0.02177
KT007641,0.228109
KT007642,0.038591
KT007643,0.354693
KT007644,0.910784
KT007645,0.064076
KT007646,0.561206
KT007647,0.041549
KT007648,0.158371
KT007649,0.011343
KT007650,0.727025
KT007651,0.17263
KT007652,0.383941
KT007653,0.661724
KT007654,0.448575
KT007655,0.003271
KT007656,0.679209
KT007657,0.042697
KT007658,0.044481
KT007659,0.134417
KT007660,0.559592
KT007661,0.831588
KT007662,0.045756
KT007663,0.075373
KT007664,0.119965
KT007665,0.609106
KT007666,0.026016
KT007667,0.120187
KT007668,0.149377
KT007669,0.002728
KT007670,0.905369
KT007671,0.107113
KT007672,0.029038
KT007673,0.119975
KT007674,0.132889
KT007675,0.026965
KT007676,0.658245
KT007677,0.458723
KT007678,0.263602
KT007679,0.004857
KT007680,0.006296
KT007681,0.020272
KT007682,0.01109
KT007683,0.088564
KT007684,0.41432
KT007685,0.508263
KT007686,0.138511
KT007687,0.125306
KT007688,0.334835
KT007689,0.134707
KT007690,0.376616
KT007691,0.006564
KT007692,0.013457
KT007693,0.117152
KT007694,0.327538
KT007695,0.005552
KT007696,0.473866
KT007697,0.153771
KT007698,0.13901
KT007699,0.159288
KT007700,0.160013
KT007701,0.02932
KT007702,0.054419
KT007703,0.187408
KT007704,0.027996
KT007705,0.139867
KT007706,0.005007
KT007707,0.790267
KT007708,0.025063
KT007709,0.039299
KT007710,0.020518
KT007711,0.594545
KT007712,0.065472
KT007713,0.253168
KT007714,0.275719
KT007715,0.254116
KT007716,0.199186
KT007717,0.11533
KT007718,0.589812
KT007719,0.160008
KT007720,0.331595
KT007721,0.03826
KT007722,0.511936
KT007723,0.010645
KT007724,0.021578
KT007725,0.342852
KT007726,0.126745
KT007727,0.007757
KT007728,0.076052
KT007729,0.823118
KT007730,0.11573
KT007731,0.552676
KT007732,0.078321
KT007733,0.027879
KT007734,0.027659
KT007735,0.15901
KT007736,0.113907
KT007737,0.03892
KT007738,0.469259
KT007739,0.691153
KT007740,0.032246
KT007741,0.167844
KT007742,0.129885
KT007743,0.493836
KT007744,0.061884
KT007745,0.10111
KT007746,0.477429
KT007747,0.504175
KT007748,0.015721
KT007749,0.005934
KT007750,0.650889
KT007751,0.672539
KT007752,0.027159
KT007753,0.168018
KT007754,0.010801
KT007755,0.141717
KT007756,0.049675
KT007757,0.015953
KT007758,0.531045
KT007759,0.877052
KT007760,0.007034
KT007761,0.561301
KT007762,0.042634
KT007763,0.241334
KT007764,0.005778
KT007765,0.660586
KT007766,0.776336
KT007767,0.017342
KT007768,0.015426
KT007769,0.420211
KT007770,0.06711
KT007771,0.028722
KT007772,0.272599
KT007773,0.447734
KT007774,0.11379
KT007775,0.465134
KT007776,0.585391
KT007777,0.659388
KT007778,0.748611
KT007779,0.921394
KT007780,0.014669
KT007781,0.913459
KT007782,0.056964
KT007783,0.331633
KT007784,0.418763
KT007785,0.326589
KT007786,0.111705
KT007787,0.039404
KT007788,0.020782
KT007789,0.006109
KT007790,0.124624
KT007791,0.014847
KT007792,0.012826
KT007793,0.21056
KT007794,0.030479
KT007795,0.006751
KT007796,0.89722
KT007797,0.006534
KT007798,0.019182
KT007799,0.254899
KT007800,0.085498
KT007801,0.020874
KT007802,0.015026
KT007803,0.134022
KT007804,0.27044
KT007805,0.059571
KT007806,0.188371
KT007807,0.037814
KT007808,0.017616
KT007809,0.006503
KT007810,0.066654
KT007811,0.059876
KT007812,0.200843
KT007813,0.187897
KT007814,0.022581
KT007815,0.596757
KT007816,0.027818
KT007817,0.06379
KT007818,0.092973
KT007819,0.041584
KT007820,0.007468
KT007821,0.208794
KT007822,0.139062
KT007823,0.015594
KT007824,0.079434
KT007825,0.029997
KT007826,0.181753
KT007827,0.302172
KT007828,0.004792
KT007829,0.048399
KT007830,0.009528
KT007831,0.13829
KT007832,0.031154
KT007833,0.006229
KT007834,0.038959
KT007835,0.006579
KT007836,0.003714
KT007837,0.01529
KT007838,0.41752
KT007839,0.037246
KT007840,0.479296
KT007841,0.845595
KT007842,0.710131
KT007843,0.006042
KT007844,0.047488
KT007845,0.011515
KT007846,0.09245
KT007847,0.151393
KT007848,0.02731
KT007849,0.019516
KT007850,0.096121
KT007851,0.032276
KT007852,0.058414
KT007853,0.014844
KT007854,0.020619
KT007855,0.090248
KT007856,0.135984
KT007857,0.032292
KT007858,0.052148
KT007859,0.669901
KT007860,0.125548
KT007861,0.013232
KT007862,0.694998
KT007863,0.913733
KT007864,0.012148
KT007865,0.069883
KT007866,0.239461
KT007867,0.032515
KT007868,0.072705
KT007869,0.879594
KT007870,0.008773
KT007871,0.264211
KT007872,0.112397
KT007873,0.048388
KT007874,0.067264
KT007875,0.003802
KT007876,0.077214
KT007877,0.163603
KT007878,0.311519
KT007879,0.307364
KT007880,0.038157
KT007881,0.161142
KT007882,0.075049
KT007883,0.109737
KT007884,0.006235
KT007885,0.051081
KT007886,0.059344
KT007887,0.929291
KT007888,0.217479
KT007889,0.405631
KT007890,0.16684
KT007891,0.014365
KT007892,0.506066
KT007893,0.058104
KT007894,0.462615
KT007895,0.009157
KT007896,0.5442
KT007897,0.023795
KT007898,0.450766
KT007899,0.005181
KT007900,0.033452
KT007901,0.68001
KT007902,0.011585
KT007903,0.335142
KT007904,0.024701
KT007905,0.041177
KT007906,0.392484
KT007907,0.64297
KT007908,0.806693
KT007909,0.195376
KT007910,0.823426
KT007911,0.004973
KT007912,0.031384
KT007913,0.020191
KT007914,0.016911
KT007915,0.17713
KT007916,0.118881
KT007917,0.557908
KT007918,0.039194
KT007919,0.039073
KT007920,0.159859
KT007921,0.060648
KT007922,0.076122
KT007923,0.390165
KT007924,0.117233
KT007925,0.003044
KT007926,0.93046
KT007927,0.002373
KT007928,0.03201
KT007929,0.008877
KT007930,0.231226
KT007931,0.00309
KT007932,0.043874
KT007933,0.358369
KT007934,0.008522
KT007935,0.741908
KT007936,0.020695
KT007937,0.480801
KT007938,0.01158
KT007939,0.128131
KT007940,0.019884
KT007941,0.289181
KT007942,0.140094
KT007943,0.625441
KT007944,0.498391
KT007945,0.055103
KT007946,0.22751
KT007947,0.012556
KT007948,0.247208
KT007949,0.018319
KT007950,0.016339
KT007951,0.607894
KT007952,0.019635
KT007953,0.277677
KT007954,0.096593
KT007955,0.019757
KT007956,0.043619
KT007957,0.085044
KT007958,0.026881
KT007959,0.227196
KT007960,0.622261
KT007961,0.022818
KT007962,0.070512
KT007963,0.223679
KT007964,0.447468
KT007965,0.01569
KT007966,0.802625
KT007967,0.75114
KT007968,0.055724
KT007969,0.116374
KT007970,0.0982
KT007971,0.740857
KT007972,0.414343
KT007973,0.612084
KT007974,0.198352
KT007975,0.011452
KT007976,0.286206
KT007977,0.468542
KT007978,0.724495
KT007979,0.130326
KT007980,0.051402
KT007981,0.02379
KT007982,0.734852
KT007983,0.253614
KT007984,0.035901
KT007985,0.450945
KT007986,0.016329
KT007987,0.254888
KT007988,0.613582
KT007989,0.243191
KT007990,0.047432
KT007991,0.028484
KT007992,0.178025
KT007993,0.074495
KT007994,0.012201
KT007995,0.004142
KT007996,0.213634
KT007997,0.128561
KT007998,0.05024
KT007999,0.307477
