customer_id,age_group,city,occupation,income_level,register_date,aum,risk_appetite,vip_level,has_app
C000001,45-54,南京,企业职员,10-30万,2021-03-03,96618.43,R1,银卡,0
C000002,35-44,杭州,退休,30-50万,2022-08-13,1151110.45,R2,普通,1
C000003,55-64,上海,其他,10万以下,2018-09-29,21333.76,R1,普通,1
C000004,45-54,南京,专业技术,10万以下,2023-01-25,27916.18,R1,普通,1
C000005,25-34,上海,退休,30-50万,2019-09-26,253755.96,R3,普通,1
C000006,65+,南京,其他,30-50万,2019-11-01,283614.0,R5,普通,1
C000007,45-54,苏州,专业技术,10-30万,2021-12-21,234295.08,R3,普通,1
C000008,55-64,常州,个体经营,30-50万,2018-06-28,507112.51,R5,金卡,1
C000009,25-34,北京,退休,30-50万,2018-06-22,669059.8,R3,普通,0
C000010,35-44,南京,退休,10-30万,2024-03-29,62159.09,R2,普通,1
C000011,35-44,苏州,企业职员,50万以上,2020-12-28,2081064.07,R4,普通,1
C000012,65+,南通,企业职员,30-50万,2023-03-27,246101.21,R1,金卡,1
C000013,45-54,上海,退休,10-30万,2018-05-27,61487.41,R1,普通,1
C000014,55-64,北京,退休,10-30万,2018-08-10,135216.18,R5,普通,1
C000015,35-44,常州,退休,10万以下,2021-11-13,33631.62,R3,钻石,1
C000016,25-34,杭州,企业职员,10万以下,2022-05-11,30810.95,R4,金卡,1
C000017,35-44,徐州,企业职员,30-50万,2019-06-26,572632.27,R1,普通,1
C000018,18-24,南京,企业职员,30-50万,2022-01-27,619088.17,R3,普通,0
C000019,55-64,南通,公务员,10-30万,2020-01-06,250223.97,R2,普通,1
C000020,45-54,苏州,专业技术,10-30万,2020-06-03,66176.16,R2,金卡,0
C000021,45-54,上海,个体经营,10万以下,2022-09-14,63574.06,R4,银卡,1
C000022,35-44,苏州,企业职员,10万以下,2022-04-17,76888.25,R2,普通,1
C000023,65+,苏州,专业技术,50万以上,2018-10-18,1249008.58,R3,普通,1
C000024,55-64,深圳,公务员,10-30万,2021-06-13,52104.22,R4,普通,1
C000025,45-54,北京,公务员,10万以下,2021-11-25,15020.98,R4,银卡,1
C000026,25-34,无锡,退休,10-30万,2018-12-28,95255.81,R1,银卡,1
C000027,35-44,上海,公务员,10-30万,2020-12-20,328508.44,R1,普通,1
C000028,18-24,深圳,专业技术,30-50万,2021-01-05,403430.63,R4,普通,1
C000029,25-34,南京,企业职员,50万以上,2022-01-27,1101720.5,R3,银卡,1
C000030,45-54,南通,退休,10-30万,2020-05-25,85182.04,R3,银卡,0
C000031,45-54,苏州,专业技术,10-30万,2024-02-24,61937.8,R1,普通,1
C000032,65+,杭州,退休,10-30万,2023-02-09,185820.24,R1,钻石,1
C000033,35-44,南京,公务员,10-30万,2019-06-23,114601.1,R5,普通,1
C000034,35-44,上海,个体经营,10-30万,2022-11-03,342888.9,R2,普通,1
C000035,35-44,南京,个体经营,10万以下,2018-06-27,41070.99,R4,普通,0
C000036,25-34,无锡,其他,30-50万,2019-01-17,605729.01,R2,银卡,0
C000037,25-34,杭州,企业职员,10-30万,2022-02-12,106318.5,R2,普通,1
C000038,35-44,南京,公务员,10-30万,2018-11-21,69545.18,R3,普通,1
C000039,25-34,北京,其他,10万以下,2020-02-09,19383.2,R4,普通,1
C000040,45-54,南京,企业职员,30-50万,2019-07-22,201712.03,R2,普通,1
C000041,35-44,常州,公务员,10万以下,2021-08-01,47294.53,R2,普通,1
C000042,55-64,上海,公务员,10-30万,2023-09-06,98991.52,R3,普通,0
C000043,45-54,南京,退休,30-50万,2021-02-14,644010.36,R1,普通,1
C000044,25-34,南通,退休,10-30万,2019-06-27,128438.34,R2,钻石,0
C000045,55-64,常州,其他,50万以上,2023-11-14,1295706.27,R3,普通,0
C000046,55-64,南通,企业职员,10万以下,2024-04-19,16716.5,R1,普通,1
C000047,35-44,徐州,公务员,30-50万,2019-06-22,465113.25,R3,普通,1
C000048,25-34,无锡,个体经营,50万以上,2020-10-27,1344669.96,R1,银卡,1
C000049,45-54,苏州,退休,10-30万,2021-04-09,188403.08,R3,普通,0
C000050,25-34,南京,专业技术,10-30万,2020-05-07,83913.49,R4,银卡,1
C000051,25-34,北京,专业技术,10-30万,2020-04-17,163292.92,R4,银卡,1
C000052,18-24,无锡,退休,30-50万,2021-11-05,908585.28,R3,普通,0
C000053,55-64,苏州,公务员,50万以上,2020-09-26,1719000.58,R3,钻石,1
C000054,45-54,南京,其他,30-50万,2021-07-12,592357.46,R2,银卡,0
C000055,45-54,上海,专业技术,50万以上,2023-03-03,1996529.12,R2,银卡,0
C000056,55-64,常州,公务员,10-30万,2019-12-12,309989.21,R1,银卡,1
C000057,35-44,南京,个体经营,10-30万,2022-02-24,144498.91,R3,普通,0
C000058,35-44,北京,公务员,10-30万,2019-01-10,170284.6,R1,银卡,0
C000059,25-34,北京,公务员,30-50万,2022-01-09,392810.2,R2,银卡,1
C000060,25-34,北京,退休,30-50万,2023-04-11,271583.67,R3,金卡,0
C000061,45-54,南通,公务员,10-30万,2019-06-05,65588.73,R3,钻石,1
C000062,35-44,无锡,其他,10万以下,2023-08-01,56523.67,R2,普通,0
C000063,35-44,南京,企业职员,10-30万,2018-06-21,72480.1,R2,银卡,0
C000064,45-54,无锡,公务员,30-50万,2020-08-15,580794.39,R3,普通,0
C000065,45-54,徐州,其他,50万以上,2021-07-07,1846835.11,R4,金卡,0
C000066,35-44,苏州,退休,10万以下,2023-01-10,47469.63,R3,银卡,0
C000067,35-44,常州,个体经营,10万以下,2023-03-15,23192.79,R2,金卡,1
C000068,25-34,南通,公务员,10-30万,2023-03-31,80812.11,R4,银卡,1
C000069,18-24,上海,公务员,10万以下,2019-05-26,36247.97,R1,银卡,1
C000070,35-44,南京,公务员,50万以上,2023-03-11,1296015.13,R2,普通,1
C000071,25-34,杭州,其他,10-30万,2024-03-14,64843.56,R1,银卡,0
C000072,35-44,无锡,个体经营,10-30万,2023-03-25,316320.05,R2,普通,1
C000073,55-64,南通,其他,10万以下,2020-09-27,20196.18,R3,普通,1
C000074,25-34,深圳,退休,10-30万,2021-07-17,73015.77,R3,普通,1
C000075,18-24,南京,个体经营,50万以上,2022-03-03,1328960.72,R4,普通,0
C000076,25-34,北京,退休,10-30万,2018-08-10,224510.17,R3,金卡,1
C000077,25-34,杭州,个体经营,10万以下,2022-05-07,10153.62,R2,普通,0
C000078,45-54,深圳,个体经营,10万以下,2019-06-06,53846.6,R3,普通,1
C000079,35-44,无锡,退休,50万以上,2023-09-01,950971.07,R3,银卡,1
C000080,55-64,南京,退休,50万以上,2021-02-21,1712112.05,R3,普通,1
C000081,45-54,南京,公务员,10万以下,2023-08-17,21395.78,R2,普通,0
C000082,35-44,杭州,个体经营,10-30万,2023-12-05,324878.14,R3,普通,1
C000083,55-64,南京,其他,10万以下,2020-04-27,31928.77,R3,普通,1
C000084,25-34,苏州,公务员,10-30万,2020-05-12,84221.14,R2,金卡,1
C000085,18-24,深圳,退休,10万以下,2020-12-15,25807.15,R4,银卡,1
C000086,25-34,无锡,其他,30-50万,2021-09-12,418335.22,R2,银卡,1
C000087,45-54,苏州,专业技术,50万以上,2022-10-14,1639355.89,R1,普通,1
C000088,35-44,上海,企业职员,10万以下,2019-09-23,37359.18,R3,普通,1
C000089,25-34,苏州,其他,10-30万,2023-04-11,119915.75,R4,银卡,1
C000090,35-44,常州,其他,10万以下,2021-06-10,15068.65,R3,银卡,1
C000091,25-34,南京,专业技术,10-30万,2018-09-27,101226.23,R2,普通,1
C000092,45-54,常州,退休,10万以下,2020-05-22,40630.81,R5,普通,0
C000093,35-44,南京,企业职员,10万以下,2019-04-30,21461.4,R2,普通,1
C000094,35-44,上海,退休,50万以上,2023-03-18,2099828.65,R2,普通,0
C000095,25-34,无锡,退休,10万以下,2024-04-05,30479.56,R3,普通,1
C000096,45-54,苏州,专业技术,30-50万,2019-05-25,358738.77,R2,银卡,1
C000097,35-44,深圳,专业技术,10万以下,2021-01-09,54503.74,R3,普通,1
C000098,25-34,杭州,退休,10-30万,2019-09-21,50321.18,R5,银卡,1
C000099,25-34,南通,专业技术,10-30万,2019-05-05,85612.5,R2,普通,1
C000100,65+,深圳,企业职员,50万以上,2022-03-01,2777856.16,R1,普通,1
C000101,55-64,南京,公务员,10万以下,2023-10-01,74905.1,R2,银卡,1
C000102,45-54,南通,专业技术,10万以下,2018-08-11,94084.53,R3,普通,1
C000103,25-34,北京,专业技术,30-50万,2022-07-31,410198.96,R3,钻石,1
C000104,65+,南通,公务员,30-50万,2023-06-14,502911.01,R5,普通,1
C000105,45-54,苏州,企业职员,10-30万,2020-12-23,180585.74,R3,银卡,1
C000106,45-54,杭州,专业技术,10万以下,2024-04-17,56754.5,R5,普通,1
C000107,35-44,南京,公务员,10万以下,2024-01-21,35083.94,R2,普通,1
C000108,25-34,南京,退休,30-50万,2019-10-27,635580.66,R2,普通,1
C000109,25-34,上海,专业技术,10-30万,2023-11-19,151014.92,R2,普通,1
C000110,55-64,南京,公务员,10-30万,2020-10-18,155804.76,R4,普通,1
C000111,35-44,南京,退休,10万以下,2021-09-07,18953.96,R1,普通,1
C000112,25-34,无锡,企业职员,10万以下,2023-09-30,25446.81,R1,金卡,1
C000113,25-34,无锡,个体经营,50万以上,2018-09-26,1154977.09,R2,普通,1
C000114,35-44,常州,专业技术,30-50万,2023-06-16,220746.91,R2,普通,1
C000115,25-34,上海,其他,10万以下,2020-06-30,13136.5,R3,普通,1
C000116,55-64,南通,其他,50万以上,2023-08-18,1213673.07,R4,钻石,0
C000117,45-54,上海,退休,10-30万,2020-11-10,105167.11,R1,普通,1
C000118,45-54,南京,专业技术,10-30万,2023-05-30,126470.65,R3,银卡,1
C000119,35-44,苏州,专业技术,10-30万,2019-01-24,158437.57,R1,普通,1
C000120,45-54,深圳,个体经营,30-50万,2021-08-20,439450.76,R2,普通,1
C000121,45-54,无锡,专业技术,10-30万,2024-05-12,105534.31,R2,普通,1
C000122,45-54,苏州,其他,10-30万,2024-02-09,75938.86,R3,钻石,0
C000123,25-34,深圳,专业技术,30-50万,2021-02-22,620173.39,R3,普通,0
C000124,35-44,无锡,退休,10万以下,2021-04-15,28510.89,R3,普通,1
C000125,18-24,常州,专业技术,50万以上,2022-06-04,1207521.86,R4,银卡,1
C000126,35-44,苏州,退休,10-30万,2020-10-08,109318.39,R1,普通,1
C000127,35-44,徐州,其他,10-30万,2019-08-13,83189.37,R3,金卡,1
C000128,25-34,南京,个体经营,10-30万,2020-01-13,92033.7,R3,普通,1
C000129,25-34,南通,专业技术,10-30万,2019-11-26,90582.64,R1,金卡,1
C000130,45-54,上海,个体经营,10-30万,2018-09-19,103940.96,R2,银卡,1
C000131,25-34,徐州,专业技术,10-30万,2023-03-04,166562.27,R1,普通,1
C000132,65+,南京,公务员,50万以上,2023-12-02,1838630.76,R1,钻石,1
C000133,45-54,南京,其他,30-50万,2023-09-08,866821.65,R2,钻石,1
C000134,35-44,杭州,退休,30-50万,2024-03-15,733134.44,R2,银卡,0
C000135,45-54,北京,其他,10万以下,2022-08-25,79790.8,R4,普通,1
C000136,18-24,南京,公务员,10-30万,2023-07-30,158708.79,R4,银卡,0
C000137,65+,无锡,其他,10-30万,2018-11-13,157439.99,R3,普通,1
C000138,35-44,徐州,退休,10万以下,2022-05-20,23511.5,R3,金卡,1
C000139,55-64,杭州,个体经营,30-50万,2023-02-06,604542.51,R5,普通,0
C000140,25-34,北京,其他,10-30万,2021-04-02,86438.51,R2,银卡,1
C000141,35-44,上海,专业技术,10万以下,2021-10-27,14381.89,R3,银卡,1
C000142,35-44,南京,专业技术,10万以下,2024-05-22,64351.42,R3,钻石,1
C000143,65+,上海,退休,10万以下,2018-08-20,16064.42,R4,金卡,1
C000144,35-44,杭州,企业职员,10-30万,2020-03-30,149443.39,R4,银卡,0
C000145,35-44,苏州,个体经营,10-30万,2019-06-12,77271.57,R1,银卡,0
C000146,25-34,常州,企业职员,10-30万,2018-08-26,210782.24,R3,普通,1
C000147,35-44,南京,个体经营,10万以下,2019-01-30,56411.46,R2,普通,1
C000148,35-44,苏州,退休,10万以下,2022-11-29,39086.86,R2,钻石,1
C000149,35-44,杭州,其他,30-50万,2019-10-26,745941.29,R3,普通,0
C000150,18-24,南京,公务员,10万以下,2024-05-12,30110.26,R3,银卡,1
C000151,55-64,上海,其他,10-30万,2022-03-28,366712.84,R1,普通,1
C000152,55-64,南京,企业职员,10-30万,2019-11-17,174264.52,R2,普通,1
C000153,25-34,苏州,企业职员,10-30万,2020-03-14,76494.28,R3,普通,0
C000154,35-44,南通,个体经营,30-50万,2019-10-11,414166.43,R1,钻石,1
C000155,25-34,南京,公务员,10-30万,2019-11-09,111190.03,R4,普通,1
C000156,45-54,上海,专业技术,50万以上,2024-02-26,1323464.71,R2,普通,0
C000157,25-34,苏州,公务员,30-50万,2020-11-25,174669.38,R3,普通,1
C000158,45-54,上海,专业技术,10万以下,2020-09-11,36402.22,R1,普通,1
C000159,45-54,深圳,其他,10万以下,2023-06-25,15004.06,R5,普通,1
C000160,45-54,无锡,公务员,10-30万,2022-12-14,33946.58,R4,普通,1
C000161,25-34,南京,个体经营,10-30万,2021-06-24,101036.81,R1,银卡,0
C000162,55-64,杭州,专业技术,10-30万,2020-08-08,82232.03,R3,金卡,1
C000163,25-34,苏州,个体经营,10万以下,2019-04-18,19500.28,R4,银卡,1
C000164,18-24,南京,个体经营,10万以下,2020-01-15,6357.59,R1,银卡,1
C000165,35-44,北京,企业职员,10-30万,2018-07-16,78419.32,R3,普通,1
C000166,35-44,苏州,个体经营,10-30万,2023-01-27,110020.95,R4,银卡,1
C000167,55-64,南通,其他,10-30万,2022-01-19,87392.96,R3,银卡,1
C000168,55-64,苏州,其他,50万以上,2022-11-05,1820546.89,R4,银卡,1
C000169,25-34,上海,退休,10万以下,2019-01-19,60191.29,R1,银卡,1
C000170,65+,徐州,企业职员,10-30万,2020-09-24,155349.2,R4,银卡,1
C000171,25-34,常州,企业职员,50万以上,2021-05-10,2505935.84,R5,银卡,1
C000172,35-44,南通,专业技术,10-30万,2020-11-28,208941.66,R1,金卡,1
C000173,25-34,苏州,公务员,10-30万,2022-06-13,72100.53,R2,普通,1
C000174,65+,南京,公务员,10-30万,2019-01-29,149463.03,R3,普通,1
C000175,25-34,杭州,公务员,10万以下,2020-09-17,49342.02,R4,银卡,1
C000176,18-24,北京,公务员,30-50万,2021-05-05,321656.53,R1,银卡,1
C000177,35-44,上海,企业职员,10-30万,2020-03-03,80816.28,R2,银卡,1
C000178,65+,上海,专业技术,10-30万,2019-08-07,156443.51,R4,普通,1
C000179,55-64,常州,个体经营,10-30万,2022-01-13,57207.06,R2,普通,1
C000180,45-54,南通,退休,10-30万,2020-01-03,69650.47,R3,银卡,1
C000181,55-64,上海,公务员,10万以下,2019-08-10,21494.98,R3,普通,1
C000182,55-64,南京,专业技术,30-50万,2020-05-28,501057.9,R5,普通,0
C000183,35-44,无锡,公务员,10-30万,2023-09-18,133880.55,R1,普通,1
C000184,25-34,苏州,其他,10万以下,2023-04-06,50268.71,R5,普通,1
C000185,45-54,无锡,公务员,10-30万,2024-03-24,75683.24,R3,普通,1
C000186,45-54,上海,退休,50万以上,2022-10-02,921021.98,R4,普通,1
C000187,35-44,无锡,退休,10-30万,2023-06-04,155936.32,R1,普通,1
C000188,25-34,上海,公务员,10-30万,2021-01-01,80492.04,R3,钻石,0
C000189,45-54,深圳,企业职员,10-30万,2018-12-09,88742.58,R4,普通,1
C000190,25-34,北京,专业技术,30-50万,2024-01-07,158076.98,R4,钻石,0
C000191,65+,杭州,企业职员,10-30万,2022-09-14,138783.44,R1,普通,1
C000192,25-34,杭州,专业技术,30-50万,2024-02-22,864464.1,R2,银卡,1
C000193,25-34,无锡,退休,10万以下,2023-11-30,17931.39,R1,普通,1
C000194,55-64,上海,专业技术,50万以上,2024-02-12,2500065.46,R1,普通,1
C000195,25-34,徐州,其他,50万以上,2020-10-05,1456106.1,R3,普通,1
C000196,25-34,深圳,个体经营,10-30万,2018-11-13,49639.38,R5,普通,1
C000197,45-54,南通,专业技术,10-30万,2020-01-19,76717.38,R3,钻石,1
C000198,55-64,无锡,其他,10万以下,2020-04-07,18596.32,R1,普通,1
C000199,25-34,杭州,其他,10-30万,2023-06-22,102434.94,R2,普通,1
C000200,25-34,上海,个体经营,10万以下,2019-05-18,37001.35,R2,普通,1
C000201,45-54,南京,个体经营,10万以下,2020-12-04,75615.31,R1,普通,0
C000202,65+,南通,退休,50万以上,2018-08-12,733367.9,R4,金卡,1
C000203,35-44,南通,专业技术,10万以下,2022-01-23,23542.53,R1,银卡,1
C000204,25-34,徐州,个体经营,10-30万,2020-03-11,76669.3,R1,普通,0
C000205,18-24,深圳,退休,10-30万,2021-07-09,63656.54,R3,普通,1
C000206,25-34,南通,退休,10-30万,2021-04-24,125865.72,R1,普通,1
C000207,25-34,北京,个体经营,10-30万,2023-10-11,120088.83,R2,银卡,1
C000208,45-54,苏州,个体经营,10-30万,2021-07-13,48452.82,R3,普通,0
C000209,25-34,南京,退休,10-30万,2023-05-30,121093.99,R1,金卡,1
C000210,35-44,无锡,企业职员,50万以上,2019-12-03,820999.41,R3,金卡,0
C000211,45-54,常州,退休,10-30万,2020-02-23,120711.77,R3,普通,1
C000212,45-54,杭州,个体经营,50万以上,2019-03-10,2829820.71,R3,普通,1
C000213,25-34,徐州,其他,10-30万,2021-08-21,151263.86,R2,金卡,1
C000214,55-64,无锡,专业技术,10-30万,2019-06-02,131138.01,R2,普通,0
C000215,45-54,常州,个体经营,10万以下,2019-01-20,23030.39,R3,普通,1
C000216,45-54,深圳,企业职员,10万以下,2021-06-12,31019.97,R1,普通,1
C000217,25-34,南京,企业职员,30-50万,2018-09-17,530113.78,R1,普通,1
C000218,25-34,南京,专业技术,10-30万,2019-10-04,151346.95,R2,银卡,1
C000219,65+,徐州,公务员,10-30万,2022-09-01,114192.13,R1,金卡,1
C000220,35-44,上海,其他,30-50万,2021-07-18,445925.86,R1,银卡,1
C000221,25-34,无锡,个体经营,10-30万,2023-10-22,62128.87,R5,普通,0
C000222,35-44,南京,其他,30-50万,2022-02-06,277077.2,R2,普通,1
C000223,45-54,常州,个体经营,10-30万,2022-03-30,170932.99,R3,钻石,1
C000224,65+,南京,个体经营,50万以上,2022-08-16,2285264.07,R2,普通,0
C000225,25-34,南京,企业职员,10万以下,2022-04-10,31437.35,R1,普通,1
C000226,65+,苏州,个体经营,10万以下,2024-02-01,62845.56,R3,普通,0
C000227,18-24,南京,退休,10-30万,2021-09-07,154702.12,R3,金卡,1
C000228,35-44,无锡,其他,10万以下,2023-03-16,26699.2,R5,普通,1
C000229,45-54,上海,个体经营,50万以上,2023-01-13,815127.07,R1,钻石,1
C000230,25-34,南京,其他,10-30万,2020-01-07,246375.89,R1,普通,1
C000231,25-34,常州,企业职员,10万以下,2019-01-24,44095.43,R3,普通,0
C000232,35-44,常州,企业职员,10万以下,2023-05-20,73725.82,R2,普通,1
C000233,65+,南京,企业职员,50万以上,2021-01-13,4432167.92,R1,普通,1
C000234,45-54,上海,企业职员,10-30万,2018-12-27,63055.9,R2,钻石,1
C000235,65+,南京,企业职员,30-50万,2020-10-02,210460.43,R1,普通,1
C000236,55-64,北京,企业职员,10万以下,2023-12-11,7167.79,R4,金卡,1
C000237,35-44,徐州,退休,50万以上,2019-10-01,2374165.9,R4,银卡,1
C000238,55-64,苏州,个体经营,10-30万,2024-02-09,166622.89,R3,普通,1
C000239,18-24,北京,退休,10-30万,2020-09-12,126012.52,R2,普通,1
C000240,25-34,无锡,退休,10-30万,2021-07-08,65002.46,R3,金卡,1
C000241,55-64,苏州,退休,10万以下,2021-03-28,28693.78,R3,银卡,1
C000242,55-64,无锡,企业职员,50万以上,2023-01-28,1645127.45,R4,普通,1
C000243,25-34,徐州,企业职员,50万以上,2019-01-29,2218492.57,R3,金卡,1
C000244,35-44,上海,退休,10-30万,2023-10-18,137549.69,R5,普通,1
C000245,45-54,徐州,其他,50万以上,2018-10-08,2090421.57,R2,钻石,1
C000246,55-64,北京,公务员,10万以下,2024-01-21,28194.64,R3,银卡,0
C000247,45-54,深圳,专业技术,10万以下,2022-08-03,54159.77,R4,普通,1
C000248,35-44,南京,企业职员,10万以下,2021-03-28,41143.35,R4,普通,1
C000249,35-44,北京,公务员,10-30万,2021-04-22,66289.08,R5,金卡,1
C000250,35-44,南京,专业技术,10万以下,2022-11-08,60087.84,R2,钻石,1
C000251,45-54,深圳,专业技术,10-30万,2022-09-06,221467.87,R3,普通,1
C000252,55-64,苏州,专业技术,10万以下,2021-01-25,37861.5,R2,普通,1
C000253,35-44,苏州,个体经营,30-50万,2024-04-14,460274.66,R3,普通,1
C000254,25-34,无锡,公务员,30-50万,2023-07-10,916690.89,R1,普通,1
C000255,25-34,南京,退休,10-30万,2022-01-12,53028.81,R2,普通,0
C000256,45-54,杭州,公务员,10万以下,2024-04-08,55802.0,R4,普通,1
C000257,55-64,南京,退休,30-50万,2023-11-23,315248.49,R4,普通,0
C000258,25-34,无锡,个体经营,10万以下,2024-04-02,51872.36,R3,普通,1
C000259,18-24,北京,专业技术,30-50万,2019-06-29,424814.44,R1,金卡,0
C000260,45-54,徐州,其他,10-30万,2023-09-27,64458.96,R2,普通,1
C000261,25-34,南通,个体经营,10-30万,2023-04-22,93618.86,R1,银卡,1
C000262,55-64,深圳,其他,10万以下,2019-08-15,50001.95,R1,普通,1
C000263,25-34,南京,企业职员,30-50万,2021-10-23,360092.38,R4,银卡,0
C000264,25-34,苏州,专业技术,50万以上,2021-09-18,1099353.63,R3,金卡,1
C000265,65+,南京,专业技术,10-30万,2020-06-17,87654.74,R1,普通,1
C000266,25-34,南京,其他,50万以上,2020-08-28,2068014.19,R3,银卡,1
C000267,25-34,南京,公务员,50万以上,2021-12-04,3599455.64,R1,普通,1
C000268,25-34,徐州,专业技术,10万以下,2019-02-23,10285.71,R2,普通,1
C000269,25-34,苏州,专业技术,30-50万,2023-01-16,1622635.2,R2,普通,1
C000270,18-24,徐州,企业职员,10-30万,2023-02-19,132869.16,R1,普通,0
C000271,18-24,上海,其他,10-30万,2021-04-25,160389.27,R3,普通,1
C000272,25-34,无锡,个体经营,10万以下,2019-03-03,24120.61,R3,银卡,1
C000273,18-24,常州,个体经营,50万以上,2019-01-05,1497365.97,R3,普通,0
C000274,45-54,南京,其他,30-50万,2019-12-04,440416.58,R4,金卡,1
C000275,45-54,上海,企业职员,10万以下,2024-05-24,17754.68,R4,普通,0
C000276,35-44,无锡,专业技术,10-30万,2020-01-10,80210.23,R4,普通,1
C000277,25-34,杭州,企业职员,10-30万,2023-06-06,216973.56,R5,普通,1
C000278,35-44,常州,其他,30-50万,2019-03-04,184065.4,R4,银卡,1
C000279,55-64,上海,退休,50万以上,2023-09-25,1870086.45,R4,金卡,1
C000280,55-64,苏州,专业技术,10-30万,2023-08-29,99706.74,R2,银卡,1
C000281,18-24,无锡,个体经营,10-30万,2021-04-24,74227.76,R1,普通,1
C000282,25-34,无锡,其他,10-30万,2021-02-27,321647.96,R3,钻石,1
C000283,25-34,徐州,公务员,10-30万,2022-05-16,74458.39,R4,普通,0
C000284,25-34,常州,退休,10-30万,2021-07-03,68199.74,R4,钻石,0
C000285,35-44,杭州,个体经营,10万以下,2020-02-10,27322.51,R3,普通,1
C000286,35-44,南京,退休,10万以下,2020-06-01,20428.24,R4,普通,1
C000287,18-24,北京,退休,10-30万,2020-02-16,120383.45,R3,普通,0
C000288,35-44,北京,其他,50万以上,2022-12-25,1621196.99,R3,普通,0
C000289,35-44,苏州,专业技术,10-30万,2021-01-17,134938.72,R1,普通,0
C000290,25-34,南京,公务员,10万以下,2023-08-25,28198.03,R2,普通,1
C000291,55-64,南通,其他,30-50万,2022-12-15,281570.74,R1,普通,1
C000292,18-24,南京,专业技术,50万以上,2018-07-21,2069209.46,R1,普通,0
C000293,65+,苏州,退休,10-30万,2024-02-27,113482.13,R3,银卡,1
C000294,25-34,常州,公务员,10万以下,2021-08-11,23415.28,R1,钻石,1
C000295,55-64,徐州,专业技术,10-30万,2021-06-12,251511.47,R4,钻石,1
C000296,55-64,南京,其他,10-30万,2023-01-07,112937.63,R2,普通,1
C000297,65+,北京,个体经营,10-30万,2024-02-11,207158.67,R3,普通,0
C000298,55-64,南京,专业技术,10万以下,2023-08-22,55402.05,R1,银卡,1
C000299,45-54,南京,公务员,10万以下,2020-01-06,57113.12,R4,金卡,1
C000300,45-54,南京,公务员,10-30万,2020-11-03,169536.91,R2,银卡,1
C000301,45-54,北京,退休,30-50万,2021-01-21,399873.32,R3,银卡,1
C000302,25-34,北京,个体经营,10-30万,2023-07-11,116218.37,R3,普通,1
C000303,35-44,南京,公务员,10万以下,2021-02-19,26552.86,R3,金卡,0
C000304,35-44,上海,公务员,10-30万,2023-04-25,40611.2,R3,银卡,1
C000305,55-64,南京,企业职员,30-50万,2022-07-15,572989.82,R3,普通,1
C000306,35-44,南京,个体经营,10万以下,2018-09-06,33900.51,R4,普通,1
C000307,35-44,南京,公务员,10-30万,2021-09-20,181318.27,R2,普通,1
C000308,45-54,杭州,企业职员,10-30万,2024-03-28,113181.3,R4,普通,1
C000309,25-34,无锡,个体经营,10-30万,2020-11-01,167319.36,R2,银卡,0
C000310,25-34,南通,其他,50万以上,2023-04-16,753302.49,R2,银卡,0
C000311,35-44,南京,其他,30-50万,2024-05-20,222924.19,R2,钻石,1
C000312,35-44,北京,专业技术,10-30万,2020-05-16,34791.95,R2,钻石,1
C000313,25-34,深圳,专业技术,10万以下,2020-08-07,28050.96,R2,普通,0
C000314,35-44,苏州,其他,10-30万,2023-02-09,81551.03,R4,普通,1
C000315,35-44,徐州,退休,10万以下,2019-12-14,19096.53,R3,普通,1
C000316,35-44,上海,公务员,10-30万,2023-04-27,141856.78,R5,钻石,1
C000317,35-44,深圳,专业技术,50万以上,2021-05-23,1212532.94,R1,普通,1
C000318,45-54,常州,个体经营,30-50万,2021-01-23,195374.66,R3,普通,1
C000319,25-34,苏州,企业职员,10-30万,2023-09-27,428321.95,R1,银卡,1
C000320,65+,无锡,其他,10-30万,2020-03-22,117799.78,R2,普通,1
C000321,55-64,徐州,专业技术,10万以下,2021-05-19,17454.82,R2,银卡,1
C000322,35-44,常州,退休,10-30万,2021-10-27,85847.63,R3,金卡,1
C000323,35-44,南京,退休,10万以下,2019-12-22,27512.1,R3,银卡,0
C000324,35-44,杭州,企业职员,50万以上,2019-09-17,1374159.3,R2,普通,1
C000325,55-64,杭州,公务员,30-50万,2021-06-11,767045.93,R1,普通,1
C000326,45-54,常州,其他,10万以下,2019-07-04,28831.9,R2,普通,1
C000327,55-64,常州,公务员,10-30万,2024-02-06,303413.28,R2,普通,1
C000328,35-44,常州,公务员,10-30万,2020-08-30,96667.79,R3,普通,1
C000329,45-54,常州,专业技术,30-50万,2022-09-27,495061.78,R3,普通,1
C000330,25-34,南京,公务员,10-30万,2020-12-07,200032.9,R4,普通,0
C000331,45-54,无锡,退休,10万以下,2020-08-26,54531.23,R5,普通,1
C000332,25-34,无锡,退休,10-30万,2019-07-02,231233.46,R2,普通,1
C000333,45-54,深圳,退休,10万以下,2021-01-20,26185.13,R4,普通,1
C000334,55-64,南京,退休,10-30万,2024-04-28,119671.1,R3,普通,1
C000335,25-34,苏州,企业职员,10万以下,2018-07-11,8684.03,R1,银卡,1
C000336,45-54,常州,专业技术,10-30万,2021-05-04,108797.32,R4,普通,0
C000337,25-34,杭州,公务员,30-50万,2023-09-05,690276.08,R3,普通,1
C000338,45-54,常州,企业职员,10万以下,2023-08-22,46975.0,R3,银卡,1
C000339,25-34,苏州,其他,10-30万,2024-03-23,114921.37,R3,银卡,1
C000340,65+,常州,公务员,30-50万,2023-01-30,935456.15,R4,金卡,1
C000341,25-34,苏州,退休,10万以下,2022-10-21,24759.14,R3,银卡,0
C000342,65+,南通,个体经营,10-30万,2018-09-13,83882.9,R4,银卡,1
C000343,55-64,上海,退休,10-30万,2019-07-09,94955.74,R2,金卡,1
C000344,45-54,常州,个体经营,10-30万,2024-05-23,68460.66,R5,金卡,0
C000345,55-64,南通,个体经营,30-50万,2022-05-21,546023.53,R3,金卡,1
C000346,55-64,南京,企业职员,10-30万,2022-07-26,138619.48,R3,银卡,1
C000347,65+,徐州,个体经营,10-30万,2021-09-14,162793.33,R4,金卡,0
C000348,25-34,深圳,退休,10万以下,2023-06-27,24386.06,R1,普通,1
C000349,45-54,常州,退休,10万以下,2022-10-20,29141.43,R2,钻石,1
C000350,25-34,杭州,其他,10万以下,2020-12-24,10094.47,R4,普通,1
C000351,45-54,南通,专业技术,50万以上,2021-04-14,1810454.44,R4,普通,1
C000352,25-34,上海,其他,30-50万,2019-05-01,420264.92,R3,普通,1
C000353,35-44,苏州,专业技术,30-50万,2018-11-04,230719.05,R3,银卡,0
C000354,35-44,深圳,退休,10万以下,2022-01-23,28470.5,R2,普通,1
C000355,35-44,南京,企业职员,10-30万,2019-07-04,105484.82,R3,银卡,0
C000356,35-44,南京,公务员,30-50万,2019-05-17,966441.25,R2,普通,1
C000357,45-54,南京,专业技术,10-30万,2022-05-01,70592.81,R4,普通,1
C000358,55-64,南通,专业技术,10万以下,2021-10-06,35407.03,R3,金卡,1
C000359,35-44,徐州,个体经营,30-50万,2020-08-20,231847.63,R2,普通,1
C000360,45-54,徐州,其他,10万以下,2018-12-10,22697.63,R3,银卡,1
C000361,65+,南京,个体经营,10万以下,2019-10-02,34453.37,R5,金卡,1
C000362,25-34,徐州,企业职员,50万以上,2019-04-25,1349566.75,R3,普通,0
C000363,25-34,南京,专业技术,10-30万,2019-08-21,119641.09,R2,普通,1
C000364,25-34,上海,公务员,10-30万,2023-05-04,141719.93,R3,普通,1
C000365,45-54,苏州,企业职员,10-30万,2023-02-16,93751.43,R2,普通,0
C000366,35-44,无锡,公务员,50万以上,2019-01-31,2333894.6,R2,银卡,1
C000367,45-54,无锡,企业职员,10万以下,2021-09-18,25750.59,R3,普通,1
C000368,45-54,无锡,专业技术,30-50万,2023-04-04,380957.12,R2,普通,1
C000369,35-44,上海,个体经营,10-30万,2022-08-14,143760.31,R3,银卡,0
C000370,55-64,深圳,其他,10万以下,2021-06-18,33605.76,R2,银卡,1
C000371,45-54,常州,企业职员,10-30万,2021-01-25,165605.04,R2,普通,1
C000372,25-34,无锡,个体经营,10-30万,2023-03-27,140607.73,R3,普通,1
C000373,35-44,苏州,其他,10万以下,2022-11-25,37928.88,R3,普通,1
C000374,25-34,徐州,专业技术,10-30万,2022-02-01,101982.93,R1,普通,1
C000375,25-34,无锡,个体经营,10-30万,2023-02-16,70323.51,R2,普通,1
C000376,25-34,上海,专业技术,10-30万,2018-06-24,58772.4,R3,银卡,0
C000377,65+,南通,公务员,30-50万,2024-04-17,173488.18,R4,金卡,0
C000378,35-44,无锡,其他,30-50万,2019-10-22,965675.55,R1,普通,1
C000379,35-44,深圳,专业技术,10-30万,2022-08-26,39690.23,R1,普通,1
C000380,45-54,南京,公务员,10-30万,2021-01-29,217969.14,R5,普通,1
C000381,35-44,上海,企业职员,10-30万,2022-07-24,79603.43,R1,银卡,1
C000382,65+,无锡,专业技术,10-30万,2018-10-12,217176.9,R5,银卡,1
C000383,55-64,南京,其他,10万以下,2018-07-23,9973.46,R4,银卡,1
C000384,35-44,南京,其他,10-30万,2022-04-01,106691.85,R1,普通,0
C000385,35-44,徐州,专业技术,10万以下,2024-03-30,62066.7,R1,普通,1
C000386,65+,南京,其他,10-30万,2023-05-16,171416.54,R5,金卡,1
C000387,45-54,杭州,退休,50万以上,2020-02-07,1267228.68,R2,普通,1
C000388,65+,苏州,个体经营,10-30万,2019-06-04,45422.3,R3,普通,1
C000389,25-34,苏州,其他,10-30万,2024-03-04,61945.04,R2,普通,0
C000390,55-64,徐州,企业职员,10-30万,2024-05-05,240342.57,R3,银卡,1
C000391,45-54,苏州,其他,10-30万,2021-06-16,100823.47,R4,普通,1
C000392,25-34,南京,其他,10-30万,2019-07-27,115767.02,R3,银卡,1
C000393,45-54,无锡,专业技术,10-30万,2019-10-18,138277.05,R1,普通,1
C000394,45-54,常州,其他,30-50万,2024-04-13,208522.11,R3,银卡,1
C000395,18-24,无锡,企业职员,10万以下,2018-06-18,36775.89,R3,银卡,0
C000396,35-44,无锡,企业职员,10-30万,2022-09-14,97288.81,R2,银卡,0
C000397,55-64,徐州,个体经营,10-30万,2023-01-13,138981.82,R3,普通,1
C000398,25-34,杭州,企业职员,30-50万,2022-04-10,299597.25,R3,普通,1
C000399,35-44,无锡,公务员,50万以上,2019-11-11,683114.41,R1,银卡,1
C000400,35-44,杭州,公务员,30-50万,2022-07-01,323040.69,R5,普通,1
C000401,25-34,南京,个体经营,10-30万,2020-07-08,165319.6,R2,普通,1
C000402,55-64,常州,专业技术,10万以下,2022-12-13,36533.42,R2,金卡,1
C000403,55-64,无锡,公务员,10-30万,2023-09-15,121870.28,R1,金卡,0
C000404,25-34,常州,公务员,30-50万,2023-10-07,626739.18,R2,钻石,1
C000405,65+,南京,退休,50万以上,2021-10-08,1354819.32,R2,普通,0
C000406,55-64,南京,公务员,30-50万,2024-05-25,411415.11,R2,普通,0
C000407,25-34,苏州,个体经营,10万以下,2021-01-17,23601.59,R4,普通,1
C000408,55-64,苏州,退休,30-50万,2019-10-01,645337.56,R3,银卡,1
C000409,25-34,无锡,个体经营,30-50万,2021-01-09,462769.38,R1,银卡,0
C000410,65+,无锡,公务员,10-30万,2021-08-30,90832.09,R3,普通,1
C000411,45-54,苏州,退休,10-30万,2023-05-23,56995.76,R3,普通,1
C000412,45-54,徐州,其他,10-30万,2023-06-10,208506.95,R3,金卡,1
C000413,25-34,无锡,其他,10-30万,2023-09-19,82719.82,R5,普通,1
C000414,55-64,南京,个体经营,10万以下,2023-12-03,31100.68,R2,普通,0
C000415,18-24,苏州,企业职员,10万以下,2021-01-09,97270.64,R1,钻石,1
C000416,25-34,南通,个体经营,30-50万,2022-09-27,597180.44,R1,普通,1
C000417,25-34,南通,退休,50万以上,2020-06-05,3356973.76,R2,银卡,1
C000418,45-54,杭州,其他,30-50万,2022-04-13,305638.23,R3,钻石,1
C000419,25-34,苏州,企业职员,10-30万,2022-06-23,204993.84,R1,银卡,0
C000420,55-64,南通,企业职员,10万以下,2021-08-20,30402.71,R3,普通,1
C000421,45-54,常州,公务员,10万以下,2022-03-25,36024.74,R4,银卡,0
C000422,18-24,杭州,企业职员,30-50万,2023-10-22,1098702.7,R4,银卡,1
C000423,18-24,上海,公务员,10-30万,2024-04-05,104393.65,R3,金卡,0
C000424,18-24,南京,个体经营,50万以上,2018-07-07,1514510.58,R3,普通,0
C000425,45-54,深圳,公务员,10-30万,2023-10-08,76392.49,R3,银卡,0
C000426,55-64,苏州,专业技术,10-30万,2022-10-18,187115.49,R3,金卡,0
C000427,25-34,深圳,其他,30-50万,2021-12-21,302218.75,R2,普通,1
C000428,55-64,苏州,专业技术,10万以下,2021-10-04,50026.49,R2,银卡,1
C000429,18-24,常州,专业技术,50万以上,2019-11-25,657381.0,R1,普通,1
C000430,55-64,南通,其他,10-30万,2020-02-23,157876.14,R3,普通,1
C000431,65+,南京,专业技术,10万以下,2020-10-06,21744.28,R2,普通,0
C000432,45-54,上海,其他,10万以下,2022-07-19,43226.61,R1,普通,1
C000433,45-54,南京,其他,30-50万,2018-09-04,397297.34,R2,普通,1
C000434,55-64,南京,企业职员,10-30万,2023-12-02,91819.28,R4,普通,1
C000435,18-24,苏州,其他,30-50万,2022-07-19,329700.52,R2,普通,1
C000436,25-34,深圳,企业职员,30-50万,2022-02-23,261457.15,R2,普通,1
C000437,25-34,深圳,公务员,10-30万,2022-04-23,182433.48,R1,普通,0
C000438,35-44,常州,专业技术,30-50万,2021-01-31,236783.42,R1,银卡,1
C000439,45-54,常州,退休,50万以上,2024-02-09,1312489.6,R3,普通,0
C000440,45-54,南京,其他,10万以下,2019-05-07,35652.43,R1,银卡,1
C000441,55-64,无锡,个体经营,30-50万,2023-06-14,896243.2,R2,银卡,0
C000442,25-34,深圳,公务员,10-30万,2022-03-14,119443.38,R5,银卡,0
C000443,45-54,杭州,个体经营,10-30万,2020-11-30,106296.93,R2,银卡,0
C000444,25-34,上海,个体经营,10-30万,2019-01-22,137594.26,R3,银卡,1
C000445,25-34,苏州,公务员,30-50万,2021-01-21,141844.65,R3,普通,0
C000446,45-54,上海,公务员,10万以下,2021-02-15,16475.5,R1,普通,1
C000447,65+,深圳,退休,10-30万,2022-12-05,99465.27,R2,普通,1
C000448,45-54,深圳,其他,10-30万,2020-02-04,84015.99,R2,钻石,1
C000449,18-24,南通,专业技术,10万以下,2021-01-15,13474.25,R2,金卡,1
C000450,45-54,南京,企业职员,30-50万,2024-03-26,614220.43,R2,银卡,0
C000451,18-24,深圳,退休,50万以上,2021-11-20,1708034.81,R3,银卡,1
C000452,55-64,南通,专业技术,10万以下,2019-01-08,32179.51,R1,普通,1
C000453,45-54,南京,个体经营,10万以下,2019-04-01,21204.25,R1,普通,1
C000454,25-34,南京,企业职员,50万以上,2023-02-17,1560742.38,R3,普通,1
C000455,25-34,南通,退休,10万以下,2019-12-15,38800.07,R2,普通,1
C000456,25-34,杭州,专业技术,10万以下,2022-06-15,26278.45,R3,银卡,0
C000457,65+,深圳,公务员,50万以上,2019-10-31,1873393.0,R1,银卡,1
C000458,35-44,深圳,个体经营,30-50万,2021-04-05,268656.69,R3,普通,1
C000459,55-64,南通,专业技术,10-30万,2022-06-26,125994.01,R4,普通,1
C000460,45-54,深圳,专业技术,10-30万,2018-08-20,212457.27,R3,金卡,1
C000461,35-44,南京,专业技术,50万以上,2022-12-17,2777288.13,R4,银卡,1
C000462,25-34,南京,企业职员,10-30万,2022-05-02,233057.72,R2,银卡,1
C000463,65+,南京,专业技术,10-30万,2018-10-18,138417.7,R1,普通,1
C000464,25-34,上海,企业职员,30-50万,2023-02-01,406373.03,R2,普通,1
C000465,35-44,北京,企业职员,10-30万,2023-03-24,95879.99,R2,普通,0
C000466,45-54,杭州,企业职员,10-30万,2018-08-18,48606.12,R4,普通,1
C000467,45-54,北京,专业技术,10-30万,2021-07-03,61254.78,R2,普通,1
C000468,65+,南通,其他,10-30万,2019-07-19,110328.72,R2,普通,1
C000469,25-34,上海,其他,10-30万,2023-11-18,113675.46,R4,银卡,0
C000470,35-44,苏州,退休,10-30万,2020-06-02,243131.7,R2,普通,1
C000471,35-44,上海,退休,10-30万,2023-10-16,231572.11,R3,普通,0
C000472,35-44,上海,企业职员,30-50万,2021-12-12,283786.3,R2,普通,1
C000473,25-34,无锡,企业职员,10-30万,2023-03-12,180666.83,R5,普通,1
C000474,25-34,南京,公务员,10万以下,2021-11-18,23633.45,R1,银卡,1
C000475,25-34,苏州,个体经营,10万以下,2022-01-21,42203.6,R3,金卡,1
C000476,25-34,北京,个体经营,10万以下,2018-09-09,44889.6,R3,普通,1
C000477,35-44,南通,专业技术,30-50万,2020-06-04,744349.7,R5,普通,1
C000478,45-54,无锡,企业职员,10-30万,2024-01-01,93800.49,R5,普通,1
C000479,45-54,深圳,企业职员,10万以下,2021-06-25,49816.65,R4,银卡,1
C000480,35-44,无锡,其他,30-50万,2019-11-08,156813.55,R1,金卡,1
C000481,35-44,苏州,专业技术,10万以下,2021-06-13,57357.59,R2,普通,1
C000482,25-34,上海,个体经营,10万以下,2020-10-17,29627.09,R4,金卡,1
C000483,45-54,苏州,退休,30-50万,2021-04-29,399255.09,R3,普通,1
C000484,25-34,无锡,退休,10-30万,2018-08-01,43326.89,R4,金卡,1
C000485,18-24,上海,其他,30-50万,2020-06-16,329353.49,R4,银卡,1
C000486,35-44,无锡,专业技术,30-50万,2021-01-19,787768.49,R2,普通,1
C000487,35-44,苏州,专业技术,50万以上,2018-09-27,1211808.85,R1,银卡,1
C000488,25-34,南京,其他,10万以下,2022-09-22,42859.56,R2,普通,1
C000489,35-44,杭州,其他,30-50万,2019-11-15,406971.07,R3,钻石,1
C000490,35-44,常州,退休,30-50万,2019-09-20,680480.47,R3,普通,1
C000491,45-54,杭州,专业技术,10万以下,2022-03-09,33014.53,R1,银卡,1
C000492,45-54,徐州,企业职员,50万以上,2018-06-24,941349.63,R3,普通,1
C000493,45-54,南京,其他,10-30万,2022-08-21,123435.29,R1,普通,1
C000494,25-34,无锡,企业职员,30-50万,2018-12-13,890758.19,R2,银卡,1
C000495,55-64,无锡,企业职员,10-30万,2024-04-20,153901.73,R2,银卡,1
C000496,35-44,上海,个体经营,10-30万,2022-08-22,113212.73,R3,普通,1
C000497,35-44,南通,企业职员,10万以下,2022-07-29,92672.27,R1,金卡,0
C000498,45-54,徐州,企业职员,50万以上,2022-05-01,2678007.26,R3,金卡,1
C000499,35-44,上海,个体经营,10-30万,2021-10-14,180523.09,R4,银卡,1
C000500,35-44,苏州,个体经营,10万以下,2019-11-14,35158.58,R3,普通,1
C000501,45-54,北京,企业职员,10万以下,2021-10-28,43221.34,R5,金卡,1
C000502,55-64,无锡,其他,30-50万,2020-10-23,585713.4,R2,普通,0
C000503,65+,徐州,公务员,10万以下,2023-09-23,10072.31,R1,普通,1
C000504,35-44,南京,公务员,10-30万,2024-05-06,146197.7,R1,钻石,1
C000505,35-44,苏州,退休,10-30万,2022-01-15,110729.34,R3,普通,1
C000506,55-64,上海,退休,10万以下,2023-07-24,23366.64,R1,普通,1
C000507,25-34,苏州,个体经营,10-30万,2023-10-04,108828.48,R5,金卡,0
C000508,55-64,北京,公务员,10万以下,2023-11-25,13780.75,R3,普通,0
C000509,35-44,徐州,其他,50万以上,2022-10-09,608450.36,R4,普通,1
C000510,25-34,徐州,企业职员,30-50万,2023-05-04,745992.66,R2,普通,0
C000511,18-24,无锡,专业技术,10万以下,2023-07-18,37798.76,R3,银卡,1
C000512,55-64,北京,企业职员,10-30万,2022-07-31,35908.92,R2,普通,1
C000513,18-24,深圳,企业职员,10-30万,2022-11-18,89954.09,R3,普通,1
C000514,25-34,苏州,企业职员,50万以上,2018-08-04,2329703.43,R3,金卡,0
C000515,35-44,常州,专业技术,10-30万,2020-07-25,104322.24,R2,银卡,1
C000516,25-34,北京,公务员,10-30万,2020-05-04,223630.3,R4,银卡,0
C000517,25-34,南京,退休,50万以上,2020-04-13,2535373.61,R3,普通,0
C000518,45-54,苏州,其他,10万以下,2024-02-01,15223.52,R3,金卡,1
C000519,18-24,深圳,企业职员,10-30万,2021-06-10,111701.45,R2,普通,0
C000520,55-64,常州,专业技术,10万以下,2020-10-03,23978.38,R1,金卡,1
C000521,55-64,深圳,其他,10-30万,2018-10-05,59911.75,R1,普通,0
C000522,35-44,无锡,企业职员,10-30万,2021-10-14,57994.87,R3,金卡,1
C000523,25-34,常州,个体经营,50万以上,2022-10-07,1002457.35,R1,金卡,1
C000524,45-54,无锡,企业职员,10-30万,2019-11-16,87097.57,R5,普通,0
C000525,25-34,无锡,企业职员,10万以下,2023-04-21,34563.99,R5,普通,1
C000526,35-44,北京,其他,30-50万,2019-02-03,674229.99,R1,普通,0
C000527,65+,上海,公务员,30-50万,2022-04-08,517126.24,R3,普通,1
C000528,65+,深圳,公务员,10-30万,2024-01-09,174631.47,R2,普通,1
C000529,45-54,苏州,其他,30-50万,2022-04-17,350077.88,R2,普通,1
C000530,25-34,深圳,公务员,10万以下,2018-07-07,40556.56,R2,普通,1
C000531,45-54,上海,公务员,10-30万,2021-10-23,111419.71,R4,普通,0
C000532,45-54,南京,其他,10万以下,2024-01-25,24057.85,R4,普通,1
C000533,35-44,无锡,退休,10万以下,2022-03-03,77458.93,R1,银卡,0
C000534,45-54,苏州,专业技术,50万以上,2020-01-02,467772.66,R2,普通,0
C000535,18-24,苏州,其他,30-50万,2024-02-02,156775.12,R2,普通,1
C000536,25-34,北京,公务员,10万以下,2018-12-23,36326.49,R3,普通,0
C000537,35-44,深圳,退休,10万以下,2019-11-18,26277.32,R1,普通,1
C000538,25-34,南京,专业技术,50万以上,2019-11-21,731230.12,R4,普通,0
C000539,25-34,南京,专业技术,10万以下,2019-11-18,17705.79,R5,普通,0
C000540,55-64,苏州,个体经营,10万以下,2023-07-05,18896.84,R2,普通,1
C000541,65+,杭州,企业职员,10万以下,2019-08-03,46869.43,R4,普通,0
C000542,35-44,徐州,专业技术,10万以下,2023-03-01,55003.82,R3,普通,1
C000543,55-64,南通,退休,10-30万,2023-06-28,272400.4,R3,银卡,1
C000544,65+,南通,企业职员,50万以上,2024-03-02,677706.82,R4,金卡,0
C000545,25-34,深圳,企业职员,10-30万,2023-07-21,60577.89,R2,银卡,1
C000546,35-44,苏州,其他,10-30万,2023-08-17,58538.14,R3,普通,1
C000547,35-44,南京,其他,30-50万,2019-02-02,761959.23,R2,普通,1
C000548,25-34,南通,专业技术,10-30万,2024-01-18,147836.06,R3,银卡,1
C000549,45-54,深圳,个体经营,30-50万,2020-07-07,416365.78,R1,普通,1
C000550,35-44,上海,企业职员,10-30万,2024-02-03,134599.82,R2,普通,1
C000551,35-44,北京,其他,10-30万,2018-08-17,116641.21,R2,银卡,1
C000552,25-34,北京,专业技术,10-30万,2021-01-11,68505.96,R2,普通,1
C000553,25-34,南京,企业职员,30-50万,2021-04-25,517004.17,R2,普通,0
C000554,55-64,上海,个体经营,30-50万,2023-12-15,364452.16,R1,银卡,1
C000555,18-24,杭州,其他,30-50万,2019-03-10,219489.37,R4,钻石,0
C000556,25-34,南京,其他,10万以下,2021-11-08,39978.43,R3,金卡,1
C000557,25-34,徐州,专业技术,10-30万,2023-07-28,96989.03,R2,钻石,0
C000558,35-44,苏州,企业职员,30-50万,2020-02-21,448185.09,R4,普通,1
C000559,45-54,杭州,企业职员,10万以下,2018-09-24,28182.69,R4,普通,1
C000560,35-44,苏州,个体经营,30-50万,2024-04-28,624626.54,R1,普通,1
C000561,25-34,无锡,退休,10-30万,2023-03-14,133964.28,R3,普通,0
C000562,25-34,上海,退休,10万以下,2020-07-26,19285.38,R2,银卡,1
C000563,55-64,南通,退休,30-50万,2024-01-16,469874.74,R3,普通,1
C000564,45-54,南京,公务员,10万以下,2019-11-09,35821.27,R3,普通,0
C000565,45-54,苏州,公务员,10-30万,2020-09-27,154958.64,R1,金卡,1
C000566,45-54,北京,公务员,10-30万,2021-03-08,201427.37,R3,普通,1
C000567,45-54,深圳,退休,30-50万,2022-06-10,293968.66,R2,普通,1
C000568,18-24,上海,退休,10-30万,2021-07-20,167579.79,R3,金卡,0
C000569,35-44,南京,企业职员,10-30万,2023-12-02,50657.29,R1,普通,1
C000570,35-44,上海,退休,30-50万,2020-01-06,376708.67,R4,金卡,0
C000571,35-44,徐州,个体经营,10-30万,2020-09-18,104601.91,R3,普通,1
C000572,55-64,无锡,个体经营,50万以上,2021-03-23,3093761.67,R2,普通,1
C000573,35-44,苏州,专业技术,30-50万,2019-09-12,369923.72,R3,普通,1
C000574,45-54,南京,个体经营,10-30万,2021-05-07,162631.37,R1,普通,0
C000575,55-64,南京,其他,50万以上,2021-12-27,621621.31,R3,普通,1
C000576,35-44,徐州,专业技术,10-30万,2019-08-03,100646.34,R3,银卡,0
C000577,55-64,苏州,退休,10万以下,2018-10-14,19648.82,R1,普通,1
C000578,45-54,常州,其他,10万以下,2019-05-16,103435.99,R2,普通,0
C000579,55-64,常州,其他,10-30万,2021-05-03,85978.16,R1,普通,1
C000580,35-44,南通,专业技术,10万以下,2022-03-13,31119.57,R3,银卡,1
C000581,35-44,南通,其他,10-30万,2023-08-18,127840.02,R3,普通,1
C000582,35-44,常州,专业技术,10-30万,2021-11-29,54203.89,R1,普通,1
C000583,25-34,南京,个体经营,10-30万,2019-05-29,92247.39,R1,钻石,0
C000584,35-44,南京,退休,10万以下,2019-08-05,36729.51,R4,金卡,1
C000585,55-64,南通,其他,30-50万,2023-08-23,417517.18,R2,普通,0
C000586,45-54,无锡,公务员,10-30万,2021-02-18,37988.61,R2,普通,1
C000587,25-34,无锡,其他,10万以下,2020-05-20,22594.39,R3,普通,1
C000588,35-44,无锡,个体经营,10-30万,2020-04-12,199917.06,R1,普通,1
C000589,25-34,南京,公务员,10-30万,2019-02-22,161032.02,R5,金卡,0
C000590,18-24,南京,退休,10-30万,2023-12-18,220634.71,R1,普通,0
C000591,65+,徐州,公务员,10-30万,2021-08-13,73307.88,R4,普通,0
C000592,35-44,常州,个体经营,10万以下,2023-11-04,56920.88,R2,普通,1
C000593,25-34,南通,专业技术,30-50万,2020-01-19,391216.66,R1,普通,1
C000594,45-54,南京,个体经营,10-30万,2021-03-19,266028.38,R2,普通,0
C000595,18-24,杭州,企业职员,10万以下,2021-10-23,30049.61,R5,普通,1
C000596,25-34,无锡,企业职员,30-50万,2019-06-25,143699.86,R3,金卡,1
C000597,45-54,徐州,企业职员,10-30万,2019-04-27,183482.45,R1,普通,1
C000598,45-54,常州,专业技术,10-30万,2022-07-05,96133.22,R5,银卡,1
C000599,65+,常州,其他,10-30万,2019-07-03,99422.35,R1,普通,1
C000600,45-54,上海,专业技术,10-30万,2018-08-18,58029.04,R1,金卡,1
C000601,35-44,南京,专业技术,10-30万,2024-02-07,270045.78,R1,普通,1
C000602,45-54,南京,其他,10万以下,2019-11-02,23118.82,R4,普通,1
C000603,55-64,南京,企业职员,10万以下,2023-09-20,65938.02,R1,普通,1
C000604,45-54,深圳,企业职员,50万以上,2019-09-16,1209060.4,R1,银卡,1
C000605,65+,北京,其他,10-30万,2020-04-27,75461.24,R5,普通,1
C000606,55-64,上海,其他,10-30万,2019-05-24,232120.43,R3,银卡,1
C000607,55-64,无锡,专业技术,10万以下,2020-12-15,28919.9,R2,普通,0
C000608,25-34,南京,企业职员,30-50万,2022-11-19,387485.54,R3,银卡,1
C000609,45-54,杭州,公务员,10万以下,2020-03-23,15805.92,R2,钻石,0
C000610,35-44,南京,退休,10万以下,2022-06-05,23864.35,R3,普通,1
C000611,35-44,苏州,公务员,10万以下,2024-03-24,37171.61,R2,银卡,0
C000612,45-54,杭州,专业技术,30-50万,2023-09-14,208903.94,R3,普通,1
C000613,65+,苏州,退休,10-30万,2019-03-05,91647.33,R3,普通,1
C000614,65+,杭州,个体经营,10万以下,2022-02-15,24312.1,R2,普通,1
C000615,25-34,上海,个体经营,10万以下,2023-07-20,31013.35,R1,普通,0
C000616,45-54,杭州,其他,10-30万,2024-03-14,251456.89,R2,银卡,1
C000617,45-54,上海,其他,10-30万,2024-03-02,103287.38,R3,普通,1
C000618,35-44,苏州,个体经营,10-30万,2019-11-21,84965.17,R4,普通,0
C000619,25-34,徐州,公务员,10万以下,2023-08-18,118437.18,R4,普通,1
C000620,18-24,杭州,企业职员,30-50万,2019-08-01,322103.16,R5,银卡,0
C000621,45-54,上海,公务员,50万以上,2021-01-17,1363610.59,R4,钻石,1
C000622,35-44,杭州,专业技术,10-30万,2023-02-17,100340.42,R5,金卡,1
C000623,65+,深圳,其他,10万以下,2018-12-28,26122.91,R3,银卡,1
C000624,35-44,上海,专业技术,10-30万,2021-06-19,124757.17,R2,金卡,1
C000625,65+,北京,其他,10-30万,2022-01-15,190164.59,R3,银卡,1
C000626,35-44,苏州,退休,10万以下,2020-05-14,36715.21,R1,普通,0
C000627,55-64,深圳,企业职员,10-30万,2020-06-14,205622.0,R1,普通,1
C000628,25-34,北京,个体经营,50万以上,2019-12-11,2528128.85,R2,金卡,1
C000629,35-44,南京,专业技术,10-30万,2020-09-18,133188.82,R2,普通,1
C000630,55-64,南通,企业职员,30-50万,2018-07-30,482808.71,R3,普通,1
C000631,65+,常州,企业职员,10-30万,2021-11-28,208900.92,R2,银卡,1
C000632,55-64,杭州,个体经营,10-30万,2023-03-17,68847.01,R1,普通,0
C000633,18-24,南京,其他,10万以下,2023-08-26,104616.68,R4,金卡,0
C000634,35-44,常州,专业技术,10-30万,2022-12-06,92869.86,R3,金卡,1
C000635,18-24,常州,专业技术,10万以下,2019-10-04,25171.56,R2,普通,1
C000636,25-34,无锡,专业技术,10-30万,2019-04-10,65466.68,R2,金卡,1
C000637,45-54,深圳,专业技术,10万以下,2022-08-29,16611.94,R1,普通,1
C000638,45-54,常州,其他,10-30万,2023-10-31,195294.52,R4,金卡,1
C000639,45-54,无锡,公务员,10-30万,2020-01-29,373376.91,R2,普通,0
C000640,55-64,杭州,公务员,10万以下,2019-09-07,22591.58,R5,普通,1
C000641,45-54,南京,公务员,10万以下,2024-01-31,35689.47,R2,普通,1
C000642,55-64,苏州,专业技术,50万以上,2023-08-12,1674556.59,R4,银卡,0
C000643,18-24,苏州,公务员,10万以下,2022-05-25,49467.69,R1,银卡,1
C000644,25-34,北京,其他,10-30万,2021-08-14,363889.04,R3,普通,0
C000645,45-54,北京,退休,10-30万,2023-10-01,256718.06,R2,银卡,1
C000646,55-64,南通,公务员,10-30万,2020-11-06,106501.82,R2,银卡,1
C000647,18-24,苏州,公务员,10-30万,2021-06-04,156315.37,R5,金卡,0
C000648,35-44,常州,个体经营,10万以下,2019-10-16,41067.88,R3,普通,1
C000649,45-54,南通,其他,10-30万,2018-09-04,118800.6,R2,钻石,1
C000650,18-24,南通,其他,10-30万,2023-09-23,69374.8,R3,金卡,1
C000651,35-44,苏州,专业技术,10-30万,2021-09-10,80487.64,R1,金卡,0
C000652,55-64,南京,企业职员,50万以上,2019-06-15,2663234.69,R4,普通,0
C000653,45-54,北京,企业职员,50万以上,2024-05-11,2804202.28,R2,金卡,0
C000654,25-34,徐州,专业技术,10万以下,2019-04-17,27042.61,R1,普通,1
C000655,55-64,南京,专业技术,10-30万,2022-01-10,136731.54,R2,普通,0
C000656,35-44,深圳,个体经营,10万以下,2019-08-21,54588.83,R1,普通,1
C000657,55-64,无锡,其他,10万以下,2020-10-17,12795.11,R5,金卡,1
C000658,25-34,上海,企业职员,10-30万,2018-10-08,95996.86,R2,钻石,1
C000659,45-54,南京,公务员,10-30万,2023-07-06,329121.65,R1,普通,1
C000660,35-44,北京,退休,10-30万,2019-03-01,139371.86,R4,银卡,1
C000661,25-34,南京,公务员,10万以下,2021-01-02,17057.49,R2,普通,0
C000662,55-64,深圳,公务员,10万以下,2019-10-16,31811.84,R1,普通,0
C000663,25-34,上海,退休,50万以上,2019-10-05,2499730.45,R3,银卡,1
C000664,25-34,苏州,其他,50万以上,2020-12-04,419873.69,R1,普通,1
C000665,35-44,南京,公务员,10万以下,2021-09-09,32764.33,R4,银卡,1
C000666,45-54,杭州,个体经营,10-30万,2019-07-19,99612.18,R3,普通,1
C000667,55-64,南京,其他,10-30万,2021-05-14,52799.02,R2,普通,0
C000668,65+,南京,企业职员,10-30万,2018-07-17,125017.71,R2,银卡,1
C000669,25-34,上海,企业职员,10-30万,2020-05-26,112084.34,R2,普通,1
C000670,35-44,南京,公务员,30-50万,2020-07-29,395210.85,R3,金卡,0
C000671,25-34,南通,个体经营,10万以下,2020-11-27,25205.62,R3,银卡,1
C000672,35-44,南通,退休,10-30万,2022-12-15,72011.29,R3,普通,0
C000673,65+,南京,个体经营,50万以上,2019-11-27,724744.35,R2,银卡,1
C000674,45-54,无锡,个体经营,10万以下,2022-12-03,21239.28,R4,普通,1
C000675,45-54,南京,其他,10万以下,2020-09-16,46100.48,R1,银卡,1
C000676,35-44,深圳,公务员,30-50万,2019-08-15,449438.8,R4,普通,1
C000677,55-64,南京,个体经营,30-50万,2021-09-12,386401.85,R1,普通,1
C000678,35-44,上海,公务员,10-30万,2018-06-16,71350.74,R4,普通,1
C000679,25-34,上海,企业职员,30-50万,2023-06-06,331791.61,R3,金卡,1
C000680,35-44,上海,专业技术,10-30万,2023-02-24,173481.42,R1,普通,1
C000681,18-24,苏州,其他,10万以下,2022-08-03,38613.01,R2,钻石,1
C000682,25-34,南京,公务员,10-30万,2018-07-28,94527.64,R4,普通,1
C000683,18-24,常州,企业职员,30-50万,2021-03-14,108393.0,R4,普通,0
C000684,35-44,上海,其他,30-50万,2022-10-19,285442.54,R3,银卡,1
C000685,45-54,上海,企业职员,10万以下,2018-08-07,23567.06,R2,银卡,1
C000686,35-44,南京,企业职员,10万以下,2021-12-05,19061.0,R3,普通,1
C000687,35-44,上海,退休,30-50万,2022-10-23,325341.91,R2,普通,1
C000688,65+,南京,企业职员,10万以下,2018-12-12,45126.63,R3,银卡,1
C000689,45-54,常州,其他,10万以下,2023-06-26,29445.74,R2,银卡,0
C000690,35-44,南通,个体经营,30-50万,2018-08-16,656099.58,R4,银卡,0
C000691,25-34,南京,退休,10-30万,2024-02-21,56447.2,R3,银卡,1
C000692,55-64,深圳,公务员,10-30万,2020-12-31,103023.77,R2,普通,1
C000693,25-34,徐州,公务员,10万以下,2020-11-27,11378.05,R3,普通,0
C000694,35-44,苏州,退休,10万以下,2018-09-10,24237.68,R2,银卡,0
C000695,55-64,南京,专业技术,30-50万,2018-10-25,237136.48,R1,普通,1
C000696,35-44,上海,其他,10-30万,2019-05-05,227720.31,R2,银卡,1
C000697,45-54,杭州,其他,10万以下,2018-11-25,36820.45,R2,普通,0
C000698,45-54,南京,专业技术,10-30万,2019-03-13,199318.99,R2,金卡,0
C000699,45-54,苏州,退休,10万以下,2021-04-29,24204.13,R3,普通,1
C000700,25-34,徐州,其他,10万以下,2019-03-09,18017.41,R3,银卡,1
C000701,25-34,无锡,专业技术,10万以下,2019-10-09,17732.8,R2,普通,1
C000702,35-44,苏州,退休,10-30万,2022-02-02,137031.58,R5,金卡,1
C000703,25-34,无锡,企业职员,10万以下,2019-02-11,74163.95,R4,银卡,0
C000704,55-64,常州,企业职员,10-30万,2024-03-25,147478.57,R1,普通,1
C000705,25-34,南京,个体经营,10-30万,2023-10-18,99495.05,R2,普通,1
C000706,35-44,无锡,企业职员,10-30万,2023-06-04,109191.84,R4,银卡,1
C000707,55-64,南京,个体经营,10万以下,2021-03-12,29534.15,R2,普通,0
C000708,55-64,南京,专业技术,10万以下,2023-12-20,82642.05,R2,银卡,0
C000709,35-44,深圳,个体经营,10万以下,2023-01-23,55589.91,R5,银卡,1
C000710,35-44,南京,其他,10-30万,2022-12-15,136656.6,R3,银卡,0
C000711,65+,南京,其他,30-50万,2022-12-15,422559.61,R4,普通,1
C000712,45-54,北京,退休,10万以下,2024-01-31,34843.76,R4,普通,0
C000713,55-64,深圳,退休,30-50万,2023-01-24,512142.23,R1,普通,1
C000714,55-64,杭州,专业技术,30-50万,2022-09-30,325338.3,R3,普通,1
C000715,55-64,南京,专业技术,10万以下,2019-11-05,19671.24,R4,银卡,1
C000716,25-34,徐州,企业职员,10万以下,2020-11-13,50264.92,R2,普通,1
C000717,35-44,上海,其他,10万以下,2022-07-09,30331.56,R1,普通,1
C000718,25-34,上海,退休,10万以下,2023-07-26,48209.75,R1,普通,1
C000719,45-54,南京,公务员,10-30万,2021-04-28,273300.28,R3,普通,0
C000720,65+,无锡,退休,10万以下,2022-07-07,38919.86,R3,金卡,1
C000721,35-44,苏州,个体经营,30-50万,2020-03-20,478539.51,R4,普通,0
C000722,35-44,徐州,其他,10-30万,2023-01-24,594436.1,R2,普通,1
C000723,18-24,苏州,专业技术,30-50万,2018-05-30,443622.78,R3,普通,1
C000724,65+,常州,退休,30-50万,2023-11-04,231873.31,R1,普通,1
C000725,25-34,徐州,公务员,10-30万,2019-05-22,104259.1,R5,银卡,1
C000726,18-24,杭州,企业职员,50万以上,2020-05-05,3258631.96,R3,金卡,1
C000727,25-34,北京,其他,50万以上,2020-05-12,785355.68,R3,银卡,0
C000728,18-24,上海,专业技术,10-30万,2019-01-14,82373.35,R2,钻石,1
C000729,35-44,南京,专业技术,10万以下,2021-09-11,52164.95,R1,普通,1
C000730,35-44,北京,个体经营,10-30万,2020-02-07,104760.98,R1,普通,0
C000731,25-34,南京,专业技术,10万以下,2021-03-26,28391.07,R4,普通,1
C000732,18-24,南京,个体经营,10-30万,2020-04-17,205239.62,R1,银卡,1
C000733,25-34,无锡,专业技术,10-30万,2021-01-31,83854.33,R4,普通,1
C000734,35-44,上海,专业技术,10-30万,2018-06-30,57580.88,R2,普通,1
C000735,18-24,南京,公务员,30-50万,2022-06-20,199741.01,R3,普通,0
C000736,45-54,苏州,其他,10万以下,2020-01-05,40128.53,R2,金卡,1
C000737,25-34,南京,其他,10-30万,2023-06-01,136600.12,R1,普通,1
C000738,25-34,徐州,退休,10-30万,2024-02-18,84877.45,R3,普通,1
C000739,35-44,上海,企业职员,30-50万,2020-03-06,224094.7,R2,普通,0
C000740,35-44,常州,企业职员,10-30万,2023-02-06,104815.87,R2,普通,0
C000741,18-24,无锡,退休,10万以下,2024-04-27,52428.8,R3,银卡,1
C000742,25-34,杭州,企业职员,10-30万,2020-07-29,79010.66,R2,银卡,1
C000743,55-64,无锡,其他,10万以下,2020-09-23,21538.79,R3,银卡,1
C000744,18-24,无锡,个体经营,30-50万,2020-07-26,220567.5,R3,金卡,1
C000745,35-44,南通,公务员,10-30万,2021-09-06,99861.61,R1,普通,1
C000746,35-44,上海,退休,10-30万,2019-05-27,142100.03,R2,金卡,1
C000747,35-44,上海,退休,10-30万,2024-05-03,345528.91,R1,银卡,1
C000748,35-44,南京,专业技术,30-50万,2023-06-17,446016.21,R1,金卡,1
C000749,55-64,杭州,退休,30-50万,2022-02-23,389407.17,R1,普通,0
C000750,55-64,无锡,专业技术,10-30万,2018-07-04,184741.96,R3,普通,1
C000751,25-34,北京,公务员,30-50万,2020-01-28,566553.96,R1,银卡,1
C000752,35-44,常州,个体经营,10-30万,2021-04-22,89896.71,R4,钻石,0
C000753,25-34,常州,专业技术,30-50万,2018-09-12,1264579.06,R3,金卡,0
C000754,35-44,南京,退休,30-50万,2018-11-15,395152.94,R1,普通,0
C000755,45-54,常州,个体经营,10万以下,2023-10-13,33763.66,R3,普通,1
C000756,25-34,常州,企业职员,10万以下,2021-03-24,39522.56,R1,金卡,1
C000757,35-44,北京,个体经营,10万以下,2018-09-08,35663.71,R1,普通,1
C000758,65+,北京,专业技术,10万以下,2023-04-16,64321.65,R5,普通,1
C000759,18-24,常州,退休,10-30万,2023-06-19,89347.87,R2,钻石,1
C000760,35-44,杭州,退休,10万以下,2022-04-20,44384.42,R1,普通,1
C000761,45-54,杭州,退休,10-30万,2018-07-31,130291.72,R4,普通,1
C000762,25-34,深圳,公务员,10万以下,2023-01-31,49036.21,R4,普通,1
C000763,18-24,无锡,企业职员,10万以下,2020-08-02,26942.49,R3,普通,1
C000764,25-34,南京,公务员,10-30万,2022-10-28,100713.92,R3,普通,1
C000765,55-64,深圳,企业职员,10-30万,2019-12-23,173040.99,R4,金卡,1
C000766,18-24,南通,退休,10-30万,2019-01-20,143522.01,R3,银卡,0
C000767,25-34,常州,公务员,30-50万,2024-03-03,265421.04,R3,普通,0
C000768,18-24,无锡,公务员,50万以上,2022-02-21,2939593.34,R4,银卡,1
C000769,25-34,南京,专业技术,10-30万,2020-12-05,173078.7,R3,普通,1
C000770,45-54,南京,个体经营,10万以下,2023-04-26,28907.33,R2,普通,1
C000771,25-34,苏州,退休,10万以下,2020-08-04,23738.11,R1,普通,0
C000772,35-44,南通,其他,50万以上,2022-03-22,1799539.06,R2,普通,1
C000773,45-54,常州,企业职员,10-30万,2024-03-15,166956.68,R1,普通,0
C000774,55-64,南通,企业职员,30-50万,2020-09-12,180264.82,R1,普通,1
C000775,18-24,南京,退休,10-30万,2024-03-09,144796.92,R2,金卡,0
C000776,55-64,南京,其他,10万以下,2023-03-17,41573.99,R5,银卡,1
C000777,45-54,常州,个体经营,10-30万,2023-06-06,37012.93,R1,普通,1
C000778,25-34,南京,公务员,30-50万,2024-02-09,441226.95,R2,金卡,1
C000779,45-54,北京,公务员,30-50万,2021-12-09,566099.08,R4,普通,0
C000780,55-64,无锡,个体经营,10万以下,2019-03-01,40110.44,R2,普通,1
C000781,25-34,苏州,企业职员,10-30万,2022-07-29,179238.25,R3,普通,1
C000782,55-64,南通,企业职员,10万以下,2022-12-22,25467.78,R3,普通,1
C000783,35-44,徐州,企业职员,50万以上,2019-07-22,891822.54,R3,普通,1
C000784,45-54,南京,退休,10万以下,2018-10-11,12198.65,R1,普通,1
C000785,65+,上海,个体经营,30-50万,2022-08-08,690610.62,R2,普通,1
C000786,35-44,南京,其他,10万以下,2024-02-18,42637.33,R3,普通,1
C000787,55-64,无锡,个体经营,10-30万,2019-11-01,215236.24,R1,普通,1
C000788,25-34,苏州,公务员,10-30万,2020-06-30,83506.22,R1,银卡,0
C000789,55-64,南通,公务员,10-30万,2018-05-29,179362.69,R2,普通,1
C000790,45-54,上海,其他,30-50万,2020-05-29,188693.51,R3,银卡,0
C000791,25-34,杭州,公务员,30-50万,2018-10-25,258971.44,R3,普通,1
C000792,35-44,常州,退休,30-50万,2023-06-23,426005.88,R3,银卡,1
C000793,25-34,南京,其他,10-30万,2023-06-04,167184.09,R3,钻石,1
C000794,18-24,上海,其他,30-50万,2020-05-29,926089.4,R1,普通,0
C000795,18-24,常州,企业职员,10-30万,2019-11-29,106427.04,R4,银卡,1
C000796,35-44,南通,退休,10-30万,2022-01-30,77837.0,R4,银卡,1
C000797,18-24,无锡,退休,10-30万,2021-10-26,75862.11,R2,普通,0
C000798,25-34,无锡,退休,10-30万,2022-02-12,85078.02,R3,普通,0
C000799,45-54,上海,其他,10万以下,2024-02-16,91077.5,R2,普通,0
C000800,45-54,常州,其他,10-30万,2019-02-17,175200.06,R4,银卡,1
C000801,45-54,杭州,其他,10万以下,2018-12-13,52324.43,R2,普通,0
C000802,25-34,上海,退休,10万以下,2018-09-05,26621.11,R2,金卡,0
C000803,55-64,常州,公务员,10万以下,2021-05-18,29975.28,R4,普通,1
C000804,45-54,南京,其他,10万以下,2023-05-23,42556.37,R3,普通,1
C000805,25-34,南京,退休,30-50万,2021-12-24,310618.41,R1,普通,1
C000806,25-34,南京,公务员,10-30万,2020-04-17,103734.82,R3,普通,1
C000807,45-54,苏州,专业技术,10万以下,2023-05-16,21409.72,R4,银卡,1
C000808,25-34,南京,公务员,30-50万,2023-06-26,319807.16,R2,普通,1
C000809,35-44,徐州,其他,50万以上,2018-06-09,1537187.45,R3,普通,1
C000810,65+,苏州,专业技术,30-50万,2024-03-15,265233.21,R3,银卡,0
C000811,18-24,南京,专业技术,30-50万,2020-10-23,461487.07,R3,金卡,1
C000812,18-24,无锡,公务员,50万以上,2023-07-08,1729367.93,R5,金卡,1
C000813,65+,上海,企业职员,10-30万,2024-04-13,109712.95,R3,普通,1
C000814,45-54,苏州,个体经营,50万以上,2020-08-04,991769.24,R3,金卡,0
C000815,25-34,北京,个体经营,50万以上,2023-04-23,1580824.64,R4,普通,1
C000816,55-64,杭州,其他,10-30万,2020-01-15,93227.19,R1,普通,0
C000817,55-64,北京,其他,30-50万,2019-06-13,409428.23,R1,钻石,1
C000818,35-44,徐州,专业技术,30-50万,2021-05-12,692652.4,R5,普通,1
C000819,45-54,杭州,退休,30-50万,2023-05-30,213790.06,R3,普通,1
C000820,25-34,无锡,其他,30-50万,2018-09-07,1185841.25,R2,普通,0
C000821,18-24,上海,退休,10-30万,2022-03-04,115726.53,R1,普通,1
C000822,45-54,苏州,个体经营,10-30万,2019-10-24,147438.54,R1,普通,0
C000823,25-34,南京,公务员,10-30万,2023-04-03,82361.38,R1,银卡,1
C000824,45-54,深圳,公务员,30-50万,2023-06-11,708089.38,R2,普通,1
C000825,55-64,南通,公务员,30-50万,2020-05-09,375647.54,R3,普通,1
C000826,18-24,南京,公务员,30-50万,2023-03-01,328456.82,R1,普通,0
C000827,45-54,南京,退休,30-50万,2021-03-16,299977.37,R3,普通,1
C000828,25-34,常州,其他,50万以上,2020-10-28,1311562.4,R5,普通,1
C000829,55-64,杭州,公务员,10万以下,2023-09-06,36979.77,R5,普通,0
C000830,25-34,北京,个体经营,50万以上,2022-05-29,1635372.25,R4,钻石,1
C000831,45-54,南京,其他,10万以下,2023-04-02,29408.02,R2,银卡,1
C000832,35-44,南京,其他,10-30万,2024-05-30,84081.03,R3,普通,1
C000833,35-44,南京,企业职员,10万以下,2018-09-12,20421.96,R3,普通,1
C000834,45-54,上海,个体经营,10-30万,2024-04-08,95302.36,R1,金卡,1
C000835,45-54,常州,个体经营,10-30万,2019-06-03,151052.82,R4,银卡,1
C000836,35-44,上海,公务员,10万以下,2021-12-16,41776.22,R3,金卡,1
C000837,45-54,南通,其他,10-30万,2022-09-30,178754.59,R3,金卡,1
C000838,65+,南京,退休,30-50万,2021-04-06,399706.73,R2,普通,1
C000839,35-44,苏州,企业职员,10万以下,2018-11-24,36342.15,R1,普通,1
C000840,35-44,苏州,专业技术,10-30万,2020-06-24,110306.89,R4,普通,1
C000841,18-24,上海,专业技术,10万以下,2023-12-06,12554.11,R1,普通,1
C000842,55-64,南通,专业技术,10万以下,2019-10-27,26929.81,R1,金卡,0
C000843,35-44,深圳,退休,10万以下,2019-10-26,24866.81,R3,普通,1
C000844,35-44,南京,个体经营,10-30万,2018-07-31,71376.53,R3,金卡,1
C000845,25-34,北京,退休,30-50万,2023-03-14,301197.88,R1,银卡,1
C000846,55-64,苏州,个体经营,10-30万,2019-05-13,128385.5,R2,银卡,1
C000847,35-44,苏州,其他,30-50万,2022-03-09,226975.29,R4,银卡,0
C000848,45-54,南京,其他,10-30万,2022-04-09,84107.77,R4,普通,1
C000849,25-34,苏州,企业职员,30-50万,2020-08-08,867326.55,R2,银卡,1
C000850,65+,南京,企业职员,50万以上,2021-03-12,673082.04,R4,银卡,0
C000851,25-34,南京,个体经营,10-30万,2023-01-12,109497.38,R2,普通,1
C000852,25-34,南通,企业职员,10万以下,2023-02-11,16744.05,R3,普通,0
C000853,55-64,上海,企业职员,10万以下,2020-07-01,20601.81,R3,普通,1
C000854,55-64,上海,企业职员,10-30万,2018-07-31,108703.41,R4,普通,1
C000855,25-34,杭州,其他,10-30万,2023-01-13,73237.21,R3,金卡,1
C000856,35-44,上海,个体经营,10万以下,2021-03-11,39971.34,R2,普通,1
C000857,45-54,深圳,退休,30-50万,2022-07-27,786065.29,R1,普通,0
C000858,55-64,南京,退休,50万以上,2022-11-29,2284858.68,R4,普通,1
C000859,35-44,深圳,企业职员,10万以下,2019-08-17,50074.1,R1,银卡,1
C000860,35-44,无锡,退休,10万以下,2020-01-21,15049.27,R3,普通,1
C000861,45-54,常州,专业技术,10万以下,2021-07-12,26566.79,R2,普通,1
C000862,45-54,南通,其他,10-30万,2021-06-23,151593.45,R1,银卡,1
C000863,55-64,南京,其他,30-50万,2021-11-08,618353.32,R3,普通,1
C000864,35-44,南京,专业技术,10-30万,2018-05-31,288348.04,R3,普通,1
C000865,25-34,无锡,退休,10万以下,2018-09-19,51198.86,R4,普通,1
C000866,55-64,上海,专业技术,10-30万,2023-12-19,187867.34,R2,银卡,0
C000867,55-64,北京,专业技术,10万以下,2019-07-02,111943.6,R1,普通,1
C000868,55-64,南京,专业技术,10-30万,2022-05-24,125919.94,R1,普通,0
C000869,25-34,苏州,其他,10-30万,2020-06-25,103851.55,R2,银卡,1
C000870,25-34,南通,其他,10-30万,2018-09-28,131127.57,R3,普通,0
C000871,45-54,无锡,公务员,10-30万,2021-11-16,75941.66,R2,普通,0
C000872,18-24,苏州,企业职员,30-50万,2021-08-21,413758.07,R1,普通,1
C000873,65+,无锡,公务员,10万以下,2020-08-23,12651.44,R5,银卡,0
C000874,35-44,上海,个体经营,30-50万,2022-07-16,306956.19,R1,银卡,1
C000875,45-54,南京,公务员,10万以下,2022-10-29,28318.93,R2,金卡,1
C000876,55-64,南京,个体经营,10-30万,2020-10-09,192926.52,R4,普通,1
C000877,35-44,南京,个体经营,30-50万,2023-03-02,697156.43,R3,普通,1
C000878,25-34,常州,其他,10-30万,2020-05-31,74119.84,R2,钻石,1
C000879,45-54,苏州,个体经营,10万以下,2022-11-29,84708.34,R5,普通,1
C000880,45-54,南通,公务员,10-30万,2023-11-09,129240.95,R3,银卡,1
C000881,35-44,北京,个体经营,30-50万,2023-10-22,451008.88,R1,普通,1
C000882,45-54,苏州,企业职员,50万以上,2022-11-08,668057.1,R1,普通,0
C000883,65+,南京,企业职员,10-30万,2023-10-20,88011.11,R5,银卡,1
C000884,35-44,南京,专业技术,10万以下,2022-07-22,50709.3,R2,普通,0
C000885,25-34,深圳,公务员,10-30万,2021-11-24,130631.58,R4,普通,0
C000886,35-44,常州,专业技术,10万以下,2022-12-08,31661.6,R1,普通,0
C000887,35-44,杭州,企业职员,10万以下,2021-03-13,33608.65,R1,普通,1
C000888,25-34,杭州,公务员,10-30万,2022-02-09,58316.76,R4,普通,0
C000889,25-34,深圳,专业技术,30-50万,2023-12-07,381137.53,R5,金卡,1
C000890,45-54,杭州,专业技术,10万以下,2022-05-26,60664.74,R1,普通,1
C000891,35-44,苏州,专业技术,30-50万,2024-05-05,688708.67,R1,普通,0
C000892,65+,南通,专业技术,30-50万,2020-01-04,375727.76,R3,钻石,0
C000893,25-34,深圳,公务员,30-50万,2021-09-30,874191.0,R3,普通,1
C000894,25-34,徐州,个体经营,10万以下,2020-10-22,15984.96,R2,普通,1
C000895,45-54,上海,个体经营,10-30万,2023-07-23,73820.98,R1,普通,1
C000896,55-64,北京,个体经营,10万以下,2021-10-30,76173.11,R5,银卡,1
C000897,25-34,徐州,退休,10万以下,2019-07-17,40052.21,R1,普通,1
C000898,25-34,上海,企业职员,10-30万,2023-03-18,103860.44,R2,普通,1
C000899,25-34,南通,专业技术,10-30万,2018-06-28,116726.37,R2,普通,1
C000900,35-44,苏州,退休,10万以下,2021-11-18,20043.04,R1,普通,1
C000901,35-44,苏州,个体经营,10万以下,2023-08-05,34449.47,R3,普通,1
C000902,25-34,徐州,个体经营,50万以上,2023-04-30,1655593.13,R2,普通,1
C000903,18-24,深圳,退休,30-50万,2021-08-19,403996.78,R3,普通,1
C000904,35-44,北京,专业技术,10-30万,2018-09-06,67195.99,R2,普通,0
C000905,65+,南京,专业技术,50万以上,2021-07-28,1712309.7,R1,普通,1
C000906,45-54,杭州,个体经营,10万以下,2023-05-15,23021.8,R4,普通,0
C000907,35-44,南京,企业职员,10-30万,2022-01-29,73295.79,R3,普通,1
C000908,25-34,南通,企业职员,30-50万,2019-03-30,753580.46,R2,银卡,1
C000909,25-34,北京,个体经营,10-30万,2018-06-27,355083.3,R1,银卡,1
C000910,25-34,深圳,退休,10万以下,2020-09-15,79242.08,R3,普通,1
C000911,45-54,南通,公务员,10-30万,2019-03-14,166093.87,R4,普通,0
C000912,55-64,徐州,个体经营,10-30万,2019-07-14,105077.61,R3,普通,1
C000913,55-64,无锡,公务员,10-30万,2021-11-10,115852.05,R4,金卡,1
C000914,65+,上海,公务员,10-30万,2019-01-24,146979.46,R1,金卡,0
C000915,65+,苏州,其他,10-30万,2023-12-18,97258.06,R5,普通,1
C000916,65+,南京,其他,10万以下,2019-07-29,58009.25,R2,金卡,1
C000917,18-24,杭州,其他,10-30万,2020-11-30,43363.93,R2,普通,1
C000918,25-34,南京,其他,10万以下,2020-11-12,25876.48,R3,银卡,0
C000919,25-34,徐州,个体经营,30-50万,2018-10-13,597049.66,R1,银卡,0
C000920,35-44,无锡,退休,30-50万,2022-10-22,262141.58,R2,普通,0
C000921,25-34,南京,公务员,10-30万,2023-03-24,106422.53,R1,银卡,1
C000922,55-64,南京,专业技术,30-50万,2020-06-09,538230.15,R3,普通,1
C000923,45-54,南京,公务员,10万以下,2019-12-13,64092.79,R3,金卡,1
C000924,35-44,南京,专业技术,10-30万,2024-05-21,62835.65,R3,普通,0
C000925,25-34,徐州,个体经营,10-30万,2021-05-28,60549.09,R2,普通,1
C000926,25-34,南通,个体经营,10-30万,2022-02-21,74774.48,R2,普通,1
C000927,25-34,无锡,企业职员,30-50万,2019-06-25,185433.55,R4,普通,1
C000928,55-64,杭州,公务员,50万以上,2019-04-01,720561.78,R3,普通,0
C000929,45-54,上海,个体经营,10-30万,2023-07-31,73785.42,R3,普通,1
C000930,45-54,上海,专业技术,10-30万,2020-12-01,222346.84,R1,普通,1
C000931,25-34,南通,其他,10-30万,2020-01-25,102663.16,R2,银卡,0
C000932,35-44,上海,退休,10万以下,2022-11-05,30474.34,R2,普通,1
C000933,35-44,苏州,专业技术,10万以下,2018-10-16,18605.65,R3,普通,1
C000934,45-54,苏州,个体经营,50万以上,2019-01-16,2059027.22,R4,普通,1
C000935,45-54,苏州,个体经营,30-50万,2023-05-19,1021826.06,R5,普通,1
C000936,25-34,上海,其他,50万以上,2024-04-28,962376.21,R2,普通,1
C000937,65+,无锡,其他,10万以下,2020-12-07,71063.34,R2,普通,1
C000938,25-34,深圳,个体经营,10万以下,2019-02-05,35996.06,R3,普通,0
C000939,55-64,南京,专业技术,10-30万,2020-04-21,121016.09,R2,普通,1
C000940,25-34,无锡,个体经营,50万以上,2019-11-04,1832217.58,R3,普通,1
C000941,25-34,南京,专业技术,10万以下,2020-01-30,36468.93,R3,金卡,1
C000942,55-64,杭州,个体经营,10万以下,2023-07-14,75925.27,R2,银卡,1
C000943,25-34,常州,其他,10万以下,2024-01-04,38912.2,R2,钻石,0
C000944,35-44,徐州,退休,30-50万,2024-01-14,524275.93,R2,银卡,0
C000945,35-44,南通,公务员,30-50万,2018-06-28,323990.64,R3,普通,0
C000946,25-34,南京,企业职员,10-30万,2018-09-08,182551.13,R2,银卡,1
C000947,45-54,上海,其他,10万以下,2019-05-24,18592.79,R2,金卡,1
C000948,55-64,杭州,个体经营,30-50万,2024-01-05,422405.83,R1,金卡,1
C000949,55-64,南通,企业职员,10-30万,2019-01-23,507315.71,R4,普通,1
C000950,35-44,苏州,退休,10万以下,2018-07-20,8577.16,R4,普通,1
C000951,35-44,上海,个体经营,10万以下,2019-09-09,33709.2,R4,银卡,1
C000952,25-34,上海,专业技术,10-30万,2021-11-18,137455.91,R4,普通,0
C000953,25-34,北京,专业技术,10-30万,2023-11-09,107066.19,R1,普通,0
C000954,25-34,南京,公务员,50万以上,2022-04-15,1354192.69,R1,普通,0
C000955,65+,北京,专业技术,10-30万,2023-03-10,125611.85,R3,普通,1
C000956,55-64,北京,专业技术,10-30万,2020-07-01,105793.61,R3,普通,1
C000957,45-54,苏州,专业技术,10-30万,2019-02-05,134086.03,R3,金卡,1
C000958,35-44,上海,其他,10-30万,2021-06-05,94036.82,R2,银卡,1
C000959,35-44,苏州,个体经营,10万以下,2024-02-16,82466.64,R5,银卡,1
C000960,35-44,苏州,专业技术,10-30万,2022-01-24,105793.05,R2,银卡,1
C000961,35-44,徐州,退休,10万以下,2019-08-07,39885.11,R3,普通,1
C000962,35-44,南京,退休,10-30万,2020-07-23,85881.95,R4,普通,1
C000963,25-34,南京,其他,30-50万,2024-03-03,637807.21,R3,银卡,1
C000964,25-34,徐州,公务员,10-30万,2022-04-22,173161.66,R3,普通,1
C000965,65+,深圳,其他,10-30万,2022-04-18,147986.62,R3,普通,1
C000966,35-44,南京,个体经营,10万以下,2024-03-17,17948.92,R4,银卡,0
C000967,65+,南京,公务员,10-30万,2022-04-23,82375.68,R4,银卡,1
C000968,25-34,南京,公务员,10-30万,2019-06-13,278823.3,R2,普通,1
C000969,35-44,南京,个体经营,50万以上,2023-08-19,1024012.01,R2,银卡,1
C000970,25-34,北京,其他,10-30万,2021-04-25,165329.89,R4,银卡,1
C000971,25-34,常州,企业职员,30-50万,2020-06-17,249417.67,R3,金卡,1
C000972,18-24,上海,公务员,10-30万,2020-04-12,198677.59,R3,银卡,1
C000973,25-34,无锡,退休,30-50万,2022-06-06,283798.89,R2,普通,0
C000974,55-64,深圳,其他,10万以下,2020-12-13,18533.94,R2,银卡,0
C000975,35-44,常州,企业职员,10万以下,2020-01-23,21010.58,R2,钻石,1
C000976,45-54,北京,个体经营,10万以下,2020-09-18,22743.88,R5,普通,1
C000977,35-44,徐州,个体经营,10万以下,2019-05-15,36727.8,R2,银卡,0
C000978,35-44,深圳,个体经营,50万以上,2023-02-05,1552950.95,R2,普通,1
C000979,35-44,常州,退休,30-50万,2023-10-07,231339.54,R1,普通,1
C000980,25-34,北京,专业技术,10-30万,2018-10-14,118334.84,R3,普通,0
C000981,65+,苏州,企业职员,10-30万,2019-12-29,67744.35,R2,普通,1
C000982,55-64,徐州,公务员,10-30万,2021-09-20,165549.53,R3,普通,0
C000983,45-54,徐州,退休,10-30万,2020-12-23,181443.3,R1,银卡,0
C000984,35-44,常州,公务员,30-50万,2018-11-15,395239.09,R2,普通,0
C000985,25-34,常州,个体经营,10-30万,2019-03-12,137458.0,R1,金卡,1
C000986,65+,南京,个体经营,30-50万,2019-07-22,960569.75,R1,普通,1
C000987,35-44,北京,个体经营,10万以下,2020-11-09,27726.7,R4,银卡,1
C000988,18-24,无锡,退休,50万以上,2020-01-29,935509.6,R4,普通,1
C000989,35-44,南京,公务员,10万以下,2020-12-02,40076.7,R3,银卡,1
C000990,55-64,上海,退休,10-30万,2021-08-23,68112.78,R4,金卡,1
C000991,45-54,上海,退休,30-50万,2020-05-10,360027.37,R1,银卡,1
C000992,45-54,南京,其他,10万以下,2024-04-12,22235.77,R4,普通,1
C000993,55-64,苏州,个体经营,10万以下,2019-06-09,21121.42,R2,普通,0
C000994,25-34,南通,企业职员,10-30万,2022-07-08,105894.99,R3,钻石,0
C000995,65+,杭州,退休,10-30万,2021-02-17,188187.24,R3,普通,1
C000996,35-44,苏州,退休,50万以上,2020-05-30,2607259.06,R2,普通,1
C000997,45-54,苏州,企业职员,30-50万,2022-06-10,635598.76,R2,普通,1
C000998,18-24,上海,公务员,10-30万,2022-06-04,141977.53,R1,银卡,1
C000999,65+,南京,个体经营,50万以上,2023-05-08,1318647.81,R2,金卡,1
C001000,25-34,北京,专业技术,10-30万,2023-10-26,36913.57,R3,银卡,1
C001001,18-24,杭州,专业技术,30-50万,2019-02-08,480724.84,R5,普通,1
C001002,35-44,北京,公务员,10万以下,2021-04-18,9597.78,R1,银卡,1
C001003,25-34,苏州,公务员,10-30万,2020-04-28,45869.85,R3,金卡,1
C001004,25-34,南京,其他,10万以下,2023-06-27,27670.41,R3,银卡,0
C001005,45-54,南通,退休,10万以下,2019-04-12,34243.13,R1,普通,0
C001006,35-44,南京,专业技术,30-50万,2022-07-28,319233.27,R2,钻石,1
C001007,65+,苏州,公务员,10万以下,2021-08-23,64648.37,R2,钻石,1
C001008,25-34,无锡,个体经营,10-30万,2021-05-23,151190.79,R3,银卡,0
C001009,45-54,常州,其他,10-30万,2019-12-08,105930.98,R2,普通,1
C001010,35-44,苏州,公务员,10万以下,2023-09-19,60000.47,R1,金卡,1
C001011,45-54,苏州,公务员,10-30万,2018-12-14,262446.81,R2,银卡,1
C001012,45-54,苏州,个体经营,10-30万,2023-09-27,155053.64,R4,普通,0
C001013,35-44,上海,公务员,30-50万,2020-07-29,271465.68,R4,钻石,0
C001014,65+,苏州,企业职员,10万以下,2023-02-24,22784.08,R1,银卡,1
C001015,35-44,上海,其他,50万以上,2018-11-08,727672.46,R3,银卡,1
C001016,25-34,上海,退休,30-50万,2020-11-07,391605.95,R4,普通,1
C001017,45-54,上海,个体经营,10-30万,2018-09-21,70985.17,R1,普通,1
C001018,55-64,北京,专业技术,10-30万,2018-10-17,101794.33,R1,普通,1
C001019,18-24,深圳,个体经营,30-50万,2022-10-21,455668.1,R1,普通,1
C001020,35-44,南京,企业职员,30-50万,2022-12-23,148355.32,R1,普通,1
C001021,55-64,苏州,退休,10-30万,2023-09-27,63791.57,R4,银卡,0
C001022,45-54,上海,企业职员,50万以上,2020-01-30,1164208.06,R4,普通,1
C001023,65+,上海,专业技术,50万以上,2024-04-07,1461117.31,R3,普通,1
C001024,35-44,南京,公务员,10-30万,2023-04-11,93742.0,R2,普通,0
C001025,45-54,深圳,个体经营,30-50万,2018-12-10,349395.87,R4,银卡,1
C001026,25-34,杭州,个体经营,10-30万,2020-08-02,84301.37,R1,银卡,1
C001027,65+,北京,个体经营,30-50万,2021-09-13,193787.97,R1,普通,1
C001028,35-44,南京,公务员,30-50万,2023-08-03,306154.28,R1,普通,0
C001029,45-54,常州,企业职员,10万以下,2019-04-29,26966.98,R4,普通,1
C001030,35-44,无锡,企业职员,10万以下,2019-04-29,25687.44,R3,银卡,1
C001031,35-44,无锡,退休,10-30万,2024-02-20,126898.77,R3,银卡,1
C001032,45-54,苏州,企业职员,50万以上,2019-12-11,1849494.56,R3,银卡,1
C001033,35-44,南京,专业技术,10-30万,2022-06-08,168739.29,R1,金卡,1
C001034,55-64,北京,公务员,30-50万,2020-04-25,291397.74,R2,银卡,1
C001035,35-44,常州,退休,10-30万,2022-08-22,54575.95,R4,普通,1
C001036,45-54,南通,专业技术,10万以下,2024-04-29,56655.87,R4,普通,1
C001037,35-44,苏州,公务员,50万以上,2019-11-16,1818820.23,R3,普通,1
C001038,35-44,北京,退休,10-30万,2019-05-18,74452.44,R1,普通,1
C001039,35-44,北京,专业技术,10-30万,2020-04-18,137874.56,R5,普通,0
C001040,25-34,上海,公务员,10万以下,2023-07-05,51172.11,R2,普通,1
C001041,25-34,苏州,其他,10万以下,2021-09-14,71220.85,R2,普通,0
C001042,45-54,苏州,个体经营,10万以下,2021-03-15,34004.83,R1,普通,1
C001043,45-54,南通,企业职员,10-30万,2019-08-21,203838.31,R1,金卡,1
C001044,45-54,杭州,专业技术,10-30万,2019-09-27,65541.97,R3,普通,1
C001045,18-24,深圳,个体经营,10-30万,2019-01-25,117865.05,R3,普通,1
C001046,35-44,南京,个体经营,10万以下,2020-08-11,25373.14,R2,普通,1
C001047,25-34,苏州,个体经营,10万以下,2018-10-03,35604.87,R1,普通,0
C001048,45-54,无锡,其他,10-30万,2019-06-26,268563.86,R3,钻石,1
C001049,55-64,无锡,个体经营,50万以上,2023-03-18,1699628.68,R2,普通,1
C001050,25-34,徐州,退休,10-30万,2020-02-23,75086.92,R2,金卡,1
C001051,45-54,南通,其他,10万以下,2023-11-26,15950.31,R2,金卡,1
C001052,25-34,北京,专业技术,10-30万,2019-11-11,273248.54,R4,银卡,1
C001053,25-34,苏州,其他,50万以上,2023-01-30,1939367.36,R5,普通,1
C001054,25-34,无锡,个体经营,30-50万,2022-08-13,500448.76,R2,普通,1
C001055,25-34,南通,公务员,30-50万,2020-12-16,336836.91,R3,普通,1
C001056,45-54,杭州,个体经营,50万以上,2022-02-17,1714970.71,R4,银卡,1
C001057,55-64,杭州,企业职员,10-30万,2020-07-07,73259.78,R1,钻石,1
C001058,25-34,杭州,公务员,50万以上,2021-05-24,1820414.62,R4,银卡,1
C001059,35-44,常州,公务员,10万以下,2020-08-01,16672.53,R3,普通,1
C001060,45-54,苏州,企业职员,30-50万,2020-11-19,334226.97,R3,普通,0
C001061,65+,上海,企业职员,30-50万,2023-03-05,290039.75,R3,普通,1
C001062,45-54,深圳,其他,50万以上,2020-04-01,294281.43,R2,钻石,1
C001063,25-34,苏州,其他,10-30万,2018-08-22,100897.73,R4,普通,1
C001064,45-54,南京,其他,30-50万,2021-01-25,255195.86,R3,普通,1
C001065,35-44,南京,企业职员,10万以下,2020-10-04,27004.47,R1,普通,1
C001066,65+,徐州,其他,10-30万,2020-02-19,120103.41,R3,普通,1
C001067,35-44,南通,个体经营,10-30万,2023-11-27,290457.63,R5,普通,1
C001068,45-54,南京,个体经营,10-30万,2023-07-05,139748.76,R4,普通,1
C001069,18-24,南京,公务员,10-30万,2021-01-20,141818.5,R3,普通,0
C001070,35-44,徐州,其他,10-30万,2022-01-14,153745.5,R1,普通,1
C001071,55-64,无锡,其他,10万以下,2020-03-31,46390.82,R2,普通,1
C001072,45-54,苏州,退休,10-30万,2018-11-30,150600.63,R1,普通,1
C001073,35-44,南通,企业职员,10-30万,2019-09-14,138151.13,R4,银卡,0
C001074,65+,南京,个体经营,10-30万,2023-02-09,171248.41,R3,银卡,1
C001075,55-64,南京,公务员,30-50万,2022-07-26,118883.89,R4,银卡,1
C001076,35-44,苏州,其他,10万以下,2023-07-20,85261.51,R1,普通,1
C001077,35-44,苏州,专业技术,30-50万,2023-10-30,885656.76,R5,银卡,0
C001078,35-44,南京,其他,10-30万,2019-12-06,133761.67,R5,普通,1
C001079,45-54,南京,其他,10万以下,2020-03-31,14800.99,R3,普通,1
C001080,35-44,南京,专业技术,10-30万,2023-03-31,219788.77,R4,银卡,1
C001081,25-34,上海,公务员,10-30万,2020-03-03,84821.88,R2,普通,0
C001082,55-64,杭州,退休,10-30万,2021-08-29,156712.4,R2,普通,0
C001083,65+,南京,退休,10万以下,2019-02-20,15795.81,R1,普通,1
C001084,55-64,徐州,退休,10万以下,2020-02-16,91322.83,R1,金卡,1
C001085,65+,苏州,其他,10万以下,2022-10-14,14586.39,R1,金卡,1
C001086,45-54,北京,专业技术,10万以下,2021-06-30,31052.84,R3,普通,1
C001087,45-54,苏州,退休,10万以下,2023-01-04,10382.31,R2,普通,1
C001088,45-54,南京,个体经营,30-50万,2018-12-26,391839.89,R1,普通,1
C001089,35-44,无锡,个体经营,10-30万,2021-04-26,97013.4,R1,普通,1
C001090,35-44,南京,企业职员,10-30万,2019-02-16,211893.43,R3,普通,1
C001091,25-34,南京,公务员,10-30万,2021-05-03,97008.83,R5,普通,1
C001092,45-54,苏州,其他,10-30万,2021-05-21,212046.06,R2,银卡,1
C001093,25-34,徐州,公务员,10万以下,2023-04-21,17977.79,R3,钻石,0
C001094,25-34,南京,企业职员,10万以下,2018-08-18,26055.18,R5,普通,1
C001095,45-54,苏州,退休,10万以下,2020-05-13,26317.69,R3,普通,1
C001096,35-44,杭州,企业职员,10-30万,2022-08-29,153743.54,R3,银卡,1
C001097,25-34,苏州,个体经营,10-30万,2019-05-11,144268.91,R3,普通,1
C001098,55-64,南京,个体经营,10-30万,2023-01-03,172191.0,R5,普通,1
C001099,55-64,常州,个体经营,10-30万,2023-10-31,137126.94,R2,普通,1
C001100,25-34,南京,个体经营,50万以上,2020-05-18,2087824.31,R4,普通,1
C001101,18-24,杭州,企业职员,10-30万,2019-11-28,76597.14,R2,普通,1
C001102,35-44,苏州,公务员,10-30万,2020-12-18,145749.75,R1,普通,0
C001103,55-64,南京,专业技术,10-30万,2020-02-13,268162.92,R3,银卡,1
C001104,55-64,杭州,企业职员,30-50万,2022-11-26,172684.83,R4,普通,1
C001105,25-34,杭州,公务员,30-50万,2022-09-29,510795.1,R4,金卡,0
C001106,45-54,上海,其他,30-50万,2022-03-07,561074.92,R4,普通,1
C001107,25-34,苏州,专业技术,10万以下,2023-03-02,62289.36,R3,普通,1
C001108,35-44,常州,专业技术,10-30万,2023-01-05,172520.35,R3,普通,1
C001109,65+,深圳,专业技术,30-50万,2024-02-17,420574.87,R5,金卡,1
C001110,25-34,常州,其他,10-30万,2022-12-27,148788.87,R2,普通,0
C001111,25-34,深圳,企业职员,50万以上,2021-02-12,1038675.34,R1,普通,0
C001112,35-44,上海,其他,10-30万,2022-03-15,98840.53,R2,普通,0
C001113,45-54,杭州,个体经营,10-30万,2021-10-30,61537.1,R3,钻石,1
C001114,65+,南京,个体经营,10-30万,2018-11-06,252397.82,R3,钻石,1
C001115,65+,北京,公务员,10-30万,2024-05-17,150290.55,R4,银卡,1
C001116,18-24,杭州,个体经营,30-50万,2019-05-22,253004.76,R1,普通,1
C001117,25-34,上海,专业技术,10万以下,2024-03-20,34359.41,R4,普通,0
C001118,55-64,深圳,公务员,10-30万,2021-04-30,214254.72,R3,普通,1
C001119,25-34,上海,个体经营,10-30万,2023-08-19,197134.83,R5,普通,1
C001120,55-64,南通,其他,30-50万,2021-07-15,251550.87,R2,金卡,1
C001121,45-54,徐州,退休,10-30万,2019-01-10,25042.45,R3,银卡,0
C001122,25-34,杭州,专业技术,50万以上,2024-03-23,1827882.42,R3,普通,1
C001123,55-64,上海,公务员,30-50万,2021-05-13,256731.23,R3,银卡,1
C001124,25-34,南通,其他,10-30万,2021-08-18,163801.53,R1,普通,1
C001125,35-44,南通,其他,30-50万,2021-09-12,643292.64,R1,普通,1
C001126,35-44,北京,其他,50万以上,2020-08-28,2617662.29,R1,普通,1
C001127,35-44,南京,退休,10万以下,2022-06-14,71777.25,R3,普通,1
C001128,45-54,上海,公务员,10-30万,2019-09-23,222665.4,R3,普通,1
C001129,45-54,南通,个体经营,10万以下,2022-12-25,71950.03,R3,普通,1
C001130,65+,杭州,其他,10-30万,2022-04-09,239133.49,R3,金卡,1
C001131,65+,南京,企业职员,10万以下,2021-08-05,62446.25,R1,金卡,1
C001132,35-44,常州,退休,30-50万,2018-11-17,391909.32,R1,普通,0
C001133,25-34,南京,专业技术,10-30万,2021-03-15,62980.71,R3,银卡,1
C001134,45-54,徐州,个体经营,10-30万,2019-05-10,415144.59,R4,普通,1
C001135,65+,上海,企业职员,10万以下,2023-07-29,30959.31,R3,普通,1
C001136,25-34,徐州,其他,10-30万,2023-12-03,221815.46,R3,普通,1
C001137,35-44,南通,公务员,10-30万,2021-05-24,91136.13,R5,普通,1
C001138,35-44,苏州,专业技术,10-30万,2018-12-23,194309.64,R5,普通,1
C001139,18-24,徐州,专业技术,10-30万,2023-01-03,35339.81,R3,银卡,1
C001140,45-54,北京,个体经营,10万以下,2023-01-27,24434.0,R2,银卡,0
C001141,35-44,上海,企业职员,10-30万,2023-07-11,114238.25,R1,普通,1
C001142,55-64,南京,企业职员,50万以上,2018-11-08,1890364.17,R3,普通,0
C001143,55-64,常州,专业技术,10万以下,2023-11-11,51275.33,R2,银卡,0
C001144,55-64,上海,退休,10-30万,2020-08-13,69437.03,R1,金卡,1
C001145,35-44,常州,公务员,10万以下,2022-02-15,41728.38,R2,普通,1
C001146,35-44,南通,退休,30-50万,2021-12-07,738630.68,R5,普通,0
C001147,45-54,北京,退休,10万以下,2020-02-19,96945.91,R1,金卡,1
C001148,55-64,北京,公务员,10-30万,2021-10-14,170853.38,R4,普通,1
C001149,35-44,南京,个体经营,10-30万,2024-04-11,95367.59,R4,银卡,1
C001150,55-64,常州,个体经营,10万以下,2021-01-09,15884.04,R3,普通,0
C001151,25-34,徐州,专业技术,10-30万,2024-04-05,299493.55,R1,金卡,1
C001152,55-64,杭州,企业职员,10-30万,2019-05-02,173497.42,R4,金卡,1
C001153,25-34,苏州,其他,10-30万,2018-09-20,118688.68,R3,普通,1
C001154,25-34,南京,专业技术,50万以上,2019-05-17,667347.73,R2,普通,1
C001155,35-44,南通,退休,10-30万,2021-12-03,75331.6,R3,普通,0
C001156,18-24,常州,专业技术,50万以上,2021-12-01,2056746.27,R1,普通,1
C001157,18-24,苏州,个体经营,10-30万,2020-11-21,143223.77,R3,普通,0
C001158,18-24,深圳,其他,10万以下,2019-04-21,11336.55,R4,普通,1
C001159,35-44,苏州,公务员,10万以下,2019-11-17,41161.51,R3,普通,1
C001160,45-54,南京,企业职员,10-30万,2021-07-28,54777.17,R5,金卡,0
C001161,18-24,南京,专业技术,10-30万,2019-07-12,236156.87,R2,普通,1
C001162,45-54,南京,企业职员,30-50万,2021-11-25,443963.57,R4,普通,1
C001163,55-64,南京,退休,10-30万,2019-10-12,95181.06,R3,银卡,1
C001164,25-34,无锡,企业职员,10-30万,2022-12-13,196874.98,R1,银卡,1
C001165,25-34,南京,公务员,10-30万,2021-09-07,143199.88,R4,普通,1
C001166,55-64,南通,其他,10-30万,2019-06-06,232747.82,R4,普通,1
C001167,55-64,无锡,公务员,10-30万,2022-12-06,124927.0,R2,普通,1
C001168,35-44,南通,专业技术,10万以下,2020-09-05,32156.26,R4,金卡,1
C001169,55-64,深圳,其他,10万以下,2022-09-23,26012.37,R2,普通,0
C001170,25-34,深圳,公务员,10-30万,2021-10-26,136862.3,R1,普通,0
C001171,35-44,无锡,公务员,10万以下,2022-06-18,70117.53,R2,金卡,1
C001172,45-54,无锡,企业职员,10-30万,2020-06-04,93327.02,R3,普通,0
C001173,25-34,上海,退休,10万以下,2019-11-13,41478.49,R1,金卡,1
C001174,45-54,无锡,企业职员,10万以下,2019-03-25,19316.81,R1,银卡,0
C001175,35-44,上海,其他,50万以上,2022-04-10,533710.91,R5,普通,1
C001176,45-54,南通,退休,50万以上,2023-03-23,1663950.31,R3,金卡,1
C001177,35-44,南京,公务员,10-30万,2018-10-22,144415.48,R4,普通,0
C001178,35-44,无锡,个体经营,10-30万,2022-01-19,113575.31,R2,金卡,0
C001179,25-34,杭州,专业技术,30-50万,2020-06-26,189326.32,R1,普通,1
C001180,25-34,南通,退休,10万以下,2022-02-15,34930.06,R4,普通,1
C001181,45-54,上海,个体经营,10-30万,2019-05-23,137091.5,R2,普通,0
C001182,25-34,上海,公务员,10万以下,2023-12-16,19236.45,R2,普通,1
C001183,25-34,常州,企业职员,10-30万,2024-03-05,60992.2,R5,普通,0
C001184,25-34,苏州,个体经营,50万以上,2022-05-28,1322165.79,R2,普通,0
C001185,25-34,南通,个体经营,30-50万,2021-12-01,554423.69,R2,普通,1
C001186,55-64,南京,专业技术,50万以上,2019-10-30,1847424.44,R3,普通,1
C001187,35-44,南通,其他,30-50万,2021-08-01,257506.78,R1,普通,1
C001188,65+,南京,公务员,10-30万,2022-11-21,128503.26,R3,银卡,0
C001189,25-34,北京,公务员,30-50万,2023-12-17,623299.88,R2,银卡,0
C001190,45-54,上海,公务员,10-30万,2019-07-13,66763.66,R1,银卡,1
C001191,35-44,南京,企业职员,10-30万,2021-05-08,123849.79,R2,银卡,0
C001192,35-44,上海,企业职员,10万以下,2018-08-30,58616.6,R2,普通,0
C001193,55-64,上海,退休,10-30万,2022-06-03,63435.63,R3,普通,0
C001194,65+,上海,退休,10万以下,2023-01-25,53461.43,R5,银卡,1
C001195,55-64,苏州,退休,10-30万,2022-10-12,269639.39,R3,普通,0
C001196,25-34,常州,专业技术,10万以下,2021-12-12,26845.4,R2,银卡,1
C001197,25-34,南通,退休,10-30万,2023-07-26,101087.6,R5,普通,1
C001198,45-54,无锡,个体经营,10万以下,2023-08-17,50286.9,R4,普通,1
C001199,25-34,南通,其他,10万以下,2019-08-22,27334.02,R1,普通,1
C001200,45-54,苏州,专业技术,10-30万,2020-03-31,37000.39,R1,银卡,1
C001201,35-44,北京,企业职员,10万以下,2021-05-24,28554.09,R2,金卡,1
C001202,35-44,深圳,公务员,50万以上,2021-07-06,1897746.43,R1,普通,1
C001203,55-64,苏州,专业技术,10-30万,2021-06-03,173735.44,R3,银卡,1
C001204,45-54,苏州,退休,10-30万,2020-11-13,77260.06,R2,银卡,0
C001205,18-24,南京,企业职员,10万以下,2022-09-11,26214.08,R5,金卡,1
C001206,18-24,杭州,退休,30-50万,2019-09-22,651917.6,R2,银卡,1
C001207,45-54,南京,其他,10-30万,2024-05-14,116453.54,R2,普通,0
C001208,35-44,杭州,公务员,10-30万,2019-09-28,55875.32,R5,普通,0
C001209,25-34,杭州,专业技术,10万以下,2019-08-22,55702.02,R3,金卡,1
C001210,35-44,苏州,其他,30-50万,2021-04-22,359390.32,R1,普通,1
C001211,45-54,上海,公务员,50万以上,2022-08-21,2588489.49,R1,普通,0
C001212,55-64,无锡,个体经营,10-30万,2019-02-06,59725.76,R3,银卡,0
C001213,35-44,苏州,个体经营,10万以下,2019-06-27,28239.0,R3,普通,1
C001214,35-44,北京,个体经营,10万以下,2018-10-20,38708.74,R3,银卡,1
C001215,25-34,无锡,公务员,10万以下,2024-04-26,28720.9,R4,普通,1
C001216,35-44,南京,专业技术,30-50万,2020-08-13,221397.88,R3,金卡,1
C001217,25-34,徐州,公务员,50万以上,2024-05-16,454782.25,R4,银卡,1
C001218,35-44,徐州,退休,50万以上,2024-03-08,3212654.92,R3,普通,1
C001219,45-54,徐州,退休,30-50万,2024-01-15,452815.0,R3,钻石,1
C001220,18-24,无锡,企业职员,10万以下,2019-09-28,53763.67,R1,普通,1
C001221,18-24,上海,其他,50万以上,2020-01-14,2386432.7,R3,银卡,1
C001222,25-34,苏州,公务员,10-30万,2019-01-16,161727.88,R2,普通,1
C001223,55-64,常州,专业技术,10-30万,2020-08-04,102188.9,R3,普通,0
C001224,45-54,南京,其他,10-30万,2021-01-23,153296.69,R2,银卡,1
C001225,25-34,徐州,退休,10万以下,2023-04-28,61403.44,R3,银卡,1
C001226,55-64,杭州,其他,30-50万,2020-03-13,416951.54,R2,金卡,0
C001227,35-44,南京,专业技术,50万以上,2018-12-05,3881864.7,R3,银卡,1
C001228,35-44,南京,退休,30-50万,2022-04-09,189001.25,R2,普通,1
C001229,65+,上海,个体经营,30-50万,2020-03-21,179111.81,R4,金卡,0
C001230,18-24,苏州,公务员,10-30万,2021-05-23,196670.42,R2,金卡,1
C001231,25-34,苏州,公务员,10万以下,2021-04-10,19922.03,R3,钻石,1
C001232,45-54,南通,专业技术,30-50万,2019-08-11,1111130.24,R3,金卡,1
C001233,25-34,常州,企业职员,10-30万,2022-08-30,234196.95,R2,银卡,1
C001234,45-54,南京,个体经营,50万以上,2019-02-20,3317630.63,R4,银卡,0
C001235,25-34,上海,个体经营,10万以下,2018-06-25,46684.66,R4,银卡,1
C001236,25-34,南京,企业职员,10-30万,2023-09-21,75694.08,R3,普通,1
C001237,25-34,杭州,其他,10-30万,2021-05-03,52343.14,R5,银卡,1
C001238,35-44,上海,企业职员,10-30万,2024-04-24,253443.03,R2,普通,1
C001239,25-34,南京,公务员,30-50万,2022-05-18,188987.42,R4,普通,1
C001240,25-34,上海,其他,50万以上,2022-03-02,3313178.34,R4,普通,1
C001241,55-64,徐州,企业职员,10万以下,2020-06-01,41930.13,R3,普通,0
C001242,35-44,深圳,企业职员,10-30万,2022-01-22,115510.96,R4,银卡,1
C001243,35-44,上海,其他,10万以下,2022-03-26,37420.6,R3,普通,1
C001244,18-24,无锡,公务员,10万以下,2019-10-04,37858.02,R3,普通,1
C001245,35-44,徐州,其他,10-30万,2019-11-06,108449.71,R3,普通,1
C001246,25-34,徐州,企业职员,10-30万,2024-05-13,244774.01,R2,银卡,1
C001247,45-54,上海,企业职员,10-30万,2022-05-21,240613.56,R3,普通,0
C001248,25-34,常州,专业技术,10-30万,2019-10-25,129712.62,R2,普通,1
C001249,55-64,杭州,其他,10-30万,2023-10-18,88898.44,R3,普通,0
C001250,65+,苏州,退休,30-50万,2021-03-09,768500.77,R3,钻石,1
C001251,25-34,深圳,专业技术,10万以下,2021-06-14,10912.59,R2,普通,0
C001252,25-34,苏州,公务员,10-30万,2020-03-18,149820.52,R1,金卡,1
C001253,25-34,南京,企业职员,30-50万,2020-05-05,578970.83,R2,普通,0
C001254,45-54,南京,退休,30-50万,2021-05-07,264353.87,R3,普通,0
C001255,25-34,北京,企业职员,30-50万,2021-12-04,650900.83,R2,金卡,0
C001256,55-64,杭州,公务员,10万以下,2019-08-27,29606.81,R1,银卡,0
C001257,45-54,无锡,个体经营,10-30万,2022-02-11,91344.83,R2,普通,1
C001258,55-64,北京,个体经营,50万以上,2021-10-13,2428021.62,R2,普通,1
C001259,35-44,苏州,其他,10-30万,2021-11-21,69731.32,R2,普通,0
C001260,65+,苏州,公务员,10-30万,2022-05-02,185320.81,R2,普通,0
C001261,18-24,南京,专业技术,50万以上,2020-08-15,556711.57,R3,普通,1
C001262,35-44,无锡,个体经营,10万以下,2020-07-31,34606.78,R3,普通,1
C001263,35-44,常州,公务员,30-50万,2018-12-31,408865.61,R5,普通,1
C001264,65+,南京,其他,30-50万,2021-09-27,305398.25,R1,普通,1
C001265,35-44,南京,退休,10万以下,2019-11-02,36452.49,R2,金卡,1
C001266,55-64,无锡,退休,30-50万,2022-08-03,384398.39,R1,普通,0
C001267,25-34,苏州,个体经营,10-30万,2018-08-13,203331.89,R3,普通,1
C001268,65+,南通,公务员,30-50万,2018-11-30,529291.88,R1,普通,1
C001269,35-44,常州,专业技术,50万以上,2020-11-08,1881016.32,R2,钻石,1
C001270,35-44,南京,其他,30-50万,2020-01-22,462846.35,R3,普通,1
C001271,65+,南京,公务员,10万以下,2020-12-03,23691.45,R2,普通,0
C001272,35-44,徐州,退休,30-50万,2023-03-25,343972.86,R3,金卡,1
C001273,35-44,上海,其他,50万以上,2018-09-30,1698207.07,R3,普通,0
C001274,45-54,常州,个体经营,10-30万,2019-12-16,110036.49,R4,普通,1
C001275,25-34,南通,企业职员,10-30万,2021-11-20,209184.82,R2,银卡,0
C001276,35-44,深圳,其他,10万以下,2022-11-23,31435.02,R2,普通,1
C001277,25-34,上海,企业职员,30-50万,2020-05-21,482725.35,R3,普通,1
C001278,25-34,苏州,退休,10万以下,2021-10-26,14877.58,R1,普通,0
C001279,55-64,杭州,个体经营,10-30万,2019-06-05,192309.66,R1,钻石,1
C001280,45-54,南通,退休,50万以上,2023-02-08,1121736.93,R2,钻石,1
C001281,35-44,常州,退休,50万以上,2021-04-12,890598.4,R2,银卡,0
C001282,35-44,上海,公务员,50万以上,2023-09-25,3416300.06,R1,普通,1
C001283,35-44,无锡,企业职员,10-30万,2020-02-13,170085.71,R3,普通,1
C001284,45-54,北京,企业职员,10万以下,2022-01-05,48898.43,R4,金卡,1
C001285,65+,南京,公务员,10-30万,2023-04-03,150616.95,R1,银卡,0
C001286,65+,无锡,其他,10万以下,2021-01-26,28634.78,R3,普通,1
C001287,35-44,南京,企业职员,30-50万,2020-12-22,347812.15,R5,钻石,1
C001288,35-44,上海,退休,10-30万,2022-08-06,177158.86,R2,金卡,0
C001289,35-44,苏州,个体经营,10-30万,2018-10-04,211399.83,R3,普通,1
C001290,35-44,无锡,退休,10万以下,2023-12-18,28994.48,R1,银卡,1
C001291,35-44,北京,专业技术,10-30万,2022-05-31,338242.53,R5,金卡,1
C001292,45-54,南京,退休,30-50万,2022-11-29,362420.55,R1,普通,1
C001293,35-44,南京,退休,30-50万,2018-11-03,199230.08,R2,金卡,1
C001294,35-44,南通,其他,10万以下,2022-12-08,12685.2,R5,普通,1
C001295,35-44,无锡,退休,10万以下,2023-02-02,12901.06,R3,普通,1
C001296,35-44,南京,个体经营,10-30万,2020-11-09,97571.54,R2,金卡,0
C001297,25-34,苏州,其他,10万以下,2022-11-05,26714.02,R4,金卡,0
C001298,25-34,苏州,个体经营,50万以上,2022-09-19,2110162.43,R4,普通,1
C001299,45-54,苏州,专业技术,10-30万,2022-12-09,118295.74,R3,金卡,1
C001300,35-44,上海,公务员,10万以下,2021-03-14,45735.87,R1,银卡,1
C001301,25-34,苏州,退休,30-50万,2019-11-27,409080.09,R2,金卡,1
C001302,35-44,常州,企业职员,10-30万,2021-08-01,120814.03,R5,普通,1
C001303,45-54,苏州,其他,10万以下,2019-01-21,22475.82,R1,钻石,0
C001304,25-34,深圳,个体经营,10-30万,2022-10-24,244395.05,R2,银卡,0
C001305,55-64,上海,其他,10万以下,2019-04-30,13949.66,R1,银卡,0
C001306,65+,无锡,个体经营,10-30万,2019-12-14,139511.48,R1,普通,0
C001307,45-54,上海,企业职员,30-50万,2023-12-22,365270.92,R3,普通,1
C001308,45-54,苏州,企业职员,50万以上,2020-05-24,2217415.67,R2,普通,0
C001309,18-24,南京,其他,10-30万,2018-06-09,118756.72,R1,普通,1
C001310,65+,无锡,专业技术,10-30万,2020-04-26,120519.74,R1,金卡,1
C001311,35-44,南通,企业职员,10万以下,2022-11-11,26255.55,R1,普通,1
C001312,65+,苏州,个体经营,10-30万,2021-10-21,240836.9,R1,普通,1
C001313,35-44,无锡,专业技术,10万以下,2019-03-07,30036.11,R1,普通,1
C001314,18-24,上海,个体经营,10-30万,2022-07-05,321281.39,R3,银卡,0
C001315,18-24,北京,企业职员,10万以下,2021-07-20,34374.7,R1,普通,1
C001316,45-54,北京,专业技术,50万以上,2020-11-09,1516408.98,R2,银卡,0
C001317,35-44,南通,公务员,30-50万,2019-06-06,371965.48,R3,普通,1
C001318,18-24,徐州,公务员,10-30万,2018-08-22,159113.09,R3,普通,1
C001319,45-54,常州,退休,30-50万,2020-03-03,298051.97,R3,普通,1
C001320,55-64,无锡,退休,10万以下,2021-10-20,32267.76,R5,普通,1
C001321,35-44,上海,企业职员,30-50万,2021-12-11,401630.72,R2,银卡,1
C001322,35-44,南京,专业技术,10万以下,2020-05-29,35297.82,R1,银卡,1
C001323,18-24,北京,公务员,10万以下,2023-12-21,35737.93,R1,普通,0
C001324,55-64,苏州,个体经营,10-30万,2021-10-01,146714.6,R1,银卡,1
C001325,35-44,南京,退休,10-30万,2022-04-10,125831.55,R5,钻石,0
C001326,55-64,苏州,个体经营,10-30万,2018-10-19,262949.89,R3,银卡,1
C001327,35-44,杭州,专业技术,10-30万,2019-04-07,148231.63,R4,银卡,1
C001328,35-44,苏州,企业职员,10万以下,2022-10-27,110408.88,R5,普通,0
C001329,25-34,南通,个体经营,10万以下,2020-06-20,30757.17,R4,普通,1
C001330,25-34,苏州,退休,10-30万,2021-08-27,193823.58,R2,普通,1
C001331,45-54,徐州,专业技术,10-30万,2019-05-31,83468.32,R4,普通,1
C001332,35-44,南通,其他,10万以下,2021-06-10,60436.43,R2,普通,1
C001333,35-44,深圳,退休,10-30万,2020-07-20,84381.63,R1,普通,1
C001334,65+,苏州,企业职员,10-30万,2020-01-10,150721.05,R3,普通,1
C001335,65+,苏州,企业职员,10-30万,2019-06-16,105138.46,R4,普通,0
C001336,55-64,南京,公务员,30-50万,2020-01-27,501432.22,R4,银卡,1
C001337,25-34,常州,退休,10-30万,2022-08-18,106707.73,R2,普通,1
C001338,45-54,杭州,其他,10-30万,2019-12-18,80871.81,R4,普通,1
C001339,55-64,南京,退休,10-30万,2022-07-05,104762.47,R2,普通,0
C001340,35-44,深圳,退休,10-30万,2020-01-01,259376.79,R3,普通,0
C001341,25-34,南京,退休,10万以下,2018-09-12,37895.62,R2,普通,1
C001342,55-64,杭州,公务员,10万以下,2021-08-02,15748.93,R1,普通,1
C001343,35-44,上海,退休,30-50万,2019-01-15,691702.46,R2,普通,0
C001344,35-44,北京,专业技术,10万以下,2023-06-24,19210.18,R4,普通,1
C001345,65+,常州,企业职员,10-30万,2021-11-08,174020.2,R5,银卡,0
C001346,45-54,上海,其他,10-30万,2019-03-05,158233.9,R2,普通,0
C001347,35-44,南京,退休,10-30万,2020-01-06,163309.47,R1,钻石,1
C001348,35-44,无锡,公务员,30-50万,2022-06-17,1010357.12,R1,普通,1
C001349,35-44,上海,公务员,10-30万,2021-05-26,79294.7,R3,普通,1
C001350,25-34,南京,退休,10万以下,2023-10-02,40714.93,R3,普通,1
C001351,55-64,上海,公务员,30-50万,2019-07-02,750889.76,R3,金卡,0
C001352,55-64,苏州,退休,10-30万,2023-08-22,86992.41,R1,普通,1
C001353,25-34,苏州,个体经营,10-30万,2021-01-06,82650.01,R1,普通,1
C001354,25-34,徐州,企业职员,30-50万,2021-06-08,346495.83,R4,普通,0
C001355,55-64,南京,退休,10-30万,2020-09-10,141154.96,R3,金卡,1
C001356,18-24,徐州,其他,10-30万,2021-11-06,59278.91,R2,普通,1
C001357,35-44,北京,公务员,50万以上,2023-11-25,1976180.82,R2,普通,1
C001358,35-44,南京,其他,10-30万,2020-06-02,59340.88,R2,普通,1
C001359,45-54,苏州,退休,10-30万,2019-01-10,229099.67,R1,银卡,1
C001360,25-34,南京,退休,10万以下,2020-09-23,38786.83,R1,普通,1
C001361,45-54,常州,个体经营,10万以下,2024-02-25,78082.61,R3,普通,1
C001362,35-44,上海,专业技术,10-30万,2023-10-08,167650.86,R2,普通,1
C001363,45-54,北京,公务员,10-30万,2022-10-05,103039.41,R2,普通,0
C001364,18-24,无锡,专业技术,10-30万,2022-08-18,80491.63,R3,普通,0
C001365,35-44,南京,其他,30-50万,2023-09-05,450748.74,R2,金卡,1
C001366,35-44,南京,专业技术,10万以下,2019-01-07,29549.66,R2,普通,1
C001367,25-34,苏州,其他,30-50万,2019-12-22,723813.72,R4,普通,1
C001368,25-34,常州,企业职员,30-50万,2019-10-19,251427.62,R2,普通,1
C001369,25-34,北京,专业技术,30-50万,2018-08-12,1098735.82,R4,普通,0
C001370,35-44,南京,公务员,30-50万,2019-03-04,756613.85,R2,银卡,1
C001371,25-34,上海,专业技术,30-50万,2023-05-21,361297.87,R1,银卡,0
C001372,65+,常州,企业职员,10万以下,2024-04-13,73707.74,R1,银卡,1
C001373,35-44,杭州,个体经营,10-30万,2020-01-09,81119.85,R3,钻石,1
C001374,55-64,杭州,个体经营,50万以上,2018-12-03,1662396.11,R2,普通,0
C001375,65+,杭州,专业技术,10-30万,2020-03-11,63386.84,R3,银卡,1
C001376,25-34,无锡,退休,10万以下,2019-03-25,75526.38,R1,金卡,0
C001377,45-54,苏州,专业技术,50万以上,2020-10-01,658211.94,R3,普通,1
C001378,55-64,南京,其他,10万以下,2021-09-09,14599.34,R1,银卡,1
C001379,45-54,苏州,公务员,10-30万,2023-08-19,87368.53,R2,普通,1
C001380,35-44,徐州,个体经营,10万以下,2020-05-11,58111.25,R3,普通,1
C001381,35-44,深圳,个体经营,10-30万,2022-08-28,193429.71,R1,普通,1
C001382,18-24,南通,专业技术,10-30万,2022-10-11,127551.1,R2,普通,1
C001383,35-44,无锡,其他,10-30万,2019-02-21,199727.68,R3,银卡,1
C001384,65+,苏州,专业技术,50万以上,2020-06-13,1415889.91,R3,普通,1
C001385,65+,徐州,其他,10-30万,2021-09-26,148221.26,R3,普通,1
C001386,18-24,南京,个体经营,10-30万,2019-08-09,274062.12,R1,银卡,1
C001387,45-54,南京,专业技术,30-50万,2020-01-01,353596.03,R1,普通,1
C001388,25-34,南京,退休,30-50万,2021-07-03,272674.35,R2,普通,0
C001389,55-64,杭州,企业职员,10万以下,2018-07-12,37954.32,R2,金卡,1
C001390,18-24,无锡,企业职员,10万以下,2024-03-30,43438.0,R2,钻石,1
C001391,65+,深圳,个体经营,10-30万,2021-06-12,126813.26,R2,普通,0
C001392,55-64,常州,企业职员,30-50万,2021-11-28,660604.42,R2,钻石,1
C001393,25-34,上海,个体经营,10-30万,2023-09-05,108512.15,R3,钻石,0
C001394,18-24,杭州,个体经营,10万以下,2020-01-19,31975.51,R1,普通,1
C001395,55-64,北京,专业技术,30-50万,2023-10-24,482389.55,R2,金卡,1
C001396,25-34,南京,其他,10-30万,2020-03-05,138541.82,R2,银卡,1
C001397,35-44,南京,专业技术,10-30万,2019-11-15,268843.0,R2,金卡,1
C001398,55-64,南京,其他,30-50万,2021-06-27,481180.6,R4,普通,1
C001399,35-44,无锡,专业技术,30-50万,2022-12-11,343612.13,R2,银卡,1
C001400,35-44,南京,专业技术,10-30万,2018-06-24,156253.95,R1,普通,1
C001401,35-44,徐州,其他,10-30万,2020-03-02,198724.05,R4,银卡,0
C001402,18-24,无锡,专业技术,10-30万,2023-09-17,176727.58,R2,普通,1
C001403,65+,深圳,其他,10-30万,2019-12-24,171897.01,R1,银卡,0
C001404,25-34,杭州,专业技术,10-30万,2023-06-18,56739.28,R3,金卡,1
C001405,25-34,上海,个体经营,30-50万,2020-08-30,115031.76,R3,普通,0
C001406,25-34,上海,个体经营,10-30万,2022-11-10,227039.5,R5,普通,1
C001407,65+,南京,专业技术,10-30万,2020-08-04,149443.81,R4,普通,0
C001408,25-34,南京,公务员,10万以下,2019-07-30,29678.08,R3,普通,0
C001409,55-64,无锡,退休,30-50万,2019-09-11,566015.27,R1,钻石,0
C001410,45-54,北京,企业职员,10-30万,2019-10-27,314551.15,R3,银卡,0
C001411,55-64,南京,退休,10-30万,2020-02-27,243290.77,R1,银卡,0
C001412,65+,无锡,企业职员,10-30万,2019-10-05,194144.36,R3,银卡,1
C001413,55-64,杭州,企业职员,10万以下,2018-12-24,19256.23,R4,普通,0
C001414,65+,苏州,其他,50万以上,2019-02-12,1027439.42,R1,普通,1
C001415,25-34,北京,退休,30-50万,2019-10-07,121299.44,R4,普通,0
C001416,55-64,北京,退休,10-30万,2021-09-30,164720.23,R3,普通,1
C001417,35-44,南京,其他,10-30万,2022-08-25,208889.49,R1,银卡,1
C001418,35-44,徐州,退休,30-50万,2022-07-01,725276.94,R4,金卡,1
C001419,55-64,南京,企业职员,10-30万,2020-09-21,168208.95,R3,普通,1
C001420,65+,无锡,其他,50万以上,2020-10-19,1388788.35,R2,普通,1
C001421,45-54,北京,公务员,10万以下,2021-11-04,22625.07,R3,普通,1
C001422,35-44,南京,专业技术,10万以下,2021-12-12,19856.17,R1,银卡,1
C001423,35-44,北京,其他,10-30万,2020-01-18,110584.43,R1,银卡,1
C001424,35-44,深圳,退休,10万以下,2021-04-05,18398.78,R3,普通,1
C001425,35-44,上海,企业职员,10-30万,2024-04-20,288723.3,R4,银卡,1
C001426,35-44,苏州,退休,30-50万,2023-07-28,208570.85,R3,银卡,1
C001427,25-34,苏州,退休,10万以下,2022-06-03,27185.15,R4,普通,1
C001428,18-24,无锡,企业职员,10-30万,2022-01-10,45576.06,R4,银卡,1
C001429,45-54,南京,其他,10-30万,2020-01-02,139180.16,R1,普通,1
C001430,35-44,南京,公务员,30-50万,2021-07-27,399523.54,R3,金卡,0
C001431,65+,南京,企业职员,10-30万,2021-11-05,100393.41,R3,金卡,0
C001432,45-54,徐州,专业技术,10万以下,2023-11-21,18817.85,R2,普通,1
C001433,18-24,南京,退休,10-30万,2024-01-18,120147.8,R2,普通,0
C001434,25-34,苏州,企业职员,10-30万,2018-06-05,91401.45,R3,金卡,1
C001435,25-34,上海,企业职员,30-50万,2019-03-25,373542.06,R5,普通,1
C001436,65+,南京,专业技术,10-30万,2024-03-09,319324.15,R5,普通,1
C001437,25-34,苏州,企业职员,10万以下,2021-09-06,32697.09,R2,普通,1
C001438,35-44,南京,退休,30-50万,2018-11-17,522120.37,R4,普通,0
C001439,65+,南京,公务员,10-30万,2020-02-16,95131.42,R2,金卡,0
C001440,65+,苏州,其他,10万以下,2023-12-07,20266.71,R4,普通,1
C001441,25-34,南京,退休,10-30万,2021-10-30,118630.41,R3,银卡,1
C001442,18-24,常州,公务员,50万以上,2019-03-29,5245801.86,R5,银卡,1
C001443,25-34,南京,退休,30-50万,2022-08-12,346454.22,R5,银卡,0
C001444,18-24,苏州,公务员,10万以下,2021-02-10,35942.35,R2,普通,1
C001445,25-34,上海,个体经营,30-50万,2022-06-21,264347.7,R5,普通,1
C001446,35-44,徐州,其他,10万以下,2023-03-27,7565.22,R3,金卡,0
C001447,55-64,无锡,其他,10-30万,2019-03-28,80848.42,R2,普通,1
C001448,35-44,北京,其他,10-30万,2023-01-09,394589.71,R1,普通,1
C001449,45-54,上海,企业职员,10万以下,2020-11-26,40402.53,R3,银卡,0
C001450,25-34,南通,公务员,10-30万,2022-04-19,272585.91,R2,银卡,1
C001451,55-64,无锡,企业职员,50万以上,2020-09-20,1260620.41,R2,普通,1
C001452,45-54,南京,其他,10万以下,2019-08-20,9232.98,R3,普通,1
C001453,55-64,无锡,退休,30-50万,2021-02-01,229777.18,R1,普通,1
C001454,65+,南通,其他,10-30万,2023-07-13,146350.46,R2,普通,0
C001455,35-44,深圳,企业职员,10-30万,2022-09-07,135138.3,R4,普通,1
C001456,25-34,深圳,个体经营,10万以下,2022-12-16,29844.05,R1,钻石,1
C001457,25-34,南京,退休,10万以下,2020-04-07,23013.31,R3,银卡,1
C001458,35-44,深圳,个体经营,10万以下,2020-03-30,47993.0,R1,银卡,1
C001459,65+,上海,公务员,10-30万,2023-07-21,93393.19,R4,普通,0
C001460,35-44,上海,其他,50万以上,2020-09-19,1749576.12,R2,银卡,1
C001461,45-54,北京,专业技术,30-50万,2021-08-15,441036.94,R4,普通,1
C001462,35-44,苏州,退休,10万以下,2021-11-18,24951.8,R3,金卡,1
C001463,25-34,无锡,退休,10万以下,2019-04-01,19308.58,R4,普通,0
C001464,35-44,北京,专业技术,10万以下,2024-01-19,24228.57,R3,普通,0
C001465,45-54,南京,退休,50万以上,2020-01-16,3827745.55,R3,普通,1
C001466,45-54,上海,其他,10万以下,2021-01-19,52322.23,R1,普通,1
C001467,35-44,杭州,个体经营,10万以下,2022-11-10,49968.45,R3,普通,0
C001468,25-34,北京,其他,10-30万,2023-01-13,80984.67,R3,银卡,1
C001469,45-54,南京,企业职员,10-30万,2023-06-06,58477.79,R3,银卡,1
C001470,25-34,上海,企业职员,10万以下,2020-09-23,51906.52,R1,普通,1
C001471,65+,南京,个体经营,10-30万,2020-06-20,188646.59,R3,银卡,1
C001472,25-34,杭州,个体经营,10万以下,2022-10-06,32131.02,R2,普通,1
C001473,25-34,常州,公务员,10万以下,2022-02-12,24926.4,R3,银卡,0
C001474,35-44,徐州,其他,10万以下,2018-07-06,14428.78,R3,普通,1
C001475,35-44,杭州,企业职员,10-30万,2020-03-02,185154.75,R2,银卡,1
C001476,35-44,常州,企业职员,50万以上,2020-11-09,2714296.12,R3,金卡,1
C001477,35-44,常州,专业技术,10-30万,2023-09-12,85451.21,R2,普通,0
C001478,65+,常州,企业职员,30-50万,2020-12-22,273189.24,R3,银卡,1
C001479,35-44,南通,公务员,10-30万,2022-01-17,223189.84,R4,银卡,1
C001480,35-44,上海,其他,30-50万,2019-05-18,290188.97,R2,银卡,1
C001481,35-44,杭州,退休,50万以上,2023-04-05,3650978.49,R2,钻石,1
C001482,18-24,南京,退休,10-30万,2018-06-08,113632.08,R3,普通,1
C001483,45-54,苏州,个体经营,50万以上,2018-09-29,1236375.67,R3,普通,1
C001484,25-34,无锡,公务员,10-30万,2019-09-21,122737.23,R1,银卡,1
C001485,45-54,南京,公务员,30-50万,2021-05-26,329688.64,R2,普通,0
C001486,18-24,上海,公务员,10万以下,2020-11-02,52683.57,R2,银卡,1
C001487,65+,常州,公务员,10-30万,2018-12-16,186866.94,R3,银卡,0
C001488,35-44,南京,退休,10-30万,2019-03-20,206757.14,R1,银卡,1
C001489,55-64,徐州,公务员,50万以上,2019-07-18,1644974.66,R3,普通,1
C001490,35-44,苏州,公务员,50万以上,2023-04-29,1193974.74,R3,普通,1
C001491,18-24,上海,公务员,10-30万,2021-12-16,119457.39,R4,金卡,1
C001492,55-64,南京,企业职员,50万以上,2019-10-24,1212418.0,R5,普通,0
C001493,45-54,南京,其他,30-50万,2023-09-01,832774.42,R2,普通,1
C001494,55-64,南京,其他,10-30万,2020-04-27,198071.6,R3,银卡,1
C001495,35-44,无锡,公务员,10万以下,2022-04-04,28658.09,R3,普通,1
C001496,45-54,上海,退休,10万以下,2021-01-08,18877.3,R4,银卡,1
C001497,55-64,南通,公务员,10万以下,2018-11-20,64820.2,R3,普通,1
C001498,45-54,南京,个体经营,10万以下,2019-03-13,32121.95,R1,钻石,0
C001499,35-44,南通,其他,50万以上,2022-03-14,1405483.51,R5,普通,1
C001500,45-54,常州,专业技术,10万以下,2020-02-21,65106.46,R1,普通,1
C001501,45-54,杭州,退休,10-30万,2024-05-07,92992.36,R5,银卡,1
C001502,65+,苏州,个体经营,10-30万,2020-02-06,102312.14,R2,金卡,0
C001503,35-44,上海,专业技术,10-30万,2023-08-02,106923.35,R3,普通,1
C001504,35-44,徐州,公务员,10万以下,2018-12-08,15532.16,R5,普通,1
C001505,55-64,徐州,退休,10-30万,2022-08-15,140521.35,R3,普通,1
C001506,35-44,无锡,其他,10-30万,2020-03-15,81967.22,R3,银卡,1
C001507,45-54,南京,企业职员,10-30万,2020-05-26,90209.15,R2,普通,1
C001508,35-44,南京,专业技术,10万以下,2022-11-17,21093.81,R2,普通,1
C001509,25-34,杭州,公务员,30-50万,2019-05-14,298249.22,R1,普通,0
C001510,45-54,徐州,专业技术,10万以下,2023-04-24,19722.11,R3,金卡,1
C001511,25-34,南通,个体经营,10-30万,2018-12-29,135788.54,R2,银卡,0
C001512,25-34,常州,个体经营,10-30万,2021-04-28,111018.32,R2,普通,1
C001513,45-54,南京,个体经营,10万以下,2021-08-09,30728.83,R2,银卡,0
C001514,45-54,苏州,专业技术,30-50万,2023-01-01,1297712.77,R5,普通,1
C001515,55-64,徐州,公务员,10万以下,2024-05-13,27755.02,R4,普通,0
C001516,25-34,南京,公务员,50万以上,2020-03-14,2029803.36,R2,普通,1
C001517,25-34,北京,企业职员,30-50万,2020-01-02,572973.43,R5,银卡,1
C001518,65+,南京,个体经营,10-30万,2019-05-05,116287.25,R2,金卡,1
C001519,25-34,上海,专业技术,10-30万,2018-08-10,137605.56,R2,普通,1
C001520,25-34,苏州,专业技术,10万以下,2022-08-29,30312.08,R2,普通,0
C001521,25-34,杭州,公务员,50万以上,2020-12-31,1659878.33,R4,银卡,1
C001522,35-44,杭州,退休,10-30万,2018-11-30,89499.53,R2,钻石,1
C001523,55-64,苏州,个体经营,10万以下,2020-12-31,23431.74,R2,银卡,1
C001524,45-54,常州,退休,10-30万,2019-12-01,121019.64,R5,普通,1
C001525,45-54,深圳,退休,10万以下,2020-02-13,11192.52,R3,金卡,1
C001526,25-34,南通,企业职员,10-30万,2018-06-19,253541.66,R3,普通,1
C001527,35-44,南京,企业职员,10-30万,2022-05-13,353513.17,R3,普通,1
C001528,35-44,上海,专业技术,10万以下,2023-03-21,32667.23,R3,普通,0
C001529,25-34,无锡,其他,30-50万,2018-11-25,557910.82,R1,普通,1
C001530,25-34,苏州,个体经营,10万以下,2021-08-20,51507.44,R3,普通,0
C001531,25-34,杭州,专业技术,10-30万,2023-04-01,61877.52,R2,银卡,0
C001532,25-34,深圳,专业技术,10-30万,2020-07-23,190877.28,R1,银卡,1
C001533,35-44,南京,退休,50万以上,2019-04-15,1211967.67,R5,金卡,1
C001534,45-54,无锡,其他,10-30万,2019-10-27,377229.54,R1,普通,0
C001535,18-24,苏州,专业技术,50万以上,2022-05-23,1365246.94,R1,银卡,1
C001536,35-44,北京,退休,10-30万,2018-12-03,188968.98,R2,银卡,0
C001537,55-64,杭州,专业技术,30-50万,2024-03-04,365862.68,R4,普通,1
C001538,45-54,北京,公务员,10万以下,2019-01-18,89976.07,R5,普通,1
C001539,55-64,南京,专业技术,30-50万,2023-04-24,309602.57,R1,金卡,1
C001540,35-44,南京,退休,10万以下,2022-12-29,53717.66,R2,普通,1
C001541,55-64,南通,其他,50万以上,2022-07-10,2051977.68,R3,钻石,1
C001542,25-34,南京,企业职员,50万以上,2021-11-14,1836056.54,R3,金卡,1
C001543,35-44,南京,个体经营,10-30万,2024-02-16,134558.01,R2,普通,1
C001544,25-34,苏州,企业职员,10-30万,2020-02-02,85968.89,R2,普通,1
C001545,35-44,上海,公务员,10-30万,2023-08-17,32932.62,R3,银卡,1
C001546,35-44,上海,公务员,10万以下,2023-08-14,51336.06,R1,普通,1
C001547,25-34,上海,其他,10-30万,2024-05-21,93979.08,R3,银卡,1
C001548,45-54,南京,个体经营,10-30万,2018-08-21,215355.86,R2,普通,1
C001549,25-34,上海,其他,10-30万,2024-02-16,143070.95,R4,金卡,0
C001550,25-34,常州,专业技术,10万以下,2019-12-01,54670.58,R3,普通,0
C001551,25-34,苏州,企业职员,50万以上,2020-08-06,2239855.53,R3,普通,1
C001552,35-44,徐州,个体经营,10万以下,2019-06-04,8748.22,R3,钻石,1
C001553,25-34,杭州,退休,10-30万,2021-09-14,163193.98,R1,银卡,1
C001554,35-44,南京,专业技术,10万以下,2018-12-13,25263.47,R2,银卡,1
C001555,25-34,杭州,个体经营,10万以下,2021-07-29,53715.57,R3,金卡,0
C001556,45-54,南通,企业职员,10万以下,2023-05-06,40318.13,R3,钻石,1
C001557,65+,徐州,退休,10-30万,2018-12-24,162223.7,R4,银卡,1
C001558,35-44,北京,专业技术,10-30万,2021-11-15,104728.4,R2,银卡,1
C001559,45-54,上海,退休,10-30万,2024-05-18,76034.61,R4,普通,0
C001560,55-64,南通,公务员,10-30万,2020-06-28,96645.37,R2,金卡,1
C001561,65+,苏州,企业职员,10-30万,2022-06-26,48790.99,R1,金卡,1
C001562,45-54,常州,个体经营,10万以下,2019-06-18,22332.11,R2,普通,1
C001563,55-64,杭州,公务员,10万以下,2023-06-29,14427.24,R4,银卡,0
C001564,55-64,深圳,专业技术,10-30万,2019-12-21,58476.29,R3,银卡,1
C001565,55-64,上海,专业技术,10-30万,2019-06-01,127196.25,R3,普通,0
C001566,35-44,杭州,企业职员,10-30万,2023-09-07,156728.69,R3,普通,0
C001567,25-34,上海,个体经营,10万以下,2020-11-22,29526.87,R1,银卡,1
C001568,18-24,上海,个体经营,30-50万,2020-07-11,311708.76,R1,普通,1
C001569,35-44,苏州,专业技术,10万以下,2018-11-11,18680.74,R1,普通,0
C001570,35-44,无锡,退休,10-30万,2022-08-24,102400.87,R1,金卡,1
C001571,35-44,南通,个体经营,10万以下,2021-06-26,19887.39,R2,普通,1
C001572,35-44,南通,公务员,10-30万,2021-12-19,116288.76,R2,钻石,1
C001573,35-44,南通,其他,10-30万,2022-03-01,56077.01,R4,普通,1
C001574,55-64,深圳,退休,30-50万,2018-06-05,568001.09,R4,金卡,0
C001575,25-34,杭州,其他,10万以下,2020-06-19,22593.94,R4,普通,0
C001576,25-34,杭州,公务员,10-30万,2023-06-21,144838.63,R1,普通,1
C001577,55-64,杭州,专业技术,10万以下,2019-03-18,46749.73,R3,银卡,1
C001578,55-64,杭州,退休,10-30万,2023-10-15,141376.59,R1,普通,0
C001579,65+,上海,其他,10万以下,2019-02-19,44735.21,R2,银卡,1
C001580,55-64,苏州,公务员,10万以下,2021-12-13,10674.71,R3,银卡,1
C001581,55-64,杭州,公务员,30-50万,2020-05-05,312634.95,R2,普通,1
C001582,25-34,苏州,其他,10万以下,2019-03-18,52077.64,R3,金卡,1
C001583,35-44,上海,专业技术,10万以下,2019-03-02,38698.94,R4,普通,1
C001584,25-34,南京,企业职员,30-50万,2023-06-10,1007972.51,R1,普通,1
C001585,45-54,南通,公务员,30-50万,2021-12-21,937910.74,R5,银卡,0
C001586,65+,苏州,其他,30-50万,2023-12-08,464638.93,R1,普通,0
C001587,35-44,上海,其他,10-30万,2020-07-16,105794.91,R5,普通,1
C001588,35-44,杭州,公务员,10-30万,2021-11-22,74312.0,R3,银卡,1
C001589,25-34,南京,专业技术,30-50万,2018-05-27,315311.26,R1,普通,1
C001590,25-34,南京,退休,10万以下,2020-08-09,24460.85,R2,普通,1
C001591,25-34,北京,个体经营,30-50万,2021-10-09,297329.2,R2,普通,1
C001592,18-24,苏州,公务员,10万以下,2023-06-26,18954.26,R4,普通,0
C001593,65+,上海,退休,50万以上,2022-09-07,1833548.94,R2,普通,1
C001594,35-44,杭州,企业职员,10-30万,2019-07-27,280286.3,R4,普通,1
C001595,55-64,上海,公务员,10-30万,2023-07-21,191353.05,R2,金卡,1
C001596,45-54,南京,企业职员,10-30万,2019-04-27,102133.6,R5,金卡,1
C001597,25-34,上海,其他,10万以下,2020-10-15,49809.8,R2,普通,1
C001598,25-34,深圳,企业职员,10-30万,2021-04-08,142710.37,R3,银卡,0
C001599,55-64,无锡,其他,30-50万,2021-07-18,391941.41,R4,普通,1
C001600,25-34,上海,个体经营,10-30万,2024-03-25,113969.44,R2,普通,1
C001601,55-64,苏州,企业职员,10-30万,2023-01-20,108583.74,R1,普通,0
C001602,25-34,深圳,专业技术,10万以下,2021-04-22,41543.06,R3,银卡,1
C001603,45-54,南京,公务员,10-30万,2021-06-29,128679.75,R3,普通,1
C001604,55-64,苏州,个体经营,10-30万,2023-02-15,83369.32,R4,金卡,1
C001605,25-34,南京,其他,10万以下,2019-07-31,20343.7,R2,银卡,1
C001606,25-34,深圳,专业技术,50万以上,2021-09-23,1747903.55,R4,银卡,0
C001607,65+,南通,企业职员,10-30万,2022-01-29,148683.12,R4,金卡,0
C001608,25-34,苏州,企业职员,10-30万,2019-11-03,102608.98,R3,普通,1
C001609,35-44,南京,退休,50万以上,2023-07-09,851685.71,R1,银卡,1
C001610,35-44,北京,退休,10-30万,2024-02-02,224297.73,R1,普通,1
C001611,25-34,南京,个体经营,50万以上,2022-06-21,2521281.77,R5,普通,1
C001612,45-54,徐州,退休,10-30万,2024-05-31,44425.05,R3,普通,1
C001613,45-54,徐州,公务员,10-30万,2022-03-07,234459.58,R3,普通,1
C001614,35-44,上海,公务员,10万以下,2023-08-12,27023.57,R4,银卡,1
C001615,55-64,上海,个体经营,10万以下,2020-06-10,32989.55,R1,普通,1
C001616,25-34,杭州,退休,10-30万,2024-02-22,212003.6,R3,普通,1
C001617,18-24,南京,其他,10万以下,2023-03-04,68543.38,R3,金卡,0
C001618,35-44,无锡,公务员,10万以下,2022-11-06,49532.55,R4,普通,0
C001619,65+,南京,专业技术,10-30万,2020-10-27,135369.35,R3,普通,1
C001620,18-24,无锡,个体经营,30-50万,2021-12-24,201068.21,R3,普通,1
C001621,25-34,南通,其他,10万以下,2019-10-15,10892.58,R1,普通,1
C001622,35-44,南通,退休,30-50万,2019-09-20,620511.42,R4,金卡,1
C001623,55-64,北京,公务员,50万以上,2022-02-04,2934333.33,R3,金卡,1
C001624,25-34,北京,退休,30-50万,2024-03-26,266171.84,R2,银卡,0
C001625,35-44,苏州,企业职员,30-50万,2018-08-19,349524.82,R5,普通,1
C001626,45-54,上海,专业技术,30-50万,2022-04-20,302727.06,R2,金卡,1
C001627,35-44,上海,公务员,10万以下,2021-03-06,22404.18,R2,银卡,1
C001628,25-34,深圳,个体经营,10-30万,2018-10-26,205402.68,R5,金卡,1
C001629,25-34,南京,公务员,50万以上,2020-06-27,1673055.63,R3,普通,0
C001630,35-44,徐州,专业技术,10-30万,2020-12-10,107007.89,R4,银卡,1
C001631,35-44,无锡,其他,30-50万,2022-05-15,1510543.14,R4,普通,0
C001632,55-64,苏州,专业技术,50万以上,2019-06-09,732167.96,R3,普通,1
C001633,45-54,徐州,其他,10万以下,2023-03-30,39454.69,R2,金卡,1
C001634,45-54,苏州,其他,10-30万,2021-07-03,71022.92,R4,银卡,1
C001635,65+,南京,公务员,10-30万,2022-04-23,110916.02,R3,银卡,1
C001636,35-44,上海,退休,10万以下,2023-10-31,32314.52,R3,普通,1
C001637,35-44,南京,公务员,10-30万,2022-09-30,183055.54,R3,普通,1
C001638,65+,苏州,企业职员,30-50万,2023-04-16,351030.67,R1,钻石,1
C001639,25-34,南通,公务员,10-30万,2023-11-14,99884.82,R1,普通,1
C001640,45-54,徐州,个体经营,10万以下,2019-11-07,26092.68,R3,普通,1
C001641,45-54,徐州,公务员,30-50万,2020-02-18,233104.82,R4,普通,1
C001642,25-34,深圳,专业技术,10万以下,2019-03-18,41155.28,R2,银卡,1
C001643,35-44,无锡,专业技术,30-50万,2024-03-26,460416.6,R1,普通,0
C001644,25-34,南京,退休,10万以下,2021-08-07,37292.11,R2,普通,0
C001645,25-34,南京,其他,30-50万,2020-06-08,386330.43,R3,银卡,1
C001646,35-44,常州,公务员,10-30万,2021-06-13,108967.84,R1,银卡,1
C001647,25-34,无锡,其他,10-30万,2024-04-05,216002.92,R3,银卡,1
C001648,55-64,北京,退休,10-30万,2021-09-14,200013.52,R3,普通,1
C001649,55-64,常州,企业职员,10万以下,2023-09-01,60861.31,R2,普通,0
C001650,55-64,无锡,专业技术,10-30万,2024-04-21,144573.63,R3,普通,1
C001651,25-34,杭州,公务员,30-50万,2020-01-06,786660.36,R4,普通,1
C001652,25-34,杭州,企业职员,30-50万,2023-11-03,324869.39,R2,普通,0
C001653,25-34,上海,退休,10万以下,2022-08-13,27133.56,R1,金卡,1
C001654,25-34,常州,企业职员,10-30万,2018-06-10,218119.29,R1,金卡,1
C001655,65+,苏州,公务员,30-50万,2018-09-15,609827.0,R3,普通,0
C001656,35-44,南通,退休,30-50万,2024-02-29,345931.0,R4,普通,1
C001657,25-34,南京,企业职员,10-30万,2021-12-31,71119.58,R3,普通,1
C001658,55-64,常州,退休,10万以下,2022-04-25,27091.37,R5,普通,1
C001659,35-44,杭州,企业职员,50万以上,2020-09-01,1065059.74,R3,普通,1
C001660,18-24,常州,公务员,10-30万,2020-04-03,284218.55,R2,普通,1
C001661,25-34,南京,公务员,10-30万,2023-12-18,175477.72,R2,普通,1
C001662,45-54,南京,企业职员,30-50万,2021-11-09,272735.72,R3,普通,1
C001663,55-64,杭州,专业技术,10万以下,2022-09-24,17791.16,R3,银卡,0
C001664,25-34,苏州,公务员,30-50万,2018-07-01,271051.25,R3,普通,1
C001665,55-64,常州,企业职员,10万以下,2022-08-28,22686.83,R3,普通,1
C001666,55-64,上海,个体经营,30-50万,2024-03-20,368011.56,R2,普通,1
C001667,55-64,苏州,个体经营,50万以上,2020-08-27,2618858.02,R2,普通,0
C001668,25-34,上海,专业技术,50万以上,2019-02-23,925155.6,R3,普通,1
C001669,18-24,南京,企业职员,50万以上,2019-06-20,4712571.53,R3,普通,0
C001670,55-64,上海,公务员,30-50万,2023-08-09,249588.72,R4,银卡,1
C001671,25-34,南京,企业职员,10万以下,2019-12-11,14830.32,R2,普通,1
C001672,45-54,苏州,退休,50万以上,2023-03-08,3489008.23,R4,普通,1
C001673,45-54,苏州,专业技术,50万以上,2023-07-18,2904011.07,R2,普通,0
C001674,25-34,北京,公务员,10-30万,2021-03-26,109543.02,R2,银卡,1
C001675,55-64,常州,专业技术,10-30万,2019-07-26,145206.65,R4,金卡,0
C001676,65+,杭州,退休,10万以下,2019-03-02,36762.63,R5,普通,0
C001677,45-54,南通,退休,10-30万,2020-09-09,128489.6,R5,普通,1
C001678,35-44,杭州,其他,30-50万,2021-12-03,209186.2,R1,金卡,1
C001679,55-64,南通,公务员,10-30万,2020-11-19,34691.97,R2,银卡,0
C001680,35-44,无锡,企业职员,10-30万,2022-08-25,78659.52,R3,普通,1
C001681,45-54,徐州,退休,10-30万,2023-08-08,297546.03,R4,银卡,1
C001682,55-64,苏州,其他,10万以下,2021-12-30,75861.11,R3,普通,1
C001683,45-54,北京,公务员,50万以上,2023-05-25,1315933.93,R1,普通,1
C001684,25-34,北京,退休,10万以下,2023-11-06,18582.41,R3,银卡,0
C001685,25-34,南京,专业技术,10万以下,2019-11-30,34475.81,R1,银卡,1
C001686,25-34,北京,其他,10万以下,2019-05-14,37363.26,R2,普通,1
C001687,35-44,南京,公务员,30-50万,2019-11-26,540137.81,R3,普通,1
C001688,35-44,上海,个体经营,30-50万,2018-11-26,113063.57,R1,金卡,1
C001689,45-54,杭州,专业技术,10万以下,2021-06-30,145485.36,R3,银卡,1
C001690,35-44,苏州,其他,10万以下,2020-05-06,52848.78,R3,普通,1
C001691,55-64,南京,退休,10-30万,2023-03-12,108696.53,R2,普通,0
C001692,55-64,上海,个体经营,10万以下,2021-09-26,20946.23,R2,普通,1
C001693,25-34,无锡,个体经营,30-50万,2023-10-23,655315.89,R4,普通,1
C001694,45-54,常州,公务员,10万以下,2020-09-18,38432.16,R3,普通,1
C001695,45-54,上海,个体经营,10-30万,2021-10-15,125658.2,R4,钻石,1
C001696,35-44,苏州,其他,10-30万,2021-02-02,150906.29,R2,银卡,1
C001697,25-34,南京,公务员,10-30万,2019-04-09,113423.88,R3,钻石,0
C001698,55-64,深圳,其他,10-30万,2024-02-08,146704.87,R5,普通,1
C001699,65+,上海,公务员,10万以下,2021-09-25,43136.9,R1,普通,0
C001700,45-54,徐州,企业职员,10万以下,2022-01-15,35618.17,R2,钻石,1
C001701,55-64,苏州,退休,10万以下,2019-12-16,34697.18,R4,金卡,1
C001702,65+,深圳,个体经营,10万以下,2020-06-16,60197.3,R2,普通,1
C001703,35-44,苏州,退休,50万以上,2020-01-28,674969.04,R2,普通,0
C001704,45-54,南京,其他,10万以下,2019-04-23,20130.91,R5,银卡,1
C001705,35-44,苏州,企业职员,10-30万,2022-08-15,121604.27,R1,普通,1
C001706,65+,上海,专业技术,10万以下,2022-04-03,20827.28,R3,金卡,1
C001707,25-34,苏州,公务员,30-50万,2022-04-30,328142.6,R4,银卡,1
C001708,35-44,苏州,个体经营,50万以上,2019-06-25,2855754.27,R4,普通,1
C001709,55-64,常州,公务员,30-50万,2021-08-13,371288.38,R2,普通,0
C001710,25-34,徐州,公务员,10-30万,2019-11-09,48080.96,R1,普通,0
C001711,55-64,南京,专业技术,30-50万,2022-12-09,323692.4,R4,银卡,1
C001712,35-44,徐州,个体经营,10-30万,2018-10-26,123537.94,R4,普通,0
C001713,65+,无锡,退休,30-50万,2021-07-02,408017.19,R2,普通,1
C001714,55-64,苏州,个体经营,30-50万,2018-06-16,528204.37,R2,普通,0
C001715,25-34,南京,专业技术,10万以下,2021-09-21,38030.62,R3,普通,1
C001716,45-54,深圳,退休,10-30万,2024-03-01,111952.95,R1,银卡,1
C001717,35-44,上海,企业职员,10万以下,2022-10-31,16521.75,R4,普通,1
C001718,45-54,南京,个体经营,10万以下,2021-10-12,24061.85,R4,普通,0
C001719,45-54,无锡,专业技术,30-50万,2023-08-13,292971.77,R2,普通,1
C001720,55-64,南京,专业技术,10万以下,2019-10-04,26014.28,R4,金卡,1
C001721,18-24,南通,企业职员,30-50万,2022-04-26,565126.06,R4,普通,1
C001722,25-34,上海,企业职员,50万以上,2019-06-17,1835866.33,R3,普通,1
C001723,45-54,南京,其他,10-30万,2018-08-10,181180.65,R5,普通,1
C001724,35-44,北京,退休,10-30万,2023-12-01,99032.7,R2,普通,1
C001725,35-44,无锡,个体经营,10-30万,2022-09-26,255104.21,R4,银卡,0
C001726,18-24,苏州,企业职员,30-50万,2020-10-05,559970.33,R1,普通,1
C001727,35-44,南京,公务员,10万以下,2019-03-16,31731.65,R2,钻石,1
C001728,55-64,南京,专业技术,10万以下,2019-01-02,40563.58,R3,银卡,1
C001729,18-24,杭州,退休,10-30万,2023-03-31,85593.69,R1,银卡,0
C001730,35-44,常州,退休,50万以上,2023-01-18,522614.07,R3,普通,1
C001731,65+,杭州,专业技术,10万以下,2023-03-21,22150.26,R2,普通,1
C001732,18-24,苏州,退休,10-30万,2022-04-28,174377.1,R2,普通,1
C001733,45-54,苏州,公务员,50万以上,2020-09-24,1561384.81,R3,金卡,1
C001734,25-34,无锡,企业职员,10万以下,2022-01-14,28016.12,R1,钻石,0
C001735,55-64,无锡,个体经营,10万以下,2020-01-15,19634.29,R2,普通,1
C001736,45-54,南京,其他,10-30万,2022-01-15,45131.43,R1,钻石,1
C001737,55-64,南京,其他,10万以下,2020-11-11,61167.76,R5,银卡,1
C001738,25-34,深圳,企业职员,10万以下,2021-01-12,27038.18,R3,银卡,1
C001739,35-44,徐州,公务员,10-30万,2022-11-21,96807.33,R3,钻石,1
C001740,45-54,南京,企业职员,10-30万,2024-01-19,85769.94,R3,钻石,0
C001741,25-34,上海,退休,10-30万,2023-02-01,224697.03,R3,普通,1
C001742,25-34,无锡,退休,10-30万,2019-09-21,186450.75,R2,普通,1
C001743,18-24,杭州,其他,10-30万,2019-12-01,73985.71,R1,银卡,1
C001744,65+,深圳,公务员,10-30万,2023-09-04,214812.0,R3,普通,1
C001745,45-54,南京,专业技术,30-50万,2022-02-06,372013.2,R2,普通,1
C001746,45-54,深圳,个体经营,30-50万,2019-07-08,294769.43,R4,金卡,0
C001747,45-54,南京,其他,10-30万,2019-07-22,103615.36,R2,普通,1
C001748,35-44,苏州,其他,30-50万,2024-04-24,270376.63,R3,普通,0
C001749,35-44,徐州,其他,30-50万,2019-09-06,206649.89,R2,普通,1
C001750,35-44,上海,公务员,10万以下,2019-09-04,44223.79,R3,普通,1
C001751,45-54,南京,个体经营,50万以上,2023-09-18,1343277.71,R5,普通,1
C001752,25-34,南京,退休,30-50万,2022-04-11,544609.66,R2,金卡,1
C001753,55-64,苏州,专业技术,10-30万,2024-02-03,138531.59,R1,银卡,1
C001754,55-64,苏州,专业技术,10万以下,2020-06-19,39467.12,R3,普通,0
C001755,35-44,苏州,企业职员,10-30万,2019-03-23,43142.06,R1,普通,1
C001756,35-44,南京,个体经营,10-30万,2023-05-03,77797.68,R1,普通,1
C001757,25-34,深圳,其他,30-50万,2022-04-18,531735.89,R3,普通,1
C001758,65+,杭州,个体经营,10-30万,2021-03-07,63438.85,R1,普通,1
C001759,55-64,深圳,其他,10万以下,2023-12-25,36151.92,R1,普通,1
C001760,65+,南京,个体经营,10万以下,2022-08-12,14966.96,R2,普通,1
C001761,35-44,南京,其他,30-50万,2023-02-08,403302.35,R2,普通,1
C001762,25-34,常州,退休,10万以下,2024-05-23,67100.57,R4,普通,1
C001763,25-34,徐州,专业技术,30-50万,2020-05-22,589199.36,R2,钻石,1
C001764,25-34,徐州,退休,10万以下,2020-01-18,11891.54,R2,金卡,1
C001765,25-34,南京,企业职员,10-30万,2023-12-06,183401.45,R3,普通,1
C001766,18-24,杭州,个体经营,10-30万,2023-08-17,298452.52,R4,银卡,1
C001767,65+,常州,企业职员,10万以下,2023-12-28,121474.62,R2,普通,1
C001768,18-24,无锡,退休,10-30万,2018-10-03,152174.76,R3,银卡,1
C001769,25-34,常州,公务员,10-30万,2020-12-26,60659.83,R3,金卡,1
C001770,55-64,南京,专业技术,10万以下,2021-02-20,37282.96,R2,银卡,0
C001771,45-54,南京,其他,10-30万,2023-11-24,266535.79,R1,银卡,1
C001772,45-54,深圳,退休,30-50万,2024-05-28,364279.15,R3,金卡,0
C001773,45-54,南通,专业技术,30-50万,2018-10-29,673857.73,R2,普通,0
C001774,55-64,南京,企业职员,10-30万,2018-09-22,78861.27,R2,银卡,1
C001775,45-54,苏州,专业技术,30-50万,2021-02-18,481854.0,R3,普通,1
C001776,35-44,南京,个体经营,10万以下,2023-08-13,8640.04,R1,普通,1
C001777,45-54,北京,其他,10万以下,2024-03-27,18653.42,R2,银卡,1
C001778,35-44,杭州,个体经营,10-30万,2019-05-24,119633.32,R2,普通,1
C001779,35-44,南通,退休,10-30万,2021-03-25,100064.34,R4,普通,1
C001780,35-44,深圳,专业技术,30-50万,2022-06-07,208753.85,R3,普通,0
C001781,25-34,无锡,个体经营,10万以下,2024-05-05,23368.04,R2,钻石,1
C001782,55-64,杭州,公务员,10-30万,2020-12-29,141502.77,R2,普通,1
C001783,25-34,常州,公务员,10-30万,2019-02-16,114936.29,R5,普通,1
C001784,25-34,杭州,专业技术,10万以下,2019-05-20,30928.13,R3,普通,1
C001785,25-34,北京,其他,10-30万,2020-01-05,173031.93,R3,金卡,0
C001786,55-64,常州,其他,10-30万,2024-02-11,101079.81,R1,普通,1
C001787,35-44,南京,公务员,10万以下,2019-11-10,59192.0,R1,普通,0
C001788,45-54,南京,企业职员,10-30万,2020-04-26,73175.17,R2,普通,1
C001789,55-64,苏州,公务员,10万以下,2019-05-12,78665.03,R4,银卡,0
C001790,18-24,苏州,专业技术,50万以上,2023-07-10,2616884.33,R4,金卡,1
C001791,45-54,无锡,个体经营,10万以下,2019-03-22,25108.3,R1,普通,0
C001792,25-34,常州,企业职员,10万以下,2020-02-06,25959.51,R3,普通,1
C001793,25-34,南京,公务员,10万以下,2019-10-23,33266.98,R4,普通,1
C001794,45-54,北京,专业技术,10万以下,2023-06-13,40468.86,R4,普通,1
C001795,55-64,南京,公务员,10万以下,2019-04-07,51856.05,R2,金卡,1
C001796,25-34,南京,公务员,10-30万,2024-04-13,61386.88,R2,普通,1
C001797,35-44,南京,个体经营,10万以下,2023-01-28,37334.53,R5,金卡,1
C001798,25-34,深圳,其他,10万以下,2023-06-25,10411.8,R2,普通,1
C001799,35-44,无锡,其他,10万以下,2023-01-08,27454.97,R2,普通,1
C001800,45-54,南京,公务员,10-30万,2020-08-24,248252.9,R2,银卡,1
C001801,45-54,南京,退休,10万以下,2018-11-04,14766.97,R3,银卡,0
C001802,45-54,无锡,其他,10-30万,2018-06-24,53940.03,R1,普通,1
C001803,25-34,深圳,公务员,10-30万,2023-10-05,134006.63,R3,钻石,0
C001804,45-54,南通,企业职员,30-50万,2018-07-28,800454.05,R5,普通,1
C001805,45-54,苏州,公务员,10万以下,2023-10-05,35300.43,R3,金卡,1
C001806,45-54,无锡,退休,30-50万,2019-12-04,154339.64,R5,普通,1
C001807,18-24,南京,企业职员,10-30万,2023-04-23,51724.29,R4,普通,0
C001808,35-44,常州,公务员,10万以下,2019-06-13,31502.62,R4,金卡,1
C001809,35-44,无锡,其他,10-30万,2022-04-24,66544.48,R3,普通,1
C001810,25-34,上海,公务员,30-50万,2019-02-25,428293.07,R4,普通,1
C001811,25-34,南京,个体经营,10-30万,2021-02-24,132355.21,R3,金卡,1
C001812,35-44,南京,其他,10-30万,2021-03-26,93935.93,R2,普通,1
C001813,45-54,南通,其他,10-30万,2021-10-05,297337.81,R4,银卡,1
C001814,25-34,上海,公务员,10万以下,2023-01-15,40303.2,R3,普通,1
C001815,55-64,常州,公务员,50万以上,2021-04-24,2749064.16,R4,普通,1
C001816,35-44,杭州,专业技术,10万以下,2020-06-07,47536.04,R2,普通,1
C001817,45-54,杭州,公务员,10万以下,2023-07-28,27831.28,R2,普通,0
C001818,35-44,北京,退休,10万以下,2023-07-25,27220.59,R3,普通,0
C001819,35-44,无锡,退休,10-30万,2021-11-03,103407.94,R3,普通,1
C001820,45-54,北京,个体经营,30-50万,2019-05-27,562288.84,R2,银卡,1
C001821,65+,上海,个体经营,30-50万,2022-04-16,288958.18,R4,普通,0
C001822,35-44,徐州,企业职员,50万以上,2021-12-07,3553672.51,R3,普通,1
C001823,35-44,南通,退休,10-30万,2018-08-21,82645.23,R1,银卡,1
C001824,45-54,南京,其他,10-30万,2022-10-23,133583.84,R3,普通,1
C001825,45-54,南通,其他,10-30万,2022-03-17,107013.11,R1,钻石,1
C001826,18-24,上海,专业技术,10万以下,2019-05-03,23945.99,R3,普通,1
C001827,35-44,深圳,退休,50万以上,2021-04-17,4444371.81,R1,金卡,1
C001828,35-44,无锡,其他,10-30万,2023-09-30,96347.8,R2,金卡,1
C001829,65+,深圳,公务员,10-30万,2023-02-14,103041.43,R5,普通,0
C001830,35-44,南京,退休,10-30万,2018-07-18,86092.73,R1,银卡,1
C001831,35-44,深圳,企业职员,30-50万,2019-07-14,408292.92,R3,普通,1
C001832,65+,南通,退休,10万以下,2018-09-10,28518.25,R3,普通,0
C001833,35-44,徐州,公务员,30-50万,2021-07-10,228568.97,R1,普通,0
C001834,25-34,南通,专业技术,30-50万,2020-09-30,323526.04,R5,普通,1
C001835,25-34,深圳,企业职员,30-50万,2023-08-03,542564.96,R2,普通,1
C001836,25-34,南京,企业职员,10万以下,2020-02-16,50133.57,R3,金卡,1
C001837,18-24,无锡,专业技术,10万以下,2020-12-26,30362.18,R4,普通,1
C001838,35-44,北京,其他,10-30万,2024-03-11,123592.41,R3,银卡,0
C001839,45-54,南京,企业职员,30-50万,2019-04-25,333941.9,R2,金卡,1
C001840,45-54,南通,退休,50万以上,2021-10-13,1166775.85,R4,普通,1
C001841,18-24,常州,退休,10-30万,2018-06-07,75770.21,R5,普通,1
C001842,35-44,杭州,退休,10万以下,2019-02-01,13775.24,R2,普通,1
C001843,25-34,北京,公务员,10万以下,2021-11-19,21114.8,R3,钻石,0
C001844,65+,苏州,其他,10-30万,2024-05-06,188579.22,R2,金卡,1
C001845,25-34,上海,专业技术,10万以下,2023-07-14,24263.88,R2,普通,1
C001846,45-54,南通,公务员,10-30万,2022-08-31,100935.57,R2,钻石,1
C001847,35-44,徐州,其他,30-50万,2022-08-16,333193.02,R1,普通,1
C001848,45-54,南京,公务员,10-30万,2022-04-14,223597.06,R3,普通,1
C001849,35-44,苏州,个体经营,10-30万,2018-08-30,75437.2,R1,普通,1
C001850,45-54,南通,企业职员,10万以下,2020-05-07,34457.41,R1,银卡,1
C001851,25-34,南京,个体经营,10万以下,2023-04-07,28990.39,R2,普通,1
C001852,55-64,上海,专业技术,10-30万,2020-03-03,124145.61,R1,银卡,0
C001853,35-44,南京,其他,10-30万,2024-01-28,135594.25,R3,普通,1
C001854,45-54,北京,个体经营,10万以下,2024-01-09,30869.85,R3,普通,1
C001855,55-64,杭州,专业技术,10万以下,2020-07-14,44598.86,R1,钻石,1
C001856,65+,徐州,企业职员,10万以下,2023-02-08,29564.33,R2,银卡,1
C001857,25-34,北京,公务员,10-30万,2021-10-12,287056.75,R1,普通,1
C001858,25-34,深圳,专业技术,10-30万,2019-06-11,122698.69,R3,银卡,1
C001859,25-34,上海,企业职员,10-30万,2022-01-27,51200.96,R2,普通,0
C001860,25-34,徐州,个体经营,10-30万,2023-04-06,165115.78,R3,普通,1
C001861,45-54,无锡,企业职员,10万以下,2018-05-25,36497.57,R3,普通,0
C001862,65+,杭州,个体经营,10-30万,2022-09-09,121968.68,R2,钻石,0
C001863,65+,上海,公务员,10万以下,2020-06-12,26348.51,R1,普通,1
C001864,35-44,常州,公务员,50万以上,2023-06-10,521083.79,R2,普通,0
C001865,45-54,常州,个体经营,10万以下,2023-06-10,11333.64,R2,银卡,1
C001866,55-64,苏州,企业职员,10-30万,2019-11-15,273486.25,R2,普通,1
C001867,65+,上海,退休,10万以下,2019-01-03,22386.23,R5,普通,0
C001868,25-34,北京,个体经营,30-50万,2024-04-02,648248.92,R1,普通,1
C001869,35-44,南京,其他,10万以下,2018-07-17,13459.44,R2,金卡,1
C001870,55-64,南京,公务员,50万以上,2022-08-06,888728.01,R4,普通,1
C001871,25-34,深圳,企业职员,10万以下,2018-06-23,42119.8,R4,普通,0
C001872,35-44,南京,个体经营,30-50万,2021-03-17,380016.26,R2,普通,0
C001873,65+,上海,企业职员,10-30万,2019-10-21,157012.49,R3,普通,1
C001874,65+,常州,个体经营,10万以下,2024-05-18,29796.21,R1,普通,1
C001875,55-64,常州,退休,10万以下,2023-06-19,27041.19,R4,普通,1
C001876,55-64,南京,其他,10-30万,2018-09-02,85410.57,R3,普通,0
C001877,25-34,南京,个体经营,30-50万,2023-06-04,220183.92,R2,银卡,1
C001878,35-44,南通,公务员,30-50万,2019-03-07,806589.76,R2,普通,1
C001879,35-44,无锡,个体经营,10万以下,2023-09-14,65683.77,R2,普通,1
C001880,35-44,杭州,公务员,10-30万,2020-07-07,71388.75,R3,普通,1
C001881,35-44,深圳,企业职员,10万以下,2022-03-06,17273.23,R1,金卡,1
C001882,45-54,杭州,退休,10万以下,2021-10-08,25211.77,R3,银卡,1
C001883,35-44,无锡,退休,10-30万,2020-02-18,142267.52,R1,普通,0
C001884,45-54,常州,公务员,10-30万,2023-06-25,109572.08,R3,银卡,1
C001885,35-44,南京,个体经营,10万以下,2022-05-05,38511.52,R2,普通,1
C001886,35-44,上海,个体经营,30-50万,2021-01-29,390270.49,R4,金卡,1
C001887,25-34,无锡,个体经营,30-50万,2022-03-31,377718.41,R2,银卡,1
C001888,25-34,杭州,退休,30-50万,2022-12-22,1336759.81,R2,普通,1
C001889,55-64,徐州,退休,10万以下,2024-02-25,23071.45,R2,普通,1
C001890,35-44,南京,企业职员,50万以上,2020-07-28,3405659.32,R3,普通,1
C001891,25-34,无锡,公务员,10-30万,2024-01-16,247379.42,R2,普通,1
C001892,45-54,上海,其他,10-30万,2023-07-16,154398.74,R2,普通,1
C001893,35-44,杭州,个体经营,10万以下,2022-12-26,11451.62,R1,普通,1
C001894,18-24,苏州,个体经营,30-50万,2020-02-05,406259.98,R2,银卡,1
C001895,25-34,徐州,退休,10-30万,2023-09-06,92771.95,R4,普通,0
C001896,25-34,南京,退休,30-50万,2022-06-21,404038.39,R2,普通,0
C001897,45-54,北京,专业技术,10-30万,2023-12-21,70527.9,R4,普通,1
C001898,25-34,南通,其他,30-50万,2021-05-23,583820.47,R4,普通,1
C001899,18-24,上海,专业技术,10-30万,2023-04-30,196366.78,R3,普通,1
C001900,18-24,无锡,其他,50万以上,2023-06-10,2692519.2,R1,普通,1
C001901,45-54,深圳,个体经营,10万以下,2022-06-27,24781.76,R3,普通,0
C001902,18-24,上海,公务员,10万以下,2022-11-15,17663.23,R4,普通,1
C001903,55-64,南京,企业职员,30-50万,2024-02-14,476899.25,R2,金卡,1
C001904,25-34,南通,专业技术,10-30万,2021-09-14,288740.66,R2,普通,1
C001905,45-54,苏州,其他,10-30万,2021-05-21,124236.44,R2,普通,1
C001906,35-44,杭州,个体经营,30-50万,2021-08-28,501504.76,R2,普通,1
C001907,35-44,上海,退休,10-30万,2021-10-02,106700.95,R1,普通,1
C001908,18-24,常州,专业技术,30-50万,2018-05-24,310980.26,R2,银卡,0
C001909,55-64,苏州,退休,10-30万,2022-10-05,166772.35,R3,银卡,1
C001910,55-64,杭州,退休,30-50万,2022-05-25,379339.34,R2,普通,1
C001911,18-24,杭州,退休,10万以下,2021-05-04,36706.68,R2,普通,1
C001912,25-34,常州,个体经营,10-30万,2023-11-28,154662.48,R5,普通,1
C001913,55-64,上海,个体经营,30-50万,2018-06-17,475907.24,R2,普通,1
C001914,35-44,苏州,个体经营,10万以下,2021-04-04,39651.35,R1,钻石,0
C001915,25-34,苏州,退休,10-30万,2020-03-21,78334.56,R1,普通,1
C001916,25-34,深圳,专业技术,10-30万,2022-06-23,75980.53,R2,金卡,1
C001917,45-54,上海,公务员,10-30万,2020-04-01,117469.76,R3,普通,0
C001918,45-54,南京,公务员,10-30万,2019-02-16,118891.47,R1,普通,1
C001919,45-54,无锡,公务员,10万以下,2020-12-06,23104.7,R4,普通,0
C001920,65+,无锡,专业技术,30-50万,2023-02-24,451224.36,R4,金卡,1
C001921,35-44,苏州,退休,10万以下,2020-04-18,47243.08,R2,普通,1
C001922,25-34,深圳,企业职员,10-30万,2019-04-06,217293.22,R3,银卡,1
C001923,35-44,南京,退休,10-30万,2020-03-28,243136.42,R3,普通,1
C001924,35-44,苏州,专业技术,10万以下,2020-06-02,15545.89,R4,普通,1
C001925,25-34,杭州,公务员,10万以下,2021-08-15,16771.79,R2,普通,0
C001926,18-24,南京,企业职员,50万以上,2023-04-14,1297763.52,R3,普通,0
C001927,35-44,无锡,企业职员,10-30万,2020-02-01,124915.19,R1,银卡,1
C001928,45-54,徐州,退休,10万以下,2021-12-22,26628.67,R1,普通,1
C001929,18-24,苏州,公务员,30-50万,2023-01-10,303428.16,R4,普通,1
C001930,35-44,无锡,公务员,10-30万,2021-06-13,103057.04,R2,普通,1
C001931,45-54,南通,个体经营,10万以下,2024-04-12,38200.72,R2,银卡,1
C001932,45-54,深圳,专业技术,10-30万,2021-04-10,61724.47,R2,普通,1
C001933,45-54,北京,个体经营,10-30万,2021-02-13,387288.67,R4,普通,1
C001934,55-64,南京,专业技术,10万以下,2022-01-09,30316.56,R2,金卡,0
C001935,45-54,南通,个体经营,30-50万,2020-03-06,676470.1,R1,普通,1
C001936,25-34,徐州,个体经营,10万以下,2020-11-22,22447.85,R3,金卡,1
C001937,35-44,苏州,专业技术,10万以下,2022-03-18,39979.71,R2,金卡,1
C001938,45-54,苏州,专业技术,10万以下,2020-02-06,31539.57,R2,普通,1
C001939,25-34,南通,退休,30-50万,2023-09-18,613922.53,R3,普通,1
C001940,18-24,无锡,其他,30-50万,2021-05-14,362179.91,R5,银卡,1
C001941,25-34,北京,公务员,50万以上,2023-07-28,3258434.59,R3,钻石,0
C001942,35-44,南京,企业职员,10万以下,2020-10-14,14227.4,R1,普通,1
C001943,35-44,南京,企业职员,30-50万,2024-04-22,643004.33,R2,金卡,1
C001944,25-34,北京,退休,10-30万,2019-03-28,127338.85,R4,普通,1
C001945,55-64,北京,个体经营,10-30万,2024-03-23,72119.78,R2,普通,1
C001946,65+,无锡,个体经营,10万以下,2021-06-01,79617.21,R3,金卡,1
C001947,25-34,上海,退休,30-50万,2020-05-27,1008090.69,R2,普通,1
C001948,65+,杭州,退休,10万以下,2021-11-28,10636.19,R4,银卡,1
C001949,18-24,苏州,其他,10-30万,2023-02-13,131089.98,R2,普通,1
C001950,65+,徐州,其他,10-30万,2022-12-03,170770.92,R5,普通,1
C001951,65+,上海,退休,10万以下,2019-05-04,37414.18,R2,金卡,1
C001952,18-24,苏州,专业技术,50万以上,2023-08-16,3200253.14,R3,普通,1
C001953,45-54,深圳,其他,30-50万,2020-02-19,769146.07,R1,银卡,1
C001954,65+,深圳,企业职员,10-30万,2022-08-28,137014.32,R3,金卡,1
C001955,55-64,常州,其他,10-30万,2024-05-05,374669.22,R2,银卡,1
C001956,65+,南京,个体经营,10-30万,2021-12-20,191696.81,R1,金卡,1
C001957,35-44,北京,公务员,30-50万,2023-11-05,335545.41,R2,金卡,1
C001958,18-24,常州,专业技术,10万以下,2019-10-24,22760.43,R1,普通,1
C001959,55-64,南京,其他,10-30万,2019-10-14,223444.37,R5,银卡,1
C001960,45-54,上海,企业职员,10-30万,2023-02-08,80722.28,R4,普通,1
C001961,45-54,上海,公务员,10-30万,2019-10-04,97770.47,R3,银卡,0
C001962,35-44,南京,专业技术,10-30万,2020-03-09,106453.24,R2,银卡,1
C001963,35-44,苏州,退休,10万以下,2020-05-05,35838.55,R2,普通,1
C001964,25-34,杭州,退休,50万以上,2023-12-10,1361702.73,R2,银卡,0
C001965,45-54,深圳,其他,10万以下,2023-08-24,15529.04,R2,普通,1
C001966,18-24,无锡,退休,10万以下,2023-06-18,53636.9,R3,银卡,0
C001967,45-54,南京,退休,10-30万,2019-06-28,98031.85,R4,普通,1
C001968,55-64,苏州,企业职员,10-30万,2022-06-14,329461.46,R1,普通,0
C001969,35-44,常州,个体经营,10万以下,2021-03-23,34924.63,R1,银卡,0
C001970,35-44,苏州,退休,10-30万,2021-08-02,226126.71,R1,普通,1
C001971,25-34,徐州,退休,30-50万,2018-05-24,548339.87,R2,金卡,0
C001972,65+,南京,个体经营,10万以下,2023-04-29,57900.47,R1,银卡,1
C001973,45-54,杭州,专业技术,50万以上,2019-09-24,1994981.16,R2,金卡,1
C001974,35-44,杭州,公务员,10-30万,2023-09-28,134973.19,R1,银卡,1
C001975,25-34,上海,其他,10-30万,2018-07-11,207287.93,R1,金卡,1
C001976,25-34,苏州,专业技术,10万以下,2021-01-03,103978.43,R3,普通,1
C001977,35-44,徐州,企业职员,30-50万,2022-10-29,349521.85,R5,银卡,1
C001978,65+,无锡,专业技术,30-50万,2021-12-07,595218.19,R1,普通,1
C001979,45-54,无锡,公务员,10万以下,2020-01-11,29921.43,R2,普通,1
C001980,25-34,上海,个体经营,10万以下,2021-11-29,38637.64,R2,金卡,1
C001981,55-64,杭州,个体经营,10万以下,2024-01-04,30639.09,R4,银卡,1
C001982,35-44,杭州,其他,10万以下,2022-07-24,10199.37,R3,普通,0
C001983,55-64,苏州,其他,50万以上,2018-11-25,1357129.42,R3,银卡,0
C001984,25-34,徐州,企业职员,10-30万,2022-03-07,197802.54,R3,普通,1
C001985,45-54,苏州,公务员,10-30万,2021-06-17,81850.01,R5,金卡,1
C001986,65+,徐州,个体经营,50万以上,2023-04-23,2377235.67,R1,普通,1
C001987,25-34,无锡,其他,30-50万,2024-04-02,438460.24,R1,普通,1
C001988,45-54,上海,公务员,30-50万,2022-10-14,363478.19,R2,普通,1
C001989,65+,北京,退休,10-30万,2019-03-10,188745.48,R3,金卡,1
C001990,25-34,苏州,企业职员,10-30万,2021-02-23,168680.69,R1,普通,1
C001991,25-34,杭州,其他,10万以下,2022-02-22,37020.47,R4,普通,0
C001992,45-54,上海,个体经营,10-30万,2021-04-08,199425.72,R3,普通,1
C001993,35-44,南通,公务员,10-30万,2019-07-10,132826.12,R5,普通,1
C001994,18-24,常州,退休,10万以下,2018-12-16,13182.16,R5,普通,0
C001995,35-44,苏州,专业技术,10-30万,2022-07-03,99328.38,R3,普通,1
C001996,45-54,南京,专业技术,10-30万,2019-05-27,48681.08,R4,普通,1
C001997,25-34,南京,其他,10-30万,2019-08-03,166696.39,R3,普通,1
C001998,35-44,上海,个体经营,10万以下,2024-05-16,46960.05,R2,普通,1
C001999,55-64,苏州,专业技术,10-30万,2019-01-12,192162.79,R3,普通,1
C002000,35-44,常州,个体经营,10-30万,2023-01-12,153245.18,R5,普通,0
C002001,55-64,北京,公务员,30-50万,2019-10-20,648996.36,R3,金卡,1
C002002,35-44,上海,公务员,30-50万,2019-01-26,181846.49,R3,普通,0
C002003,65+,南京,专业技术,10万以下,2020-12-17,28429.12,R2,普通,1
C002004,45-54,上海,企业职员,10万以下,2022-07-09,14786.87,R4,普通,1
C002005,25-34,南京,退休,10-30万,2019-04-07,100316.17,R2,金卡,1
C002006,55-64,上海,专业技术,10万以下,2021-07-16,67310.97,R3,金卡,1
C002007,35-44,南京,专业技术,10-30万,2019-10-16,207288.25,R3,普通,1
C002008,25-34,南京,退休,50万以上,2020-05-08,2088837.75,R3,普通,0
C002009,25-34,北京,个体经营,10万以下,2022-06-25,27395.73,R1,普通,1
C002010,45-54,苏州,退休,10-30万,2021-02-21,73017.15,R3,普通,0
C002011,18-24,南京,退休,30-50万,2023-03-17,439210.32,R2,普通,1
C002012,25-34,南京,公务员,10-30万,2024-05-21,209103.57,R2,普通,1
C002013,25-34,无锡,公务员,10万以下,2020-04-05,36823.39,R1,普通,1
C002014,35-44,杭州,个体经营,10万以下,2023-03-04,13576.66,R3,普通,1
C002015,35-44,南京,企业职员,50万以上,2021-04-15,1580546.32,R1,普通,1
C002016,35-44,南京,专业技术,10万以下,2023-10-24,11525.17,R2,普通,1
C002017,25-34,杭州,其他,10-30万,2020-06-21,179393.85,R4,普通,1
C002018,18-24,苏州,退休,30-50万,2023-05-29,282862.43,R2,金卡,1
C002019,45-54,南京,退休,10万以下,2022-12-01,16275.11,R4,普通,1
C002020,35-44,南京,公务员,30-50万,2023-07-12,602103.81,R3,普通,1
C002021,45-54,北京,退休,10万以下,2018-11-22,39681.55,R1,金卡,0
C002022,25-34,常州,企业职员,10万以下,2020-08-30,33696.6,R3,普通,1
C002023,18-24,徐州,个体经营,10-30万,2020-05-28,359008.37,R2,普通,1
C002024,25-34,徐州,其他,50万以上,2021-12-19,2060533.7,R5,银卡,0
C002025,35-44,常州,退休,10万以下,2019-03-31,21730.55,R2,普通,1
C002026,35-44,上海,企业职员,10万以下,2024-01-06,38892.42,R4,普通,1
C002027,55-64,北京,专业技术,50万以上,2021-12-03,1300080.83,R3,银卡,1
C002028,35-44,徐州,其他,10万以下,2023-12-02,56519.0,R4,普通,1
C002029,35-44,杭州,个体经营,30-50万,2020-03-20,460334.39,R1,银卡,1
C002030,45-54,南京,专业技术,10-30万,2018-09-10,145104.39,R3,普通,0
C002031,18-24,常州,个体经营,10-30万,2019-10-20,58341.14,R1,普通,1
C002032,35-44,南通,个体经营,30-50万,2023-06-26,412460.46,R4,普通,0
C002033,35-44,南京,专业技术,30-50万,2019-09-02,388903.65,R2,普通,1
C002034,35-44,南京,公务员,10万以下,2022-11-20,17976.95,R2,银卡,0
C002035,25-34,南京,其他,50万以上,2022-04-26,1342742.77,R3,银卡,0
C002036,55-64,苏州,其他,50万以上,2020-12-15,1865149.72,R2,普通,1
C002037,65+,杭州,企业职员,30-50万,2021-09-07,399131.03,R3,金卡,1
C002038,18-24,南京,公务员,10-30万,2023-04-16,59230.81,R3,普通,1
C002039,45-54,南通,专业技术,10-30万,2021-03-23,104677.41,R1,钻石,1
C002040,45-54,南京,个体经营,10-30万,2023-03-24,94962.24,R3,普通,0
C002041,25-34,南通,退休,10万以下,2020-02-03,33047.77,R2,银卡,1
C002042,55-64,苏州,企业职员,10-30万,2023-12-24,125243.27,R3,银卡,0
C002043,45-54,南京,退休,10-30万,2019-07-15,97678.87,R2,普通,1
C002044,65+,常州,企业职员,10-30万,2018-07-05,95790.17,R2,银卡,0
C002045,65+,苏州,公务员,10-30万,2019-12-02,124101.9,R4,普通,1
C002046,18-24,无锡,退休,10-30万,2020-10-06,194217.78,R4,银卡,1
C002047,35-44,徐州,个体经营,10-30万,2021-10-04,137939.06,R5,金卡,1
C002048,35-44,北京,公务员,10-30万,2021-03-23,244453.82,R3,普通,0
C002049,25-34,徐州,其他,50万以上,2021-05-01,2643385.81,R1,普通,1
C002050,35-44,常州,专业技术,30-50万,2019-01-23,845396.54,R2,银卡,1
C002051,65+,南通,公务员,10万以下,2023-08-25,59472.33,R1,普通,0
C002052,18-24,常州,退休,10万以下,2020-11-01,65540.75,R3,普通,0
C002053,35-44,南通,企业职员,10-30万,2021-02-07,67418.56,R1,普通,1
C002054,55-64,南通,个体经营,10-30万,2022-10-31,165870.09,R5,普通,1
C002055,35-44,常州,公务员,30-50万,2021-12-05,735554.64,R1,银卡,0
C002056,35-44,上海,专业技术,10万以下,2021-07-28,60383.21,R1,银卡,1
C002057,65+,无锡,公务员,10万以下,2024-03-16,20406.18,R4,普通,0
C002058,35-44,南京,公务员,10-30万,2021-07-16,166697.7,R2,普通,1
C002059,25-34,徐州,公务员,30-50万,2023-05-22,415326.97,R1,普通,1
C002060,18-24,杭州,退休,50万以上,2022-01-07,3777246.2,R3,金卡,1
C002061,65+,上海,其他,30-50万,2022-09-27,199900.3,R5,银卡,0
C002062,25-34,苏州,公务员,10-30万,2019-11-17,81683.09,R2,普通,1
C002063,35-44,徐州,企业职员,30-50万,2018-08-19,161765.48,R2,普通,1
C002064,25-34,深圳,专业技术,10万以下,2023-10-03,32249.6,R2,金卡,0
C002065,35-44,南京,专业技术,10-30万,2022-11-14,372192.75,R3,普通,1
C002066,65+,常州,其他,50万以上,2023-06-16,1467109.74,R2,普通,1
C002067,35-44,苏州,退休,10-30万,2021-07-03,126217.73,R3,普通,1
C002068,65+,杭州,退休,50万以上,2022-03-05,1975031.79,R2,普通,1
C002069,25-34,苏州,企业职员,10万以下,2021-09-03,28305.39,R4,金卡,1
C002070,35-44,上海,企业职员,10万以下,2023-12-27,36024.9,R3,金卡,0
C002071,55-64,南京,公务员,10-30万,2019-03-03,145998.68,R3,普通,0
C002072,35-44,南京,个体经营,50万以上,2018-06-20,982835.79,R3,银卡,1
C002073,25-34,南京,退休,10-30万,2018-12-04,114487.81,R2,金卡,1
C002074,55-64,苏州,其他,30-50万,2021-06-06,579653.79,R2,普通,1
C002075,35-44,杭州,退休,10万以下,2020-05-26,47726.44,R3,金卡,1
C002076,35-44,南京,其他,30-50万,2024-02-11,765642.52,R1,普通,0
C002077,65+,南京,个体经营,10-30万,2020-09-26,141912.37,R1,普通,1
C002078,25-34,杭州,专业技术,10万以下,2020-10-02,35840.92,R2,钻石,1
C002079,25-34,无锡,企业职员,30-50万,2019-12-28,582050.36,R1,银卡,1
C002080,18-24,南通,企业职员,30-50万,2019-09-17,297103.17,R2,普通,1
C002081,35-44,南京,退休,10-30万,2024-05-31,87321.98,R3,普通,1
C002082,25-34,北京,个体经营,10万以下,2021-12-17,28185.24,R4,银卡,1
C002083,45-54,常州,退休,10万以下,2021-06-29,15858.23,R2,银卡,0
C002084,25-34,南京,其他,50万以上,2021-07-09,1838436.52,R4,普通,1
C002085,45-54,徐州,专业技术,10-30万,2021-02-08,202761.98,R1,银卡,0
C002086,25-34,无锡,企业职员,30-50万,2020-03-12,280463.26,R5,金卡,0
C002087,35-44,苏州,专业技术,10-30万,2020-11-17,149166.98,R3,银卡,0
C002088,35-44,无锡,退休,30-50万,2023-01-03,292042.41,R2,普通,1
C002089,45-54,常州,公务员,10万以下,2020-06-01,18045.74,R3,钻石,0
C002090,35-44,徐州,个体经营,10-30万,2020-10-25,335382.7,R2,普通,0
C002091,35-44,南京,专业技术,10-30万,2023-03-19,72702.46,R2,银卡,0
C002092,55-64,上海,退休,10万以下,2020-08-12,15824.16,R2,普通,0
C002093,35-44,南京,公务员,10万以下,2021-04-10,33399.97,R5,金卡,0
C002094,25-34,上海,企业职员,10-30万,2019-07-27,137242.92,R4,金卡,1
C002095,55-64,南京,专业技术,30-50万,2022-01-20,558402.83,R3,金卡,1
C002096,35-44,无锡,企业职员,10-30万,2019-01-18,326394.17,R4,普通,1
C002097,18-24,南通,个体经营,10万以下,2021-03-08,20340.88,R1,银卡,1
C002098,35-44,徐州,公务员,50万以上,2018-10-01,1123272.94,R3,普通,1
C002099,25-34,杭州,个体经营,10万以下,2023-10-21,67060.83,R2,普通,1
C002100,25-34,常州,其他,10万以下,2023-08-28,47978.8,R2,金卡,1
C002101,45-54,北京,其他,50万以上,2023-02-06,2237828.05,R4,银卡,0
C002102,25-34,深圳,退休,30-50万,2019-07-02,297832.19,R4,银卡,0
C002103,55-64,深圳,个体经营,50万以上,2021-05-13,2633751.4,R4,普通,0
C002104,65+,苏州,专业技术,30-50万,2020-05-07,597680.28,R3,普通,1
C002105,45-54,南京,企业职员,10-30万,2024-04-19,131928.54,R2,普通,0
C002106,45-54,上海,其他,10万以下,2022-03-08,22392.67,R3,普通,0
C002107,45-54,苏州,其他,10-30万,2022-04-15,126575.57,R1,金卡,0
C002108,65+,上海,个体经营,50万以上,2018-11-09,3420232.57,R4,普通,1
C002109,35-44,南京,企业职员,30-50万,2023-10-14,231477.04,R1,普通,0
C002110,25-34,上海,其他,10-30万,2019-03-27,80446.49,R4,普通,1
C002111,35-44,南京,企业职员,10-30万,2022-03-13,87670.94,R3,普通,1
C002112,35-44,北京,企业职员,10万以下,2019-10-02,24429.39,R1,普通,1
C002113,25-34,徐州,企业职员,10-30万,2022-08-30,119059.5,R1,银卡,0
C002114,45-54,南京,公务员,30-50万,2024-01-26,645968.06,R2,普通,0
C002115,18-24,常州,其他,10万以下,2020-04-28,37784.71,R2,普通,0
C002116,65+,常州,个体经营,10-30万,2023-05-08,123706.55,R4,普通,1
C002117,25-34,北京,公务员,50万以上,2023-07-11,1722818.9,R1,银卡,1
C002118,18-24,常州,其他,10-30万,2018-11-19,163937.82,R2,普通,0
C002119,25-34,南通,个体经营,10-30万,2023-01-19,51761.09,R2,普通,0
C002120,25-34,苏州,退休,10-30万,2018-07-02,205056.15,R1,金卡,0
C002121,25-34,上海,专业技术,10万以下,2022-04-26,19845.77,R2,普通,0
C002122,18-24,南京,企业职员,10万以下,2022-09-29,24033.34,R4,普通,1
C002123,25-34,深圳,退休,10万以下,2021-09-05,35566.89,R3,金卡,1
C002124,25-34,南通,其他,10万以下,2022-09-29,28889.97,R4,普通,1
C002125,35-44,杭州,其他,10万以下,2018-10-30,38269.86,R2,金卡,1
C002126,35-44,上海,退休,10-30万,2020-09-27,128818.66,R2,普通,1
C002127,35-44,南京,退休,10万以下,2019-12-10,25959.33,R1,普通,1
C002128,35-44,苏州,退休,50万以上,2023-12-16,3221490.67,R3,普通,1
C002129,25-34,苏州,其他,10万以下,2022-12-22,42744.06,R1,普通,0
C002130,18-24,苏州,专业技术,10-30万,2020-10-30,139567.79,R1,普通,1
C002131,25-34,南京,其他,30-50万,2021-06-26,565508.01,R3,普通,0
C002132,45-54,杭州,个体经营,10万以下,2018-07-31,21084.38,R1,普通,1
C002133,65+,常州,公务员,10-30万,2020-01-23,355981.09,R3,普通,0
C002134,65+,南通,企业职员,30-50万,2022-08-17,232210.89,R3,普通,1
C002135,35-44,常州,个体经营,10-30万,2021-09-06,126985.9,R3,普通,1
C002136,35-44,南京,专业技术,10万以下,2019-12-10,25997.08,R2,普通,0
C002137,25-34,无锡,个体经营,30-50万,2021-12-12,340106.01,R3,金卡,1
C002138,45-54,苏州,企业职员,10-30万,2021-04-03,95618.22,R2,钻石,1
C002139,45-54,北京,个体经营,10-30万,2019-08-08,81584.29,R1,普通,0
C002140,55-64,上海,专业技术,10万以下,2022-09-07,54345.86,R2,普通,1
C002141,55-64,南京,企业职员,10万以下,2023-10-25,16425.68,R1,普通,1
C002142,35-44,上海,专业技术,30-50万,2021-12-06,654091.01,R2,普通,1
C002143,45-54,南通,个体经营,10-30万,2023-02-04,165962.29,R3,普通,1
C002144,55-64,南京,专业技术,10万以下,2021-02-04,24797.72,R4,金卡,1
C002145,25-34,南京,企业职员,10-30万,2019-04-12,156615.75,R2,金卡,0
C002146,65+,南京,退休,50万以上,2019-10-30,1386129.87,R1,普通,1
C002147,25-34,杭州,个体经营,10万以下,2020-01-09,17299.79,R1,普通,1
C002148,65+,杭州,个体经营,10万以下,2021-02-27,17391.48,R5,普通,1
C002149,45-54,南通,企业职员,10-30万,2019-01-25,166536.17,R2,银卡,1
C002150,25-34,南京,个体经营,10-30万,2018-11-04,162272.48,R2,银卡,0
C002151,45-54,苏州,个体经营,10-30万,2019-11-07,135435.76,R1,普通,0
C002152,18-24,无锡,企业职员,30-50万,2023-09-17,328884.39,R4,普通,0
C002153,45-54,苏州,专业技术,10万以下,2022-08-16,27275.3,R2,银卡,1
C002154,55-64,南通,公务员,10-30万,2018-08-25,101973.72,R1,普通,1
C002155,45-54,南京,个体经营,10-30万,2023-12-24,50099.93,R2,银卡,1
C002156,55-64,南京,企业职员,10-30万,2021-02-05,123732.05,R3,普通,1
C002157,25-34,南通,专业技术,10-30万,2020-07-25,155822.75,R2,普通,1
C002158,25-34,苏州,企业职员,30-50万,2022-01-21,413752.9,R5,普通,1
C002159,35-44,上海,专业技术,10-30万,2020-03-05,290634.46,R4,银卡,0
C002160,18-24,上海,个体经营,30-50万,2023-12-16,242059.48,R3,普通,0
C002161,35-44,徐州,退休,10万以下,2023-02-04,21555.81,R5,普通,1
C002162,25-34,深圳,个体经营,10-30万,2022-08-19,128252.53,R4,普通,1
C002163,35-44,徐州,专业技术,10-30万,2023-05-22,135554.69,R2,金卡,0
C002164,35-44,上海,其他,10-30万,2021-10-11,46380.89,R3,普通,1
C002165,55-64,徐州,公务员,10万以下,2021-08-05,40550.43,R3,金卡,1
C002166,25-34,杭州,企业职员,50万以上,2018-10-09,1698292.83,R3,金卡,0
C002167,55-64,无锡,专业技术,50万以上,2021-06-29,519841.48,R3,普通,0
C002168,35-44,无锡,企业职员,30-50万,2019-11-10,377326.14,R4,金卡,0
C002169,35-44,苏州,公务员,30-50万,2023-11-20,266985.35,R4,普通,0
C002170,35-44,南通,退休,10万以下,2024-01-23,23915.71,R2,银卡,0
C002171,35-44,无锡,退休,10-30万,2022-01-14,61463.37,R3,普通,1
C002172,25-34,深圳,企业职员,10-30万,2022-06-10,147759.52,R3,银卡,1
C002173,35-44,南通,专业技术,30-50万,2018-11-08,965216.8,R4,银卡,1
C002174,25-34,苏州,专业技术,10万以下,2021-06-15,34250.77,R2,普通,1
C002175,35-44,常州,公务员,10万以下,2021-06-24,10191.0,R1,普通,0
C002176,35-44,上海,退休,10-30万,2019-04-18,138419.62,R2,普通,1
C002177,35-44,杭州,退休,10万以下,2019-03-16,27217.99,R1,普通,1
C002178,55-64,徐州,专业技术,30-50万,2019-09-27,230663.12,R1,普通,1
C002179,25-34,南京,公务员,10万以下,2021-10-11,35802.2,R2,银卡,0
C002180,65+,杭州,公务员,10-30万,2023-02-11,186302.95,R1,普通,1
C002181,55-64,北京,专业技术,30-50万,2024-03-15,286350.85,R4,普通,1
C002182,65+,北京,企业职员,10-30万,2024-02-10,52753.25,R2,钻石,1
C002183,55-64,上海,个体经营,10万以下,2019-07-03,10972.16,R2,普通,1
C002184,25-34,南京,其他,10万以下,2023-08-14,21506.49,R3,银卡,1
C002185,35-44,深圳,专业技术,10万以下,2021-12-01,27755.82,R2,普通,1
C002186,25-34,南京,其他,10万以下,2021-05-20,23177.79,R3,银卡,0
C002187,55-64,南京,公务员,10-30万,2021-01-24,85272.39,R4,银卡,1
C002188,45-54,徐州,退休,10-30万,2023-11-16,159403.94,R2,普通,1
C002189,25-34,常州,退休,10万以下,2021-04-06,37811.39,R2,普通,1
C002190,65+,上海,公务员,10万以下,2022-11-29,33148.39,R2,普通,0
C002191,25-34,徐州,公务员,50万以上,2022-05-13,2256260.96,R2,普通,1
C002192,35-44,南京,个体经营,10万以下,2019-06-21,21607.57,R3,银卡,1
C002193,45-54,徐州,专业技术,10-30万,2021-08-23,69422.58,R2,银卡,1
C002194,18-24,杭州,退休,10-30万,2021-12-29,92418.29,R2,普通,0
C002195,45-54,杭州,其他,10万以下,2024-04-26,22321.4,R3,普通,1
C002196,55-64,南京,企业职员,50万以上,2018-06-01,537847.82,R1,普通,1
C002197,18-24,苏州,专业技术,10万以下,2020-11-03,22837.71,R1,普通,1
C002198,35-44,南京,其他,10-30万,2019-11-11,208495.41,R3,普通,1
C002199,25-34,上海,公务员,10-30万,2021-10-20,179095.37,R1,普通,1
C002200,45-54,徐州,其他,30-50万,2022-10-27,520118.4,R3,普通,1
C002201,25-34,常州,其他,10-30万,2022-10-08,128162.73,R4,金卡,1
C002202,65+,苏州,企业职员,30-50万,2024-05-15,825437.72,R3,普通,0
C002203,55-64,上海,公务员,10-30万,2019-01-23,70626.67,R2,普通,0
C002204,25-34,杭州,公务员,10-30万,2021-03-29,74075.01,R2,普通,0
C002205,35-44,常州,企业职员,30-50万,2022-04-17,701774.54,R3,银卡,1
C002206,45-54,南京,个体经营,10-30万,2020-03-01,121667.78,R3,银卡,1
C002207,45-54,常州,个体经营,10-30万,2023-08-20,85790.01,R5,银卡,0
C002208,35-44,北京,个体经营,10万以下,2021-08-02,39533.95,R3,普通,1
C002209,25-34,南通,退休,10万以下,2021-10-14,24094.03,R2,普通,1
C002210,25-34,上海,个体经营,10-30万,2018-12-15,78943.23,R2,银卡,1
C002211,65+,苏州,公务员,10万以下,2019-08-11,19463.12,R4,金卡,0
C002212,35-44,苏州,退休,10-30万,2019-10-16,140930.44,R3,金卡,0
C002213,55-64,南京,专业技术,10万以下,2022-11-07,33251.67,R4,金卡,1
C002214,35-44,苏州,个体经营,10-30万,2021-04-13,256176.11,R3,普通,0
C002215,65+,南京,专业技术,30-50万,2018-07-06,345993.48,R5,普通,1
C002216,25-34,常州,公务员,10-30万,2024-04-20,102916.4,R3,银卡,1
C002217,25-34,无锡,退休,10-30万,2020-06-28,246486.82,R5,银卡,1
C002218,65+,杭州,公务员,10万以下,2022-05-18,49107.94,R4,普通,1
C002219,65+,无锡,企业职员,10万以下,2019-12-13,32254.14,R4,银卡,1
C002220,25-34,南京,个体经营,10-30万,2021-06-09,54980.87,R5,钻石,1
C002221,35-44,南京,公务员,30-50万,2020-03-12,266543.42,R3,普通,1
C002222,35-44,苏州,专业技术,30-50万,2022-11-28,236138.18,R3,普通,1
C002223,35-44,上海,个体经营,10-30万,2019-02-06,122207.16,R3,普通,1
C002224,25-34,徐州,其他,30-50万,2019-05-16,310223.81,R3,普通,1
C002225,55-64,徐州,个体经营,30-50万,2020-07-29,891510.3,R3,银卡,0
C002226,25-34,杭州,企业职员,30-50万,2021-11-10,182316.82,R3,银卡,1
C002227,45-54,苏州,专业技术,30-50万,2023-07-03,223809.38,R2,普通,1
C002228,18-24,常州,退休,10万以下,2023-03-10,33903.28,R4,金卡,1
C002229,18-24,南京,公务员,10万以下,2022-01-05,38935.85,R4,普通,1
C002230,45-54,南京,公务员,10-30万,2019-09-21,32914.84,R3,普通,1
C002231,35-44,无锡,公务员,10-30万,2018-09-18,50389.69,R2,银卡,1
C002232,45-54,上海,退休,30-50万,2020-10-01,350605.86,R4,金卡,1
C002233,25-34,杭州,公务员,10-30万,2018-10-06,236397.23,R3,普通,1
C002234,65+,苏州,公务员,10万以下,2023-03-25,77098.04,R2,普通,1
C002235,45-54,无锡,企业职员,30-50万,2019-12-10,325126.98,R3,银卡,0
C002236,55-64,北京,个体经营,10万以下,2021-03-16,27546.46,R3,金卡,1
C002237,25-34,上海,其他,30-50万,2023-07-28,263230.92,R3,银卡,1
C002238,35-44,上海,个体经营,10万以下,2020-03-26,41173.74,R2,金卡,0
C002239,35-44,无锡,企业职员,10-30万,2018-12-22,257689.8,R2,普通,1
C002240,35-44,苏州,退休,10-30万,2021-09-18,224865.42,R4,普通,1
C002241,25-34,上海,个体经营,10万以下,2022-11-16,29568.13,R5,普通,1
C002242,18-24,南京,企业职员,10万以下,2022-08-05,19725.88,R2,普通,1
C002243,35-44,南通,企业职员,10万以下,2020-10-17,30123.21,R4,银卡,1
C002244,25-34,南京,个体经营,10-30万,2020-04-05,239339.99,R2,普通,1
C002245,35-44,徐州,企业职员,10-30万,2023-02-09,98222.29,R1,普通,1
C002246,25-34,南通,专业技术,30-50万,2020-04-11,161378.1,R3,银卡,1
C002247,25-34,南京,个体经营,10万以下,2019-12-01,25057.99,R1,普通,1
C002248,45-54,无锡,专业技术,10-30万,2024-04-24,104373.82,R1,普通,1
C002249,35-44,南京,公务员,10万以下,2022-02-07,12067.89,R5,银卡,1
C002250,35-44,杭州,企业职员,50万以上,2023-01-02,1684525.25,R3,金卡,1
C002251,35-44,北京,企业职员,30-50万,2019-08-22,515154.51,R2,普通,0
C002252,45-54,苏州,企业职员,50万以上,2020-07-10,3801559.65,R3,普通,1
C002253,35-44,南京,公务员,50万以上,2021-03-15,770494.03,R3,普通,0
C002254,45-54,北京,退休,10-30万,2023-01-24,172906.75,R3,普通,1
C002255,65+,杭州,专业技术,10-30万,2021-07-07,194592.93,R2,普通,1
C002256,35-44,杭州,个体经营,10-30万,2018-08-14,155602.12,R2,普通,1
C002257,55-64,苏州,公务员,30-50万,2018-06-04,241788.59,R3,银卡,1
C002258,55-64,南京,企业职员,10-30万,2023-06-08,70458.82,R3,银卡,1
C002259,18-24,深圳,企业职员,10-30万,2021-07-01,125975.84,R4,普通,1
C002260,35-44,常州,公务员,50万以上,2019-11-28,1569181.17,R2,普通,1
C002261,45-54,苏州,个体经营,30-50万,2022-08-16,302399.09,R4,普通,1
C002262,65+,上海,专业技术,50万以上,2018-05-27,2861321.6,R5,钻石,1
C002263,35-44,上海,其他,10万以下,2021-08-09,24552.69,R2,金卡,1
C002264,25-34,南京,其他,10万以下,2022-04-30,11638.83,R1,金卡,1
C002265,35-44,深圳,公务员,10-30万,2018-09-29,107282.28,R3,普通,1
C002266,25-34,南通,退休,10-30万,2020-10-13,152570.75,R4,银卡,1
C002267,45-54,南京,企业职员,10-30万,2024-01-15,142376.12,R1,普通,1
C002268,35-44,南京,退休,10万以下,2023-10-12,35456.57,R1,普通,1
C002269,45-54,南通,其他,30-50万,2018-07-06,844258.78,R3,普通,1
C002270,55-64,南通,专业技术,10万以下,2020-09-01,17180.97,R4,普通,1
C002271,45-54,南京,专业技术,10-30万,2019-03-06,97089.92,R1,普通,0
C002272,45-54,南通,个体经营,30-50万,2018-06-20,866092.37,R2,普通,0
C002273,45-54,无锡,其他,10-30万,2019-12-06,44872.13,R2,普通,1
C002274,55-64,无锡,其他,10-30万,2018-07-22,116821.2,R5,普通,1
C002275,55-64,深圳,退休,10万以下,2018-09-01,55459.77,R3,普通,1
C002276,18-24,苏州,企业职员,10万以下,2021-12-08,55048.0,R2,普通,0
C002277,35-44,北京,其他,30-50万,2020-07-26,556419.63,R4,银卡,1
C002278,25-34,苏州,退休,10-30万,2019-06-22,169052.85,R3,普通,1
C002279,55-64,南京,个体经营,10万以下,2018-09-16,17826.49,R4,普通,1
C002280,45-54,南京,公务员,50万以上,2019-06-09,2980388.47,R2,金卡,0
C002281,35-44,深圳,退休,10-30万,2019-07-21,65855.36,R1,普通,1
C002282,25-34,南京,专业技术,30-50万,2022-06-12,226163.47,R2,普通,1
C002283,35-44,南京,退休,10-30万,2021-10-31,145682.39,R2,普通,1
C002284,45-54,苏州,其他,50万以上,2019-06-17,1172288.55,R4,普通,1
C002285,25-34,徐州,个体经营,10万以下,2023-08-27,33266.33,R3,普通,1
C002286,25-34,无锡,其他,10万以下,2023-06-09,37210.13,R2,金卡,0
C002287,55-64,南京,个体经营,30-50万,2019-09-02,973131.69,R3,金卡,1
C002288,45-54,常州,其他,30-50万,2018-07-09,496869.21,R3,普通,1
C002289,25-34,北京,公务员,10-30万,2021-11-23,88078.16,R3,普通,1
C002290,25-34,北京,退休,10万以下,2019-03-18,42074.48,R1,普通,1
C002291,65+,深圳,退休,10-30万,2022-04-11,79171.36,R5,银卡,1
C002292,45-54,苏州,个体经营,30-50万,2021-05-04,631464.87,R3,金卡,0
C002293,45-54,南京,其他,30-50万,2018-07-20,413136.69,R4,普通,1
C002294,25-34,南京,个体经营,10-30万,2022-02-04,146608.19,R3,金卡,1
C002295,25-34,杭州,退休,10万以下,2019-02-03,12315.64,R3,普通,1
C002296,18-24,上海,专业技术,10-30万,2018-09-19,38943.78,R1,银卡,1
C002297,45-54,徐州,企业职员,30-50万,2019-12-20,188812.12,R3,普通,0
C002298,18-24,常州,公务员,10-30万,2023-12-27,287256.97,R1,普通,1
C002299,18-24,无锡,退休,10-30万,2018-08-18,67586.91,R5,银卡,0
C002300,45-54,常州,个体经营,50万以上,2021-05-31,2163267.93,R2,银卡,1
C002301,65+,无锡,其他,10万以下,2022-09-02,21763.7,R2,银卡,1
C002302,45-54,常州,企业职员,10-30万,2021-06-25,106428.85,R3,普通,1
C002303,35-44,南京,退休,10-30万,2021-10-06,117346.56,R3,普通,1
C002304,35-44,南京,其他,10-30万,2022-02-13,272975.2,R3,银卡,0
C002305,35-44,南京,其他,30-50万,2020-05-02,535776.62,R4,普通,1
C002306,35-44,深圳,退休,10-30万,2023-09-27,145475.59,R3,金卡,0
C002307,35-44,深圳,个体经营,10-30万,2020-08-08,229485.76,R4,银卡,1
C002308,35-44,上海,企业职员,10万以下,2022-11-25,21858.7,R2,普通,1
C002309,45-54,杭州,公务员,30-50万,2019-08-25,682413.68,R3,普通,1
C002310,55-64,南京,专业技术,10万以下,2018-06-30,47080.02,R4,银卡,1
C002311,65+,南京,其他,10万以下,2021-07-27,46812.35,R2,普通,1
C002312,18-24,南京,退休,10-30万,2019-07-20,111050.32,R2,普通,0
C002313,35-44,南京,专业技术,10-30万,2022-06-26,96431.63,R1,普通,1
C002314,25-34,上海,其他,50万以上,2019-05-14,970982.62,R3,普通,1
C002315,35-44,南京,公务员,30-50万,2021-03-15,267166.85,R3,金卡,1
C002316,25-34,深圳,公务员,30-50万,2021-05-07,252890.85,R2,普通,1
C002317,25-34,徐州,企业职员,10-30万,2023-10-21,144158.82,R1,金卡,1
C002318,45-54,南京,专业技术,10-30万,2020-06-05,107052.95,R1,金卡,1
C002319,35-44,杭州,公务员,50万以上,2019-08-26,1861095.34,R3,银卡,1
C002320,55-64,杭州,公务员,10-30万,2021-05-16,153152.28,R1,银卡,1
C002321,18-24,南通,企业职员,30-50万,2023-06-15,235470.71,R4,普通,0
C002322,18-24,南京,其他,10-30万,2020-05-02,69589.07,R5,普通,0
C002323,35-44,无锡,公务员,10万以下,2020-08-24,26758.9,R3,银卡,0
C002324,25-34,南通,其他,10-30万,2019-03-20,81445.28,R4,普通,0
C002325,25-34,上海,公务员,10万以下,2018-08-30,19317.11,R5,普通,1
C002326,65+,苏州,企业职员,10万以下,2022-12-15,70038.21,R3,金卡,1
C002327,25-34,北京,其他,10万以下,2022-08-28,13936.62,R3,银卡,1
C002328,25-34,苏州,公务员,10万以下,2018-09-09,82494.33,R4,普通,0
C002329,35-44,深圳,退休,10-30万,2023-09-14,138646.83,R3,银卡,1
C002330,35-44,南京,企业职员,30-50万,2018-11-30,654966.24,R2,银卡,0
C002331,45-54,杭州,公务员,10-30万,2023-06-27,185241.09,R1,金卡,1
C002332,35-44,南京,个体经营,30-50万,2021-11-21,544541.49,R3,银卡,1
C002333,55-64,上海,退休,10-30万,2023-08-01,275450.42,R4,普通,1
C002334,25-34,杭州,企业职员,10万以下,2018-07-14,17461.34,R3,银卡,0
C002335,35-44,苏州,专业技术,10万以下,2021-05-27,27743.68,R2,银卡,1
C002336,45-54,南京,退休,50万以上,2019-02-06,979259.75,R3,普通,1
C002337,55-64,深圳,企业职员,10-30万,2024-03-24,51390.43,R4,银卡,1
C002338,35-44,深圳,个体经营,50万以上,2024-03-04,1077716.61,R3,普通,1
C002339,35-44,上海,其他,10-30万,2021-03-17,306055.25,R3,金卡,1
C002340,18-24,无锡,专业技术,30-50万,2024-02-29,366768.62,R2,金卡,1
C002341,25-34,南京,退休,30-50万,2021-02-20,1078387.77,R2,普通,1
C002342,18-24,无锡,退休,50万以上,2020-02-26,4256208.28,R4,普通,0
C002343,45-54,上海,个体经营,10万以下,2021-06-22,134123.71,R1,普通,1
C002344,25-34,南京,退休,50万以上,2019-09-11,3889231.65,R4,普通,1
C002345,45-54,南京,其他,10-30万,2023-10-20,390160.3,R1,普通,1
C002346,18-24,北京,公务员,30-50万,2022-12-01,470618.75,R5,普通,1
C002347,55-64,上海,企业职员,10-30万,2023-06-14,134512.33,R2,普通,1
C002348,55-64,上海,退休,10-30万,2021-05-30,139060.82,R3,银卡,1
C002349,25-34,深圳,公务员,10-30万,2022-01-11,120003.73,R3,普通,1
C002350,18-24,常州,专业技术,30-50万,2021-03-02,431081.05,R3,普通,1
C002351,18-24,苏州,企业职员,10万以下,2023-06-30,43697.4,R4,普通,1
C002352,55-64,北京,公务员,10-30万,2021-09-24,95067.09,R1,普通,0
C002353,25-34,深圳,退休,10-30万,2019-10-22,60260.67,R2,普通,0
C002354,35-44,南京,企业职员,30-50万,2023-12-31,479754.23,R2,金卡,1
C002355,35-44,苏州,个体经营,10-30万,2019-09-04,84867.34,R3,普通,1
C002356,55-64,无锡,退休,10-30万,2023-02-05,89376.25,R3,金卡,1
C002357,35-44,南京,个体经营,10-30万,2019-03-09,111733.34,R2,普通,1
C002358,35-44,苏州,企业职员,10-30万,2019-07-06,99625.7,R4,普通,0
C002359,65+,南京,专业技术,10-30万,2021-09-21,209037.36,R2,金卡,0
C002360,25-34,上海,企业职员,30-50万,2023-12-23,368003.99,R2,普通,0
C002361,55-64,南京,专业技术,30-50万,2022-02-04,714576.0,R2,普通,1
C002362,18-24,北京,个体经营,10-30万,2020-09-01,133020.05,R3,普通,1
C002363,35-44,南通,专业技术,10万以下,2022-05-16,28701.03,R1,金卡,0
C002364,55-64,苏州,其他,10-30万,2020-08-05,129878.84,R4,普通,1
C002365,45-54,杭州,其他,10万以下,2019-06-17,15727.05,R3,普通,1
C002366,45-54,徐州,退休,10万以下,2018-08-27,35524.98,R3,金卡,0
C002367,25-34,上海,个体经营,30-50万,2022-01-07,611588.21,R2,银卡,1
C002368,35-44,北京,退休,10-30万,2018-06-20,196943.51,R4,银卡,1
C002369,35-44,杭州,企业职员,10-30万,2022-12-01,61032.39,R4,普通,1
C002370,35-44,上海,公务员,50万以上,2018-09-21,701857.43,R3,银卡,0
C002371,35-44,上海,个体经营,10万以下,2023-07-22,22937.84,R2,普通,1
C002372,35-44,无锡,其他,10万以下,2021-02-26,59951.06,R2,普通,1
C002373,25-34,徐州,个体经营,10万以下,2020-05-12,33504.68,R2,普通,1
C002374,25-34,南通,个体经营,10万以下,2024-03-01,20365.65,R2,金卡,1
C002375,35-44,深圳,其他,30-50万,2021-09-29,193445.31,R3,普通,1
C002376,25-34,常州,其他,30-50万,2022-09-29,284140.8,R2,普通,1
C002377,55-64,苏州,企业职员,10-30万,2019-07-03,82410.77,R4,普通,1
C002378,45-54,无锡,专业技术,10万以下,2021-07-20,47894.77,R2,银卡,1
C002379,25-34,无锡,退休,10-30万,2023-10-16,199091.37,R3,银卡,0
C002380,45-54,常州,专业技术,10万以下,2024-03-06,17747.53,R5,普通,1
C002381,55-64,南通,其他,10-30万,2024-04-09,174875.58,R2,普通,1
C002382,25-34,深圳,其他,10-30万,2024-03-11,166146.54,R1,普通,1
C002383,25-34,苏州,公务员,10万以下,2021-06-30,16632.47,R3,普通,1
C002384,18-24,深圳,其他,30-50万,2022-06-19,383582.68,R3,银卡,1
C002385,18-24,上海,个体经营,30-50万,2023-02-28,474316.37,R4,普通,0
C002386,45-54,南京,企业职员,10-30万,2022-01-30,130204.91,R4,普通,0
C002387,65+,苏州,个体经营,10-30万,2021-10-12,51020.18,R3,普通,0
C002388,18-24,北京,公务员,10-30万,2020-12-01,128134.82,R5,普通,1
C002389,45-54,杭州,其他,10万以下,2021-06-01,41236.75,R2,银卡,1
C002390,18-24,南京,专业技术,10万以下,2018-10-18,66088.48,R2,银卡,0
C002391,45-54,南通,公务员,10-30万,2022-02-28,85892.47,R2,银卡,0
C002392,45-54,苏州,企业职员,50万以上,2022-01-22,1141951.37,R3,普通,1
C002393,35-44,徐州,个体经营,10-30万,2021-12-07,108100.18,R2,银卡,1
C002394,18-24,南京,公务员,10-30万,2024-02-16,138809.11,R1,普通,1
C002395,45-54,苏州,个体经营,10-30万,2019-11-26,125964.56,R5,普通,1
C002396,65+,无锡,公务员,10-30万,2021-02-28,162332.34,R2,银卡,1
C002397,25-34,常州,专业技术,10万以下,2022-01-05,17091.89,R2,普通,1
C002398,25-34,苏州,专业技术,10-30万,2022-04-05,146337.94,R2,普通,1
C002399,25-34,上海,退休,50万以上,2021-04-17,1034954.45,R1,普通,0
C002400,35-44,杭州,专业技术,30-50万,2018-12-27,372336.34,R1,银卡,1
C002401,45-54,徐州,退休,50万以上,2022-01-06,3523560.28,R2,普通,0
C002402,55-64,北京,公务员,10万以下,2021-10-25,14910.65,R2,银卡,0
C002403,45-54,杭州,企业职员,10-30万,2023-08-12,104350.77,R4,普通,0
C002404,55-64,南京,专业技术,10-30万,2022-06-24,63444.71,R2,普通,1
C002405,55-64,南京,其他,10万以下,2019-11-26,32386.17,R3,普通,1
C002406,25-34,徐州,个体经营,10万以下,2020-01-21,50668.98,R3,银卡,1
C002407,35-44,上海,退休,30-50万,2019-07-25,435411.74,R4,银卡,1
C002408,25-34,深圳,其他,10-30万,2021-06-11,113197.47,R4,普通,1
C002409,35-44,南京,企业职员,10-30万,2018-12-29,233152.54,R3,银卡,1
C002410,65+,苏州,企业职员,10万以下,2021-01-26,35390.68,R1,普通,1
C002411,45-54,杭州,专业技术,10-30万,2023-08-18,180778.91,R1,钻石,1
C002412,65+,北京,其他,10万以下,2023-07-02,42898.04,R1,普通,1
C002413,35-44,常州,退休,10万以下,2021-06-05,7121.21,R4,普通,0
C002414,35-44,常州,其他,10-30万,2022-02-26,115486.93,R3,银卡,0
C002415,35-44,杭州,企业职员,10-30万,2023-10-08,69997.15,R1,普通,1
C002416,25-34,无锡,专业技术,50万以上,2024-02-19,990848.79,R1,银卡,0
C002417,25-34,上海,退休,10-30万,2020-09-09,250832.35,R4,普通,1
C002418,35-44,深圳,退休,10万以下,2019-11-14,24873.29,R3,普通,1
C002419,18-24,苏州,企业职员,10万以下,2023-02-02,77283.58,R1,普通,1
C002420,65+,苏州,企业职员,30-50万,2022-12-08,197872.0,R4,普通,1
C002421,25-34,北京,其他,10万以下,2021-03-12,17450.39,R3,普通,1
C002422,25-34,无锡,个体经营,10万以下,2023-09-09,43920.13,R2,普通,0
C002423,45-54,南京,公务员,10-30万,2019-05-16,101170.38,R2,银卡,1
C002424,25-34,常州,公务员,10万以下,2020-11-12,34982.96,R3,普通,1
C002425,55-64,徐州,公务员,10-30万,2022-03-28,113447.29,R2,普通,1
C002426,45-54,苏州,专业技术,10-30万,2020-12-04,111743.23,R5,银卡,1
C002427,18-24,上海,专业技术,10万以下,2023-06-08,25766.61,R4,普通,1
C002428,45-54,苏州,其他,30-50万,2022-07-07,437558.86,R3,金卡,1
C002429,45-54,南京,个体经营,10-30万,2021-03-18,165390.76,R3,普通,1
C002430,45-54,苏州,企业职员,10-30万,2018-08-14,268997.7,R5,金卡,1
C002431,55-64,常州,专业技术,10万以下,2019-05-02,27111.04,R1,银卡,1
C002432,45-54,杭州,个体经营,10-30万,2020-08-02,98560.7,R1,普通,1
C002433,45-54,常州,公务员,10万以下,2022-05-25,23103.1,R4,普通,0
C002434,35-44,杭州,退休,10-30万,2018-11-01,250230.79,R2,普通,0
C002435,45-54,南京,其他,10万以下,2023-08-22,42366.58,R3,普通,1
C002436,65+,无锡,个体经营,50万以上,2022-08-09,580391.96,R3,普通,0
C002437,45-54,无锡,退休,10万以下,2021-10-29,11354.76,R2,银卡,1
C002438,45-54,杭州,专业技术,50万以上,2021-02-03,990481.76,R2,银卡,1
C002439,35-44,徐州,退休,50万以上,2020-05-09,1682932.54,R3,普通,0
C002440,45-54,上海,个体经营,10-30万,2021-12-04,118008.5,R1,银卡,0
C002441,65+,苏州,公务员,10-30万,2018-09-26,155225.83,R1,普通,1
C002442,25-34,北京,专业技术,10-30万,2021-12-04,109921.89,R2,普通,0
C002443,25-34,杭州,个体经营,50万以上,2020-08-15,3016733.11,R1,普通,0
C002444,35-44,北京,企业职员,10-30万,2024-02-16,176539.99,R3,普通,1
C002445,35-44,苏州,退休,10-30万,2023-06-21,124746.05,R5,普通,1
C002446,35-44,南京,专业技术,10万以下,2023-02-03,53189.82,R3,普通,1
C002447,18-24,徐州,专业技术,30-50万,2024-05-29,175389.89,R3,普通,1
C002448,35-44,常州,专业技术,10万以下,2019-03-07,28750.64,R2,金卡,1
C002449,45-54,上海,其他,10万以下,2020-08-26,32135.25,R5,银卡,0
C002450,45-54,南京,公务员,10万以下,2019-04-19,40537.02,R4,金卡,0
C002451,45-54,南通,企业职员,10-30万,2022-05-31,50902.33,R4,普通,1
C002452,45-54,南京,专业技术,30-50万,2023-10-13,351166.72,R2,金卡,1
C002453,45-54,常州,其他,30-50万,2022-06-10,488673.68,R1,普通,1
C002454,55-64,南京,个体经营,10万以下,2024-04-22,38083.4,R1,普通,1
C002455,45-54,北京,个体经营,10-30万,2022-08-03,217143.12,R2,普通,1
C002456,35-44,南京,专业技术,30-50万,2023-10-20,585354.25,R1,普通,1
C002457,45-54,南通,个体经营,10-30万,2023-02-16,116404.21,R4,普通,1
C002458,25-34,南京,专业技术,10万以下,2020-07-26,42042.64,R1,银卡,1
C002459,25-34,南京,其他,10-30万,2018-08-15,108506.48,R2,银卡,1
C002460,35-44,常州,个体经营,10-30万,2022-12-21,129137.63,R4,普通,1
C002461,55-64,南京,个体经营,50万以上,2018-07-01,2231929.11,R5,银卡,0
C002462,45-54,南通,退休,10-30万,2019-10-28,117312.5,R2,普通,0
C002463,25-34,南京,退休,10万以下,2023-09-10,35952.27,R2,普通,1
C002464,45-54,上海,个体经营,30-50万,2024-05-19,646852.91,R4,普通,1
C002465,25-34,杭州,专业技术,10万以下,2023-09-26,42831.76,R5,普通,0
C002466,45-54,上海,个体经营,30-50万,2020-02-08,741148.1,R3,普通,1
C002467,55-64,南京,个体经营,10-30万,2020-05-17,384412.38,R2,普通,0
C002468,45-54,常州,个体经营,10万以下,2019-01-28,42634.39,R3,普通,1
C002469,45-54,南京,企业职员,10-30万,2021-04-02,95282.43,R4,金卡,0
C002470,35-44,无锡,个体经营,10万以下,2024-02-23,38749.15,R1,金卡,1
C002471,35-44,杭州,公务员,10万以下,2018-05-24,37924.85,R2,钻石,1
C002472,55-64,南京,退休,10-30万,2019-03-11,163081.01,R4,普通,1
C002473,45-54,苏州,专业技术,30-50万,2020-02-06,844692.51,R3,普通,1
C002474,35-44,杭州,退休,30-50万,2018-11-20,172329.58,R1,普通,1
C002475,35-44,无锡,公务员,10-30万,2022-09-25,255803.8,R3,银卡,1
C002476,18-24,苏州,企业职员,10万以下,2021-03-10,75671.82,R3,普通,0
C002477,25-34,深圳,个体经营,10-30万,2021-03-17,159417.58,R2,银卡,1
C002478,25-34,南京,个体经营,10-30万,2022-09-14,161347.32,R2,钻石,1
C002479,35-44,上海,个体经营,10万以下,2018-06-01,26585.74,R2,普通,1
C002480,65+,南京,企业职员,30-50万,2021-01-09,401266.8,R5,金卡,1
C002481,35-44,深圳,公务员,50万以上,2018-11-18,2126422.92,R1,普通,1
C002482,25-34,上海,退休,10万以下,2022-07-18,41180.86,R4,普通,0
C002483,25-34,苏州,其他,30-50万,2021-06-07,573535.26,R3,普通,1
C002484,35-44,深圳,其他,10-30万,2018-10-17,164157.45,R4,普通,0
C002485,55-64,南京,专业技术,10万以下,2023-05-03,47011.51,R5,普通,1
C002486,35-44,杭州,专业技术,10-30万,2021-02-21,177827.87,R5,普通,1
C002487,45-54,上海,专业技术,10万以下,2019-08-14,17975.74,R4,普通,0
C002488,55-64,南京,个体经营,10万以下,2019-08-09,45482.67,R2,普通,0
C002489,25-34,南通,公务员,50万以上,2019-11-21,3799078.04,R2,银卡,1
C002490,45-54,南京,企业职员,10-30万,2020-09-28,118412.98,R2,普通,0
C002491,65+,南通,企业职员,10万以下,2024-05-17,63493.49,R3,普通,1
C002492,35-44,南通,公务员,10-30万,2022-09-05,75856.55,R2,钻石,1
C002493,18-24,无锡,个体经营,50万以上,2019-08-17,1477843.3,R2,金卡,1
C002494,65+,杭州,专业技术,10-30万,2021-05-27,87087.44,R1,钻石,1
C002495,55-64,北京,其他,50万以上,2022-04-03,2989409.08,R3,普通,0
C002496,35-44,常州,其他,30-50万,2019-02-12,908416.36,R1,普通,1
C002497,35-44,上海,公务员,10-30万,2022-05-08,114193.42,R2,银卡,1
C002498,25-34,南京,专业技术,10-30万,2022-02-09,215513.27,R3,金卡,1
C002499,55-64,深圳,专业技术,10-30万,2021-12-24,273911.5,R3,普通,1
C002500,35-44,杭州,其他,30-50万,2022-05-12,393470.11,R4,钻石,1
C002501,18-24,深圳,个体经营,10-30万,2021-05-15,128043.18,R3,普通,0
C002502,45-54,上海,个体经营,10万以下,2018-08-27,43293.61,R4,银卡,0
C002503,65+,苏州,退休,10万以下,2018-05-30,19686.41,R2,普通,1
C002504,55-64,苏州,企业职员,10-30万,2022-05-28,126791.06,R1,普通,1
C002505,25-34,常州,企业职员,30-50万,2022-03-10,1167778.03,R3,普通,1
C002506,18-24,南京,专业技术,30-50万,2019-03-29,311518.21,R1,普通,1
C002507,65+,南通,公务员,10-30万,2020-12-13,183902.34,R4,银卡,1
C002508,65+,无锡,公务员,10万以下,2023-05-05,38981.98,R5,普通,1
C002509,35-44,上海,退休,10万以下,2021-02-08,27641.39,R2,普通,1
C002510,45-54,徐州,公务员,30-50万,2019-08-25,446880.89,R3,银卡,1
C002511,35-44,苏州,企业职员,10-30万,2021-12-26,288242.37,R2,普通,0
C002512,35-44,上海,企业职员,30-50万,2020-09-16,527560.27,R2,普通,1
C002513,25-34,苏州,其他,10万以下,2019-10-01,42781.54,R2,普通,1
C002514,25-34,苏州,专业技术,10-30万,2023-09-10,267180.08,R3,普通,1
C002515,25-34,无锡,企业职员,50万以上,2018-07-18,1297915.98,R5,普通,0
C002516,55-64,南京,公务员,10万以下,2024-01-12,17774.06,R2,金卡,1
C002517,25-34,苏州,公务员,10万以下,2023-09-24,72629.49,R3,金卡,1
C002518,25-34,苏州,其他,10-30万,2022-08-14,128477.35,R2,普通,1
C002519,35-44,南京,专业技术,10-30万,2024-04-18,187596.27,R2,普通,1
C002520,25-34,苏州,其他,50万以上,2020-06-15,1024598.18,R3,银卡,1
C002521,25-34,常州,个体经营,50万以上,2021-04-02,1821623.73,R3,普通,0
C002522,35-44,杭州,退休,30-50万,2022-03-31,231134.12,R3,普通,1
C002523,35-44,南京,企业职员,10万以下,2018-06-20,30971.5,R5,钻石,0
C002524,45-54,苏州,个体经营,10-30万,2022-10-13,86793.36,R1,金卡,0
C002525,55-64,南京,个体经营,30-50万,2019-02-13,257916.88,R3,金卡,1
C002526,25-34,南京,企业职员,10-30万,2020-11-28,103123.82,R2,普通,1
C002527,55-64,苏州,公务员,50万以上,2020-03-29,476527.32,R4,普通,1
C002528,55-64,常州,退休,10-30万,2018-09-05,67191.08,R1,银卡,0
C002529,55-64,上海,退休,10万以下,2022-11-20,44362.94,R1,普通,0
C002530,45-54,上海,企业职员,10-30万,2023-09-06,142782.85,R3,银卡,0
C002531,45-54,北京,公务员,10-30万,2019-08-23,70133.34,R2,普通,1
C002532,45-54,北京,个体经营,10万以下,2020-07-13,39453.95,R3,金卡,1
C002533,45-54,南京,公务员,10-30万,2023-03-24,77353.45,R5,普通,1
C002534,18-24,南京,企业职员,30-50万,2018-12-02,573895.02,R2,普通,1
C002535,65+,常州,企业职员,10万以下,2020-02-04,28314.61,R3,金卡,0
C002536,45-54,南通,专业技术,10-30万,2021-02-26,101995.65,R5,银卡,0
C002537,55-64,南通,个体经营,10-30万,2023-08-15,114658.7,R3,普通,1
C002538,35-44,常州,专业技术,30-50万,2018-08-10,1438316.74,R1,钻石,1
C002539,18-24,深圳,退休,10-30万,2021-04-02,82112.56,R4,银卡,1
C002540,35-44,常州,专业技术,50万以上,2020-10-24,1679917.09,R3,普通,1
C002541,35-44,北京,专业技术,50万以上,2024-04-01,2216987.88,R4,普通,1
C002542,35-44,深圳,退休,10-30万,2020-05-13,74164.48,R3,金卡,0
C002543,35-44,无锡,公务员,10万以下,2019-05-21,13518.63,R2,普通,1
C002544,25-34,南京,公务员,30-50万,2019-08-26,296164.63,R4,银卡,1
C002545,35-44,苏州,退休,10万以下,2022-02-22,43856.76,R1,金卡,1
C002546,35-44,苏州,公务员,30-50万,2023-03-19,337128.05,R4,普通,1
C002547,65+,北京,其他,10-30万,2021-09-29,106904.81,R4,银卡,1
C002548,25-34,深圳,个体经营,10-30万,2021-01-15,189213.61,R5,银卡,1
C002549,25-34,南京,企业职员,10-30万,2022-10-18,80183.7,R1,普通,1
C002550,25-34,南京,退休,10-30万,2020-09-18,114791.12,R2,银卡,1
C002551,35-44,杭州,个体经营,50万以上,2018-11-06,703663.22,R1,金卡,1
C002552,35-44,南通,企业职员,10万以下,2023-09-10,35217.99,R2,普通,1
C002553,45-54,上海,公务员,50万以上,2022-12-06,1682395.46,R2,普通,1
C002554,65+,苏州,其他,10万以下,2021-09-02,44654.97,R3,普通,1
C002555,25-34,南京,个体经营,30-50万,2023-05-16,225616.46,R2,普通,0
C002556,45-54,苏州,公务员,50万以上,2019-10-10,1362772.62,R5,普通,1
C002557,18-24,南京,专业技术,10-30万,2024-01-19,63323.5,R2,银卡,0
C002558,25-34,无锡,企业职员,10万以下,2024-03-03,26526.49,R2,普通,0
C002559,35-44,南京,个体经营,30-50万,2022-04-16,839124.08,R3,普通,0
C002560,18-24,常州,专业技术,30-50万,2021-12-04,340729.25,R2,普通,0
C002561,45-54,杭州,其他,10-30万,2020-03-01,60614.36,R3,银卡,0
C002562,45-54,南京,公务员,10-30万,2023-07-16,85417.6,R3,金卡,1
C002563,45-54,北京,退休,30-50万,2019-09-11,178750.08,R3,金卡,1
C002564,35-44,南京,个体经营,10万以下,2023-05-11,15694.51,R3,银卡,1
C002565,45-54,徐州,其他,10-30万,2018-09-13,167835.65,R4,普通,1
C002566,35-44,苏州,企业职员,10-30万,2021-04-30,58227.06,R5,金卡,1
C002567,18-24,杭州,企业职员,10万以下,2019-10-19,35070.55,R1,金卡,1
C002568,25-34,南京,个体经营,30-50万,2024-03-28,405181.81,R3,金卡,1
C002569,45-54,无锡,退休,10-30万,2020-02-05,91994.39,R4,银卡,1
C002570,65+,深圳,公务员,50万以上,2021-11-09,1680581.89,R1,普通,1
C002571,18-24,南京,企业职员,10-30万,2021-05-23,75088.02,R3,普通,1
C002572,35-44,上海,公务员,10-30万,2024-04-05,182712.51,R3,普通,1
C002573,45-54,上海,公务员,10-30万,2020-09-03,84632.77,R1,普通,0
C002574,55-64,苏州,个体经营,10-30万,2018-11-03,98919.69,R2,普通,0
C002575,35-44,南京,专业技术,30-50万,2018-06-03,310687.95,R4,金卡,1
C002576,45-54,杭州,退休,10-30万,2019-02-05,169394.2,R1,普通,1
C002577,45-54,北京,企业职员,30-50万,2020-02-04,525151.35,R1,普通,1
C002578,55-64,南京,退休,10-30万,2023-02-21,32350.88,R4,银卡,1
C002579,25-34,杭州,其他,10万以下,2022-03-12,34066.65,R4,普通,1
C002580,65+,杭州,个体经营,10万以下,2024-01-08,12539.72,R3,普通,1
C002581,18-24,南通,公务员,30-50万,2023-01-23,337242.98,R2,银卡,1
C002582,55-64,上海,其他,10-30万,2022-11-27,113681.96,R1,普通,1
C002583,18-24,南京,其他,10-30万,2020-05-25,100631.23,R4,普通,1
C002584,25-34,常州,企业职员,10-30万,2024-03-30,154146.18,R2,普通,1
C002585,18-24,深圳,其他,10-30万,2018-10-26,172006.11,R4,普通,1
C002586,35-44,上海,其他,10-30万,2019-12-28,81512.7,R3,普通,1
C002587,35-44,苏州,公务员,10-30万,2020-05-13,80045.34,R1,普通,0
C002588,25-34,徐州,其他,50万以上,2020-12-16,1473263.98,R3,钻石,1
C002589,35-44,南京,公务员,10万以下,2022-11-20,13864.5,R4,普通,0
C002590,35-44,苏州,专业技术,10-30万,2021-02-20,94538.08,R4,普通,1
C002591,45-54,南京,退休,10万以下,2020-07-29,58864.39,R3,普通,1
C002592,55-64,南京,企业职员,30-50万,2019-04-14,188352.32,R1,银卡,1
C002593,45-54,常州,其他,10-30万,2020-04-20,101233.84,R3,普通,0
C002594,25-34,苏州,其他,10-30万,2019-07-17,89241.07,R3,银卡,1
C002595,25-34,上海,个体经营,30-50万,2021-08-31,1090180.42,R3,金卡,0
C002596,55-64,北京,个体经营,10-30万,2021-12-14,91703.55,R2,普通,1
C002597,25-34,常州,个体经营,10万以下,2019-09-18,23601.07,R4,金卡,1
C002598,35-44,南京,公务员,10-30万,2020-09-27,71672.65,R3,普通,1
C002599,65+,深圳,其他,10万以下,2022-01-16,30140.15,R2,银卡,1
C002600,65+,南京,其他,30-50万,2021-10-03,457852.96,R2,银卡,1
C002601,35-44,南通,专业技术,30-50万,2021-01-23,256866.02,R2,普通,1
C002602,45-54,南京,个体经营,30-50万,2020-08-28,655780.38,R2,普通,1
C002603,35-44,北京,退休,30-50万,2022-03-30,458058.24,R2,普通,1
C002604,45-54,苏州,个体经营,30-50万,2023-07-03,612417.46,R3,普通,1
C002605,18-24,深圳,退休,10-30万,2019-01-02,101842.14,R1,普通,1
C002606,25-34,深圳,专业技术,10万以下,2022-08-10,33878.8,R2,银卡,1
C002607,45-54,深圳,公务员,10-30万,2023-06-11,107871.8,R1,普通,1
C002608,25-34,杭州,其他,50万以上,2022-11-24,3109014.77,R2,普通,1
C002609,45-54,上海,个体经营,50万以上,2019-03-08,1589782.44,R2,普通,1
C002610,35-44,深圳,专业技术,30-50万,2023-05-29,401754.63,R2,银卡,0
C002611,55-64,苏州,专业技术,10万以下,2020-03-19,23856.97,R3,普通,1
C002612,55-64,杭州,其他,10万以下,2021-12-03,23178.28,R3,普通,1
C002613,35-44,南京,个体经营,30-50万,2020-10-03,450485.36,R3,钻石,1
C002614,45-54,无锡,公务员,10万以下,2020-01-15,45195.21,R1,普通,1
C002615,25-34,无锡,企业职员,10-30万,2023-01-28,85218.0,R2,普通,1
C002616,35-44,深圳,专业技术,10-30万,2022-01-11,127840.24,R1,金卡,1
C002617,25-34,苏州,个体经营,10-30万,2019-08-27,131574.93,R2,银卡,0
C002618,55-64,南通,专业技术,10-30万,2018-07-01,143548.58,R3,普通,1
C002619,55-64,徐州,其他,50万以上,2019-04-12,638723.84,R4,普通,1
C002620,55-64,上海,公务员,30-50万,2022-08-06,251916.63,R3,普通,1
C002621,55-64,南京,专业技术,10-30万,2022-12-27,60616.64,R2,银卡,1
C002622,65+,南通,公务员,10-30万,2018-09-15,121989.38,R2,普通,1
C002623,25-34,徐州,退休,50万以上,2020-04-12,955976.85,R5,金卡,1
C002624,65+,北京,企业职员,10-30万,2023-04-02,93631.9,R1,普通,1
C002625,35-44,深圳,公务员,10-30万,2020-07-08,66046.0,R1,普通,0
C002626,35-44,苏州,公务员,10-30万,2022-06-26,98088.83,R1,普通,1
C002627,35-44,南京,公务员,10万以下,2023-06-22,17101.15,R5,普通,1
C002628,35-44,上海,退休,10万以下,2023-06-06,43822.68,R4,金卡,1
C002629,25-34,常州,个体经营,30-50万,2022-02-19,508303.41,R2,普通,0
C002630,25-34,上海,公务员,10-30万,2022-12-25,129360.93,R1,银卡,1
C002631,25-34,杭州,公务员,10万以下,2019-09-08,25796.18,R3,普通,1
C002632,35-44,南京,退休,10万以下,2023-06-21,10830.37,R2,普通,1
C002633,55-64,北京,专业技术,50万以上,2023-04-16,1192869.56,R1,普通,1
C002634,45-54,苏州,其他,10-30万,2020-08-26,82003.63,R2,普通,1
C002635,35-44,深圳,专业技术,10-30万,2021-10-19,135792.62,R2,钻石,1
C002636,35-44,无锡,退休,10万以下,2023-03-17,40896.77,R2,普通,1
C002637,35-44,杭州,其他,50万以上,2023-12-31,1764348.39,R3,普通,1
C002638,25-34,南京,退休,30-50万,2023-11-26,752186.05,R3,普通,1
C002639,55-64,常州,退休,10-30万,2022-08-30,90317.81,R3,普通,1
C002640,25-34,南京,专业技术,10-30万,2022-10-23,88464.72,R1,普通,1
C002641,45-54,上海,其他,10-30万,2020-12-01,201629.3,R1,钻石,0
C002642,45-54,深圳,其他,30-50万,2020-04-30,434663.75,R4,银卡,0
C002643,35-44,杭州,企业职员,30-50万,2023-06-02,353528.88,R1,银卡,1
C002644,55-64,上海,退休,50万以上,2021-11-01,3776228.2,R2,普通,1
C002645,25-34,南京,企业职员,10-30万,2021-08-09,160189.42,R1,普通,1
C002646,55-64,深圳,公务员,10-30万,2023-06-23,109095.06,R2,银卡,0
C002647,45-54,苏州,退休,10-30万,2021-06-21,85158.94,R3,普通,1
C002648,55-64,徐州,退休,30-50万,2024-01-13,776441.17,R2,银卡,1
C002649,45-54,苏州,专业技术,10万以下,2022-07-16,33271.32,R3,银卡,0
C002650,55-64,杭州,退休,10万以下,2020-01-09,30370.02,R2,金卡,1
C002651,65+,无锡,企业职员,30-50万,2022-12-10,560933.72,R4,普通,1
C002652,35-44,无锡,退休,10-30万,2020-03-04,186333.05,R3,金卡,1
C002653,55-64,南京,企业职员,30-50万,2023-10-10,526578.04,R2,普通,0
C002654,45-54,南通,公务员,10万以下,2021-08-20,46673.9,R4,普通,1
C002655,35-44,苏州,企业职员,10-30万,2018-12-25,150382.03,R5,银卡,1
C002656,65+,北京,专业技术,10万以下,2021-03-27,39592.62,R1,普通,1
C002657,35-44,上海,其他,10-30万,2019-07-01,83235.41,R3,普通,1
C002658,35-44,深圳,其他,30-50万,2022-12-19,988947.74,R3,普通,1
C002659,25-34,无锡,企业职员,10-30万,2023-04-19,64757.75,R3,普通,1
C002660,25-34,徐州,其他,10-30万,2021-06-29,140075.36,R1,普通,1
C002661,55-64,无锡,公务员,10万以下,2022-12-03,15376.09,R1,普通,0
C002662,35-44,北京,个体经营,30-50万,2020-01-11,380847.94,R2,普通,1
C002663,35-44,苏州,公务员,50万以上,2022-04-18,1127291.99,R1,普通,0
C002664,25-34,苏州,个体经营,30-50万,2019-10-08,428093.87,R2,普通,0
C002665,35-44,无锡,企业职员,10万以下,2024-03-15,35590.41,R4,银卡,0
C002666,55-64,常州,公务员,10-30万,2022-05-13,74390.25,R2,普通,1
C002667,55-64,北京,公务员,10万以下,2022-12-14,29562.01,R2,普通,1
C002668,18-24,南京,退休,10万以下,2020-04-29,60221.8,R2,金卡,1
C002669,35-44,徐州,其他,10万以下,2023-03-05,15565.62,R2,金卡,1
C002670,35-44,苏州,企业职员,10万以下,2021-06-26,19573.38,R4,普通,0
C002671,45-54,南京,个体经营,10万以下,2022-03-31,46135.13,R4,普通,1
C002672,35-44,深圳,其他,30-50万,2019-12-18,415815.63,R2,普通,0
C002673,35-44,上海,其他,10万以下,2022-03-10,32355.2,R2,普通,0
C002674,35-44,深圳,专业技术,30-50万,2020-04-03,666883.74,R1,普通,0
C002675,45-54,无锡,退休,50万以上,2023-11-17,1008466.4,R5,普通,1
C002676,35-44,上海,公务员,10-30万,2019-11-24,92556.95,R2,金卡,0
C002677,35-44,徐州,退休,10-30万,2020-07-26,87022.86,R2,普通,1
C002678,55-64,徐州,企业职员,30-50万,2023-06-04,336084.64,R2,普通,0
C002679,45-54,南京,专业技术,10万以下,2023-10-05,58613.11,R1,普通,1
C002680,35-44,南京,专业技术,10-30万,2022-06-23,51262.1,R2,普通,1
C002681,55-64,南京,公务员,10-30万,2018-06-19,66048.04,R5,普通,1
C002682,55-64,上海,专业技术,30-50万,2022-10-27,202071.79,R1,普通,1
C002683,25-34,杭州,其他,30-50万,2021-07-22,806183.61,R2,普通,1
C002684,45-54,徐州,退休,30-50万,2021-09-21,294201.4,R2,金卡,1
C002685,25-34,南京,企业职员,10-30万,2022-08-22,101916.61,R2,银卡,1
C002686,45-54,上海,专业技术,10-30万,2021-08-13,53526.38,R5,银卡,1
C002687,25-34,南京,退休,30-50万,2023-05-11,350819.39,R3,普通,1
C002688,45-54,北京,专业技术,30-50万,2020-05-24,616911.4,R4,普通,1
C002689,25-34,无锡,企业职员,10-30万,2023-06-15,136179.01,R4,金卡,1
C002690,35-44,上海,公务员,50万以上,2020-12-25,1421244.76,R3,普通,1
C002691,65+,南京,个体经营,30-50万,2022-07-02,182915.04,R3,银卡,0
C002692,35-44,苏州,公务员,10-30万,2020-12-03,101851.48,R3,普通,0
C002693,55-64,常州,个体经营,10万以下,2021-02-11,32286.68,R3,普通,1
C002694,65+,常州,公务员,10万以下,2020-08-08,18270.45,R3,普通,1
C002695,55-64,南京,企业职员,30-50万,2020-10-08,554967.82,R3,普通,1
C002696,25-34,南通,个体经营,10万以下,2022-10-09,46699.42,R2,银卡,1
C002697,55-64,南京,企业职员,10-30万,2020-11-14,92126.94,R3,金卡,0
C002698,18-24,北京,退休,10-30万,2023-01-20,172501.83,R1,金卡,1
C002699,35-44,无锡,企业职员,30-50万,2022-01-29,378643.36,R3,银卡,1
C002700,55-64,无锡,企业职员,30-50万,2023-02-13,709835.7,R3,银卡,1
C002701,45-54,南通,公务员,30-50万,2021-03-13,1106038.37,R3,金卡,1
C002702,35-44,上海,专业技术,10-30万,2019-09-21,69453.61,R3,银卡,0
C002703,35-44,南京,个体经营,10万以下,2020-10-08,44077.07,R3,银卡,1
C002704,55-64,上海,企业职员,10-30万,2023-10-31,230436.2,R3,普通,1
C002705,45-54,北京,个体经营,10万以下,2023-12-14,18464.63,R2,钻石,1
C002706,35-44,无锡,企业职员,10-30万,2022-07-06,90010.96,R2,普通,1
C002707,55-64,南京,个体经营,50万以上,2020-11-14,1118822.24,R1,普通,1
C002708,25-34,苏州,公务员,10-30万,2022-09-23,112291.83,R1,普通,1
C002709,25-34,深圳,其他,10-30万,2018-06-03,100414.74,R2,金卡,0
C002710,45-54,南京,个体经营,10-30万,2020-11-06,108673.66,R3,银卡,1
C002711,65+,南京,专业技术,30-50万,2019-01-12,608172.59,R4,普通,1
C002712,25-34,北京,公务员,10-30万,2018-11-06,46506.21,R2,普通,1
C002713,25-34,杭州,个体经营,10-30万,2023-11-02,73739.97,R4,银卡,1
C002714,25-34,常州,其他,10万以下,2019-02-15,41936.7,R2,银卡,1
C002715,55-64,南京,企业职员,10-30万,2024-02-10,158203.13,R4,普通,0
C002716,25-34,南通,公务员,10万以下,2023-10-13,17671.02,R2,银卡,0
C002717,35-44,杭州,个体经营,10-30万,2021-02-28,158751.92,R3,银卡,0
C002718,65+,苏州,个体经营,30-50万,2021-02-28,776578.73,R2,普通,1
C002719,18-24,南京,个体经营,10万以下,2020-07-05,29273.54,R1,普通,0
C002720,35-44,北京,其他,10-30万,2024-03-11,72494.54,R2,普通,1
C002721,35-44,上海,企业职员,10万以下,2023-10-08,46463.85,R3,银卡,1
C002722,55-64,无锡,公务员,10万以下,2019-08-23,71002.86,R4,钻石,1
C002723,35-44,北京,个体经营,10万以下,2020-11-07,19261.86,R3,钻石,1
C002724,35-44,南通,专业技术,10万以下,2022-02-27,30594.6,R3,银卡,0
C002725,25-34,深圳,企业职员,50万以上,2023-04-27,2587113.89,R1,普通,0
C002726,45-54,南京,退休,50万以上,2023-02-14,1589062.89,R3,普通,0
C002727,55-64,无锡,专业技术,30-50万,2022-07-26,166970.37,R4,普通,1
C002728,25-34,上海,公务员,10-30万,2021-07-01,149784.95,R2,普通,1
C002729,35-44,无锡,个体经营,30-50万,2019-07-07,245196.57,R3,银卡,1
C002730,55-64,苏州,企业职员,30-50万,2021-10-17,211897.62,R1,钻石,1
C002731,18-24,上海,专业技术,10-30万,2021-10-12,50583.11,R1,普通,1
C002732,25-34,南通,退休,10万以下,2018-09-26,54402.01,R1,普通,1
C002733,35-44,苏州,其他,30-50万,2023-11-09,263514.63,R3,普通,0
C002734,35-44,无锡,公务员,50万以上,2024-03-19,1772043.14,R4,普通,1
C002735,25-34,上海,公务员,10万以下,2018-06-08,40071.87,R1,普通,1
C002736,35-44,徐州,公务员,10-30万,2018-09-11,130112.73,R4,普通,1
C002737,25-34,无锡,企业职员,10-30万,2021-12-26,139181.26,R4,普通,1
C002738,35-44,苏州,个体经营,10-30万,2023-01-02,145186.02,R3,普通,1
C002739,45-54,南京,企业职员,30-50万,2023-09-04,428595.42,R5,钻石,1
C002740,35-44,杭州,企业职员,10-30万,2023-07-17,82056.82,R4,普通,1
C002741,25-34,杭州,个体经营,50万以上,2019-01-16,980979.74,R2,普通,1
C002742,55-64,徐州,其他,30-50万,2019-12-12,379545.23,R5,金卡,1
C002743,25-34,南通,其他,10万以下,2019-04-30,28165.99,R2,普通,1
C002744,45-54,南京,其他,30-50万,2021-04-08,495776.1,R1,普通,0
C002745,35-44,无锡,其他,30-50万,2020-06-14,693873.44,R2,钻石,1
C002746,55-64,常州,其他,10-30万,2019-01-08,142514.6,R3,银卡,1
C002747,25-34,常州,专业技术,10-30万,2022-04-06,80001.86,R5,普通,1
C002748,25-34,苏州,公务员,30-50万,2021-02-23,134408.9,R2,银卡,1
C002749,35-44,南京,退休,10-30万,2022-09-05,81697.48,R3,普通,1
C002750,18-24,北京,其他,10万以下,2021-05-15,15316.83,R2,金卡,1
C002751,25-34,南通,个体经营,10-30万,2023-02-19,83288.1,R4,普通,1
C002752,45-54,杭州,专业技术,10万以下,2023-03-05,33863.44,R1,银卡,1
C002753,55-64,上海,个体经营,10-30万,2022-04-07,125171.78,R3,普通,0
C002754,25-34,杭州,专业技术,10万以下,2018-09-11,75966.02,R3,普通,1
C002755,55-64,南京,企业职员,10-30万,2022-10-12,152785.12,R1,普通,1
C002756,55-64,南京,退休,10-30万,2020-05-31,311710.66,R5,普通,1
C002757,55-64,徐州,专业技术,30-50万,2020-12-21,571940.09,R5,普通,1
C002758,45-54,南通,退休,10-30万,2020-10-16,206509.23,R2,普通,1
C002759,45-54,南京,个体经营,50万以上,2023-08-19,1253593.18,R3,普通,1
C002760,35-44,徐州,个体经营,50万以上,2019-08-28,876525.45,R4,普通,0
C002761,45-54,南京,企业职员,10万以下,2019-09-09,23967.95,R1,普通,0
C002762,55-64,南京,专业技术,10-30万,2023-10-22,119289.94,R1,金卡,1
C002763,25-34,深圳,其他,10万以下,2022-01-16,21913.83,R3,金卡,0
C002764,25-34,南通,专业技术,30-50万,2019-03-13,242473.72,R3,普通,1
C002765,18-24,苏州,其他,10-30万,2022-12-26,147807.48,R3,金卡,0
C002766,65+,南京,企业职员,10万以下,2021-05-26,18146.88,R3,银卡,0
C002767,35-44,北京,退休,10万以下,2019-06-07,13935.67,R3,普通,1
C002768,45-54,深圳,企业职员,10-30万,2019-08-02,68473.63,R1,普通,1
C002769,55-64,苏州,个体经营,30-50万,2022-01-31,355770.84,R2,普通,0
C002770,65+,无锡,个体经营,30-50万,2020-02-15,243716.34,R2,普通,0
C002771,25-34,徐州,个体经营,10万以下,2018-10-23,26766.54,R2,普通,1
C002772,55-64,南京,专业技术,10-30万,2021-09-12,162019.05,R3,普通,1
C002773,55-64,常州,退休,10-30万,2018-07-20,159926.33,R4,银卡,1
C002774,18-24,南京,退休,10-30万,2019-10-12,86235.23,R2,普通,0
C002775,45-54,苏州,企业职员,10万以下,2020-07-06,15630.54,R3,普通,0
C002776,35-44,南通,退休,10-30万,2020-01-28,89988.33,R2,普通,1
C002777,45-54,苏州,个体经营,30-50万,2023-04-15,555176.98,R2,普通,1
C002778,35-44,南通,专业技术,10-30万,2024-05-23,187183.58,R5,普通,1
C002779,25-34,苏州,其他,30-50万,2019-06-07,477187.51,R2,普通,0
C002780,25-34,常州,公务员,10-30万,2020-02-22,218811.31,R4,普通,1
C002781,25-34,北京,专业技术,10-30万,2018-10-07,284887.05,R1,普通,0
C002782,25-34,常州,专业技术,10-30万,2021-05-08,94243.12,R2,普通,1
C002783,45-54,常州,专业技术,10万以下,2022-02-03,63084.75,R3,普通,1
C002784,35-44,常州,公务员,10万以下,2019-05-12,26335.63,R3,金卡,1
C002785,25-34,杭州,退休,50万以上,2018-09-29,2497747.83,R3,银卡,1
C002786,45-54,上海,退休,30-50万,2019-07-16,570065.22,R4,普通,0
C002787,45-54,南京,其他,30-50万,2019-06-08,148849.44,R4,银卡,1
C002788,35-44,南京,个体经营,10万以下,2023-05-22,18505.79,R3,钻石,1
C002789,65+,南通,企业职员,10万以下,2019-03-09,16290.03,R2,普通,0
C002790,35-44,上海,其他,10万以下,2024-04-14,12307.07,R2,金卡,0
C002791,55-64,南京,专业技术,50万以上,2019-11-13,2328263.24,R3,银卡,0
C002792,18-24,常州,企业职员,30-50万,2023-03-27,1125351.23,R3,普通,1
C002793,45-54,徐州,退休,10-30万,2024-03-02,105494.15,R2,普通,1
C002794,65+,无锡,退休,50万以上,2019-12-14,2299159.08,R2,金卡,1
C002795,55-64,上海,退休,10万以下,2022-05-16,63023.65,R1,普通,0
C002796,35-44,苏州,个体经营,10-30万,2019-03-03,133174.14,R1,普通,1
C002797,45-54,徐州,个体经营,10万以下,2022-09-17,29622.7,R2,普通,0
C002798,35-44,上海,企业职员,10-30万,2020-03-12,106128.2,R4,普通,1
C002799,45-54,深圳,个体经营,50万以上,2020-07-16,1962549.81,R3,普通,1
C002800,45-54,徐州,专业技术,30-50万,2019-06-22,619437.35,R5,普通,0
C002801,65+,苏州,其他,10万以下,2019-03-25,37792.09,R3,银卡,1
C002802,35-44,上海,公务员,10万以下,2020-11-17,37148.71,R2,普通,1
C002803,18-24,杭州,企业职员,10-30万,2022-05-01,116966.82,R3,金卡,1
C002804,45-54,无锡,公务员,10万以下,2021-05-13,13527.44,R4,钻石,0
C002805,25-34,无锡,公务员,10-30万,2020-10-15,187982.7,R3,普通,1
C002806,25-34,南京,个体经营,10-30万,2018-07-28,63128.93,R3,钻石,1
C002807,35-44,上海,退休,10万以下,2023-05-18,40890.19,R3,普通,0
C002808,45-54,无锡,个体经营,10万以下,2023-12-06,43775.12,R1,普通,1
C002809,25-34,南京,个体经营,10万以下,2021-08-14,16962.1,R2,普通,0
C002810,25-34,南通,个体经营,50万以上,2021-11-17,1106901.55,R1,普通,0
C002811,18-24,深圳,其他,10-30万,2018-12-28,346619.98,R2,金卡,1
C002812,55-64,南京,个体经营,10-30万,2022-09-28,115324.58,R4,普通,1
C002813,45-54,常州,退休,10-30万,2023-07-10,65195.14,R1,普通,1
C002814,18-24,北京,企业职员,30-50万,2023-09-06,596992.27,R1,银卡,1
C002815,18-24,深圳,企业职员,10万以下,2019-01-12,20386.23,R3,钻石,1
C002816,35-44,苏州,个体经营,10万以下,2020-10-07,11483.78,R4,金卡,1
C002817,25-34,南京,专业技术,30-50万,2018-07-15,518712.26,R3,普通,1
C002818,45-54,无锡,个体经营,30-50万,2022-10-30,252940.84,R2,普通,0
C002819,35-44,苏州,公务员,10万以下,2023-12-05,35226.25,R2,普通,1
C002820,65+,常州,专业技术,10-30万,2021-08-17,79929.64,R3,普通,1
C002821,25-34,南通,公务员,50万以上,2023-05-17,2136282.58,R4,金卡,1
C002822,45-54,上海,个体经营,10万以下,2023-08-05,32882.7,R1,银卡,1
C002823,18-24,徐州,企业职员,10万以下,2019-02-06,8220.19,R4,金卡,1
C002824,65+,北京,公务员,10-30万,2022-01-25,145256.05,R3,普通,1
C002825,65+,上海,其他,10万以下,2023-12-29,25954.16,R3,普通,1
C002826,45-54,常州,专业技术,10-30万,2023-03-18,243678.7,R1,普通,1
C002827,35-44,南京,公务员,10-30万,2022-03-16,146217.56,R4,普通,1
C002828,25-34,杭州,企业职员,10-30万,2019-01-05,175137.37,R3,银卡,1
C002829,55-64,上海,退休,10-30万,2020-07-27,84118.06,R2,银卡,0
C002830,45-54,苏州,公务员,10-30万,2021-04-08,80838.87,R2,银卡,1
C002831,25-34,苏州,个体经营,30-50万,2020-11-27,394902.89,R2,金卡,1
C002832,35-44,徐州,专业技术,10万以下,2019-08-08,25050.39,R1,普通,1
C002833,35-44,南京,企业职员,10-30万,2023-04-01,234275.15,R1,普通,0
C002834,55-64,上海,专业技术,10-30万,2021-06-28,111144.62,R2,银卡,1
C002835,45-54,苏州,其他,10-30万,2022-02-02,65045.1,R3,普通,1
C002836,45-54,南通,公务员,10万以下,2024-02-28,19834.18,R3,普通,1
C002837,45-54,苏州,其他,10-30万,2021-02-04,194419.32,R3,普通,0
C002838,25-34,常州,个体经营,30-50万,2020-03-25,367909.09,R3,金卡,1
C002839,35-44,杭州,企业职员,10万以下,2020-05-27,26865.46,R1,金卡,1
C002840,18-24,苏州,个体经营,30-50万,2024-02-16,679636.66,R2,普通,1
C002841,55-64,南京,公务员,30-50万,2022-01-14,253175.51,R3,银卡,1
C002842,35-44,南京,个体经营,10-30万,2022-01-13,39248.12,R3,普通,1
C002843,35-44,南京,公务员,10万以下,2023-06-24,19585.0,R2,普通,1
C002844,25-34,无锡,退休,30-50万,2021-02-13,451470.07,R4,普通,1
C002845,25-34,南京,个体经营,10万以下,2021-03-20,26481.37,R4,普通,1
C002846,45-54,无锡,退休,50万以上,2019-09-20,687461.33,R4,钻石,0
C002847,25-34,上海,公务员,30-50万,2019-10-26,664805.36,R3,普通,1
C002848,18-24,北京,企业职员,10万以下,2019-01-02,32555.48,R2,普通,1
C002849,45-54,苏州,公务员,30-50万,2021-11-09,485884.96,R5,金卡,1
C002850,35-44,北京,退休,10-30万,2023-03-08,148012.52,R4,普通,0
C002851,35-44,深圳,其他,10-30万,2021-02-25,62691.73,R4,普通,1
C002852,35-44,徐州,其他,10-30万,2020-06-02,139620.94,R4,普通,1
C002853,55-64,上海,企业职员,10-30万,2022-05-29,188900.16,R4,普通,1
C002854,35-44,常州,其他,30-50万,2021-08-01,707416.54,R3,普通,1
C002855,45-54,南京,个体经营,30-50万,2018-11-19,573694.03,R2,银卡,0
C002856,65+,深圳,企业职员,10万以下,2019-10-17,38774.48,R3,普通,1
C002857,45-54,深圳,公务员,10-30万,2020-09-28,50339.05,R3,普通,1
C002858,35-44,苏州,其他,10-30万,2018-10-03,119107.26,R3,普通,0
C002859,45-54,南京,专业技术,10-30万,2024-04-30,74381.3,R3,银卡,1
C002860,35-44,南京,企业职员,10-30万,2021-03-16,227824.52,R3,银卡,1
C002861,35-44,常州,退休,10-30万,2022-10-24,211173.8,R5,钻石,0
C002862,35-44,北京,个体经营,30-50万,2022-09-09,248688.26,R2,银卡,0
C002863,25-34,南京,企业职员,10-30万,2019-09-11,117272.78,R1,普通,1
C002864,25-34,徐州,个体经营,10万以下,2019-08-10,33969.13,R3,普通,1
C002865,35-44,杭州,退休,10-30万,2021-06-27,188271.93,R2,普通,1
C002866,25-34,无锡,公务员,10万以下,2021-03-30,12979.72,R2,普通,1
C002867,35-44,徐州,企业职员,10万以下,2020-10-20,9938.2,R3,普通,1
C002868,35-44,无锡,公务员,10万以下,2019-02-06,30577.72,R5,银卡,1
C002869,65+,南京,退休,10-30万,2024-04-13,33844.73,R2,普通,0
C002870,18-24,常州,公务员,50万以上,2021-01-02,1623771.15,R2,钻石,1
C002871,45-54,南京,个体经营,10-30万,2024-01-03,161353.18,R2,普通,0
C002872,35-44,上海,专业技术,10万以下,2018-10-09,55658.64,R3,银卡,1
C002873,18-24,苏州,企业职员,30-50万,2022-12-24,293002.29,R2,普通,1
C002874,25-34,杭州,专业技术,10万以下,2024-04-23,32517.82,R2,银卡,0
C002875,25-34,南通,退休,50万以上,2019-07-17,2077613.81,R3,钻石,0
C002876,25-34,北京,专业技术,10-30万,2019-12-19,66661.78,R5,普通,0
C002877,25-34,上海,公务员,10万以下,2018-12-26,47411.81,R2,普通,0
C002878,35-44,上海,专业技术,10-30万,2022-04-30,137642.94,R3,银卡,1
C002879,35-44,苏州,其他,10-30万,2022-10-01,88656.43,R4,金卡,1
C002880,18-24,无锡,公务员,30-50万,2020-05-22,429299.51,R2,银卡,1
C002881,25-34,上海,企业职员,10万以下,2018-09-20,27981.12,R4,普通,1
C002882,25-34,上海,专业技术,30-50万,2018-09-27,590814.16,R2,银卡,0
C002883,35-44,上海,个体经营,30-50万,2022-01-04,334031.23,R1,银卡,1
C002884,35-44,南京,专业技术,30-50万,2020-06-23,448097.03,R1,普通,1
C002885,35-44,南京,专业技术,30-50万,2019-06-08,293242.16,R1,银卡,0
C002886,25-34,南京,企业职员,10万以下,2019-12-06,18770.3,R4,普通,1
C002887,18-24,南京,退休,10-30万,2020-10-18,130746.21,R3,普通,1
C002888,65+,上海,其他,30-50万,2023-06-19,255463.8,R4,普通,0
C002889,25-34,南通,企业职员,10-30万,2020-08-11,179070.91,R3,银卡,1
C002890,25-34,常州,专业技术,10万以下,2023-05-22,40338.79,R2,普通,1
C002891,25-34,南京,个体经营,10万以下,2021-09-12,20463.45,R5,普通,1
C002892,65+,上海,专业技术,10万以下,2020-12-17,33384.36,R4,银卡,1
C002893,45-54,南京,专业技术,30-50万,2024-04-04,272221.1,R2,普通,1
C002894,45-54,苏州,专业技术,10-30万,2021-10-27,53803.33,R3,普通,1
C002895,65+,杭州,企业职员,10-30万,2022-07-12,89021.61,R4,钻石,1
C002896,25-34,上海,退休,50万以上,2023-09-30,1462733.13,R3,普通,1
C002897,65+,南京,退休,10万以下,2020-07-07,38935.32,R1,普通,1
C002898,25-34,南京,专业技术,30-50万,2020-01-11,431041.56,R2,普通,0
C002899,45-54,无锡,公务员,10万以下,2019-01-12,47230.26,R5,普通,1
C002900,35-44,南通,退休,10万以下,2020-03-16,18368.08,R3,银卡,1
C002901,35-44,苏州,公务员,10万以下,2023-04-25,24849.76,R3,普通,1
C002902,65+,南通,企业职员,10-30万,2023-11-12,273055.51,R4,普通,0
C002903,25-34,苏州,公务员,10-30万,2019-06-19,45693.3,R2,金卡,0
C002904,65+,南通,企业职员,10-30万,2024-02-14,95728.36,R5,银卡,0
C002905,35-44,上海,个体经营,10万以下,2022-02-15,17556.96,R3,银卡,0
C002906,45-54,杭州,公务员,10万以下,2022-02-18,27207.65,R3,银卡,0
C002907,65+,南京,企业职员,10-30万,2023-04-28,96569.99,R2,金卡,1
C002908,18-24,南京,其他,10万以下,2020-08-08,40539.43,R2,普通,1
C002909,65+,南京,退休,30-50万,2019-10-11,454512.25,R2,普通,1
C002910,35-44,南京,个体经营,50万以上,2019-01-13,780872.28,R2,普通,0
C002911,45-54,苏州,个体经营,30-50万,2021-08-03,298086.44,R1,普通,0
C002912,25-34,南京,公务员,10-30万,2021-10-19,119992.98,R2,金卡,1
C002913,35-44,杭州,退休,10-30万,2023-03-11,173674.38,R3,银卡,1
C002914,45-54,杭州,公务员,10-30万,2023-11-28,405033.54,R4,普通,1
C002915,35-44,上海,企业职员,50万以上,2019-05-09,2131578.96,R1,普通,0
C002916,25-34,苏州,个体经营,50万以上,2019-05-09,904127.53,R1,银卡,1
C002917,25-34,上海,公务员,10-30万,2018-07-04,114499.35,R3,普通,1
C002918,55-64,南通,其他,10-30万,2023-08-31,131365.02,R3,银卡,1
C002919,18-24,徐州,个体经营,30-50万,2021-11-16,308514.58,R3,金卡,1
C002920,45-54,南京,退休,10万以下,2020-07-29,37952.15,R5,银卡,0
C002921,65+,北京,个体经营,10-30万,2019-02-10,38544.11,R2,普通,1
C002922,18-24,苏州,公务员,10-30万,2021-12-04,158232.67,R3,银卡,1
C002923,25-34,苏州,公务员,30-50万,2023-08-01,315220.01,R4,普通,1
C002924,45-54,无锡,其他,10-30万,2018-12-08,113594.96,R3,金卡,1
C002925,18-24,苏州,企业职员,10万以下,2023-11-30,62430.81,R3,普通,1
C002926,45-54,深圳,其他,10万以下,2020-03-03,15965.64,R5,银卡,1
C002927,45-54,徐州,企业职员,10-30万,2022-03-18,137531.28,R2,普通,1
C002928,45-54,北京,退休,50万以上,2024-05-31,2230946.42,R1,普通,1
C002929,35-44,深圳,退休,30-50万,2021-04-01,435560.09,R1,普通,0
C002930,45-54,南通,专业技术,10-30万,2022-03-03,53538.21,R4,普通,1
C002931,45-54,杭州,企业职员,10万以下,2021-10-15,58932.68,R4,银卡,1
C002932,25-34,北京,退休,30-50万,2023-05-01,359886.07,R2,普通,0
C002933,35-44,南京,企业职员,30-50万,2020-05-12,307259.95,R2,普通,0
C002934,55-64,苏州,退休,10-30万,2022-09-16,102745.01,R3,普通,1
C002935,45-54,无锡,退休,10-30万,2023-07-01,99128.65,R1,普通,1
C002936,35-44,徐州,其他,10万以下,2022-01-05,16545.39,R4,银卡,1
C002937,35-44,上海,个体经营,30-50万,2023-04-15,434388.74,R2,普通,0
C002938,25-34,苏州,专业技术,10-30万,2021-02-25,89021.26,R4,普通,1
C002939,25-34,杭州,公务员,10-30万,2021-03-17,167827.37,R3,普通,1
C002940,18-24,徐州,专业技术,50万以上,2019-08-10,1943057.68,R2,普通,0
C002941,65+,无锡,退休,10-30万,2018-07-07,270514.7,R3,普通,1
C002942,25-34,上海,公务员,50万以上,2023-11-23,1349384.46,R3,金卡,0
C002943,55-64,杭州,退休,10-30万,2024-03-10,80307.81,R2,普通,0
C002944,25-34,苏州,个体经营,10-30万,2021-10-04,57548.07,R2,普通,0
C002945,25-34,无锡,其他,50万以上,2024-01-05,4491275.79,R4,普通,1
C002946,35-44,上海,企业职员,50万以上,2019-04-17,2088652.47,R3,普通,0
C002947,35-44,无锡,公务员,50万以上,2019-07-20,1061045.93,R3,普通,0
C002948,55-64,南京,退休,30-50万,2021-10-24,932661.28,R2,金卡,1
C002949,65+,杭州,公务员,10-30万,2018-08-17,236411.26,R3,普通,1
C002950,55-64,南京,其他,10万以下,2021-04-15,15264.94,R3,普通,1
C002951,25-34,苏州,其他,10-30万,2021-02-16,82331.54,R2,钻石,1
C002952,45-54,杭州,企业职员,50万以上,2019-09-23,1403968.24,R2,银卡,1
C002953,25-34,徐州,其他,10-30万,2021-02-04,70277.32,R2,普通,0
C002954,55-64,无锡,个体经营,30-50万,2020-02-14,381143.07,R3,银卡,1
C002955,35-44,无锡,其他,50万以上,2022-12-22,2141370.58,R1,银卡,1
C002956,35-44,南京,退休,50万以上,2021-05-06,754903.52,R4,金卡,1
C002957,25-34,南京,公务员,50万以上,2019-07-15,1736662.87,R2,普通,0
C002958,18-24,北京,企业职员,10-30万,2018-08-04,215237.21,R4,普通,1
C002959,25-34,南京,公务员,10-30万,2023-04-05,146584.47,R1,银卡,1
C002960,55-64,南京,个体经营,50万以上,2024-03-13,1444346.44,R3,钻石,0
C002961,55-64,上海,专业技术,10万以下,2020-11-03,21480.52,R3,银卡,1
C002962,65+,北京,退休,10万以下,2024-02-02,45450.25,R3,普通,1
C002963,25-34,上海,退休,50万以上,2020-04-21,832772.36,R5,钻石,0
C002964,45-54,苏州,公务员,10-30万,2021-11-03,135488.62,R1,普通,0
C002965,25-34,苏州,公务员,10-30万,2019-08-05,121540.75,R1,普通,1
C002966,35-44,深圳,专业技术,10万以下,2023-06-19,52667.73,R1,普通,0
C002967,35-44,上海,退休,10-30万,2024-02-20,89668.31,R3,银卡,0
C002968,25-34,杭州,专业技术,50万以上,2023-02-10,1169524.44,R4,普通,0
C002969,35-44,无锡,专业技术,10-30万,2024-01-13,64493.17,R1,钻石,1
C002970,25-34,上海,退休,10-30万,2023-07-06,149326.31,R3,普通,1
C002971,35-44,深圳,个体经营,10-30万,2019-11-08,97084.7,R2,普通,1
C002972,45-54,苏州,公务员,30-50万,2020-03-30,259933.95,R5,银卡,1
C002973,25-34,苏州,退休,50万以上,2020-09-01,1022302.03,R2,普通,1
C002974,65+,南京,公务员,10-30万,2021-11-17,156968.4,R5,普通,1
C002975,35-44,上海,企业职员,10-30万,2023-01-26,69131.57,R3,金卡,1
C002976,55-64,苏州,企业职员,10万以下,2019-05-23,18067.49,R5,钻石,1
C002977,45-54,苏州,个体经营,10-30万,2019-02-20,187855.39,R3,银卡,1
C002978,45-54,徐州,个体经营,10万以下,2022-11-28,27608.87,R2,普通,0
C002979,45-54,上海,专业技术,10-30万,2019-01-06,193487.77,R4,银卡,0
C002980,55-64,无锡,公务员,10-30万,2020-08-29,100264.71,R3,普通,1
C002981,45-54,深圳,个体经营,10-30万,2022-05-02,119932.47,R2,普通,0
C002982,25-34,南京,专业技术,10万以下,2023-02-17,32438.53,R2,普通,0
C002983,25-34,常州,公务员,10万以下,2020-11-09,60029.76,R4,普通,1
C002984,45-54,徐州,专业技术,10万以下,2024-04-30,57635.22,R3,普通,1
C002985,18-24,徐州,公务员,30-50万,2022-07-05,712003.67,R1,普通,1
C002986,25-34,徐州,其他,10万以下,2020-04-07,21906.6,R4,普通,0
C002987,18-24,徐州,个体经营,10万以下,2021-06-04,18316.14,R2,金卡,1
C002988,35-44,杭州,退休,50万以上,2023-07-16,2194295.06,R1,金卡,0
C002989,25-34,杭州,个体经营,10万以下,2023-06-16,59714.64,R1,普通,1
C002990,45-54,深圳,个体经营,30-50万,2020-03-27,715422.95,R1,金卡,1
C002991,55-64,北京,退休,10-30万,2019-05-16,120785.52,R3,银卡,1
C002992,55-64,常州,公务员,30-50万,2020-04-03,575574.58,R2,金卡,1
C002993,25-34,上海,退休,10-30万,2023-06-21,174196.78,R1,金卡,0
C002994,35-44,无锡,企业职员,10万以下,2020-05-23,32319.44,R2,普通,1
C002995,35-44,徐州,其他,30-50万,2022-10-01,440385.89,R4,银卡,1
C002996,35-44,南京,退休,30-50万,2020-11-06,420129.17,R3,普通,0
C002997,45-54,无锡,专业技术,10-30万,2020-11-09,80918.58,R3,钻石,1
C002998,25-34,北京,个体经营,30-50万,2019-02-01,283847.84,R3,普通,1
C002999,65+,上海,个体经营,10-30万,2019-06-12,84499.58,R1,银卡,1
C003000,25-34,南京,个体经营,50万以上,2023-12-17,674250.7,R4,普通,1
C003001,55-64,常州,公务员,30-50万,2024-05-31,429617.17,R1,普通,0
C003002,45-54,无锡,退休,10万以下,2018-10-20,29397.53,R1,普通,1
C003003,25-34,杭州,公务员,30-50万,2022-07-29,585488.54,R2,普通,1
C003004,45-54,南京,公务员,50万以上,2024-01-07,2817426.13,R1,普通,1
C003005,25-34,南通,个体经营,30-50万,2023-04-07,775580.46,R1,普通,1
C003006,45-54,上海,个体经营,10万以下,2021-06-07,60972.94,R3,金卡,0
C003007,45-54,南通,公务员,30-50万,2019-01-24,273944.09,R2,金卡,1
C003008,25-34,苏州,个体经营,10-30万,2018-11-08,58645.57,R1,普通,1
C003009,18-24,杭州,退休,10-30万,2020-06-17,191112.74,R3,金卡,0
C003010,45-54,杭州,公务员,30-50万,2022-10-18,798337.36,R3,普通,1
C003011,25-34,无锡,公务员,10-30万,2020-02-15,261252.66,R4,金卡,0
C003012,55-64,苏州,退休,30-50万,2019-05-15,509771.53,R1,银卡,1
C003013,45-54,徐州,公务员,10-30万,2021-12-10,44218.35,R4,银卡,1
C003014,45-54,无锡,退休,10万以下,2020-11-03,36017.4,R3,普通,1
C003015,25-34,苏州,其他,50万以上,2021-06-20,1980175.63,R3,银卡,0
C003016,45-54,无锡,专业技术,10-30万,2019-03-25,224422.23,R2,银卡,1
C003017,65+,无锡,专业技术,10-30万,2020-09-22,245256.86,R2,普通,0
C003018,25-34,杭州,退休,10-30万,2024-02-15,189106.14,R1,普通,0
C003019,35-44,深圳,企业职员,10万以下,2019-03-02,22366.36,R3,金卡,1
C003020,25-34,上海,企业职员,10-30万,2021-01-24,71731.72,R3,钻石,1
C003021,35-44,南京,公务员,10-30万,2021-10-27,156721.81,R1,银卡,0
C003022,45-54,苏州,个体经营,50万以上,2023-04-12,1009300.54,R2,普通,1
C003023,35-44,南京,其他,50万以上,2020-03-17,3136268.32,R4,普通,0
C003024,35-44,徐州,专业技术,30-50万,2024-04-22,170576.71,R2,普通,1
C003025,25-34,南通,其他,10万以下,2023-05-16,39830.81,R3,金卡,0
C003026,25-34,深圳,个体经营,30-50万,2020-04-07,469295.22,R5,普通,1
C003027,25-34,无锡,退休,10万以下,2022-10-10,27053.44,R2,普通,1
C003028,55-64,南京,退休,30-50万,2019-11-25,251868.32,R3,普通,0
C003029,45-54,南通,企业职员,10-30万,2022-11-02,42802.8,R3,银卡,1
C003030,35-44,无锡,专业技术,50万以上,2019-12-25,1149987.15,R2,金卡,0
C003031,55-64,南京,专业技术,10-30万,2020-04-28,92809.61,R2,普通,1
C003032,18-24,无锡,个体经营,10万以下,2020-01-14,52303.63,R4,普通,0
C003033,25-34,苏州,退休,50万以上,2019-12-31,1014136.27,R1,普通,1
C003034,25-34,南京,个体经营,10-30万,2019-08-07,150487.05,R1,银卡,1
C003035,65+,常州,退休,30-50万,2022-03-14,209630.12,R2,普通,1
C003036,45-54,杭州,退休,50万以上,2021-08-02,1907110.38,R4,银卡,1
C003037,45-54,北京,公务员,10-30万,2023-12-29,39198.62,R2,普通,0
C003038,18-24,苏州,企业职员,10-30万,2022-04-28,342112.57,R2,普通,1
C003039,25-34,无锡,其他,10-30万,2021-08-24,111827.55,R2,普通,1
C003040,45-54,杭州,其他,30-50万,2019-10-09,98910.38,R2,金卡,0
C003041,35-44,深圳,其他,50万以上,2018-12-23,1047692.76,R3,银卡,1
C003042,65+,杭州,企业职员,10-30万,2020-05-26,77452.17,R4,普通,1
C003043,45-54,常州,退休,30-50万,2023-08-24,288171.41,R2,普通,1
C003044,35-44,北京,企业职员,10万以下,2023-03-18,25000.02,R3,普通,1
C003045,45-54,上海,个体经营,10-30万,2021-03-15,86158.03,R3,普通,1
C003046,65+,南京,退休,30-50万,2021-10-17,265936.75,R3,金卡,1
C003047,35-44,南京,公务员,30-50万,2018-10-23,224106.88,R3,普通,0
C003048,45-54,北京,个体经营,10-30万,2023-04-27,180979.99,R1,普通,0
C003049,55-64,北京,个体经营,10-30万,2020-12-22,218778.44,R3,金卡,0
C003050,25-34,无锡,个体经营,10万以下,2019-09-22,26414.43,R3,普通,1
C003051,55-64,徐州,企业职员,10万以下,2021-10-12,29736.61,R3,普通,1
C003052,25-34,苏州,个体经营,10-30万,2022-12-05,68328.46,R2,普通,1
C003053,45-54,上海,其他,30-50万,2023-08-19,414459.35,R1,普通,0
C003054,55-64,无锡,企业职员,10-30万,2020-08-31,134622.37,R1,银卡,1
C003055,45-54,苏州,个体经营,10-30万,2020-08-12,107532.43,R2,金卡,1
C003056,35-44,无锡,专业技术,30-50万,2019-12-27,487603.24,R1,普通,0
C003057,45-54,无锡,个体经营,10万以下,2019-05-16,35007.13,R2,普通,1
C003058,25-34,深圳,退休,10万以下,2018-06-11,17709.97,R1,普通,1
C003059,25-34,北京,公务员,50万以上,2023-04-15,2723693.5,R2,普通,1
C003060,25-34,南京,公务员,10万以下,2021-10-22,27041.54,R5,银卡,1
C003061,45-54,苏州,其他,10-30万,2022-06-19,277349.25,R3,普通,1
C003062,35-44,苏州,退休,10-30万,2019-02-28,148072.5,R2,金卡,1
C003063,25-34,南京,公务员,10万以下,2023-09-15,80371.85,R3,普通,1
C003064,55-64,常州,企业职员,10万以下,2020-05-31,53991.79,R2,银卡,0
C003065,35-44,常州,个体经营,10万以下,2022-07-08,33608.94,R1,银卡,0
C003066,35-44,南京,退休,10-30万,2024-05-13,83591.2,R3,普通,1
C003067,35-44,深圳,专业技术,30-50万,2020-10-25,281654.41,R2,金卡,1
C003068,25-34,上海,退休,10-30万,2022-01-22,156649.2,R3,银卡,1
C003069,45-54,南京,专业技术,10-30万,2020-04-03,128902.3,R1,银卡,1
C003070,35-44,上海,其他,10-30万,2022-01-15,89387.3,R3,普通,0
C003071,18-24,苏州,企业职员,50万以上,2023-04-09,2275034.19,R1,银卡,1
C003072,65+,徐州,退休,10万以下,2023-09-11,30587.24,R2,普通,1
C003073,55-64,常州,其他,30-50万,2023-04-30,608483.29,R3,银卡,0
C003074,45-54,南京,其他,10-30万,2021-10-13,73681.87,R2,金卡,0
C003075,55-64,常州,公务员,50万以上,2022-10-18,2472428.69,R2,银卡,1
C003076,55-64,深圳,其他,10-30万,2023-09-18,154159.77,R1,银卡,1
C003077,35-44,上海,其他,10万以下,2022-07-04,54597.18,R3,钻石,0
C003078,45-54,徐州,其他,10-30万,2019-05-21,195626.45,R3,普通,1
C003079,45-54,杭州,公务员,10万以下,2019-05-11,28752.38,R4,银卡,0
C003080,25-34,杭州,退休,30-50万,2022-03-27,368255.61,R3,金卡,1
C003081,25-34,北京,其他,10-30万,2021-04-10,292658.75,R5,普通,1
C003082,25-34,南京,公务员,10-30万,2023-04-25,103773.18,R2,普通,1
C003083,45-54,南京,公务员,10万以下,2021-12-07,43615.57,R3,普通,1
C003084,55-64,杭州,退休,30-50万,2020-10-15,330554.34,R2,金卡,1
C003085,45-54,深圳,退休,10-30万,2024-04-20,47301.89,R2,钻石,1
C003086,25-34,南通,专业技术,50万以上,2019-04-02,812041.01,R3,金卡,1
C003087,25-34,深圳,专业技术,30-50万,2018-12-20,490009.6,R5,普通,1
C003088,35-44,徐州,其他,10-30万,2018-10-14,170384.49,R3,银卡,0
C003089,35-44,南京,个体经营,30-50万,2023-02-22,490816.95,R2,普通,1
C003090,55-64,北京,退休,10-30万,2019-01-11,212824.2,R3,钻石,1
C003091,55-64,杭州,其他,10-30万,2023-09-24,145929.24,R2,金卡,1
C003092,55-64,常州,公务员,10万以下,2019-02-07,20360.16,R3,普通,0
C003093,55-64,上海,企业职员,10-30万,2023-08-07,161522.24,R2,普通,1
C003094,65+,苏州,企业职员,10-30万,2022-04-27,130620.44,R2,金卡,1
C003095,35-44,徐州,退休,10万以下,2018-09-14,22497.82,R1,金卡,1
C003096,18-24,无锡,公务员,30-50万,2021-05-16,506601.25,R4,钻石,0
C003097,25-34,常州,退休,10万以下,2023-02-10,31214.49,R1,普通,1
C003098,35-44,徐州,个体经营,10-30万,2022-03-07,88676.19,R2,普通,1
C003099,25-34,南京,其他,10万以下,2022-06-05,27447.21,R1,普通,1
C003100,25-34,南京,专业技术,10-30万,2018-11-11,243295.15,R3,普通,0
C003101,65+,南京,专业技术,30-50万,2021-12-06,797840.3,R1,金卡,1
C003102,25-34,南通,公务员,10万以下,2023-11-09,32959.17,R3,普通,1
C003103,65+,无锡,公务员,10-30万,2023-06-02,123485.7,R2,银卡,1
C003104,45-54,常州,公务员,10-30万,2021-01-28,58613.72,R1,金卡,1
C003105,45-54,常州,企业职员,30-50万,2024-05-01,944964.26,R2,普通,1
C003106,45-54,南京,公务员,10万以下,2022-12-05,50368.62,R2,普通,0
C003107,35-44,杭州,其他,30-50万,2020-10-11,582564.75,R3,银卡,0
C003108,45-54,上海,退休,10-30万,2019-04-18,38479.53,R2,普通,1
C003109,25-34,上海,公务员,10-30万,2023-11-01,122480.65,R3,普通,1
C003110,65+,南京,个体经营,10-30万,2022-05-16,112609.65,R2,银卡,1
C003111,25-34,徐州,退休,10-30万,2022-01-23,168831.21,R1,普通,1
C003112,25-34,常州,企业职员,10-30万,2019-03-19,95772.57,R2,银卡,1
C003113,45-54,上海,退休,10万以下,2019-09-05,26718.13,R3,金卡,1
C003114,45-54,南京,专业技术,10-30万,2018-10-29,163563.0,R2,普通,0
C003115,35-44,上海,退休,10-30万,2020-09-04,81508.11,R3,普通,1
C003116,45-54,深圳,企业职员,10-30万,2023-05-19,90059.49,R4,普通,1
C003117,25-34,杭州,其他,10万以下,2018-10-06,33044.68,R1,银卡,1
C003118,45-54,北京,退休,10-30万,2019-11-15,234330.99,R2,普通,1
C003119,25-34,南京,公务员,10-30万,2020-06-08,179778.69,R2,普通,1
C003120,25-34,常州,其他,10-30万,2022-04-23,205448.17,R2,银卡,1
C003121,25-34,苏州,企业职员,50万以上,2019-08-17,1548247.29,R2,普通,1
C003122,35-44,南通,企业职员,10-30万,2021-12-26,253415.58,R3,银卡,0
C003123,35-44,上海,退休,10-30万,2022-06-19,50244.47,R3,金卡,0
C003124,35-44,上海,其他,10万以下,2022-10-06,82460.3,R3,普通,1
C003125,25-34,深圳,企业职员,50万以上,2020-06-10,4398856.39,R1,金卡,1
C003126,25-34,深圳,退休,10-30万,2020-09-13,150776.7,R2,普通,0
C003127,35-44,苏州,退休,10-30万,2023-01-18,181930.19,R3,普通,1
C003128,25-34,北京,企业职员,10万以下,2022-05-08,29435.38,R2,普通,1
C003129,45-54,北京,企业职员,10万以下,2023-01-18,27015.57,R3,银卡,0
C003130,65+,上海,公务员,30-50万,2019-12-15,294721.06,R3,银卡,0
C003131,35-44,苏州,公务员,10万以下,2022-05-07,29273.75,R2,银卡,1
C003132,55-64,南京,公务员,10万以下,2019-09-23,39613.27,R1,普通,1
C003133,25-34,无锡,退休,10万以下,2023-01-07,37008.19,R3,金卡,0
C003134,18-24,南京,公务员,50万以上,2022-01-13,4050201.54,R3,普通,1
C003135,45-54,苏州,专业技术,30-50万,2024-04-04,420566.17,R1,银卡,1
C003136,45-54,南京,个体经营,50万以上,2024-05-21,712518.66,R2,普通,1
C003137,55-64,常州,公务员,30-50万,2024-03-29,910159.5,R1,普通,1
C003138,18-24,徐州,其他,50万以上,2024-01-07,814637.52,R3,普通,0
C003139,45-54,南京,公务员,10-30万,2018-10-29,90721.67,R1,普通,1
C003140,35-44,北京,公务员,10万以下,2022-10-07,34366.04,R4,普通,1
C003141,25-34,南京,公务员,10-30万,2021-03-19,147832.41,R5,普通,1
C003142,25-34,无锡,其他,10万以下,2018-09-02,14562.91,R5,钻石,1
C003143,65+,常州,其他,30-50万,2021-06-25,275401.06,R2,金卡,0
C003144,18-24,南通,专业技术,10万以下,2022-01-16,14307.82,R3,钻石,0
C003145,55-64,苏州,专业技术,10万以下,2020-01-10,40937.8,R4,普通,1
C003146,45-54,上海,专业技术,10-30万,2019-12-07,216844.76,R3,普通,0
C003147,45-54,苏州,专业技术,10万以下,2023-10-23,16285.55,R2,普通,1
C003148,45-54,苏州,退休,10万以下,2018-10-11,49354.42,R4,银卡,1
C003149,55-64,无锡,企业职员,10万以下,2023-09-04,47779.03,R3,钻石,1
C003150,25-34,南京,退休,10-30万,2022-05-11,86310.94,R3,普通,1
C003151,18-24,深圳,退休,10万以下,2018-09-04,11132.94,R5,普通,1
C003152,45-54,南通,其他,10万以下,2021-01-13,17559.05,R5,普通,1
C003153,35-44,南京,个体经营,10万以下,2020-12-28,22277.31,R3,银卡,1
C003154,25-34,杭州,企业职员,30-50万,2019-04-13,864628.53,R1,金卡,0
C003155,25-34,上海,个体经营,10万以下,2021-09-17,28276.92,R3,银卡,0
C003156,35-44,无锡,个体经营,10万以下,2020-09-17,18133.91,R3,银卡,0
C003157,18-24,深圳,专业技术,50万以上,2021-02-16,1615087.91,R3,普通,1
C003158,18-24,常州,公务员,30-50万,2023-09-28,209304.62,R2,普通,1
C003159,55-64,南京,企业职员,10万以下,2022-08-01,38797.95,R3,普通,1
C003160,25-34,杭州,企业职员,10万以下,2019-10-12,18400.27,R3,金卡,1
C003161,65+,北京,退休,10万以下,2022-06-08,19785.23,R5,银卡,1
C003162,65+,苏州,企业职员,30-50万,2018-12-20,482610.82,R4,普通,1
C003163,25-34,南京,专业技术,10万以下,2018-08-21,71974.67,R2,普通,1
C003164,45-54,南通,退休,50万以上,2019-10-14,4501266.89,R3,普通,1
C003165,45-54,上海,专业技术,30-50万,2024-05-30,237824.21,R3,普通,0
C003166,45-54,苏州,企业职员,10-30万,2019-11-19,89049.16,R3,普通,1
C003167,25-34,深圳,企业职员,10万以下,2018-07-04,38821.08,R1,金卡,1
C003168,25-34,南京,其他,30-50万,2019-11-12,717561.9,R3,普通,1
C003169,18-24,杭州,专业技术,30-50万,2020-07-29,135561.13,R3,钻石,1
C003170,45-54,北京,退休,30-50万,2020-09-22,417854.36,R3,普通,1
C003171,65+,南京,其他,10万以下,2021-06-07,23514.7,R4,普通,1
C003172,45-54,常州,个体经营,30-50万,2022-12-03,152849.53,R5,银卡,1
C003173,45-54,南京,其他,30-50万,2021-07-16,204973.49,R4,普通,1
C003174,65+,徐州,个体经营,50万以上,2018-12-06,1129277.31,R4,金卡,1
C003175,45-54,南通,其他,10-30万,2023-11-25,123581.3,R3,银卡,1
C003176,18-24,上海,退休,10-30万,2023-08-22,198649.74,R4,普通,0
C003177,55-64,常州,公务员,10-30万,2019-02-23,143260.66,R5,钻石,0
C003178,35-44,苏州,企业职员,30-50万,2019-06-07,642414.84,R3,普通,1
C003179,18-24,南京,其他,50万以上,2021-05-04,1520177.76,R1,普通,0
C003180,35-44,南京,个体经营,10-30万,2022-04-02,84353.71,R1,金卡,1
C003181,65+,常州,其他,10万以下,2023-10-01,27366.58,R2,普通,1
C003182,25-34,北京,公务员,10万以下,2020-05-10,42476.72,R3,银卡,1
C003183,35-44,上海,个体经营,10-30万,2021-03-02,201094.07,R3,普通,1
C003184,25-34,无锡,公务员,30-50万,2019-07-26,371491.95,R4,金卡,0
C003185,18-24,深圳,企业职员,10万以下,2022-03-26,18852.39,R3,普通,0
C003186,25-34,南京,专业技术,10-30万,2019-08-10,141928.13,R2,普通,1
C003187,45-54,深圳,个体经营,50万以上,2018-08-31,1904949.67,R1,钻石,0
C003188,55-64,苏州,公务员,10-30万,2023-06-12,222260.76,R3,银卡,1
C003189,25-34,南京,个体经营,10万以下,2019-10-23,21366.32,R2,银卡,1
C003190,25-34,杭州,个体经营,10-30万,2020-09-25,85935.16,R5,普通,1
C003191,25-34,常州,公务员,10-30万,2021-12-16,175137.58,R4,银卡,1
C003192,18-24,北京,退休,10万以下,2023-02-14,24470.8,R2,普通,0
C003193,35-44,上海,公务员,10-30万,2023-06-26,95837.08,R3,普通,1
C003194,45-54,南京,专业技术,10-30万,2023-09-28,224654.05,R4,普通,1
C003195,45-54,南京,退休,10-30万,2022-10-24,60460.42,R4,普通,0
C003196,35-44,无锡,公务员,10-30万,2021-04-28,335490.39,R3,普通,1
C003197,35-44,南通,企业职员,10万以下,2021-03-05,22084.58,R5,银卡,1
C003198,25-34,无锡,企业职员,10万以下,2018-06-20,46273.14,R3,普通,1
C003199,25-34,南京,专业技术,10万以下,2019-12-14,28411.6,R1,普通,1
C003200,65+,南京,企业职员,10万以下,2018-07-03,34359.5,R3,银卡,1
C003201,45-54,常州,企业职员,30-50万,2019-11-16,350749.15,R3,普通,0
C003202,65+,南京,个体经营,10万以下,2020-12-17,46038.85,R5,普通,1
C003203,55-64,无锡,公务员,10-30万,2019-07-01,100869.72,R1,普通,1
C003204,45-54,南京,个体经营,10万以下,2019-10-07,22527.22,R2,普通,1
C003205,65+,北京,退休,10万以下,2019-07-21,74281.97,R3,银卡,1
C003206,35-44,徐州,退休,10万以下,2022-11-29,30443.99,R4,普通,1
C003207,18-24,南京,个体经营,10-30万,2020-01-20,85596.46,R3,普通,1
C003208,18-24,上海,企业职员,10-30万,2023-01-24,56959.95,R2,普通,1
C003209,25-34,常州,公务员,30-50万,2022-07-03,1016635.13,R4,普通,0
C003210,25-34,常州,其他,10万以下,2020-02-28,22765.24,R3,普通,0
C003211,35-44,苏州,企业职员,10-30万,2021-05-16,336436.98,R4,普通,1
C003212,45-54,无锡,公务员,30-50万,2019-09-06,488281.32,R4,普通,1
C003213,55-64,北京,其他,10-30万,2020-01-28,128886.78,R1,银卡,1
C003214,45-54,南京,个体经营,10万以下,2019-12-12,32658.96,R5,普通,1
C003215,25-34,徐州,企业职员,10万以下,2023-07-11,90846.64,R2,普通,1
C003216,45-54,南京,其他,10万以下,2023-10-15,10025.06,R5,银卡,1
C003217,35-44,无锡,退休,30-50万,2022-12-02,445249.73,R1,普通,1
C003218,18-24,常州,其他,10-30万,2022-04-09,105097.65,R4,普通,0
C003219,25-34,南京,退休,10-30万,2019-06-24,107871.97,R2,钻石,1
C003220,35-44,南京,专业技术,30-50万,2024-02-24,431005.34,R1,普通,1
C003221,25-34,常州,退休,10-30万,2021-02-28,105042.46,R5,银卡,0
C003222,55-64,无锡,企业职员,10-30万,2019-09-06,131835.78,R2,银卡,1
C003223,45-54,北京,企业职员,10万以下,2022-03-24,29648.41,R1,普通,0
C003224,45-54,上海,专业技术,10-30万,2022-07-16,62222.25,R4,普通,1
C003225,25-34,北京,个体经营,10万以下,2023-03-09,36302.27,R2,普通,1
C003226,55-64,北京,退休,10万以下,2021-10-29,42915.14,R3,普通,1
C003227,45-54,南京,其他,10万以下,2020-09-15,22877.74,R5,普通,1
C003228,25-34,北京,公务员,30-50万,2020-12-05,1017814.12,R3,钻石,0
C003229,45-54,深圳,公务员,10-30万,2019-04-18,233989.82,R1,普通,1
C003230,35-44,无锡,公务员,30-50万,2024-05-30,609988.86,R3,银卡,1
C003231,35-44,徐州,退休,10万以下,2022-08-27,45472.5,R3,普通,1
C003232,25-34,苏州,个体经营,50万以上,2022-04-13,1522743.41,R1,银卡,1
C003233,35-44,南京,个体经营,10万以下,2022-01-21,53084.42,R3,普通,1
C003234,25-34,苏州,退休,30-50万,2020-01-13,877293.72,R2,普通,1
C003235,25-34,南京,个体经营,30-50万,2023-10-22,599128.77,R1,普通,1
C003236,25-34,常州,专业技术,10-30万,2022-09-10,90228.93,R2,普通,1
C003237,65+,徐州,退休,10-30万,2024-02-01,117642.58,R4,银卡,0
C003238,25-34,南京,公务员,30-50万,2020-12-23,532881.76,R2,金卡,1
C003239,35-44,苏州,专业技术,30-50万,2018-08-10,608098.58,R2,普通,0
C003240,35-44,南京,其他,10万以下,2018-07-13,28860.06,R5,普通,1
C003241,55-64,深圳,其他,30-50万,2024-02-16,301286.09,R2,银卡,1
C003242,35-44,杭州,其他,10万以下,2023-09-15,66241.08,R5,普通,1
C003243,55-64,南京,公务员,10-30万,2020-12-22,70198.85,R4,金卡,1
C003244,25-34,杭州,专业技术,10-30万,2022-10-19,74950.35,R2,普通,1
C003245,25-34,杭州,专业技术,30-50万,2023-01-09,206005.04,R2,普通,1
C003246,35-44,杭州,企业职员,10-30万,2020-04-18,74867.23,R1,普通,1
C003247,35-44,北京,专业技术,10万以下,2022-07-25,55973.02,R1,普通,1
C003248,55-64,常州,公务员,10-30万,2020-10-23,227672.48,R2,银卡,1
C003249,55-64,苏州,专业技术,10万以下,2024-03-07,28909.63,R2,普通,1
C003250,35-44,北京,专业技术,10-30万,2018-07-11,153799.37,R2,金卡,1
C003251,65+,杭州,退休,10-30万,2023-11-28,119371.38,R4,普通,1
C003252,35-44,苏州,退休,30-50万,2024-03-16,220407.07,R2,银卡,1
C003253,25-34,南通,专业技术,10万以下,2021-11-24,90944.63,R2,银卡,0
C003254,35-44,南通,个体经营,10万以下,2019-02-16,59654.37,R1,普通,0
C003255,18-24,常州,其他,10-30万,2020-07-27,143265.77,R2,金卡,1
C003256,55-64,南通,公务员,10万以下,2021-06-22,19555.42,R4,普通,1
C003257,25-34,南京,公务员,10万以下,2022-09-30,26808.8,R3,普通,0
C003258,25-34,无锡,其他,10-30万,2023-01-18,84883.44,R2,普通,1
C003259,35-44,苏州,其他,10-30万,2020-06-25,126000.12,R3,普通,1
C003260,18-24,南京,个体经营,10万以下,2021-05-20,35028.39,R2,普通,0
C003261,18-24,常州,其他,10-30万,2020-09-21,101182.82,R4,普通,0
C003262,45-54,无锡,其他,30-50万,2021-12-07,193302.86,R2,金卡,1
C003263,18-24,无锡,其他,10-30万,2022-08-09,348459.23,R3,金卡,0
C003264,35-44,南京,专业技术,10万以下,2023-05-03,33783.1,R2,金卡,1
C003265,35-44,常州,退休,10万以下,2022-08-28,37693.72,R2,银卡,0
C003266,25-34,苏州,专业技术,10万以下,2023-02-04,24288.25,R3,银卡,1
C003267,25-34,南京,企业职员,10-30万,2021-06-23,54953.43,R1,金卡,1
C003268,45-54,上海,企业职员,10-30万,2022-09-06,115104.62,R3,普通,1
C003269,65+,徐州,其他,10万以下,2019-08-16,25523.16,R3,金卡,1
C003270,25-34,常州,公务员,10万以下,2021-02-02,42775.46,R1,普通,1
C003271,65+,徐州,公务员,10-30万,2022-07-29,188770.22,R5,普通,1
C003272,45-54,苏州,其他,10-30万,2023-12-01,175915.98,R1,普通,1
C003273,45-54,南京,个体经营,50万以上,2023-09-06,2458622.6,R4,普通,0
C003274,45-54,苏州,退休,10万以下,2023-11-18,73923.46,R3,普通,1
C003275,45-54,上海,退休,10万以下,2022-06-24,36456.63,R2,金卡,0
C003276,55-64,南通,个体经营,10-30万,2022-06-02,207908.83,R1,普通,1
C003277,35-44,杭州,专业技术,10万以下,2024-02-13,38402.7,R3,普通,1
C003278,35-44,北京,专业技术,10万以下,2020-02-26,11602.03,R3,钻石,0
C003279,35-44,苏州,个体经营,10-30万,2021-03-25,111077.88,R3,金卡,1
C003280,25-34,北京,企业职员,10-30万,2018-07-10,77760.69,R2,银卡,1
C003281,45-54,徐州,企业职员,10万以下,2019-01-26,33680.33,R1,普通,1
C003282,18-24,南通,退休,10-30万,2024-05-05,80800.78,R4,普通,1
C003283,25-34,常州,其他,10-30万,2020-03-14,162443.81,R4,金卡,0
C003284,25-34,常州,企业职员,10万以下,2018-07-23,48994.67,R2,普通,1
C003285,25-34,南京,公务员,30-50万,2019-08-03,730149.69,R4,普通,1
C003286,45-54,南京,个体经营,10万以下,2020-04-13,67412.35,R3,普通,0
C003287,45-54,苏州,企业职员,50万以上,2023-07-30,648854.4,R3,银卡,1
C003288,35-44,南京,个体经营,50万以上,2018-12-27,823629.15,R3,普通,1
C003289,25-34,南京,其他,10-30万,2019-06-19,518738.21,R1,金卡,0
C003290,35-44,南京,专业技术,10万以下,2021-03-09,49697.73,R1,银卡,1
C003291,35-44,深圳,其他,30-50万,2018-11-12,447505.37,R3,钻石,1
C003292,45-54,南京,个体经营,10-30万,2021-08-17,121937.73,R5,普通,1
C003293,35-44,深圳,退休,10万以下,2021-03-16,29159.11,R3,普通,1
C003294,35-44,南通,其他,10-30万,2019-09-08,45632.42,R1,银卡,1
C003295,35-44,南京,专业技术,10-30万,2020-01-29,81559.04,R1,钻石,0
C003296,65+,南京,退休,30-50万,2021-02-04,378244.48,R2,普通,0
C003297,45-54,南京,公务员,30-50万,2019-09-13,279648.82,R3,普通,1
C003298,35-44,无锡,其他,30-50万,2019-01-04,298537.8,R1,银卡,1
C003299,35-44,南京,其他,30-50万,2020-07-04,1437743.66,R1,银卡,1
C003300,18-24,杭州,专业技术,10-30万,2019-01-14,105812.14,R3,普通,1
C003301,65+,无锡,企业职员,10-30万,2021-12-09,137903.17,R1,普通,1
C003302,25-34,常州,公务员,50万以上,2021-03-21,1693391.38,R2,普通,1
C003303,25-34,常州,公务员,50万以上,2020-07-05,2014145.14,R3,普通,1
C003304,65+,徐州,其他,30-50万,2020-12-16,315078.93,R1,普通,1
C003305,45-54,深圳,企业职员,30-50万,2023-05-05,746171.28,R2,银卡,1
C003306,18-24,无锡,企业职员,10-30万,2021-09-01,149795.77,R1,普通,1
C003307,18-24,苏州,其他,10万以下,2023-08-09,15762.21,R2,普通,1
C003308,18-24,深圳,其他,30-50万,2020-04-06,379066.84,R4,普通,1
C003309,45-54,深圳,公务员,10万以下,2019-08-09,27525.79,R3,普通,1
C003310,18-24,上海,企业职员,10万以下,2020-04-21,26899.69,R1,银卡,1
C003311,65+,杭州,其他,10-30万,2019-03-17,154800.96,R1,普通,0
C003312,65+,无锡,退休,10-30万,2020-06-30,164820.06,R2,普通,1
C003313,35-44,常州,退休,10-30万,2022-02-17,155371.39,R4,普通,0
C003314,45-54,苏州,退休,10万以下,2024-01-15,35539.87,R3,普通,1
C003315,25-34,徐州,其他,10万以下,2024-03-20,31312.46,R3,银卡,1
C003316,18-24,杭州,专业技术,10万以下,2018-08-12,10232.76,R1,普通,1
C003317,45-54,无锡,企业职员,10-30万,2019-09-22,177051.04,R4,普通,1
C003318,25-34,常州,退休,10万以下,2022-05-24,38297.11,R4,银卡,0
C003319,25-34,上海,企业职员,10-30万,2018-08-29,73340.36,R2,普通,1
C003320,25-34,南京,企业职员,10万以下,2022-12-07,34518.26,R2,普通,1
C003321,18-24,徐州,个体经营,10-30万,2019-10-07,165912.57,R2,普通,1
C003322,35-44,上海,个体经营,10-30万,2023-02-22,215533.27,R3,普通,1
C003323,45-54,南京,专业技术,10-30万,2020-02-21,154878.74,R2,金卡,1
C003324,55-64,苏州,个体经营,30-50万,2023-12-31,469780.45,R2,银卡,1
C003325,45-54,南京,其他,10万以下,2020-04-20,48162.64,R3,普通,1
C003326,55-64,南京,其他,10-30万,2021-08-30,102947.77,R3,普通,1
C003327,35-44,常州,其他,10-30万,2020-11-27,147450.62,R2,普通,1
C003328,55-64,上海,个体经营,10万以下,2024-03-01,21991.17,R3,银卡,0
C003329,35-44,无锡,专业技术,30-50万,2022-03-10,696879.77,R1,普通,0
C003330,25-34,徐州,企业职员,50万以上,2023-06-13,670728.76,R2,普通,1
C003331,65+,南京,其他,10-30万,2020-09-13,180523.39,R4,金卡,1
C003332,25-34,杭州,公务员,50万以上,2024-05-20,1513340.7,R3,金卡,0
C003333,18-24,无锡,公务员,10-30万,2018-12-19,194452.01,R4,银卡,0
C003334,25-34,上海,其他,10-30万,2023-05-13,81224.71,R3,金卡,1
C003335,35-44,南京,其他,10万以下,2021-04-10,31380.58,R3,普通,1
C003336,35-44,杭州,其他,10万以下,2018-06-03,30923.38,R2,普通,1
C003337,35-44,常州,企业职员,10万以下,2021-12-12,37268.15,R1,普通,1
C003338,55-64,深圳,其他,10-30万,2021-02-25,71073.23,R4,普通,0
C003339,25-34,无锡,个体经营,10-30万,2018-08-20,164942.89,R3,普通,1
C003340,35-44,北京,企业职员,10万以下,2024-01-05,11920.39,R4,金卡,1
C003341,35-44,无锡,企业职员,10-30万,2021-01-10,85933.24,R3,金卡,0
C003342,55-64,南京,退休,10万以下,2021-01-06,13733.42,R2,普通,0
C003343,25-34,上海,退休,10-30万,2020-01-21,181562.77,R1,银卡,1
C003344,25-34,南京,个体经营,10万以下,2020-10-18,36644.48,R2,普通,0
C003345,35-44,杭州,专业技术,10-30万,2021-07-10,150733.15,R3,普通,1
C003346,45-54,苏州,退休,10-30万,2021-02-12,250657.24,R5,普通,1
C003347,55-64,上海,个体经营,30-50万,2022-09-13,341549.87,R4,银卡,1
C003348,45-54,常州,退休,10万以下,2022-05-23,40690.32,R3,银卡,1
C003349,45-54,常州,公务员,10-30万,2018-09-11,124027.45,R2,银卡,1
C003350,35-44,上海,公务员,50万以上,2020-06-16,1436698.58,R1,金卡,0
C003351,18-24,徐州,个体经营,10万以下,2020-04-21,57656.92,R2,普通,1
C003352,25-34,徐州,专业技术,10-30万,2023-07-23,339825.22,R5,普通,0
C003353,18-24,徐州,公务员,10万以下,2022-02-01,24178.51,R3,普通,1
C003354,35-44,南通,公务员,10万以下,2023-02-03,45515.69,R3,金卡,1
C003355,35-44,杭州,公务员,10-30万,2018-09-14,140759.14,R4,普通,1
C003356,35-44,苏州,个体经营,10万以下,2018-06-04,35401.48,R1,普通,1
C003357,35-44,南京,退休,10-30万,2022-05-25,135786.07,R5,钻石,0
C003358,35-44,上海,公务员,50万以上,2021-11-29,1269884.7,R3,普通,1
C003359,45-54,常州,退休,10万以下,2020-04-15,4996.35,R1,普通,1
C003360,45-54,北京,个体经营,10万以下,2023-07-11,64625.05,R3,普通,0
C003361,25-34,深圳,公务员,30-50万,2021-01-13,282618.59,R1,普通,1
C003362,35-44,杭州,公务员,10-30万,2023-02-09,106347.62,R3,银卡,1
C003363,45-54,南通,退休,30-50万,2021-03-28,358281.18,R2,金卡,1
C003364,45-54,上海,公务员,10-30万,2020-01-20,81092.46,R2,普通,1
C003365,25-34,苏州,专业技术,10-30万,2019-12-18,135315.87,R3,银卡,1
C003366,35-44,南京,专业技术,50万以上,2023-09-19,1467131.14,R2,普通,1
C003367,45-54,上海,退休,10万以下,2022-09-02,20966.57,R1,银卡,0
C003368,45-54,上海,专业技术,30-50万,2022-04-14,431003.22,R4,普通,1
C003369,25-34,南京,其他,10-30万,2020-01-17,118033.49,R2,普通,1
C003370,35-44,杭州,其他,30-50万,2022-06-09,636117.84,R3,普通,0
C003371,55-64,北京,公务员,10万以下,2021-08-16,15348.32,R3,金卡,1
C003372,18-24,苏州,个体经营,10-30万,2023-01-16,80221.94,R1,普通,1
C003373,55-64,南京,个体经营,10万以下,2022-05-04,43113.93,R5,普通,1
C003374,25-34,北京,专业技术,50万以上,2021-07-17,1089363.56,R2,普通,1
C003375,35-44,南京,个体经营,10万以下,2023-02-24,19096.33,R2,钻石,1
C003376,35-44,苏州,其他,10万以下,2023-10-02,22332.7,R2,普通,0
C003377,18-24,南通,退休,30-50万,2023-07-23,380305.62,R3,金卡,1
C003378,55-64,杭州,个体经营,10-30万,2021-08-31,114308.65,R1,普通,1
C003379,35-44,上海,公务员,10-30万,2023-06-06,108041.19,R2,普通,1
C003380,65+,上海,退休,10万以下,2024-03-21,17937.88,R3,普通,0
C003381,25-34,杭州,退休,10-30万,2019-05-24,176632.48,R3,普通,1
C003382,55-64,上海,其他,10万以下,2018-07-28,58224.56,R2,普通,1
C003383,65+,徐州,专业技术,10-30万,2021-05-03,46167.56,R2,普通,0
C003384,35-44,南京,退休,10-30万,2020-10-09,55186.67,R2,普通,1
C003385,25-34,无锡,其他,10-30万,2023-05-31,198129.38,R2,普通,1
C003386,45-54,无锡,企业职员,10万以下,2023-12-18,65765.51,R3,银卡,0
C003387,35-44,南京,企业职员,10万以下,2023-12-08,10346.08,R2,普通,1
C003388,65+,无锡,公务员,30-50万,2023-04-08,601353.41,R2,普通,1
C003389,35-44,苏州,公务员,10万以下,2023-09-29,68042.83,R2,金卡,1
C003390,25-34,南京,公务员,10万以下,2019-12-24,19491.75,R3,银卡,1
C003391,25-34,南通,企业职员,10-30万,2019-10-11,264363.66,R3,银卡,1
C003392,45-54,苏州,退休,10-30万,2020-01-04,109781.78,R2,普通,0
C003393,65+,南京,专业技术,30-50万,2022-09-07,468147.35,R3,银卡,0
C003394,18-24,上海,退休,10-30万,2022-03-21,83753.26,R3,普通,1
C003395,45-54,杭州,退休,30-50万,2022-04-04,659827.75,R1,普通,1
C003396,65+,徐州,企业职员,10-30万,2023-07-10,182129.47,R2,普通,1
C003397,18-24,南京,公务员,30-50万,2021-07-26,947492.69,R2,金卡,1
C003398,25-34,徐州,个体经营,30-50万,2021-03-09,822022.88,R4,普通,1
C003399,45-54,上海,公务员,10万以下,2023-03-08,29863.06,R2,普通,1
C003400,45-54,苏州,个体经营,50万以上,2022-10-01,7096874.07,R2,普通,1
C003401,18-24,南京,个体经营,30-50万,2021-08-01,785924.61,R3,普通,1
C003402,55-64,无锡,退休,10-30万,2023-11-01,157236.3,R3,普通,1
C003403,35-44,无锡,公务员,10万以下,2020-11-13,18221.83,R4,普通,1
C003404,55-64,南京,公务员,10万以下,2022-05-01,13959.79,R2,金卡,0
C003405,55-64,南京,公务员,10-30万,2020-02-21,58263.62,R2,普通,1
C003406,55-64,常州,公务员,10-30万,2019-11-22,75238.19,R3,普通,1
C003407,35-44,常州,退休,10-30万,2022-03-08,238923.42,R3,普通,1
C003408,25-34,常州,专业技术,10-30万,2022-04-13,153091.56,R5,普通,1
C003409,35-44,深圳,退休,10-30万,2021-03-27,88305.74,R3,普通,1
C003410,25-34,南京,企业职员,10万以下,2024-03-03,28029.65,R3,普通,0
C003411,45-54,上海,退休,10万以下,2023-04-04,26372.56,R1,普通,1
C003412,25-34,苏州,退休,10万以下,2023-09-10,44755.87,R5,普通,0
C003413,35-44,上海,退休,30-50万,2022-09-15,257769.47,R3,普通,1
C003414,18-24,上海,个体经营,10-30万,2020-10-28,142927.13,R1,银卡,1
C003415,25-34,徐州,退休,50万以上,2022-12-10,1742826.11,R2,金卡,1
C003416,25-34,徐州,专业技术,30-50万,2021-04-09,261655.97,R3,普通,1
C003417,45-54,徐州,退休,30-50万,2020-03-31,884893.73,R2,普通,0
C003418,55-64,上海,退休,10-30万,2020-05-08,103513.92,R3,普通,0
C003419,18-24,南京,其他,30-50万,2021-03-20,243493.31,R3,银卡,0
C003420,55-64,无锡,公务员,50万以上,2020-12-21,2297691.9,R2,普通,1
C003421,55-64,杭州,退休,30-50万,2021-10-02,411048.96,R5,普通,0
C003422,35-44,南通,公务员,10万以下,2021-06-03,36796.82,R5,普通,0
C003423,45-54,南京,个体经营,10-30万,2019-08-17,66363.81,R2,银卡,1
C003424,35-44,深圳,其他,10万以下,2021-07-21,45033.45,R2,普通,1
C003425,25-34,深圳,企业职员,10万以下,2022-04-19,88891.06,R4,银卡,1
C003426,35-44,常州,退休,10-30万,2018-08-16,63820.53,R2,普通,1
C003427,25-34,常州,公务员,30-50万,2018-11-22,477502.29,R5,普通,1
C003428,55-64,苏州,公务员,10万以下,2019-03-22,20257.85,R2,银卡,1
C003429,65+,常州,企业职员,10万以下,2019-06-22,115122.92,R3,银卡,1
C003430,55-64,深圳,退休,30-50万,2022-02-09,743434.59,R3,普通,1
C003431,35-44,苏州,退休,10万以下,2018-08-21,34544.59,R2,普通,1
C003432,35-44,苏州,个体经营,10万以下,2020-06-24,16236.53,R3,普通,0
C003433,65+,北京,公务员,30-50万,2019-01-19,244309.66,R1,金卡,1
C003434,25-34,无锡,专业技术,30-50万,2024-04-17,580913.46,R2,普通,1
C003435,18-24,深圳,其他,10-30万,2023-10-09,60718.33,R2,金卡,1
C003436,35-44,苏州,退休,10-30万,2024-04-15,61678.46,R1,金卡,1
C003437,35-44,南京,退休,10-30万,2018-05-30,120531.05,R1,普通,0
C003438,35-44,深圳,企业职员,10万以下,2022-07-01,32069.51,R2,金卡,0
C003439,18-24,苏州,其他,30-50万,2024-03-06,483707.43,R2,普通,1
C003440,45-54,上海,专业技术,30-50万,2019-11-14,321083.72,R1,普通,1
C003441,25-34,南京,专业技术,10-30万,2019-08-25,190102.81,R1,普通,1
C003442,25-34,上海,个体经营,10万以下,2018-11-03,19497.57,R4,银卡,1
C003443,18-24,苏州,其他,10万以下,2020-12-05,41038.87,R1,钻石,1
C003444,35-44,杭州,专业技术,10万以下,2020-04-20,33390.04,R3,普通,0
C003445,55-64,深圳,公务员,10万以下,2020-09-10,40508.91,R1,普通,1
C003446,35-44,南京,个体经营,10万以下,2020-02-28,54173.75,R1,普通,0
C003447,45-54,无锡,公务员,30-50万,2021-04-20,318556.03,R2,普通,1
C003448,45-54,上海,其他,10万以下,2024-03-22,21556.1,R2,银卡,1
C003449,35-44,深圳,退休,10-30万,2023-05-29,51588.3,R3,普通,1
C003450,55-64,无锡,专业技术,10-30万,2018-10-24,43728.09,R3,金卡,1
C003451,45-54,深圳,退休,30-50万,2024-02-15,366309.08,R2,普通,1
C003452,35-44,北京,其他,50万以上,2023-11-23,1421487.23,R1,普通,1
C003453,18-24,上海,个体经营,10-30万,2019-08-06,69717.42,R4,普通,0
C003454,18-24,无锡,公务员,10万以下,2018-09-17,19407.27,R1,银卡,1
C003455,65+,常州,其他,30-50万,2021-09-22,856788.82,R4,银卡,0
C003456,55-64,上海,个体经营,10万以下,2023-07-25,46484.42,R3,普通,1
C003457,65+,上海,企业职员,10万以下,2020-11-14,15964.92,R2,普通,0
C003458,55-64,苏州,退休,10万以下,2024-03-19,24047.32,R2,普通,1
C003459,18-24,南通,公务员,30-50万,2022-03-31,490029.65,R2,金卡,1
C003460,55-64,杭州,公务员,10万以下,2021-01-08,21932.55,R3,银卡,0
C003461,35-44,常州,退休,10-30万,2019-02-11,80089.45,R5,银卡,1
C003462,55-64,南通,其他,10-30万,2023-09-24,101328.62,R2,普通,0
C003463,18-24,苏州,企业职员,10-30万,2020-10-05,207021.4,R5,普通,0
C003464,25-34,南京,专业技术,10万以下,2024-03-29,54157.58,R2,普通,1
C003465,45-54,南京,公务员,30-50万,2021-08-12,276923.46,R1,普通,1
C003466,55-64,无锡,其他,30-50万,2020-05-23,503578.74,R3,普通,1
C003467,45-54,徐州,其他,10-30万,2024-03-13,119615.91,R5,普通,1
C003468,25-34,上海,企业职员,10-30万,2019-12-20,72484.59,R3,普通,1
C003469,25-34,南京,企业职员,30-50万,2018-06-24,344787.16,R4,普通,1
C003470,65+,苏州,个体经营,30-50万,2022-08-26,212586.18,R2,普通,1
C003471,35-44,杭州,企业职员,10-30万,2019-11-09,214652.27,R4,银卡,1
C003472,35-44,南京,个体经营,10-30万,2021-03-15,260793.2,R4,银卡,0
C003473,35-44,深圳,公务员,10万以下,2018-11-20,24432.42,R3,普通,1
C003474,35-44,徐州,其他,10万以下,2020-11-19,21685.8,R3,钻石,1
C003475,35-44,深圳,退休,10万以下,2019-07-31,50830.4,R3,钻石,1
C003476,35-44,上海,企业职员,10万以下,2023-06-13,55106.73,R5,普通,1
C003477,55-64,深圳,专业技术,10万以下,2022-11-16,17184.22,R3,银卡,0
C003478,55-64,徐州,退休,30-50万,2021-10-06,371460.38,R2,普通,1
C003479,65+,苏州,退休,30-50万,2018-12-22,388384.32,R4,普通,1
C003480,35-44,杭州,专业技术,30-50万,2020-07-30,272074.63,R3,普通,1
C003481,35-44,苏州,专业技术,10-30万,2023-02-20,145544.6,R3,普通,1
C003482,45-54,南通,其他,10-30万,2019-01-30,84564.88,R3,普通,0
C003483,55-64,无锡,公务员,10万以下,2020-09-08,22898.4,R2,金卡,1
C003484,35-44,杭州,其他,10-30万,2021-11-22,114070.92,R2,钻石,1
C003485,45-54,上海,公务员,10万以下,2022-02-06,14248.71,R1,普通,1
C003486,45-54,杭州,退休,10-30万,2020-03-15,42916.88,R4,普通,1
C003487,45-54,苏州,其他,50万以上,2019-02-09,2374059.34,R3,金卡,0
C003488,45-54,深圳,公务员,30-50万,2021-05-24,276249.1,R4,银卡,1
C003489,25-34,杭州,专业技术,10万以下,2019-05-02,87237.08,R2,普通,1
C003490,35-44,无锡,其他,30-50万,2020-02-27,1072109.53,R5,钻石,0
C003491,45-54,南京,公务员,10万以下,2023-12-21,23288.46,R2,普通,0
C003492,18-24,苏州,专业技术,10万以下,2019-08-31,96614.02,R2,普通,0
C003493,55-64,南京,退休,10万以下,2021-01-14,47941.65,R5,普通,1
C003494,45-54,徐州,专业技术,10万以下,2021-03-21,21726.67,R3,银卡,1
C003495,25-34,南京,退休,10-30万,2020-09-21,33002.12,R5,普通,1
C003496,55-64,无锡,公务员,10-30万,2024-01-18,169282.57,R3,金卡,1
C003497,45-54,徐州,专业技术,10万以下,2018-12-13,30473.13,R2,银卡,0
C003498,45-54,无锡,退休,50万以上,2019-02-22,1861059.41,R2,普通,0
C003499,35-44,北京,公务员,10-30万,2018-05-27,107026.2,R4,普通,1
C003500,55-64,苏州,个体经营,10-30万,2020-10-17,67732.31,R3,普通,1
C003501,35-44,常州,专业技术,10-30万,2022-12-22,96928.97,R3,普通,1
C003502,35-44,北京,退休,10-30万,2020-10-18,170854.17,R1,普通,1
C003503,18-24,苏州,退休,10-30万,2022-09-19,100514.71,R2,钻石,1
C003504,45-54,常州,个体经营,10-30万,2021-05-07,100211.49,R4,银卡,1
C003505,45-54,北京,其他,30-50万,2019-08-04,187123.91,R5,普通,1
C003506,35-44,常州,专业技术,10-30万,2023-05-15,125598.71,R2,金卡,0
C003507,35-44,杭州,专业技术,10-30万,2021-09-04,68822.16,R1,钻石,0
C003508,55-64,深圳,企业职员,10万以下,2021-06-27,47487.21,R1,金卡,1
C003509,45-54,苏州,公务员,30-50万,2018-10-25,277109.88,R1,普通,1
C003510,25-34,上海,企业职员,10-30万,2021-03-07,103507.05,R4,普通,1
C003511,65+,徐州,企业职员,10万以下,2022-05-12,88516.52,R2,银卡,0
C003512,45-54,深圳,其他,50万以上,2022-02-07,1286825.07,R2,普通,1
C003513,65+,南通,公务员,10-30万,2022-08-03,96274.58,R3,普通,1
C003514,65+,杭州,退休,10万以下,2023-07-08,40205.68,R4,金卡,1
C003515,55-64,苏州,专业技术,10万以下,2020-02-20,12287.3,R2,金卡,0
C003516,45-54,南通,公务员,10-30万,2019-10-29,224280.25,R4,普通,1
C003517,45-54,上海,退休,50万以上,2023-03-21,2465599.86,R2,金卡,1
C003518,25-34,深圳,专业技术,10-30万,2021-08-31,155978.41,R2,普通,1
C003519,35-44,苏州,退休,10万以下,2019-11-18,5543.63,R4,银卡,1
C003520,45-54,南京,退休,10-30万,2020-03-12,105402.45,R1,普通,1
C003521,35-44,深圳,退休,10-30万,2023-12-08,63501.19,R5,普通,1
C003522,55-64,南通,专业技术,10万以下,2024-02-18,52628.13,R3,银卡,1
C003523,25-34,南京,企业职员,30-50万,2023-12-27,677049.98,R4,普通,1
C003524,35-44,常州,个体经营,10万以下,2021-05-18,36423.07,R1,金卡,0
C003525,35-44,北京,退休,30-50万,2018-11-29,219183.43,R2,普通,1
C003526,35-44,深圳,其他,30-50万,2023-12-21,844387.62,R4,普通,1
C003527,25-34,苏州,专业技术,10万以下,2020-03-11,26313.1,R4,普通,1
C003528,25-34,上海,企业职员,30-50万,2019-12-31,986486.93,R4,银卡,1
C003529,55-64,无锡,其他,30-50万,2018-08-11,456760.0,R2,银卡,1
C003530,35-44,无锡,专业技术,10-30万,2020-11-30,154608.44,R3,普通,0
C003531,18-24,上海,专业技术,10-30万,2018-08-31,95329.52,R2,普通,0
C003532,18-24,苏州,个体经营,10万以下,2021-09-11,60623.05,R2,普通,1
C003533,35-44,无锡,个体经营,10万以下,2022-10-26,40666.89,R3,普通,0
C003534,25-34,苏州,专业技术,30-50万,2018-07-22,822962.3,R3,普通,1
C003535,45-54,南京,专业技术,10万以下,2021-04-11,32784.9,R3,金卡,1
C003536,55-64,无锡,公务员,10万以下,2022-06-14,29302.65,R2,普通,1
C003537,25-34,深圳,个体经营,10-30万,2020-07-17,161589.12,R4,普通,1
C003538,45-54,无锡,企业职员,10万以下,2021-11-13,61711.34,R5,银卡,1
C003539,25-34,上海,公务员,30-50万,2019-11-30,665029.7,R2,钻石,1
C003540,25-34,苏州,其他,30-50万,2019-12-22,428622.45,R4,银卡,0
C003541,55-64,杭州,公务员,30-50万,2024-04-20,158041.13,R4,普通,0
C003542,35-44,徐州,其他,10万以下,2021-04-02,44987.76,R2,普通,1
C003543,55-64,深圳,个体经营,10-30万,2019-04-08,58448.11,R3,普通,1
C003544,25-34,苏州,其他,30-50万,2020-06-13,407062.78,R5,普通,0
C003545,35-44,常州,专业技术,10-30万,2020-01-29,113251.23,R3,银卡,1
C003546,35-44,南京,退休,10-30万,2018-07-15,59063.17,R1,金卡,1
C003547,35-44,南京,个体经营,10-30万,2022-05-06,144567.03,R3,普通,1
C003548,65+,南通,企业职员,10-30万,2020-03-23,352359.02,R3,银卡,1
C003549,25-34,杭州,个体经营,10万以下,2024-03-27,25659.01,R3,银卡,1
C003550,55-64,南京,专业技术,10-30万,2023-07-05,175990.77,R1,普通,1
C003551,55-64,上海,公务员,10万以下,2020-03-18,97421.05,R1,普通,1
C003552,35-44,上海,个体经营,30-50万,2023-02-26,615706.97,R4,钻石,0
C003553,35-44,常州,企业职员,10-30万,2019-09-04,86927.12,R3,普通,1
C003554,35-44,上海,个体经营,10万以下,2019-03-06,33774.46,R5,普通,0
C003555,25-34,南通,企业职员,30-50万,2019-01-12,508698.06,R2,普通,1
C003556,55-64,深圳,公务员,10-30万,2024-02-16,245770.53,R4,银卡,1
C003557,35-44,上海,个体经营,10万以下,2022-06-16,55048.94,R1,金卡,1
C003558,65+,北京,公务员,50万以上,2021-05-07,375507.55,R4,普通,0
C003559,45-54,无锡,企业职员,30-50万,2024-04-26,260697.9,R4,普通,1
C003560,35-44,杭州,企业职员,10-30万,2018-12-16,115871.1,R2,金卡,1
C003561,45-54,深圳,专业技术,30-50万,2018-08-08,240764.92,R2,银卡,1
C003562,35-44,南京,企业职员,10-30万,2019-09-28,18867.6,R4,钻石,0
C003563,55-64,常州,企业职员,10-30万,2022-09-28,83486.3,R3,银卡,1
C003564,25-34,杭州,退休,10万以下,2023-09-20,29945.89,R3,银卡,1
C003565,65+,无锡,个体经营,10万以下,2019-06-09,23070.51,R2,普通,0
C003566,55-64,常州,其他,10-30万,2019-12-15,72895.0,R4,普通,1
C003567,55-64,上海,个体经营,10-30万,2018-09-20,122513.85,R3,普通,1
C003568,35-44,杭州,个体经营,30-50万,2022-02-11,474854.59,R2,普通,1
C003569,55-64,南京,企业职员,10-30万,2023-05-27,94935.07,R3,普通,1
C003570,25-34,无锡,企业职员,10-30万,2018-12-27,238260.27,R1,普通,1
C003571,45-54,无锡,其他,30-50万,2023-10-08,411711.04,R4,普通,1
C003572,25-34,南京,公务员,50万以上,2020-12-18,970162.47,R4,银卡,1
C003573,25-34,南京,企业职员,10-30万,2021-07-29,68389.76,R2,普通,1
C003574,35-44,上海,退休,50万以上,2021-02-09,1348482.93,R2,银卡,0
C003575,35-44,杭州,其他,30-50万,2021-12-28,697969.13,R2,普通,1
C003576,35-44,深圳,个体经营,10万以下,2024-05-12,19872.82,R1,普通,1
C003577,55-64,深圳,个体经营,10-30万,2020-09-02,161649.67,R5,普通,0
C003578,25-34,深圳,专业技术,10万以下,2022-11-29,31452.42,R3,普通,0
C003579,45-54,南京,企业职员,10-30万,2023-09-17,325092.0,R2,普通,1
C003580,18-24,无锡,公务员,10-30万,2021-12-05,145855.66,R1,普通,1
C003581,45-54,南京,其他,10-30万,2022-08-31,84637.6,R1,银卡,1
C003582,55-64,上海,退休,30-50万,2020-01-21,578043.61,R3,普通,1
C003583,35-44,深圳,企业职员,10-30万,2022-03-27,176355.66,R2,金卡,1
C003584,45-54,南京,专业技术,10-30万,2021-04-13,98394.63,R2,普通,1
C003585,55-64,常州,其他,30-50万,2021-06-29,223512.36,R5,普通,0
C003586,55-64,常州,公务员,50万以上,2019-04-13,1961055.22,R3,银卡,1
C003587,35-44,南京,公务员,30-50万,2023-10-18,412906.9,R4,普通,1
C003588,35-44,杭州,其他,10万以下,2024-03-17,14054.21,R1,普通,1
C003589,45-54,无锡,其他,10万以下,2019-03-12,34071.38,R2,普通,1
C003590,25-34,无锡,专业技术,10万以下,2022-06-21,21817.25,R4,普通,1
C003591,55-64,深圳,个体经营,10-30万,2020-02-04,56243.51,R4,普通,1
C003592,35-44,苏州,公务员,10万以下,2020-10-25,25157.08,R3,钻石,1
C003593,55-64,无锡,企业职员,50万以上,2019-10-26,2848875.84,R3,普通,1
C003594,25-34,上海,专业技术,10-30万,2020-06-12,219537.38,R2,金卡,1
C003595,18-24,常州,企业职员,10-30万,2022-12-11,192648.6,R3,金卡,1
C003596,65+,南通,个体经营,10万以下,2021-05-22,34322.94,R1,普通,1
C003597,55-64,常州,其他,10-30万,2022-07-28,161643.02,R2,银卡,1
C003598,55-64,苏州,其他,10-30万,2022-01-05,126067.07,R3,钻石,0
C003599,65+,南京,个体经营,30-50万,2021-02-18,230197.84,R1,普通,1
C003600,35-44,杭州,公务员,10万以下,2023-12-26,19076.29,R2,普通,0
C003601,25-34,苏州,其他,30-50万,2024-03-24,295265.24,R1,银卡,0
C003602,25-34,深圳,其他,10万以下,2020-03-22,60453.65,R2,银卡,1
C003603,35-44,南京,专业技术,10万以下,2023-11-19,51395.1,R4,金卡,1
C003604,25-34,北京,退休,50万以上,2018-12-21,874175.89,R5,普通,1
C003605,65+,深圳,个体经营,10万以下,2020-07-18,30811.65,R1,普通,1
C003606,18-24,南京,退休,10万以下,2019-07-18,24529.93,R2,银卡,1
C003607,25-34,徐州,专业技术,10-30万,2021-07-29,111045.66,R4,普通,0
C003608,25-34,上海,公务员,10-30万,2020-03-11,91786.97,R1,银卡,1
C003609,25-34,徐州,企业职员,10万以下,2023-04-19,60584.75,R3,普通,0
C003610,25-34,北京,企业职员,10万以下,2020-08-05,29717.74,R1,普通,1
C003611,45-54,南京,退休,10万以下,2022-07-18,33424.05,R3,金卡,0
C003612,35-44,深圳,其他,10-30万,2019-10-07,134238.87,R2,银卡,1
C003613,45-54,南通,专业技术,10万以下,2022-03-16,17945.01,R3,银卡,1
C003614,55-64,苏州,专业技术,30-50万,2019-09-27,422310.74,R3,钻石,0
C003615,45-54,常州,其他,30-50万,2019-01-11,680360.6,R1,普通,0
C003616,45-54,苏州,其他,10万以下,2024-05-16,62648.7,R2,银卡,1
C003617,35-44,无锡,退休,10-30万,2024-01-15,67598.4,R3,普通,1
C003618,25-34,南京,专业技术,10万以下,2022-04-05,14039.81,R5,普通,1
C003619,35-44,杭州,个体经营,10万以下,2021-02-13,30946.65,R3,银卡,1
C003620,65+,无锡,专业技术,10万以下,2019-03-10,52237.01,R1,金卡,1
C003621,45-54,常州,退休,30-50万,2021-10-08,478790.33,R3,普通,0
C003622,25-34,北京,其他,10-30万,2019-04-17,168618.67,R2,金卡,1
C003623,35-44,北京,专业技术,10-30万,2020-01-08,60786.47,R4,普通,1
C003624,55-64,上海,退休,10-30万,2020-02-21,90152.08,R4,银卡,1
C003625,45-54,南京,企业职员,30-50万,2018-12-08,133407.51,R1,金卡,1
C003626,35-44,北京,个体经营,10-30万,2022-07-22,111748.15,R3,银卡,0
C003627,55-64,南京,公务员,10万以下,2020-05-19,10166.39,R3,银卡,1
C003628,45-54,无锡,退休,50万以上,2019-08-11,2920620.11,R2,金卡,1
C003629,45-54,北京,公务员,10-30万,2018-08-01,261099.74,R3,普通,1
C003630,25-34,南京,公务员,10-30万,2023-01-08,128742.4,R2,银卡,1
C003631,25-34,南京,专业技术,10-30万,2019-09-05,56328.76,R3,银卡,0
C003632,65+,南通,专业技术,10-30万,2023-01-24,144799.22,R3,普通,1
C003633,45-54,常州,个体经营,10万以下,2018-08-15,76002.3,R3,钻石,0
C003634,35-44,无锡,公务员,10万以下,2021-03-10,38056.24,R3,普通,0
C003635,45-54,杭州,其他,10-30万,2019-02-22,217018.75,R2,普通,1
C003636,18-24,北京,其他,10-30万,2020-12-22,94151.87,R3,金卡,1
C003637,55-64,深圳,企业职员,30-50万,2023-12-18,258749.27,R3,普通,1
C003638,25-34,南京,其他,30-50万,2022-04-20,386075.73,R3,银卡,0
C003639,55-64,上海,退休,50万以上,2020-09-30,572416.98,R2,金卡,1
C003640,35-44,北京,其他,50万以上,2020-10-11,4652987.05,R3,金卡,1
C003641,25-34,苏州,个体经营,30-50万,2021-02-06,428928.21,R2,银卡,1
C003642,18-24,常州,个体经营,10万以下,2020-02-22,46274.17,R2,金卡,0
C003643,55-64,南京,专业技术,10-30万,2020-12-08,95272.14,R1,普通,1
C003644,25-34,南京,退休,10-30万,2023-05-01,55475.89,R3,普通,1
C003645,18-24,南京,其他,10-30万,2023-12-11,244789.62,R1,银卡,1
C003646,45-54,上海,公务员,10万以下,2022-09-05,17101.18,R2,银卡,1
C003647,35-44,徐州,其他,10-30万,2023-08-02,142866.57,R2,金卡,1
C003648,35-44,南京,个体经营,10-30万,2020-03-14,149760.02,R3,普通,1
C003649,25-34,南通,专业技术,10-30万,2018-07-13,124520.13,R5,普通,1
C003650,55-64,南京,退休,30-50万,2018-10-31,270202.7,R4,普通,1
C003651,25-34,南京,专业技术,10-30万,2021-01-01,111349.69,R5,普通,0
C003652,25-34,北京,企业职员,10-30万,2019-02-02,74624.31,R5,银卡,1
C003653,25-34,无锡,其他,10-30万,2020-06-14,179842.34,R1,普通,1
C003654,25-34,上海,企业职员,10-30万,2023-08-20,159694.91,R2,普通,1
C003655,25-34,苏州,专业技术,10万以下,2020-11-18,29680.68,R2,普通,1
C003656,25-34,南京,专业技术,10-30万,2020-12-25,90316.12,R1,普通,1
C003657,25-34,北京,公务员,10-30万,2021-02-06,344175.15,R4,普通,0
C003658,35-44,南京,退休,10-30万,2019-08-06,62580.88,R4,金卡,1
C003659,55-64,苏州,专业技术,10万以下,2018-06-23,13858.39,R3,钻石,1
C003660,18-24,上海,个体经营,50万以上,2022-12-26,1439739.39,R4,普通,0
C003661,25-34,南通,企业职员,30-50万,2024-04-23,351581.27,R3,普通,1
C003662,55-64,北京,退休,10-30万,2020-07-16,207739.1,R2,普通,0
C003663,55-64,深圳,企业职员,10-30万,2023-10-01,165761.49,R1,普通,1
C003664,45-54,南京,其他,10-30万,2021-11-03,121784.68,R5,银卡,1
C003665,25-34,苏州,企业职员,30-50万,2018-10-19,513696.92,R3,普通,1
C003666,35-44,徐州,企业职员,10-30万,2020-06-03,152715.18,R2,普通,1
C003667,25-34,南京,公务员,30-50万,2018-10-08,1145095.03,R1,金卡,1
C003668,25-34,南通,退休,30-50万,2024-03-22,454022.27,R4,银卡,0
C003669,35-44,无锡,其他,10-30万,2020-02-28,85366.45,R4,普通,1
C003670,35-44,北京,专业技术,10-30万,2022-07-13,132521.15,R3,普通,0
C003671,35-44,北京,退休,10-30万,2023-12-20,32399.79,R5,普通,1
C003672,45-54,苏州,个体经营,10-30万,2022-07-25,118057.05,R2,普通,0
C003673,25-34,南京,其他,10-30万,2018-10-17,207261.85,R5,金卡,1
C003674,35-44,深圳,企业职员,30-50万,2021-11-22,540533.5,R3,普通,1
C003675,55-64,南京,专业技术,10万以下,2018-11-21,34829.87,R3,普通,1
C003676,55-64,南京,个体经营,10万以下,2023-09-23,41505.13,R4,普通,1
C003677,35-44,苏州,个体经营,10万以下,2020-06-18,52082.33,R4,普通,0
C003678,35-44,苏州,退休,50万以上,2021-10-14,3058980.87,R2,普通,1
C003679,25-34,南京,退休,10-30万,2022-08-12,150087.69,R4,金卡,1
C003680,18-24,苏州,专业技术,10-30万,2021-02-25,102456.27,R3,普通,0
C003681,45-54,南京,其他,10-30万,2020-09-18,37740.39,R1,普通,1
C003682,25-34,杭州,公务员,10-30万,2024-04-03,195699.14,R3,普通,1
C003683,35-44,苏州,企业职员,30-50万,2020-06-23,517529.13,R3,普通,1
C003684,35-44,杭州,公务员,50万以上,2022-08-08,1618977.62,R3,银卡,1
C003685,25-34,徐州,企业职员,30-50万,2019-07-29,283564.27,R2,普通,1
C003686,25-34,常州,其他,30-50万,2023-05-07,648097.11,R1,普通,0
C003687,35-44,深圳,专业技术,10万以下,2022-09-11,26379.29,R1,银卡,1
C003688,65+,无锡,个体经营,10万以下,2018-07-24,29488.09,R3,银卡,1
C003689,45-54,南京,个体经营,10-30万,2022-12-05,116687.27,R2,金卡,1
C003690,35-44,南通,企业职员,10-30万,2023-08-19,150267.58,R3,普通,1
C003691,18-24,南京,专业技术,10万以下,2021-02-06,16892.7,R3,银卡,1
C003692,45-54,苏州,其他,30-50万,2020-08-20,529927.64,R2,普通,0
C003693,25-34,北京,企业职员,10万以下,2021-01-01,20921.0,R2,金卡,0
C003694,35-44,北京,公务员,10万以下,2021-12-29,21291.24,R2,金卡,0
C003695,45-54,常州,退休,10-30万,2023-10-08,186813.68,R4,银卡,1
C003696,35-44,常州,退休,30-50万,2022-09-07,243216.09,R5,银卡,1
C003697,25-34,南通,公务员,30-50万,2024-01-28,622152.82,R2,银卡,1
C003698,18-24,南京,企业职员,10-30万,2019-04-10,126238.77,R1,普通,0
C003699,18-24,苏州,退休,30-50万,2022-11-07,175445.1,R3,普通,0
C003700,35-44,南通,公务员,30-50万,2020-06-01,791320.03,R2,银卡,1
C003701,55-64,苏州,退休,10-30万,2022-11-06,140136.73,R3,钻石,1
C003702,25-34,南京,个体经营,30-50万,2020-09-05,487128.27,R2,银卡,0
C003703,35-44,徐州,其他,10万以下,2023-11-13,49641.07,R3,普通,1
C003704,45-54,南通,其他,10-30万,2023-11-07,253941.04,R2,普通,1
C003705,18-24,苏州,企业职员,10万以下,2022-07-06,33172.16,R4,普通,1
C003706,25-34,北京,退休,10-30万,2022-11-09,163389.25,R2,普通,1
C003707,35-44,上海,退休,10-30万,2022-06-23,144471.85,R2,普通,1
C003708,45-54,南通,公务员,10万以下,2022-10-01,25273.68,R4,普通,0
C003709,35-44,南京,其他,10-30万,2020-03-26,54367.88,R2,普通,1
C003710,45-54,徐州,退休,10-30万,2021-10-19,133613.7,R1,普通,1
C003711,55-64,上海,公务员,10-30万,2023-06-27,239118.84,R1,普通,0
C003712,45-54,南通,退休,10万以下,2018-11-12,40159.69,R3,钻石,1
C003713,65+,徐州,退休,10万以下,2020-08-03,17592.73,R3,普通,1
C003714,45-54,南京,专业技术,10-30万,2021-12-25,207732.77,R3,普通,1
C003715,55-64,苏州,其他,30-50万,2021-05-07,342656.89,R1,普通,1
C003716,55-64,北京,专业技术,30-50万,2022-06-10,140534.3,R1,普通,1
C003717,45-54,南京,公务员,10-30万,2022-01-18,199625.61,R2,钻石,1
C003718,55-64,南通,专业技术,30-50万,2023-12-27,249329.23,R2,银卡,0
C003719,65+,北京,个体经营,10-30万,2019-05-30,292322.0,R2,金卡,1
C003720,35-44,南京,公务员,50万以上,2022-02-05,2662729.72,R3,普通,1
C003721,45-54,深圳,专业技术,10万以下,2020-03-22,26770.43,R3,普通,1
C003722,35-44,北京,退休,10-30万,2024-02-06,150983.67,R3,金卡,0
C003723,55-64,上海,其他,10-30万,2023-11-12,403207.38,R3,普通,0
C003724,35-44,上海,退休,10-30万,2022-03-20,197847.25,R3,普通,1
C003725,55-64,杭州,个体经营,10万以下,2024-03-09,33794.48,R2,普通,1
C003726,55-64,南京,其他,10万以下,2018-08-02,127201.75,R3,金卡,1
C003727,65+,上海,其他,10-30万,2024-03-06,127266.36,R1,普通,1
C003728,25-34,苏州,退休,10-30万,2021-01-24,160516.89,R3,金卡,0
C003729,45-54,北京,退休,30-50万,2022-04-20,250474.71,R2,普通,1
C003730,45-54,常州,退休,10万以下,2023-02-27,12985.56,R3,普通,1
C003731,65+,上海,个体经营,30-50万,2023-07-27,346389.34,R4,普通,1
C003732,55-64,南京,退休,10-30万,2022-08-12,122326.76,R2,普通,1
C003733,35-44,苏州,个体经营,50万以上,2024-02-09,1768438.41,R1,普通,0
C003734,35-44,杭州,其他,10万以下,2020-12-22,14751.01,R4,普通,1
C003735,25-34,无锡,其他,30-50万,2023-01-01,556574.88,R2,普通,1
C003736,65+,常州,专业技术,50万以上,2024-04-19,990319.51,R2,普通,0
C003737,25-34,上海,退休,30-50万,2023-09-21,542306.71,R2,普通,0
C003738,45-54,南京,退休,30-50万,2018-12-30,638376.22,R2,钻石,0
C003739,55-64,苏州,专业技术,10-30万,2022-12-21,98468.55,R3,普通,1
C003740,35-44,苏州,退休,30-50万,2020-12-07,247041.19,R4,钻石,1
C003741,25-34,北京,退休,10-30万,2021-12-12,259645.28,R3,银卡,1
C003742,25-34,南京,公务员,10-30万,2021-06-13,185665.71,R3,金卡,0
C003743,55-64,无锡,企业职员,50万以上,2019-04-10,1618424.71,R3,银卡,1
C003744,35-44,深圳,专业技术,10万以下,2020-02-07,62515.3,R4,普通,1
C003745,25-34,杭州,企业职员,10-30万,2021-02-04,125101.15,R1,银卡,1
C003746,45-54,上海,退休,50万以上,2023-03-18,1099891.46,R3,金卡,1
C003747,25-34,南通,退休,10万以下,2019-04-19,18180.44,R1,银卡,1
C003748,55-64,杭州,企业职员,10万以下,2024-04-14,28425.82,R2,金卡,1
C003749,25-34,深圳,公务员,10-30万,2021-01-21,176505.49,R3,普通,1
C003750,25-34,北京,专业技术,30-50万,2020-09-16,801387.14,R4,钻石,1
C003751,25-34,徐州,退休,30-50万,2018-09-20,404729.79,R4,金卡,0
C003752,35-44,上海,企业职员,10万以下,2023-06-14,55023.47,R3,金卡,1
C003753,35-44,上海,专业技术,10-30万,2022-09-04,107808.56,R1,银卡,0
C003754,45-54,杭州,公务员,10-30万,2024-05-05,81181.93,R1,金卡,1
C003755,35-44,上海,个体经营,10-30万,2022-12-05,62448.06,R2,银卡,1
C003756,35-44,南京,个体经营,10-30万,2018-10-27,93164.97,R2,普通,1
C003757,25-34,上海,公务员,50万以上,2024-05-13,795437.02,R3,金卡,1
C003758,25-34,无锡,公务员,10-30万,2019-09-01,327748.83,R3,普通,0
C003759,65+,南京,个体经营,10万以下,2018-10-14,37369.15,R1,金卡,1
C003760,25-34,南京,退休,10-30万,2023-09-23,114398.08,R1,普通,1
C003761,65+,苏州,公务员,10-30万,2022-03-30,283863.25,R1,普通,0
C003762,35-44,常州,专业技术,10-30万,2019-01-07,62574.51,R3,普通,1
C003763,25-34,苏州,个体经营,10万以下,2020-01-29,28011.8,R2,银卡,1
C003764,25-34,徐州,公务员,10万以下,2024-01-04,81535.16,R1,普通,1
C003765,18-24,深圳,企业职员,50万以上,2019-03-15,1395768.07,R2,银卡,1
C003766,55-64,南京,企业职员,10万以下,2019-07-31,101962.42,R2,普通,0
C003767,35-44,南京,个体经营,10-30万,2022-07-16,177735.09,R2,银卡,1
C003768,35-44,苏州,公务员,30-50万,2021-12-02,768489.96,R4,普通,0
C003769,45-54,杭州,退休,10万以下,2022-07-31,58477.66,R2,普通,0
C003770,45-54,苏州,专业技术,10万以下,2021-04-18,30024.05,R1,普通,1
C003771,65+,南京,企业职员,10-30万,2019-09-21,94008.57,R2,普通,1
C003772,65+,南京,退休,10-30万,2020-05-22,113269.69,R1,银卡,1
C003773,45-54,南京,个体经营,10-30万,2018-08-01,73260.79,R4,普通,1
C003774,55-64,上海,专业技术,10-30万,2023-10-27,116106.78,R3,银卡,1
C003775,55-64,上海,企业职员,10万以下,2018-11-07,29933.98,R2,银卡,1
C003776,35-44,苏州,企业职员,10万以下,2018-12-12,69812.63,R3,普通,0
C003777,45-54,无锡,企业职员,10万以下,2022-02-11,40359.84,R2,金卡,1
C003778,18-24,徐州,个体经营,10-30万,2023-07-20,391036.35,R2,银卡,1
C003779,45-54,深圳,其他,10-30万,2023-01-21,40760.75,R2,普通,1
C003780,65+,上海,其他,50万以上,2018-09-29,816231.93,R4,普通,1
C003781,25-34,杭州,退休,10万以下,2024-05-11,25116.49,R3,普通,1
C003782,55-64,深圳,其他,10-30万,2023-11-12,253088.44,R2,普通,1
C003783,65+,无锡,退休,10-30万,2023-12-24,113602.23,R3,普通,1
C003784,25-34,南京,退休,10-30万,2023-05-19,57603.21,R1,普通,0
C003785,35-44,上海,个体经营,10-30万,2019-08-30,106158.1,R2,普通,1
C003786,65+,南京,公务员,10万以下,2024-01-26,16484.13,R1,普通,1
C003787,65+,无锡,专业技术,10-30万,2018-08-09,59780.46,R2,普通,1
C003788,25-34,上海,企业职员,10-30万,2022-01-07,326002.7,R2,银卡,1
C003789,35-44,南通,公务员,30-50万,2021-03-19,335512.8,R4,普通,0
C003790,45-54,无锡,个体经营,10万以下,2020-11-09,32713.04,R2,普通,1
C003791,25-34,常州,专业技术,30-50万,2019-07-13,381834.16,R2,普通,0
C003792,35-44,苏州,个体经营,10-30万,2020-08-25,105820.46,R1,普通,1
C003793,18-24,南京,退休,10-30万,2024-01-18,78819.56,R1,普通,1
C003794,25-34,无锡,退休,10万以下,2019-06-05,25684.3,R2,银卡,0
C003795,35-44,南京,公务员,10-30万,2023-11-20,142040.11,R1,普通,1
C003796,45-54,深圳,企业职员,30-50万,2021-03-26,813041.54,R2,银卡,0
C003797,45-54,无锡,公务员,10-30万,2019-03-13,192714.45,R1,普通,1
C003798,45-54,北京,其他,10-30万,2021-05-05,65232.53,R1,普通,1
C003799,35-44,深圳,公务员,10万以下,2021-11-21,49178.85,R3,普通,1
C003800,25-34,无锡,退休,10万以下,2022-06-14,38050.58,R5,银卡,1
C003801,18-24,无锡,退休,30-50万,2019-09-08,292687.08,R1,银卡,0
C003802,25-34,北京,其他,10-30万,2020-06-29,131438.66,R3,金卡,1
C003803,25-34,南京,其他,30-50万,2019-07-13,532513.44,R3,普通,1
C003804,25-34,常州,其他,30-50万,2018-12-11,409522.16,R3,金卡,1
C003805,18-24,苏州,公务员,10-30万,2020-11-06,152568.46,R3,金卡,1
C003806,25-34,上海,个体经营,10-30万,2022-04-11,77946.0,R3,普通,1
C003807,45-54,杭州,个体经营,10-30万,2020-11-03,325026.84,R4,金卡,1
C003808,45-54,徐州,专业技术,10-30万,2022-04-09,45734.34,R1,普通,1
C003809,65+,无锡,企业职员,10万以下,2023-03-06,40049.77,R2,钻石,1
C003810,55-64,南通,其他,30-50万,2022-05-07,480509.15,R3,金卡,1
C003811,35-44,南通,专业技术,50万以上,2021-07-13,2068733.96,R4,普通,0
C003812,25-34,徐州,公务员,10-30万,2023-01-17,84209.4,R3,普通,1
C003813,35-44,北京,企业职员,50万以上,2022-07-08,2691405.7,R5,银卡,1
C003814,18-24,苏州,企业职员,50万以上,2021-01-01,1421161.89,R3,普通,1
C003815,35-44,南京,个体经营,10-30万,2023-08-09,66312.89,R3,银卡,1
C003816,35-44,南京,公务员,30-50万,2023-10-12,231379.53,R4,普通,1
C003817,35-44,上海,企业职员,10-30万,2019-10-02,127720.5,R3,普通,0
C003818,25-34,北京,个体经营,10万以下,2019-05-22,13503.33,R3,普通,1
C003819,45-54,苏州,企业职员,10万以下,2022-07-12,73806.76,R3,银卡,1
C003820,55-64,无锡,专业技术,10-30万,2023-08-02,202745.68,R1,银卡,1
C003821,45-54,深圳,个体经营,30-50万,2021-08-21,997135.54,R5,银卡,1
C003822,45-54,南京,公务员,10-30万,2023-05-15,283781.19,R4,金卡,1
C003823,35-44,北京,个体经营,30-50万,2019-02-18,335462.88,R3,银卡,1
C003824,18-24,深圳,个体经营,10-30万,2024-01-02,77697.81,R1,普通,1
C003825,45-54,杭州,其他,10-30万,2021-05-20,31456.49,R2,普通,1
C003826,35-44,苏州,专业技术,10万以下,2022-02-13,24485.48,R2,普通,1
C003827,25-34,徐州,公务员,10-30万,2021-08-09,290126.83,R2,普通,1
C003828,35-44,苏州,退休,10万以下,2019-11-08,19831.51,R3,普通,0
C003829,65+,南京,公务员,10万以下,2022-11-02,27010.8,R4,银卡,1
C003830,45-54,南京,公务员,10万以下,2018-12-07,22735.15,R3,普通,0
C003831,35-44,南京,退休,10万以下,2018-07-11,36186.82,R2,普通,0
C003832,45-54,深圳,退休,10万以下,2021-10-19,57067.78,R5,银卡,1
C003833,35-44,徐州,企业职员,10-30万,2022-02-03,55583.5,R4,银卡,1
C003834,35-44,苏州,其他,10-30万,2022-12-31,61166.75,R3,普通,1
C003835,25-34,南通,专业技术,10万以下,2019-07-07,63086.54,R2,银卡,0
C003836,35-44,徐州,个体经营,30-50万,2020-01-17,577089.86,R3,金卡,1
C003837,45-54,南京,退休,10-30万,2021-09-15,105404.09,R2,普通,1
C003838,18-24,苏州,专业技术,50万以上,2020-04-09,3521920.68,R1,金卡,1
C003839,55-64,南通,其他,10-30万,2022-03-14,60641.37,R3,普通,1
C003840,25-34,杭州,企业职员,10万以下,2020-04-23,47789.41,R3,普通,1
C003841,45-54,南京,专业技术,50万以上,2019-06-23,1449684.66,R2,银卡,1
C003842,45-54,杭州,退休,30-50万,2021-09-29,541713.07,R4,银卡,1
C003843,45-54,南通,企业职员,10-30万,2020-05-27,36376.24,R4,银卡,1
C003844,45-54,常州,其他,10-30万,2021-01-04,105334.4,R3,普通,1
C003845,65+,南京,个体经营,10-30万,2023-12-24,173450.13,R1,普通,1
C003846,35-44,南通,企业职员,10-30万,2024-01-16,116259.72,R1,普通,1
C003847,45-54,苏州,个体经营,30-50万,2022-10-30,749280.52,R3,普通,1
C003848,45-54,南京,其他,10-30万,2022-11-28,221051.18,R4,普通,1
C003849,25-34,北京,其他,10万以下,2023-04-10,18576.84,R3,金卡,1
C003850,25-34,常州,企业职员,10万以下,2018-10-31,45294.87,R1,普通,0
C003851,35-44,南京,个体经营,10万以下,2020-10-06,18262.8,R1,银卡,1
C003852,25-34,苏州,其他,10万以下,2024-03-01,30821.27,R2,银卡,0
C003853,35-44,南京,企业职员,10-30万,2018-12-22,166593.36,R3,银卡,1
C003854,35-44,北京,专业技术,30-50万,2022-08-07,263439.33,R3,钻石,1
C003855,45-54,苏州,专业技术,10万以下,2018-06-19,44463.14,R1,银卡,1
C003856,25-34,常州,个体经营,10-30万,2023-01-19,93206.17,R3,普通,0
C003857,55-64,上海,公务员,10万以下,2023-11-28,22440.08,R4,银卡,1
C003858,35-44,南京,其他,10-30万,2023-08-19,170855.34,R2,钻石,1
C003859,45-54,无锡,个体经营,10-30万,2022-02-02,79004.54,R1,普通,1
C003860,25-34,徐州,专业技术,10-30万,2018-11-06,77020.68,R3,普通,1
C003861,35-44,北京,退休,50万以上,2021-02-01,2524500.26,R4,普通,0
C003862,18-24,徐州,企业职员,50万以上,2023-08-29,1583668.01,R1,普通,1
C003863,45-54,南京,退休,30-50万,2022-07-02,193331.2,R1,金卡,1
C003864,35-44,苏州,退休,30-50万,2021-06-20,613564.4,R3,银卡,1
C003865,65+,苏州,公务员,10-30万,2021-02-19,97923.95,R2,普通,1
C003866,35-44,无锡,公务员,10-30万,2019-05-12,59500.52,R4,普通,1
C003867,35-44,深圳,专业技术,10-30万,2024-02-21,34255.06,R3,普通,1
C003868,25-34,南京,其他,30-50万,2024-05-23,628396.73,R1,金卡,1
C003869,45-54,苏州,其他,10万以下,2020-01-28,19516.07,R4,普通,1
C003870,35-44,常州,企业职员,10万以下,2023-10-06,16107.34,R3,银卡,0
C003871,35-44,南京,专业技术,10万以下,2020-04-20,41301.5,R3,银卡,1
C003872,25-34,常州,个体经营,10-30万,2022-05-10,179538.12,R2,普通,1
C003873,25-34,南京,退休,10-30万,2022-01-29,80958.79,R3,普通,0
C003874,25-34,杭州,专业技术,10万以下,2023-07-12,47347.67,R4,金卡,1
C003875,65+,苏州,专业技术,10-30万,2019-10-03,335270.68,R1,普通,1
C003876,35-44,常州,专业技术,10-30万,2023-04-26,235291.08,R2,普通,0
C003877,18-24,徐州,企业职员,30-50万,2024-05-14,725595.79,R5,普通,0
C003878,65+,苏州,专业技术,10万以下,2020-11-08,35102.13,R2,普通,1
C003879,18-24,苏州,企业职员,10万以下,2023-07-03,24030.85,R1,普通,0
C003880,35-44,常州,个体经营,10-30万,2023-05-22,116693.25,R1,普通,0
C003881,45-54,杭州,专业技术,10-30万,2023-02-06,149584.66,R3,普通,0
C003882,55-64,无锡,退休,30-50万,2020-07-26,213301.91,R3,普通,0
C003883,45-54,常州,其他,10-30万,2019-11-20,81679.32,R1,银卡,1
C003884,35-44,南通,企业职员,50万以上,2018-11-25,734614.09,R2,普通,0
C003885,65+,无锡,专业技术,10-30万,2018-07-02,134974.39,R3,普通,1
C003886,18-24,上海,退休,10-30万,2023-01-13,125088.15,R3,银卡,1
C003887,65+,南京,公务员,50万以上,2023-02-13,1082324.21,R1,普通,1
C003888,55-64,常州,企业职员,10万以下,2023-02-19,45215.82,R2,金卡,1
C003889,65+,北京,其他,30-50万,2023-04-16,237261.85,R3,银卡,1
C003890,25-34,徐州,其他,10万以下,2024-05-06,21248.37,R1,普通,1
C003891,25-34,常州,退休,10-30万,2020-11-16,177284.36,R2,普通,0
C003892,45-54,上海,退休,10万以下,2024-04-29,47732.15,R4,钻石,1
C003893,35-44,无锡,公务员,10-30万,2024-03-08,80610.48,R4,普通,1
C003894,35-44,常州,退休,30-50万,2022-01-10,449207.92,R2,普通,0
C003895,65+,南京,其他,10万以下,2019-07-15,20323.82,R4,普通,0
C003896,45-54,南京,公务员,10万以下,2021-06-21,27181.26,R3,金卡,1
C003897,25-34,南京,个体经营,10-30万,2022-01-08,128948.16,R5,普通,1
C003898,35-44,上海,其他,10万以下,2023-04-25,39701.16,R5,金卡,0
C003899,25-34,常州,公务员,10-30万,2020-04-26,140649.54,R3,普通,1
C003900,25-34,北京,退休,50万以上,2022-06-21,1719521.89,R2,普通,1
C003901,25-34,南京,企业职员,10万以下,2018-05-31,17495.58,R1,普通,1
C003902,55-64,苏州,其他,10-30万,2023-07-28,145711.71,R3,普通,0
C003903,45-54,徐州,企业职员,10-30万,2019-09-07,158067.86,R2,普通,1
C003904,35-44,南京,企业职员,10万以下,2020-04-24,42337.14,R3,银卡,0
C003905,35-44,常州,个体经营,10万以下,2022-03-19,20935.31,R1,银卡,1
C003906,45-54,南京,退休,30-50万,2022-01-18,632232.59,R4,普通,1
C003907,55-64,南京,公务员,10-30万,2018-08-15,62107.97,R5,普通,0
C003908,55-64,常州,专业技术,30-50万,2019-12-29,322484.63,R2,银卡,1
C003909,35-44,南通,个体经营,10-30万,2024-02-27,104556.98,R3,普通,0
C003910,55-64,南京,其他,10-30万,2021-02-06,63834.08,R4,金卡,1
C003911,35-44,苏州,个体经营,30-50万,2019-12-16,345885.93,R3,普通,0
C003912,35-44,苏州,个体经营,30-50万,2022-02-21,446841.97,R5,金卡,1
C003913,55-64,南京,企业职员,50万以上,2020-04-03,602046.27,R3,普通,1
C003914,35-44,深圳,公务员,10万以下,2020-08-22,24627.24,R2,普通,1
C003915,35-44,上海,企业职员,50万以上,2022-06-10,625793.17,R2,普通,0
C003916,25-34,南京,其他,30-50万,2024-05-16,1110131.7,R3,普通,0
C003917,35-44,苏州,个体经营,30-50万,2024-03-15,444837.99,R2,普通,1
C003918,35-44,南京,公务员,10-30万,2020-04-04,127792.31,R4,普通,1
C003919,45-54,苏州,公务员,50万以上,2019-09-30,1684555.64,R3,普通,1
C003920,35-44,北京,退休,10-30万,2022-03-07,162349.6,R2,普通,1
C003921,25-34,南京,专业技术,30-50万,2021-07-19,652324.39,R2,普通,0
C003922,55-64,北京,公务员,10-30万,2021-04-28,54911.06,R2,金卡,1
C003923,35-44,杭州,公务员,30-50万,2019-02-05,770125.39,R2,金卡,1
C003924,65+,上海,其他,30-50万,2021-04-06,745740.13,R3,普通,1
C003925,25-34,常州,企业职员,10万以下,2020-12-23,29021.13,R2,普通,1
C003926,35-44,苏州,专业技术,10-30万,2021-01-19,113083.6,R4,普通,1
C003927,35-44,杭州,其他,10-30万,2023-08-19,25434.62,R4,金卡,0
C003928,55-64,杭州,公务员,30-50万,2020-03-08,214748.8,R3,银卡,1
C003929,25-34,常州,企业职员,30-50万,2018-12-12,518473.64,R3,银卡,1
C003930,55-64,南京,退休,30-50万,2023-10-01,729072.57,R5,银卡,1
C003931,35-44,南京,其他,30-50万,2023-12-27,575870.61,R1,银卡,1
C003932,45-54,南京,企业职员,10-30万,2021-06-21,115542.01,R1,普通,1
C003933,35-44,南京,个体经营,10万以下,2019-10-23,78581.3,R1,普通,1
C003934,18-24,常州,企业职员,10-30万,2023-12-01,198359.2,R2,金卡,1
C003935,35-44,杭州,其他,30-50万,2019-12-09,328504.76,R2,普通,0
C003936,25-34,徐州,其他,10-30万,2023-01-02,357289.75,R3,普通,1
C003937,35-44,南通,退休,30-50万,2023-04-24,231222.61,R2,金卡,0
C003938,45-54,上海,公务员,50万以上,2023-04-11,718596.7,R1,银卡,1
C003939,35-44,徐州,退休,10-30万,2021-03-31,97216.36,R2,普通,1
C003940,25-34,无锡,公务员,30-50万,2020-10-22,273730.61,R1,普通,1
C003941,18-24,杭州,企业职员,10-30万,2021-08-20,99985.58,R3,普通,1
C003942,25-34,苏州,专业技术,10-30万,2020-10-06,178848.14,R2,普通,1
C003943,25-34,北京,其他,10万以下,2019-07-26,29494.61,R1,普通,1
C003944,45-54,南京,公务员,10万以下,2019-05-31,29875.81,R1,银卡,1
C003945,25-34,徐州,个体经营,10万以下,2020-01-09,30895.32,R3,普通,0
C003946,55-64,常州,其他,10-30万,2021-04-09,37762.97,R2,银卡,1
C003947,25-34,无锡,个体经营,10万以下,2023-02-05,14063.28,R3,普通,1
C003948,25-34,无锡,退休,10-30万,2019-12-06,98971.91,R4,普通,0
C003949,55-64,南京,退休,10-30万,2020-05-12,78730.24,R3,普通,1
C003950,25-34,上海,其他,10-30万,2019-01-23,106868.38,R1,银卡,1
C003951,35-44,苏州,个体经营,30-50万,2020-02-15,807165.51,R3,钻石,1
C003952,65+,常州,其他,10-30万,2023-08-12,115615.15,R1,普通,0
C003953,65+,杭州,退休,10万以下,2020-12-25,15488.74,R4,普通,0
C003954,45-54,南通,其他,50万以上,2020-01-27,1008955.07,R3,普通,0
C003955,18-24,杭州,其他,30-50万,2018-05-30,940820.63,R2,普通,1
C003956,45-54,南京,个体经营,10-30万,2022-06-10,258201.1,R2,普通,1
C003957,65+,苏州,退休,30-50万,2019-03-27,538831.69,R3,普通,0
C003958,65+,苏州,退休,10万以下,2022-09-28,13735.12,R3,金卡,0
C003959,25-34,北京,企业职员,30-50万,2022-02-22,466317.63,R1,银卡,1
C003960,35-44,上海,其他,10万以下,2018-08-13,36344.61,R3,金卡,1
C003961,25-34,杭州,退休,10-30万,2023-06-05,121542.24,R2,金卡,1
C003962,25-34,南通,退休,10万以下,2023-03-04,22560.3,R4,银卡,1
C003963,45-54,苏州,企业职员,30-50万,2019-05-21,333668.85,R4,普通,1
C003964,25-34,无锡,其他,10万以下,2018-11-27,21787.58,R2,普通,0
C003965,35-44,南通,其他,10万以下,2023-10-14,16922.78,R2,普通,0
C003966,25-34,南京,其他,10万以下,2019-06-15,59393.89,R2,普通,1
C003967,35-44,徐州,个体经营,30-50万,2020-11-13,621801.83,R4,普通,1
C003968,25-34,杭州,企业职员,10万以下,2019-02-15,26016.54,R1,普通,1
C003969,35-44,苏州,退休,10-30万,2021-06-03,143105.32,R2,银卡,1
C003970,25-34,上海,专业技术,10-30万,2020-11-19,145815.51,R3,普通,1
C003971,65+,常州,公务员,30-50万,2023-01-07,1290656.56,R1,普通,1
C003972,25-34,南京,公务员,10万以下,2020-11-22,46408.46,R1,普通,0
C003973,35-44,苏州,退休,50万以上,2021-11-23,2276979.8,R3,普通,0
C003974,25-34,常州,其他,10-30万,2021-12-28,122300.64,R3,普通,0
C003975,18-24,上海,专业技术,10万以下,2022-09-24,24142.78,R3,普通,1
C003976,25-34,无锡,其他,10万以下,2021-12-31,59892.57,R2,金卡,0
C003977,18-24,南京,专业技术,10万以下,2023-05-28,41568.12,R3,银卡,0
C003978,25-34,南京,专业技术,10-30万,2019-04-17,79258.98,R3,金卡,1
C003979,35-44,上海,个体经营,10万以下,2021-12-23,37642.38,R2,普通,1
C003980,45-54,无锡,企业职员,30-50万,2022-01-29,607989.49,R5,金卡,1
C003981,25-34,徐州,公务员,10-30万,2018-07-08,42080.16,R1,银卡,1
C003982,35-44,苏州,个体经营,10万以下,2021-06-26,18915.92,R2,金卡,1
C003983,45-54,上海,专业技术,10-30万,2020-03-08,143864.83,R4,普通,1
C003984,25-34,苏州,公务员,10万以下,2018-05-31,11461.19,R2,银卡,1
C003985,35-44,南京,专业技术,10万以下,2019-03-23,12405.4,R5,普通,0
C003986,18-24,常州,专业技术,10-30万,2022-04-13,104821.71,R2,普通,1
C003987,25-34,上海,专业技术,10万以下,2021-03-17,38358.25,R1,普通,1
C003988,35-44,北京,其他,10万以下,2019-06-18,39255.41,R1,普通,0
C003989,65+,深圳,公务员,50万以上,2021-05-27,3309062.39,R2,金卡,1
C003990,65+,无锡,个体经营,10-30万,2022-09-30,125038.75,R4,金卡,1
C003991,65+,徐州,个体经营,50万以上,2021-03-26,1245003.92,R5,银卡,1
C003992,35-44,南通,退休,10万以下,2024-04-06,15603.85,R3,普通,0
C003993,25-34,常州,专业技术,30-50万,2019-02-10,330019.17,R1,普通,1
C003994,35-44,南京,退休,10-30万,2020-11-03,170930.39,R2,普通,1
C003995,25-34,上海,专业技术,10万以下,2022-11-15,43709.19,R2,银卡,1
C003996,18-24,深圳,退休,30-50万,2021-07-12,456584.62,R2,普通,1
C003997,25-34,南京,企业职员,10万以下,2024-03-23,39438.99,R1,银卡,0
C003998,35-44,苏州,企业职员,10-30万,2019-09-05,227166.57,R2,普通,0
C003999,35-44,南京,专业技术,30-50万,2021-03-21,415341.25,R2,普通,0
C004000,25-34,无锡,公务员,10-30万,2024-05-22,237733.71,R3,普通,1
C004001,45-54,常州,公务员,10-30万,2021-08-24,83443.38,R2,普通,0
C004002,35-44,苏州,公务员,10-30万,2023-12-28,115682.14,R1,金卡,1
C004003,55-64,常州,企业职员,10万以下,2022-01-31,23589.01,R1,普通,1
C004004,25-34,杭州,公务员,50万以上,2019-03-28,2229589.92,R3,普通,1
C004005,35-44,南京,其他,10万以下,2020-06-23,18064.62,R3,普通,1
C004006,25-34,上海,企业职员,10万以下,2021-07-09,25541.76,R1,银卡,1
C004007,35-44,杭州,其他,10万以下,2021-05-02,11838.53,R4,普通,1
C004008,25-34,南通,专业技术,50万以上,2021-05-13,2019102.59,R3,普通,1
C004009,25-34,苏州,退休,30-50万,2023-10-30,746100.03,R1,银卡,1
C004010,45-54,北京,退休,10-30万,2023-01-22,189207.77,R2,普通,1
C004011,25-34,无锡,企业职员,50万以上,2019-07-01,2251910.38,R5,银卡,1
C004012,25-34,南京,公务员,10万以下,2018-11-02,45645.16,R2,金卡,1
C004013,65+,南京,其他,30-50万,2023-07-16,567540.13,R2,普通,0
C004014,18-24,北京,专业技术,10万以下,2018-11-28,40788.3,R3,普通,1
C004015,35-44,南京,个体经营,10-30万,2024-03-26,168502.14,R2,普通,0
C004016,35-44,无锡,专业技术,10万以下,2021-04-21,21614.33,R4,银卡,1
C004017,25-34,上海,个体经营,50万以上,2019-06-07,1357124.86,R4,普通,1
C004018,35-44,南通,企业职员,50万以上,2023-02-07,1553618.52,R4,银卡,1
C004019,25-34,徐州,其他,10-30万,2018-09-13,101457.42,R3,银卡,1
C004020,45-54,苏州,公务员,10万以下,2018-06-30,13708.86,R3,普通,0
C004021,25-34,徐州,其他,10万以下,2021-11-10,16178.66,R2,普通,1
C004022,25-34,南京,公务员,10-30万,2019-01-15,134623.2,R4,普通,1
C004023,25-34,苏州,专业技术,10-30万,2023-12-09,188741.75,R1,普通,0
C004024,55-64,南京,个体经营,10万以下,2021-04-10,30140.46,R2,钻石,1
C004025,55-64,无锡,其他,10-30万,2022-08-27,478139.57,R5,银卡,1
C004026,65+,南京,专业技术,10-30万,2020-08-22,75763.04,R5,银卡,1
C004027,45-54,南通,专业技术,50万以上,2022-11-27,1873739.52,R3,普通,1
C004028,45-54,南京,公务员,10-30万,2021-10-07,228856.01,R3,普通,0
C004029,35-44,无锡,其他,10-30万,2020-01-04,204451.4,R1,普通,1
C004030,55-64,南京,企业职员,10-30万,2023-03-05,166504.97,R3,钻石,1
C004031,35-44,无锡,专业技术,10万以下,2019-05-06,51229.95,R1,银卡,1
C004032,35-44,杭州,公务员,10-30万,2020-04-23,123370.12,R2,普通,1
C004033,45-54,苏州,个体经营,30-50万,2022-11-27,918650.2,R2,钻石,1
C004034,35-44,上海,企业职员,10万以下,2020-05-20,56984.37,R4,普通,1
C004035,25-34,无锡,退休,10-30万,2022-07-02,78365.04,R5,银卡,1
C004036,35-44,苏州,退休,30-50万,2021-02-12,469772.49,R5,金卡,0
C004037,25-34,苏州,退休,10-30万,2020-09-27,55359.23,R4,银卡,1
C004038,55-64,苏州,退休,10-30万,2019-07-06,256822.77,R2,金卡,1
C004039,35-44,上海,企业职员,30-50万,2022-04-26,447456.92,R1,金卡,0
C004040,55-64,南京,退休,10-30万,2021-09-10,235539.39,R2,普通,0
C004041,35-44,深圳,公务员,10万以下,2021-10-01,28403.68,R2,银卡,1
C004042,45-54,上海,专业技术,30-50万,2019-03-25,158116.29,R3,银卡,1
C004043,25-34,无锡,专业技术,50万以上,2019-05-07,5607746.13,R2,普通,1
C004044,65+,深圳,公务员,10万以下,2023-02-09,32032.2,R4,金卡,0
C004045,35-44,南京,企业职员,10万以下,2023-10-13,18194.02,R2,银卡,1
C004046,25-34,上海,企业职员,30-50万,2018-08-16,709347.61,R2,普通,0
C004047,25-34,苏州,个体经营,10-30万,2023-05-30,332094.77,R3,普通,1
C004048,25-34,南通,专业技术,10-30万,2023-03-07,108448.2,R3,普通,1
C004049,35-44,南京,企业职员,10-30万,2023-09-13,114190.78,R2,普通,0
C004050,45-54,杭州,退休,30-50万,2023-06-14,450558.38,R3,普通,1
C004051,65+,无锡,公务员,10-30万,2024-01-13,68855.25,R3,银卡,0
C004052,45-54,南通,退休,10万以下,2020-10-12,21239.52,R1,普通,0
C004053,35-44,北京,退休,10万以下,2021-05-06,73124.27,R2,普通,1
C004054,35-44,南京,退休,10-30万,2023-11-09,112324.11,R4,普通,1
C004055,55-64,深圳,公务员,50万以上,2020-06-27,986774.85,R2,金卡,0
C004056,55-64,常州,专业技术,10-30万,2023-05-28,95724.17,R2,金卡,0
C004057,25-34,上海,退休,10-30万,2021-03-05,205183.27,R2,普通,1
C004058,65+,常州,退休,50万以上,2020-01-10,558509.68,R3,普通,1
C004059,35-44,杭州,专业技术,10-30万,2021-11-06,136294.32,R5,金卡,1
C004060,55-64,北京,退休,10-30万,2022-07-24,411003.25,R2,普通,1
C004061,65+,无锡,个体经营,10万以下,2019-01-06,82824.9,R4,银卡,1
C004062,45-54,上海,其他,30-50万,2019-08-06,532757.28,R4,普通,1
C004063,25-34,深圳,退休,30-50万,2019-05-01,772541.6,R2,普通,1
C004064,45-54,上海,企业职员,30-50万,2023-06-24,768836.01,R3,银卡,0
C004065,25-34,深圳,退休,10-30万,2022-10-09,112681.55,R5,普通,1
C004066,55-64,上海,企业职员,10-30万,2022-02-04,190545.05,R5,银卡,1
C004067,25-34,苏州,企业职员,10万以下,2023-05-27,73368.07,R3,钻石,1
C004068,45-54,杭州,专业技术,50万以上,2022-02-02,797386.31,R1,普通,0
C004069,55-64,徐州,个体经营,10万以下,2022-12-04,40025.74,R1,普通,1
C004070,25-34,南京,个体经营,10-30万,2021-07-10,143772.11,R2,银卡,0
C004071,35-44,南京,个体经营,30-50万,2020-02-26,421174.31,R3,银卡,1
C004072,45-54,苏州,个体经营,10万以下,2021-12-11,30220.3,R2,普通,0
C004073,35-44,上海,其他,10-30万,2020-01-25,134737.27,R3,普通,1
C004074,25-34,杭州,退休,10万以下,2022-02-01,35127.47,R4,普通,1
C004075,18-24,杭州,退休,10-30万,2021-06-09,209935.3,R1,普通,0
C004076,35-44,南京,专业技术,50万以上,2022-06-09,1903553.57,R4,银卡,1
C004077,45-54,南京,退休,10-30万,2023-11-27,109788.24,R1,金卡,0
C004078,35-44,苏州,专业技术,50万以上,2024-04-28,985608.94,R2,金卡,1
C004079,25-34,上海,其他,10万以下,2023-04-24,23688.18,R4,银卡,1
C004080,35-44,杭州,企业职员,10-30万,2020-09-13,136739.11,R1,银卡,1
C004081,35-44,杭州,退休,50万以上,2023-10-25,1053828.52,R2,普通,0
C004082,25-34,南京,个体经营,30-50万,2021-07-25,641881.1,R5,普通,1
C004083,45-54,上海,公务员,10-30万,2023-08-13,148787.53,R4,普通,1
C004084,25-34,徐州,专业技术,10-30万,2022-03-02,212566.62,R4,普通,0
C004085,35-44,北京,其他,30-50万,2022-10-15,290631.15,R1,金卡,1
C004086,65+,上海,公务员,30-50万,2023-02-21,263995.15,R2,银卡,1
C004087,35-44,常州,个体经营,10-30万,2021-04-24,211774.15,R2,普通,0
C004088,45-54,上海,公务员,10万以下,2019-01-17,32014.03,R1,普通,1
C004089,18-24,苏州,退休,10万以下,2020-06-25,27110.98,R5,普通,1
C004090,25-34,上海,专业技术,10-30万,2022-12-25,170174.09,R1,普通,0
C004091,25-34,上海,公务员,10-30万,2019-04-21,167037.17,R3,银卡,1
C004092,45-54,杭州,其他,10万以下,2018-11-13,16011.63,R1,金卡,1
C004093,55-64,苏州,公务员,10万以下,2019-11-10,59950.54,R3,普通,1
C004094,25-34,杭州,企业职员,10-30万,2023-02-09,97737.79,R1,银卡,1
C004095,25-34,南京,公务员,10-30万,2023-05-29,280760.16,R1,银卡,0
C004096,35-44,上海,公务员,10-30万,2018-07-25,61603.42,R2,普通,0
C004097,45-54,北京,公务员,10-30万,2019-01-23,140638.28,R4,普通,1
C004098,45-54,南京,企业职员,10万以下,2021-11-20,27340.98,R3,普通,1
C004099,45-54,徐州,其他,30-50万,2021-08-30,148985.24,R3,银卡,1
C004100,55-64,徐州,公务员,10-30万,2021-03-17,166766.68,R2,金卡,1
C004101,25-34,杭州,其他,10万以下,2019-01-23,11464.2,R3,银卡,0
C004102,45-54,南京,退休,10-30万,2022-08-13,103716.2,R3,银卡,0
C004103,35-44,北京,退休,10-30万,2020-04-30,208435.47,R2,普通,1
C004104,25-34,深圳,公务员,10-30万,2018-10-04,92063.06,R3,普通,1
C004105,55-64,上海,专业技术,10-30万,2022-08-12,76372.65,R4,普通,1
C004106,25-34,无锡,个体经营,10-30万,2022-09-18,179050.87,R5,银卡,0
C004107,45-54,徐州,个体经营,10-30万,2023-08-10,105925.15,R5,普通,1
C004108,45-54,南京,其他,10万以下,2020-01-07,24499.86,R3,金卡,1
C004109,55-64,上海,其他,10-30万,2022-10-11,227008.62,R1,普通,1
C004110,35-44,南京,个体经营,10万以下,2024-04-16,16735.93,R2,普通,1
C004111,35-44,苏州,企业职员,10-30万,2021-05-22,95362.76,R1,银卡,1
C004112,55-64,南京,专业技术,10-30万,2021-01-18,185066.51,R2,银卡,1
C004113,45-54,上海,其他,30-50万,2024-04-23,216045.9,R2,银卡,1
C004114,35-44,南通,其他,10万以下,2019-12-13,72884.13,R3,普通,1
C004115,45-54,上海,个体经营,10-30万,2021-01-18,107669.68,R3,普通,1
C004116,25-34,南京,专业技术,10-30万,2021-07-31,185815.72,R3,普通,0
C004117,45-54,无锡,其他,10-30万,2022-05-06,185621.44,R5,普通,1
C004118,55-64,无锡,公务员,30-50万,2020-07-16,370673.12,R1,普通,1
C004119,25-34,南通,公务员,10万以下,2019-11-23,23610.5,R1,普通,0
C004120,35-44,南京,企业职员,10-30万,2019-10-16,117449.62,R3,银卡,0
C004121,65+,徐州,专业技术,10-30万,2022-01-29,171371.53,R3,普通,1
C004122,55-64,无锡,其他,30-50万,2021-05-27,244264.61,R3,普通,1
C004123,55-64,北京,公务员,10万以下,2022-11-20,16437.55,R4,金卡,1
C004124,35-44,无锡,其他,50万以上,2023-02-07,3150516.69,R1,普通,0
C004125,65+,南京,专业技术,50万以上,2019-03-22,1038770.26,R3,普通,1
C004126,25-34,南京,公务员,30-50万,2022-01-10,477472.46,R5,普通,1
C004127,35-44,苏州,其他,10万以下,2022-10-08,27115.22,R2,普通,1
C004128,35-44,苏州,专业技术,10-30万,2020-01-06,110892.24,R3,银卡,1
C004129,55-64,杭州,专业技术,10万以下,2020-03-21,61337.55,R1,普通,1
C004130,55-64,上海,企业职员,30-50万,2022-10-13,383323.76,R2,普通,1
C004131,45-54,南京,专业技术,10-30万,2023-05-13,100391.61,R1,普通,0
C004132,45-54,杭州,公务员,10万以下,2020-08-10,26215.2,R3,普通,1
C004133,35-44,南京,个体经营,10-30万,2018-11-20,93294.63,R3,普通,1
C004134,35-44,上海,其他,30-50万,2023-07-10,286122.26,R5,普通,1
C004135,35-44,南京,其他,30-50万,2022-12-22,311606.48,R3,普通,1
C004136,18-24,无锡,个体经营,10-30万,2018-10-24,275640.31,R1,金卡,1
C004137,35-44,上海,公务员,10-30万,2020-01-02,171269.13,R4,普通,1
C004138,55-64,苏州,公务员,30-50万,2020-10-13,336590.24,R2,普通,0
C004139,45-54,南京,公务员,30-50万,2022-05-24,653467.22,R3,普通,0
C004140,55-64,上海,专业技术,30-50万,2021-08-05,180886.12,R2,普通,1
C004141,35-44,上海,其他,10-30万,2023-04-11,238729.45,R3,普通,1
C004142,35-44,北京,其他,10-30万,2019-07-12,229308.81,R4,普通,1
C004143,18-24,徐州,公务员,30-50万,2021-05-24,1223696.6,R1,普通,0
C004144,35-44,南京,退休,10万以下,2019-08-13,49748.14,R3,普通,1
C004145,35-44,徐州,个体经营,10-30万,2019-02-17,149322.59,R3,普通,1
C004146,25-34,杭州,专业技术,10万以下,2023-10-30,57212.22,R2,普通,1
C004147,18-24,南京,公务员,10-30万,2019-03-22,87758.35,R2,普通,1
C004148,45-54,南京,退休,30-50万,2022-07-26,328243.69,R3,普通,1
C004149,35-44,上海,个体经营,10万以下,2022-06-10,29051.64,R2,金卡,1
C004150,35-44,杭州,退休,10-30万,2021-08-27,237919.53,R1,银卡,1
C004151,25-34,苏州,公务员,10万以下,2022-08-16,19555.53,R3,银卡,1
C004152,35-44,上海,其他,30-50万,2022-05-13,247258.34,R3,普通,1
C004153,35-44,南京,个体经营,30-50万,2020-03-28,450218.75,R2,普通,1
C004154,35-44,无锡,专业技术,10-30万,2022-07-03,171787.28,R5,银卡,1
C004155,45-54,上海,专业技术,30-50万,2020-10-02,281441.4,R4,普通,1
C004156,18-24,南京,专业技术,10万以下,2022-04-18,41946.98,R5,金卡,1
C004157,55-64,苏州,公务员,30-50万,2022-06-16,792873.92,R3,银卡,1
C004158,18-24,徐州,其他,30-50万,2023-07-24,729015.79,R2,普通,0
C004159,35-44,苏州,公务员,10万以下,2019-03-19,35796.27,R1,普通,0
C004160,25-34,北京,个体经营,50万以上,2023-09-12,1433567.7,R5,普通,0
C004161,35-44,深圳,个体经营,10万以下,2021-01-29,71450.81,R4,普通,1
C004162,25-34,徐州,个体经营,10-30万,2022-11-06,120927.81,R3,银卡,0
C004163,55-64,上海,公务员,10万以下,2018-06-19,48008.34,R3,普通,0
C004164,35-44,北京,其他,30-50万,2023-12-29,1064867.11,R2,普通,1
C004165,45-54,上海,专业技术,10万以下,2021-11-07,45550.95,R3,普通,1
C004166,25-34,上海,其他,10万以下,2021-05-05,18222.4,R1,银卡,1
C004167,18-24,南京,个体经营,10-30万,2018-06-22,64584.88,R3,普通,0
C004168,35-44,杭州,个体经营,50万以上,2023-06-30,1292593.15,R3,普通,1
C004169,35-44,苏州,专业技术,10万以下,2019-05-26,42774.71,R3,银卡,1
C004170,35-44,南京,专业技术,10-30万,2024-01-04,149887.45,R2,银卡,0
C004171,65+,南通,公务员,10-30万,2022-09-01,361778.73,R3,银卡,0
C004172,45-54,苏州,其他,30-50万,2019-05-17,497200.16,R1,银卡,1
C004173,65+,南京,其他,10万以下,2022-02-22,25469.38,R2,银卡,1
C004174,25-34,南通,专业技术,10-30万,2020-11-16,68089.34,R1,金卡,1
C004175,55-64,南京,个体经营,50万以上,2022-01-21,2706574.46,R2,银卡,0
C004176,35-44,北京,个体经营,10-30万,2019-01-02,119636.88,R2,普通,0
C004177,45-54,深圳,企业职员,10-30万,2023-11-11,56510.24,R2,金卡,1
C004178,65+,上海,企业职员,30-50万,2018-06-29,404476.99,R2,金卡,1
C004179,45-54,苏州,个体经营,10-30万,2023-01-03,72938.94,R2,普通,1
C004180,55-64,南通,公务员,10-30万,2020-11-03,96996.31,R3,银卡,1
C004181,45-54,南京,公务员,10-30万,2022-11-03,120372.09,R3,钻石,1
C004182,25-34,徐州,公务员,30-50万,2019-08-15,254391.78,R1,普通,0
C004183,45-54,苏州,公务员,50万以上,2020-03-04,1175452.32,R2,普通,1
C004184,35-44,无锡,个体经营,10-30万,2023-06-16,82717.55,R1,普通,1
C004185,55-64,南京,企业职员,10-30万,2022-12-06,83834.71,R1,银卡,1
C004186,55-64,深圳,退休,10-30万,2020-03-17,72492.38,R3,钻石,0
C004187,25-34,南京,退休,10万以下,2021-05-22,23566.24,R4,普通,0
C004188,25-34,无锡,公务员,10万以下,2021-02-07,19179.62,R2,银卡,0
C004189,18-24,苏州,企业职员,10万以下,2022-03-17,40225.03,R2,银卡,1
C004190,35-44,南通,企业职员,10万以下,2020-05-04,33168.39,R2,银卡,1
C004191,25-34,北京,公务员,10-30万,2018-10-26,218077.25,R1,普通,1
C004192,45-54,南京,专业技术,10万以下,2023-10-14,77057.28,R4,普通,1
C004193,35-44,南京,企业职员,10万以下,2020-03-28,42092.09,R3,普通,1
C004194,55-64,南京,企业职员,10-30万,2018-10-12,150247.7,R3,普通,1
C004195,25-34,南通,专业技术,10万以下,2023-01-30,43439.36,R4,普通,1
C004196,35-44,南通,其他,10万以下,2021-11-25,37882.6,R3,普通,1
C004197,25-34,杭州,个体经营,10万以下,2021-01-01,30762.52,R1,银卡,1
C004198,55-64,杭州,公务员,10万以下,2019-09-29,29563.32,R3,金卡,1
C004199,25-34,南京,退休,10-30万,2020-04-11,71999.33,R3,普通,0
C004200,25-34,北京,其他,30-50万,2018-06-13,608455.83,R2,银卡,0
C004201,25-34,杭州,其他,30-50万,2021-01-22,393789.75,R3,普通,1
C004202,55-64,徐州,个体经营,30-50万,2019-02-26,825693.83,R3,普通,1
C004203,25-34,苏州,企业职员,10-30万,2021-04-14,189627.13,R2,普通,1
C004204,45-54,上海,其他,50万以上,2022-07-16,1096901.4,R3,普通,1
C004205,45-54,徐州,其他,10-30万,2020-05-09,223818.91,R2,金卡,1
C004206,45-54,苏州,专业技术,10-30万,2021-12-29,33352.1,R2,普通,0
C004207,25-34,南京,退休,10-30万,2020-06-15,315010.07,R2,普通,1
C004208,18-24,南通,其他,10-30万,2020-07-04,61452.78,R3,普通,1
C004209,35-44,南通,企业职员,10-30万,2023-12-21,153706.94,R4,金卡,1
C004210,25-34,南京,个体经营,10万以下,2021-03-05,37147.83,R3,普通,1
C004211,45-54,北京,其他,30-50万,2024-05-02,701571.61,R3,金卡,0
C004212,35-44,南京,退休,10万以下,2021-12-11,25453.39,R2,普通,1
C004213,35-44,苏州,企业职员,10-30万,2020-06-16,41047.61,R3,普通,1
C004214,25-34,无锡,企业职员,30-50万,2020-06-24,339617.71,R1,普通,0
C004215,35-44,上海,公务员,10-30万,2023-10-17,107545.13,R2,银卡,1
C004216,25-34,南京,个体经营,10万以下,2018-12-09,10768.24,R3,金卡,1
C004217,45-54,上海,企业职员,10-30万,2019-12-21,122753.41,R1,普通,1
C004218,18-24,无锡,公务员,10-30万,2022-07-21,70074.99,R4,普通,0
C004219,65+,南京,专业技术,50万以上,2021-09-15,2075096.5,R2,普通,0
C004220,45-54,南京,退休,10-30万,2023-08-23,106107.41,R3,金卡,1
C004221,25-34,无锡,专业技术,30-50万,2022-03-26,1066366.11,R2,银卡,1
C004222,18-24,无锡,专业技术,10-30万,2020-05-06,105572.97,R3,普通,1
C004223,35-44,南京,退休,30-50万,2019-02-07,496041.79,R3,普通,1
C004224,25-34,常州,专业技术,30-50万,2020-11-11,359577.16,R1,普通,0
C004225,25-34,常州,公务员,10万以下,2022-09-17,13323.95,R4,金卡,1
C004226,55-64,深圳,公务员,10万以下,2018-12-17,27081.23,R3,普通,1
C004227,45-54,上海,企业职员,10万以下,2021-02-19,43724.3,R2,普通,1
C004228,25-34,南京,企业职员,10-30万,2019-12-11,162144.29,R3,银卡,1
C004229,35-44,常州,退休,30-50万,2020-02-24,345444.05,R2,普通,1
C004230,25-34,南京,退休,10-30万,2022-01-09,57922.95,R3,银卡,1
C004231,65+,常州,专业技术,10-30万,2024-04-16,165624.15,R2,普通,0
C004232,18-24,苏州,个体经营,50万以上,2020-08-07,1850042.11,R4,银卡,1
C004233,45-54,北京,企业职员,10万以下,2019-01-16,45736.78,R2,普通,1
C004234,45-54,常州,个体经营,10万以下,2019-03-22,26157.64,R4,普通,1
C004235,18-24,杭州,企业职员,50万以上,2019-03-28,646150.85,R4,金卡,0
C004236,25-34,南通,其他,50万以上,2022-04-28,1958825.78,R5,金卡,1
C004237,35-44,无锡,个体经营,10-30万,2018-12-17,119452.69,R3,普通,1
C004238,55-64,苏州,企业职员,10万以下,2024-05-01,60161.9,R3,银卡,1
C004239,35-44,南京,公务员,50万以上,2022-07-05,1521705.32,R3,普通,1
C004240,45-54,杭州,专业技术,30-50万,2020-08-23,391009.21,R1,普通,1
C004241,55-64,北京,个体经营,10-30万,2022-07-17,147838.28,R3,普通,1
C004242,55-64,苏州,企业职员,10万以下,2024-04-04,22258.68,R3,普通,1
C004243,35-44,常州,个体经营,10-30万,2023-05-14,86914.41,R1,普通,1
C004244,35-44,苏州,退休,30-50万,2018-10-08,380892.4,R3,银卡,1
C004245,45-54,无锡,专业技术,30-50万,2021-11-02,252462.16,R1,金卡,0
C004246,25-34,杭州,专业技术,10-30万,2023-05-27,107012.32,R3,普通,1
C004247,55-64,南京,专业技术,10-30万,2020-09-07,316483.92,R2,银卡,1
C004248,18-24,苏州,退休,10-30万,2022-02-28,202109.29,R4,普通,1
C004249,25-34,上海,个体经营,10-30万,2022-01-17,139981.56,R2,普通,1
C004250,55-64,苏州,退休,10-30万,2018-09-19,260689.59,R1,普通,1
C004251,35-44,南京,其他,10万以下,2021-02-22,19860.83,R3,普通,1
C004252,25-34,无锡,企业职员,10万以下,2023-12-08,104210.96,R2,银卡,1
C004253,25-34,上海,退休,30-50万,2018-09-28,317733.6,R1,普通,1
C004254,35-44,深圳,公务员,10万以下,2024-05-22,81703.79,R3,金卡,1
C004255,55-64,北京,企业职员,10万以下,2020-04-12,81524.12,R4,普通,0
C004256,18-24,南通,公务员,50万以上,2023-10-16,624284.06,R3,普通,1
C004257,18-24,上海,其他,30-50万,2022-10-11,832980.82,R2,普通,1
C004258,35-44,南通,专业技术,10万以下,2018-06-23,26029.82,R2,银卡,0
C004259,65+,常州,个体经营,10-30万,2023-05-27,90333.42,R3,普通,1
C004260,25-34,南京,公务员,30-50万,2018-07-25,519976.49,R3,普通,1
C004261,65+,苏州,专业技术,10-30万,2022-08-27,72496.2,R5,普通,1
C004262,55-64,无锡,专业技术,10-30万,2022-02-05,154236.99,R1,银卡,1
C004263,25-34,深圳,个体经营,10-30万,2018-10-08,74970.48,R3,普通,0
C004264,55-64,南通,个体经营,10万以下,2019-12-10,32777.33,R5,钻石,0
C004265,45-54,深圳,退休,30-50万,2022-08-23,779884.5,R1,普通,1
C004266,35-44,苏州,专业技术,10万以下,2019-12-25,36395.91,R5,普通,1
C004267,35-44,南京,企业职员,10-30万,2021-07-17,100242.87,R2,金卡,1
C004268,55-64,深圳,个体经营,10万以下,2023-10-25,39326.67,R3,普通,1
C004269,55-64,苏州,企业职员,10万以下,2022-11-24,14849.37,R2,普通,0
C004270,45-54,常州,其他,10万以下,2022-12-31,19722.64,R4,银卡,1
C004271,65+,南京,公务员,30-50万,2021-07-24,322573.02,R4,普通,1
C004272,35-44,杭州,其他,10万以下,2019-01-23,44461.45,R1,普通,0
C004273,55-64,南京,公务员,10万以下,2020-12-26,36748.48,R3,普通,1
C004274,55-64,北京,个体经营,10万以下,2023-06-02,39204.07,R1,银卡,1
C004275,25-34,南京,个体经营,30-50万,2020-10-03,394560.81,R2,普通,1
C004276,18-24,南京,其他,10-30万,2021-04-12,80918.46,R3,银卡,0
C004277,35-44,杭州,企业职员,50万以上,2022-01-30,3156688.63,R3,钻石,1
C004278,55-64,无锡,退休,10-30万,2022-12-11,84655.92,R2,银卡,1
C004279,25-34,苏州,专业技术,10-30万,2020-02-15,147970.25,R2,普通,1
C004280,45-54,南通,公务员,10-30万,2021-01-21,113458.76,R1,银卡,1
C004281,18-24,苏州,其他,10万以下,2021-10-29,39753.34,R2,金卡,1
C004282,35-44,苏州,专业技术,50万以上,2023-03-26,1108182.87,R1,普通,0
C004283,45-54,南京,专业技术,50万以上,2023-09-09,2539084.77,R2,银卡,1
C004284,25-34,常州,个体经营,10万以下,2023-02-12,59759.99,R4,普通,1
C004285,55-64,南京,个体经营,10-30万,2020-09-05,196990.06,R2,普通,0
C004286,25-34,杭州,退休,10万以下,2024-02-19,32460.05,R4,银卡,1
C004287,55-64,上海,其他,10-30万,2023-12-26,96537.27,R2,普通,0
C004288,25-34,苏州,其他,30-50万,2018-06-14,1640113.03,R3,普通,0
C004289,65+,常州,个体经营,50万以上,2022-10-20,913613.96,R1,普通,0
C004290,45-54,南通,专业技术,10-30万,2023-09-26,186439.45,R1,普通,1
C004291,25-34,徐州,其他,10-30万,2018-08-09,141724.38,R3,银卡,1
C004292,18-24,无锡,专业技术,30-50万,2021-11-29,387686.04,R2,金卡,1
C004293,18-24,徐州,企业职员,10万以下,2024-05-29,32910.08,R2,银卡,1
C004294,45-54,南京,退休,10-30万,2021-11-25,92979.97,R2,钻石,0
C004295,55-64,常州,专业技术,10-30万,2024-04-16,148564.55,R3,普通,1
C004296,35-44,南京,个体经营,30-50万,2022-08-03,468659.64,R2,普通,1
C004297,35-44,深圳,企业职员,50万以上,2018-09-21,5721847.37,R1,银卡,1
C004298,45-54,无锡,个体经营,10万以下,2019-08-20,51244.51,R2,银卡,1
C004299,35-44,徐州,退休,10万以下,2021-11-24,38827.89,R3,金卡,1
C004300,45-54,常州,专业技术,10万以下,2022-05-20,40003.9,R5,银卡,0
C004301,35-44,南京,公务员,10万以下,2020-11-24,75261.31,R1,普通,1
C004302,45-54,南京,退休,10-30万,2020-08-25,73867.91,R2,银卡,1
C004303,65+,苏州,个体经营,30-50万,2019-11-05,365073.31,R3,普通,0
C004304,35-44,上海,专业技术,10-30万,2021-02-22,46243.57,R5,普通,1
C004305,18-24,徐州,企业职员,10-30万,2023-12-13,158678.27,R1,银卡,0
C004306,25-34,南京,企业职员,10-30万,2019-03-19,183383.32,R4,银卡,0
C004307,35-44,常州,公务员,10-30万,2022-05-24,72943.98,R3,普通,1
C004308,35-44,无锡,企业职员,30-50万,2019-06-25,819754.21,R2,银卡,1
C004309,65+,南通,个体经营,10-30万,2019-07-14,83768.06,R3,金卡,0
C004310,45-54,苏州,个体经营,10-30万,2023-02-07,101114.92,R3,普通,1
C004311,35-44,北京,企业职员,50万以上,2021-04-25,1592409.16,R1,普通,0
C004312,55-64,常州,专业技术,10-30万,2019-11-24,266291.06,R2,普通,1
C004313,25-34,无锡,个体经营,10万以下,2022-04-06,19532.87,R2,普通,0
C004314,55-64,上海,个体经营,10-30万,2019-08-23,138811.28,R2,普通,0
C004315,18-24,上海,公务员,10-30万,2021-04-05,176780.81,R3,普通,1
C004316,45-54,无锡,个体经营,10-30万,2018-11-17,159449.43,R3,普通,1
C004317,65+,南京,企业职员,30-50万,2019-01-06,541403.62,R4,普通,1
C004318,55-64,南京,其他,10-30万,2018-08-12,175605.83,R3,普通,1
C004319,55-64,苏州,专业技术,10-30万,2023-02-02,90933.67,R2,金卡,1
C004320,35-44,上海,其他,30-50万,2019-12-23,930157.98,R1,普通,1
C004321,55-64,徐州,其他,10-30万,2019-11-21,113512.96,R4,普通,0
C004322,35-44,苏州,个体经营,10-30万,2021-09-15,106225.87,R1,普通,1
C004323,45-54,南京,个体经营,10万以下,2023-05-27,58851.08,R2,金卡,0
C004324,18-24,徐州,退休,10-30万,2022-08-26,87549.85,R3,普通,1
C004325,25-34,南通,个体经营,10-30万,2021-04-25,140840.89,R3,银卡,0
C004326,35-44,上海,个体经营,10万以下,2019-03-17,20900.65,R1,普通,1
C004327,18-24,上海,个体经营,10-30万,2018-11-24,422888.97,R3,普通,1
C004328,45-54,苏州,专业技术,10万以下,2018-11-25,95156.67,R1,普通,0
C004329,55-64,上海,企业职员,10万以下,2018-09-18,28391.13,R3,银卡,1
C004330,65+,常州,公务员,10-30万,2023-10-30,155620.5,R3,金卡,1
C004331,25-34,南通,退休,10万以下,2018-06-02,30078.1,R3,普通,1
C004332,65+,苏州,个体经营,10-30万,2021-01-28,100805.41,R1,钻石,1
C004333,18-24,杭州,退休,10-30万,2023-10-25,127396.91,R3,普通,1
C004334,35-44,南京,专业技术,10-30万,2023-08-21,117588.47,R2,普通,1
C004335,55-64,南京,公务员,10万以下,2022-11-17,14025.31,R3,金卡,0
C004336,18-24,苏州,个体经营,10-30万,2022-11-25,136866.14,R5,普通,1
C004337,18-24,上海,企业职员,10万以下,2023-09-30,29372.27,R1,银卡,0
C004338,18-24,上海,退休,10-30万,2022-02-08,140273.2,R3,普通,1
C004339,35-44,苏州,个体经营,30-50万,2021-02-14,384793.05,R1,普通,1
C004340,55-64,南京,公务员,10-30万,2022-07-17,100215.42,R3,普通,1
C004341,25-34,南京,专业技术,10-30万,2020-05-23,185851.28,R3,金卡,1
C004342,25-34,上海,企业职员,50万以上,2020-02-07,1958212.98,R2,金卡,1
C004343,35-44,常州,个体经营,10万以下,2022-01-03,60293.3,R3,钻石,1
C004344,25-34,上海,其他,30-50万,2023-12-10,512258.53,R5,银卡,1
C004345,45-54,上海,个体经营,30-50万,2022-07-16,362368.36,R4,银卡,1
C004346,65+,杭州,个体经营,10-30万,2020-09-19,163346.87,R5,普通,1
C004347,45-54,无锡,个体经营,10万以下,2022-01-20,11143.88,R1,银卡,1
C004348,55-64,杭州,公务员,10万以下,2020-11-29,85887.42,R5,普通,1
C004349,35-44,无锡,公务员,50万以上,2019-05-05,1720569.22,R2,普通,0
C004350,55-64,上海,个体经营,10万以下,2019-09-04,89427.24,R1,银卡,0
C004351,25-34,南通,专业技术,30-50万,2020-08-29,258990.66,R2,普通,1
C004352,18-24,北京,公务员,10-30万,2023-11-01,68625.83,R2,普通,0
C004353,45-54,无锡,公务员,10-30万,2019-12-02,144085.72,R3,银卡,1
C004354,18-24,上海,退休,10-30万,2022-05-31,143848.28,R1,金卡,1
C004355,55-64,南通,专业技术,10万以下,2021-11-30,35527.95,R3,普通,1
C004356,45-54,深圳,公务员,10-30万,2020-03-20,131683.96,R2,普通,0
C004357,65+,南京,其他,50万以上,2019-05-27,1095714.35,R2,普通,1
C004358,25-34,南通,其他,10万以下,2020-02-17,14275.14,R4,普通,0
C004359,35-44,苏州,其他,50万以上,2022-08-08,1728130.84,R3,普通,1
C004360,45-54,北京,公务员,50万以上,2021-09-15,789914.24,R2,银卡,1
C004361,25-34,杭州,其他,10万以下,2022-03-26,15069.82,R3,普通,1
C004362,35-44,徐州,个体经营,10-30万,2021-08-20,99203.75,R4,普通,1
C004363,45-54,常州,企业职员,10万以下,2019-11-10,37208.11,R2,普通,1
C004364,65+,上海,专业技术,10-30万,2018-08-09,324203.49,R1,钻石,1
C004365,45-54,南通,其他,50万以上,2022-01-23,2447567.71,R5,银卡,1
C004366,25-34,苏州,企业职员,30-50万,2022-06-14,818991.2,R2,银卡,1
C004367,35-44,杭州,企业职员,50万以上,2019-02-04,2079850.37,R2,银卡,1
C004368,45-54,常州,企业职员,10万以下,2023-07-06,36039.81,R1,普通,1
C004369,25-34,苏州,其他,10-30万,2022-01-22,420055.52,R1,普通,1
C004370,35-44,徐州,公务员,10万以下,2018-09-04,15483.42,R5,普通,1
C004371,25-34,南京,个体经营,30-50万,2019-02-07,325333.04,R5,普通,1
C004372,25-34,上海,企业职员,10万以下,2019-07-16,25371.02,R3,普通,1
C004373,35-44,常州,其他,10万以下,2019-01-23,46898.04,R3,金卡,1
C004374,25-34,徐州,退休,10万以下,2022-12-27,18390.04,R4,普通,0
C004375,45-54,南京,专业技术,10万以下,2024-01-24,43943.83,R3,普通,1
C004376,25-34,上海,其他,10万以下,2019-04-03,40085.81,R3,普通,0
C004377,45-54,上海,公务员,10万以下,2021-06-14,45054.42,R5,普通,1
C004378,25-34,上海,个体经营,30-50万,2022-11-23,595306.3,R1,普通,1
C004379,55-64,常州,其他,30-50万,2021-07-16,863180.97,R1,钻石,1
C004380,18-24,徐州,专业技术,10万以下,2019-06-07,29270.86,R3,普通,1
C004381,35-44,南通,公务员,30-50万,2021-06-14,521413.56,R3,银卡,1
C004382,35-44,苏州,专业技术,10-30万,2020-08-18,83031.25,R1,银卡,1
C004383,25-34,南京,其他,30-50万,2021-04-28,246920.65,R2,普通,1
C004384,35-44,无锡,企业职员,10-30万,2021-07-05,290007.31,R3,普通,1
C004385,55-64,杭州,其他,10-30万,2018-09-04,79952.47,R3,普通,1
C004386,55-64,苏州,个体经营,10-30万,2018-10-29,165363.78,R4,金卡,1
C004387,25-34,上海,企业职员,10万以下,2021-11-11,39123.32,R4,银卡,1
C004388,25-34,徐州,其他,10-30万,2019-07-17,215936.03,R3,普通,1
C004389,45-54,苏州,专业技术,30-50万,2020-01-23,174576.71,R3,普通,0
C004390,45-54,南京,公务员,30-50万,2023-08-20,624572.89,R3,银卡,1
C004391,25-34,无锡,公务员,10-30万,2019-04-25,116568.11,R1,普通,1
C004392,45-54,无锡,企业职员,10-30万,2020-03-01,88902.23,R2,普通,1
C004393,35-44,南京,专业技术,30-50万,2019-04-05,352854.5,R2,银卡,1
C004394,45-54,杭州,公务员,10万以下,2019-08-30,50379.42,R4,钻石,1
C004395,35-44,深圳,公务员,10万以下,2018-10-14,43242.23,R4,金卡,1
C004396,35-44,南京,专业技术,10-30万,2021-02-26,112564.91,R1,银卡,1
C004397,25-34,苏州,其他,10万以下,2024-01-18,16973.34,R4,钻石,1
C004398,45-54,徐州,其他,10-30万,2022-10-02,70331.48,R3,普通,1
C004399,25-34,深圳,企业职员,10万以下,2023-07-15,43715.93,R1,普通,0
C004400,45-54,北京,个体经营,10-30万,2023-01-02,63346.56,R2,普通,1
C004401,55-64,北京,公务员,10-30万,2020-12-19,113116.07,R4,银卡,1
C004402,45-54,无锡,个体经营,30-50万,2018-07-19,1528436.52,R2,银卡,0
C004403,18-24,深圳,其他,10-30万,2019-10-27,150998.84,R3,金卡,1
C004404,25-34,无锡,个体经营,10-30万,2021-10-14,173923.64,R3,普通,1
C004405,35-44,南京,专业技术,50万以上,2021-06-18,882450.55,R3,普通,1
C004406,45-54,上海,其他,30-50万,2021-04-16,216548.32,R3,普通,1
C004407,55-64,南通,公务员,10-30万,2021-12-10,178645.39,R3,银卡,0
C004408,35-44,杭州,个体经营,10万以下,2020-10-24,26050.09,R4,银卡,0
C004409,55-64,徐州,退休,10-30万,2018-09-29,215789.3,R2,银卡,0
C004410,25-34,杭州,公务员,10-30万,2023-10-23,128902.77,R1,普通,0
C004411,35-44,苏州,退休,10-30万,2022-04-09,710289.86,R2,普通,1
C004412,18-24,苏州,公务员,30-50万,2023-12-05,315861.76,R3,普通,0
C004413,45-54,上海,其他,50万以上,2019-04-17,1822175.05,R2,普通,1
C004414,25-34,常州,企业职员,50万以上,2023-03-23,1008427.59,R3,普通,1
C004415,25-34,南京,退休,10-30万,2020-06-24,211353.43,R2,金卡,1
C004416,45-54,无锡,其他,50万以上,2024-01-09,1965450.15,R3,银卡,1
C004417,35-44,杭州,企业职员,50万以上,2021-07-17,975183.31,R4,银卡,1
C004418,18-24,北京,个体经营,10万以下,2019-01-02,26911.53,R3,普通,0
C004419,18-24,上海,其他,10-30万,2018-09-05,250487.53,R3,普通,1
C004420,35-44,上海,企业职员,10万以下,2023-07-11,58971.36,R3,普通,0
C004421,25-34,杭州,公务员,10万以下,2020-06-06,15549.05,R3,普通,1
C004422,25-34,南京,其他,10万以下,2023-01-19,24983.42,R2,普通,1
C004423,45-54,南通,企业职员,10-30万,2020-01-09,313622.53,R3,普通,0
C004424,25-34,南通,其他,10万以下,2021-03-06,29009.07,R2,金卡,0
C004425,45-54,深圳,退休,10万以下,2019-08-10,34567.32,R2,金卡,1
C004426,35-44,南京,公务员,10万以下,2019-01-07,52702.52,R2,金卡,1
C004427,25-34,深圳,公务员,10-30万,2022-04-14,64806.82,R2,普通,1
C004428,25-34,上海,公务员,30-50万,2024-02-14,262858.48,R1,普通,0
C004429,25-34,南京,专业技术,50万以上,2022-07-04,1341268.18,R3,普通,1
C004430,18-24,常州,其他,10-30万,2023-02-11,230396.92,R3,银卡,1
C004431,25-34,南京,退休,10万以下,2023-09-01,52514.01,R1,普通,1
C004432,55-64,南通,企业职员,30-50万,2020-02-04,602656.71,R2,普通,1
C004433,55-64,无锡,专业技术,10万以下,2018-12-24,29418.31,R3,普通,1
C004434,35-44,上海,公务员,50万以上,2021-04-15,2773888.09,R3,普通,0
C004435,35-44,南通,专业技术,30-50万,2021-03-16,389608.32,R3,普通,0
C004436,35-44,上海,个体经营,10-30万,2020-11-01,168422.51,R3,普通,1
C004437,55-64,无锡,专业技术,10万以下,2019-01-02,49760.27,R4,普通,0
C004438,25-34,杭州,退休,10万以下,2024-04-24,73670.87,R1,金卡,0
C004439,25-34,杭州,公务员,10-30万,2021-03-30,122649.35,R3,普通,0
C004440,25-34,徐州,个体经营,10-30万,2019-03-13,105234.02,R2,普通,1
C004441,18-24,苏州,企业职员,30-50万,2023-06-10,803520.12,R2,金卡,1
C004442,25-34,深圳,个体经营,10-30万,2020-12-05,250489.76,R5,金卡,0
C004443,55-64,杭州,其他,10-30万,2024-05-15,96139.91,R4,普通,0
C004444,55-64,杭州,退休,10万以下,2019-05-23,18150.18,R1,银卡,1
C004445,25-34,南京,退休,10-30万,2020-06-21,232063.02,R1,普通,1
C004446,35-44,杭州,其他,10万以下,2018-08-11,13878.4,R4,银卡,1
C004447,35-44,南京,专业技术,10-30万,2022-08-11,54113.9,R1,金卡,1
C004448,35-44,常州,企业职员,10-30万,2020-01-03,110315.47,R4,普通,1
C004449,35-44,上海,专业技术,30-50万,2019-10-13,421021.71,R2,普通,1
C004450,18-24,无锡,企业职员,10-30万,2024-03-24,70634.29,R2,普通,1
C004451,55-64,苏州,公务员,10万以下,2019-11-04,33519.57,R1,银卡,0
C004452,65+,常州,专业技术,30-50万,2020-02-17,457007.4,R3,金卡,1
C004453,45-54,苏州,其他,10-30万,2020-09-18,94377.04,R1,普通,1
C004454,45-54,徐州,公务员,30-50万,2021-01-08,1105658.8,R2,普通,1
C004455,35-44,南京,公务员,10-30万,2019-08-06,148765.66,R4,银卡,1
C004456,35-44,无锡,退休,30-50万,2023-10-17,703247.62,R2,普通,0
C004457,25-34,南通,公务员,10万以下,2022-01-19,14484.67,R3,普通,1
C004458,45-54,深圳,公务员,10-30万,2022-10-15,57689.25,R2,普通,0
C004459,18-24,常州,公务员,30-50万,2019-04-29,503455.76,R3,普通,1
C004460,55-64,无锡,退休,10万以下,2023-05-26,75840.03,R2,普通,1
C004461,35-44,深圳,专业技术,30-50万,2024-01-19,241409.98,R3,银卡,0
C004462,35-44,北京,公务员,10-30万,2018-11-05,128918.45,R3,普通,0
C004463,35-44,上海,其他,10万以下,2022-01-11,16177.95,R4,普通,1
C004464,65+,南通,个体经营,10万以下,2019-08-17,20944.71,R4,银卡,1
C004465,25-34,苏州,退休,30-50万,2023-01-04,440548.35,R2,普通,0
C004466,25-34,徐州,公务员,30-50万,2020-03-12,312673.32,R1,银卡,1
C004467,25-34,杭州,其他,10万以下,2018-11-03,15618.18,R1,金卡,1
C004468,45-54,深圳,公务员,10万以下,2019-10-26,15444.28,R3,普通,1
C004469,65+,南京,个体经营,10万以下,2022-08-23,11683.68,R1,金卡,1
C004470,25-34,苏州,专业技术,10万以下,2020-10-17,38072.39,R4,金卡,1
C004471,55-64,北京,专业技术,30-50万,2019-05-29,539290.86,R5,普通,1
C004472,25-34,杭州,专业技术,10万以下,2019-04-07,40345.27,R1,银卡,1
C004473,45-54,上海,退休,10万以下,2022-08-12,19041.28,R2,普通,1
C004474,18-24,南京,退休,10万以下,2023-01-15,49609.04,R3,银卡,1
C004475,35-44,上海,个体经营,10-30万,2021-10-21,170866.25,R2,银卡,1
C004476,45-54,常州,专业技术,10-30万,2022-11-27,120438.46,R2,钻石,0
C004477,35-44,无锡,专业技术,10-30万,2020-01-29,110949.75,R2,普通,0
C004478,25-34,苏州,个体经营,10-30万,2020-11-07,86741.64,R4,银卡,1
C004479,55-64,苏州,专业技术,50万以上,2021-07-11,1651272.21,R3,普通,0
C004480,65+,常州,退休,10-30万,2019-07-15,269378.01,R1,金卡,1
C004481,35-44,南京,退休,30-50万,2023-02-16,706549.21,R1,普通,1
C004482,45-54,常州,企业职员,10-30万,2019-05-20,105571.3,R3,普通,0
C004483,55-64,南京,企业职员,10万以下,2021-01-07,39271.86,R1,金卡,1
C004484,25-34,无锡,退休,30-50万,2018-07-15,230614.97,R4,普通,1
C004485,55-64,深圳,专业技术,10-30万,2020-10-20,172867.49,R3,银卡,0
C004486,25-34,上海,专业技术,10-30万,2019-10-28,79206.88,R5,普通,1
C004487,45-54,南京,其他,10万以下,2023-04-10,42365.11,R3,普通,0
C004488,25-34,上海,公务员,10-30万,2023-01-05,529550.13,R4,金卡,1
C004489,25-34,南京,公务员,30-50万,2021-01-24,300803.83,R3,金卡,1
C004490,35-44,常州,专业技术,10万以下,2023-01-10,129359.98,R3,普通,1
C004491,35-44,苏州,退休,10万以下,2024-02-24,38340.82,R1,银卡,1
C004492,55-64,北京,其他,10万以下,2021-09-24,20622.54,R3,普通,0
C004493,65+,南京,其他,10-30万,2022-10-30,80621.36,R3,金卡,1
C004494,25-34,北京,个体经营,30-50万,2020-07-01,1304979.16,R2,银卡,1
C004495,25-34,上海,公务员,10-30万,2020-12-10,153543.83,R3,普通,0
C004496,35-44,无锡,专业技术,50万以上,2021-04-29,1130193.3,R2,普通,0
C004497,35-44,北京,公务员,10-30万,2019-05-29,108392.78,R2,普通,0
C004498,35-44,无锡,个体经营,10-30万,2024-01-04,148841.15,R1,金卡,1
C004499,55-64,上海,公务员,10万以下,2019-09-11,29869.47,R2,普通,1
C004500,45-54,上海,个体经营,10万以下,2021-07-06,35664.18,R2,普通,1
C004501,18-24,苏州,其他,30-50万,2020-03-21,970945.17,R4,普通,1
C004502,35-44,南京,公务员,10万以下,2019-06-30,17068.11,R3,银卡,0
C004503,45-54,杭州,其他,10万以下,2022-08-06,41409.59,R4,银卡,0
C004504,35-44,苏州,公务员,30-50万,2022-12-20,385682.98,R5,普通,1
C004505,25-34,北京,公务员,10-30万,2019-11-18,93500.71,R1,普通,1
C004506,35-44,苏州,公务员,10万以下,2020-08-03,51279.16,R3,普通,1
C004507,35-44,无锡,退休,30-50万,2023-04-18,192626.24,R2,银卡,1
C004508,25-34,无锡,退休,10-30万,2022-10-16,36755.03,R4,钻石,1
C004509,45-54,常州,企业职员,30-50万,2019-04-10,447524.4,R3,金卡,0
C004510,35-44,深圳,公务员,10-30万,2021-01-25,111989.14,R1,普通,1
C004511,45-54,苏州,其他,10万以下,2018-12-05,15252.96,R2,普通,1
C004512,35-44,南通,专业技术,10万以下,2020-03-11,12754.97,R3,普通,1
C004513,55-64,苏州,公务员,10万以下,2023-03-05,78768.57,R1,银卡,1
C004514,25-34,南京,公务员,30-50万,2023-03-03,504199.47,R2,银卡,1
C004515,25-34,苏州,个体经营,10-30万,2018-08-08,121184.55,R4,普通,1
C004516,25-34,南通,公务员,30-50万,2019-12-17,1198812.79,R1,普通,1
C004517,35-44,南通,个体经营,10-30万,2020-11-01,200041.13,R3,普通,1
C004518,25-34,苏州,专业技术,10-30万,2020-05-04,290653.0,R3,普通,1
C004519,45-54,深圳,个体经营,10万以下,2021-12-02,16630.2,R2,钻石,1
C004520,25-34,无锡,专业技术,10万以下,2022-07-13,16321.79,R1,普通,0
C004521,25-34,杭州,企业职员,10-30万,2019-06-15,163371.93,R1,银卡,0
C004522,35-44,南京,专业技术,10-30万,2019-01-10,147634.75,R5,金卡,0
C004523,45-54,上海,企业职员,50万以上,2018-12-16,2801895.43,R3,普通,1
C004524,55-64,苏州,退休,10万以下,2019-09-18,13273.94,R2,普通,1
C004525,45-54,常州,专业技术,10-30万,2019-03-02,170594.68,R4,普通,0
C004526,35-44,杭州,专业技术,10万以下,2021-04-11,49196.95,R1,银卡,0
C004527,45-54,上海,个体经营,30-50万,2022-07-17,638773.91,R1,普通,0
C004528,45-54,苏州,公务员,10万以下,2023-12-02,24479.85,R1,金卡,1
C004529,25-34,上海,退休,10-30万,2022-07-22,155523.89,R3,银卡,0
C004530,35-44,无锡,企业职员,10万以下,2021-10-05,20355.86,R2,银卡,1
C004531,45-54,南京,个体经营,10万以下,2023-11-29,25912.47,R3,银卡,1
C004532,25-34,徐州,公务员,10-30万,2022-06-06,71237.8,R2,普通,1
C004533,45-54,北京,个体经营,10-30万,2018-10-28,82118.13,R3,银卡,1
C004534,35-44,南京,个体经营,10-30万,2022-11-01,106379.25,R4,普通,0
C004535,35-44,上海,个体经营,10-30万,2022-01-18,93880.56,R2,普通,1
C004536,25-34,杭州,公务员,50万以上,2020-07-16,1026412.17,R2,普通,1
C004537,45-54,南通,企业职员,10万以下,2019-02-01,15664.53,R3,普通,0
C004538,55-64,常州,个体经营,10-30万,2018-11-12,319909.98,R2,普通,0
C004539,25-34,苏州,公务员,30-50万,2019-07-10,311432.64,R1,普通,0
C004540,35-44,南京,企业职员,10-30万,2023-07-14,141524.74,R3,普通,1
C004541,18-24,无锡,其他,10-30万,2023-09-29,49799.54,R3,钻石,1
C004542,18-24,徐州,个体经营,10-30万,2019-12-13,236587.07,R4,普通,0
C004543,65+,苏州,企业职员,10万以下,2019-01-31,32615.18,R2,普通,1
C004544,35-44,常州,个体经营,10-30万,2020-09-02,96115.87,R2,普通,1
C004545,35-44,南通,企业职员,10-30万,2018-11-28,96536.5,R3,普通,0
C004546,25-34,南京,其他,30-50万,2020-05-25,617802.9,R3,金卡,1
C004547,65+,上海,个体经营,30-50万,2022-04-20,91369.97,R2,普通,1
C004548,25-34,徐州,其他,10万以下,2019-04-29,19867.81,R2,普通,1
C004549,45-54,南通,个体经营,10万以下,2019-11-08,28265.88,R1,普通,1
C004550,25-34,常州,其他,10-30万,2022-02-26,112413.74,R2,普通,1
C004551,18-24,无锡,其他,10-30万,2020-11-12,419955.07,R5,银卡,0
C004552,45-54,南通,专业技术,10-30万,2020-12-03,101361.67,R1,普通,1
C004553,18-24,上海,个体经营,10-30万,2023-10-27,196882.13,R3,银卡,1
C004554,45-54,上海,其他,10-30万,2022-09-30,296877.72,R1,普通,1
C004555,25-34,上海,专业技术,50万以上,2023-01-16,2097554.52,R2,银卡,0
C004556,45-54,南京,公务员,10-30万,2022-09-14,85676.94,R3,普通,1
C004557,45-54,上海,企业职员,10万以下,2021-04-01,15783.32,R3,普通,1
C004558,45-54,苏州,专业技术,10-30万,2021-04-28,174199.62,R1,普通,1
C004559,18-24,苏州,公务员,10-30万,2019-03-31,273145.43,R2,普通,1
C004560,45-54,南京,退休,10万以下,2024-05-15,39416.28,R1,普通,1
C004561,65+,杭州,专业技术,10万以下,2019-06-14,55585.45,R2,银卡,1
C004562,25-34,徐州,个体经营,10-30万,2022-12-03,438546.24,R3,金卡,1
C004563,25-34,杭州,公务员,30-50万,2022-04-20,607985.9,R2,普通,1
C004564,55-64,南通,公务员,50万以上,2023-07-03,865150.91,R2,普通,1
C004565,25-34,杭州,公务员,10-30万,2024-05-02,123103.09,R3,普通,0
C004566,45-54,南通,专业技术,10万以下,2023-09-11,59519.56,R4,金卡,0
C004567,45-54,徐州,退休,10-30万,2023-01-24,105964.26,R1,普通,0
C004568,18-24,南京,其他,10-30万,2022-02-05,254765.76,R3,普通,1
C004569,35-44,徐州,退休,50万以上,2022-07-16,1450628.13,R1,金卡,1
C004570,35-44,南通,专业技术,10-30万,2023-10-15,141835.15,R1,普通,1
C004571,25-34,苏州,退休,10-30万,2022-05-19,100697.53,R2,银卡,1
C004572,55-64,南京,公务员,50万以上,2023-06-27,1624553.94,R3,普通,0
C004573,25-34,苏州,其他,10-30万,2020-04-18,133448.48,R1,银卡,1
C004574,35-44,南京,企业职员,10万以下,2020-05-21,13422.42,R5,普通,1
C004575,55-64,南通,其他,10-30万,2024-01-14,96225.57,R2,金卡,1
C004576,25-34,南通,企业职员,10-30万,2020-06-29,64772.93,R4,普通,1
C004577,55-64,北京,其他,10-30万,2018-12-11,97899.11,R2,普通,0
C004578,18-24,常州,退休,50万以上,2018-09-21,1007914.38,R2,银卡,1
C004579,35-44,上海,个体经营,10万以下,2024-01-28,49754.85,R3,普通,1
C004580,18-24,徐州,个体经营,10-30万,2018-11-15,200174.95,R2,普通,1
C004581,45-54,上海,公务员,10万以下,2021-12-18,39699.73,R3,普通,1
C004582,55-64,苏州,公务员,10万以下,2019-02-25,15916.76,R4,普通,0
C004583,55-64,无锡,公务员,10-30万,2023-03-10,114254.04,R3,钻石,1
C004584,65+,南京,其他,30-50万,2020-04-02,203948.68,R4,银卡,1
C004585,45-54,徐州,公务员,10-30万,2019-08-01,111479.98,R1,普通,1
C004586,45-54,苏州,个体经营,10-30万,2022-10-23,165869.66,R3,普通,1
C004587,35-44,南通,退休,10万以下,2019-12-22,49266.76,R3,普通,0
C004588,55-64,北京,退休,10-30万,2023-05-06,152005.11,R3,金卡,0
C004589,45-54,上海,公务员,10-30万,2020-02-21,225141.15,R3,普通,0
C004590,55-64,苏州,退休,30-50万,2018-09-12,455475.87,R3,普通,0
C004591,25-34,常州,公务员,10-30万,2022-08-12,106773.7,R4,普通,1
C004592,35-44,南通,退休,30-50万,2018-08-20,619117.33,R2,银卡,1
C004593,45-54,杭州,企业职员,30-50万,2020-05-25,629359.48,R1,银卡,0
C004594,25-34,杭州,其他,10-30万,2021-05-18,92333.4,R1,银卡,1
C004595,25-34,苏州,企业职员,10-30万,2022-06-12,145036.13,R1,银卡,1
C004596,65+,北京,其他,30-50万,2021-02-10,345263.49,R3,银卡,1
C004597,35-44,南京,退休,50万以上,2018-06-28,549452.86,R2,钻石,0
C004598,25-34,苏州,企业职员,10-30万,2024-05-20,149537.17,R2,普通,1
C004599,35-44,南京,退休,10-30万,2019-03-14,62817.31,R4,普通,1
C004600,35-44,苏州,个体经营,10-30万,2023-07-10,141401.57,R4,普通,0
C004601,45-54,无锡,其他,30-50万,2019-02-20,185640.39,R3,银卡,1
C004602,65+,苏州,其他,50万以上,2021-02-15,1046688.71,R2,普通,1
C004603,65+,南京,其他,50万以上,2019-01-01,1207637.18,R2,普通,1
C004604,45-54,南京,专业技术,10万以下,2023-04-28,54710.73,R2,银卡,1
C004605,45-54,北京,其他,10万以下,2024-02-16,22975.76,R2,普通,0
C004606,35-44,上海,个体经营,30-50万,2021-07-13,233686.17,R1,银卡,1
C004607,55-64,上海,企业职员,10-30万,2019-09-24,143978.54,R3,银卡,0
C004608,25-34,上海,其他,50万以上,2019-08-18,1345786.11,R2,钻石,1
C004609,25-34,上海,企业职员,10-30万,2019-10-24,178176.04,R2,银卡,1
C004610,65+,南京,专业技术,30-50万,2019-08-05,241175.42,R3,普通,0
C004611,55-64,北京,专业技术,10-30万,2019-09-30,133342.19,R2,普通,1
C004612,25-34,无锡,个体经营,10万以下,2019-03-24,103129.02,R2,普通,1
C004613,45-54,无锡,退休,10万以下,2023-05-22,26617.21,R2,普通,1
C004614,35-44,北京,公务员,30-50万,2022-12-30,439145.04,R1,银卡,1
C004615,35-44,南京,其他,10万以下,2024-05-24,13074.68,R3,普通,1
C004616,25-34,苏州,其他,30-50万,2021-10-24,261118.65,R2,银卡,1
C004617,25-34,杭州,其他,10-30万,2022-10-31,151010.91,R1,银卡,1
C004618,35-44,常州,其他,10-30万,2020-08-21,101752.45,R4,银卡,0
C004619,35-44,无锡,退休,10万以下,2021-01-31,40789.06,R4,银卡,1
C004620,35-44,深圳,其他,50万以上,2020-11-30,1855092.3,R3,普通,1
C004621,25-34,北京,其他,30-50万,2020-06-12,206944.33,R4,普通,1
C004622,65+,北京,退休,30-50万,2018-05-26,664555.03,R3,普通,0
C004623,45-54,南京,退休,30-50万,2023-10-10,214889.1,R1,银卡,1
C004624,55-64,杭州,公务员,10-30万,2022-10-02,81861.66,R3,钻石,0
C004625,25-34,徐州,公务员,50万以上,2021-11-25,1682376.82,R2,金卡,1
C004626,45-54,上海,个体经营,10-30万,2023-12-27,262697.52,R2,普通,0
C004627,55-64,南京,个体经营,10-30万,2019-06-27,72642.75,R5,钻石,1
C004628,35-44,南通,公务员,10万以下,2022-01-29,32299.11,R2,金卡,1
C004629,25-34,南京,公务员,10万以下,2023-05-31,32434.01,R2,普通,0
C004630,25-34,北京,公务员,30-50万,2021-04-18,555653.3,R1,普通,1
C004631,25-34,南通,专业技术,10-30万,2023-04-05,216915.31,R4,钻石,0
C004632,35-44,徐州,退休,30-50万,2022-01-31,326825.67,R1,普通,1
C004633,35-44,苏州,退休,50万以上,2020-07-14,2487777.47,R4,钻石,1
C004634,25-34,无锡,企业职员,10-30万,2022-06-29,233376.4,R1,普通,1
C004635,45-54,常州,专业技术,10万以下,2019-05-26,73198.65,R3,普通,1
C004636,18-24,杭州,个体经营,10-30万,2022-11-13,154231.3,R2,普通,1
C004637,35-44,徐州,退休,10万以下,2023-09-22,32456.99,R2,普通,0
C004638,45-54,南京,其他,30-50万,2021-11-03,315504.3,R1,银卡,1
C004639,25-34,无锡,公务员,10-30万,2023-04-07,57858.38,R1,普通,1
C004640,25-34,苏州,退休,10-30万,2020-04-06,104429.79,R1,普通,1
C004641,25-34,常州,专业技术,10-30万,2021-04-05,126933.16,R1,金卡,0
C004642,18-24,常州,公务员,10-30万,2023-07-09,113607.05,R3,普通,1
C004643,35-44,南京,专业技术,10-30万,2022-05-22,161798.34,R3,普通,0
C004644,18-24,南京,企业职员,10万以下,2019-03-15,14499.45,R2,金卡,0
C004645,25-34,徐州,企业职员,10-30万,2019-06-26,109563.53,R3,金卡,1
C004646,65+,南通,个体经营,30-50万,2020-07-21,1084472.86,R3,银卡,1
C004647,55-64,南京,其他,10万以下,2018-12-23,49352.91,R5,普通,1
C004648,25-34,南通,专业技术,10-30万,2023-10-08,163299.64,R2,普通,1
C004649,25-34,常州,退休,10万以下,2020-01-03,36471.77,R2,银卡,1
C004650,35-44,南京,其他,10-30万,2024-04-10,99960.57,R5,金卡,1
C004651,55-64,南京,个体经营,10万以下,2020-10-20,12480.44,R5,银卡,1
C004652,55-64,苏州,专业技术,30-50万,2024-02-09,502717.73,R4,普通,1
C004653,25-34,上海,公务员,10万以下,2022-05-10,8819.66,R3,银卡,1
C004654,25-34,南京,公务员,10-30万,2023-11-15,101973.59,R3,银卡,1
C004655,35-44,深圳,其他,10万以下,2022-11-20,29945.16,R4,金卡,1
C004656,55-64,南通,退休,10-30万,2020-07-16,95956.65,R2,普通,0
C004657,55-64,上海,企业职员,10万以下,2019-09-15,88844.61,R2,普通,0
C004658,25-34,深圳,个体经营,30-50万,2018-10-01,995889.13,R5,普通,1
C004659,35-44,苏州,退休,50万以上,2018-06-18,2513989.6,R4,银卡,1
C004660,25-34,南通,退休,10万以下,2023-08-12,18888.14,R1,金卡,1
C004661,45-54,苏州,专业技术,50万以上,2018-11-16,3920317.99,R1,普通,1
C004662,55-64,南京,企业职员,10-30万,2022-09-14,163526.71,R4,普通,1
C004663,35-44,杭州,个体经营,10-30万,2019-02-02,74926.07,R2,银卡,1
C004664,25-34,南京,个体经营,30-50万,2019-03-15,406597.2,R3,普通,1
C004665,35-44,杭州,公务员,10万以下,2018-11-17,48447.7,R1,银卡,1
C004666,35-44,杭州,个体经营,10-30万,2021-05-15,88948.03,R1,普通,1
C004667,55-64,徐州,个体经营,10万以下,2019-11-23,32183.81,R3,金卡,1
C004668,35-44,南通,专业技术,10-30万,2021-11-04,140573.42,R5,普通,1
C004669,55-64,杭州,公务员,10-30万,2023-12-12,69204.41,R3,金卡,1
C004670,25-34,南京,个体经营,30-50万,2021-07-25,349470.14,R1,普通,0
C004671,25-34,上海,其他,10万以下,2023-03-16,17965.73,R2,普通,1
C004672,25-34,南京,个体经营,50万以上,2023-10-22,2315901.7,R2,普通,1
C004673,18-24,南京,公务员,10万以下,2023-08-11,19051.95,R5,普通,1
C004674,25-34,苏州,退休,10-30万,2023-02-03,138849.91,R2,普通,1
C004675,45-54,苏州,公务员,10-30万,2019-08-14,59884.27,R5,银卡,1
C004676,25-34,南京,公务员,10万以下,2018-08-15,17021.53,R4,普通,1
C004677,25-34,上海,退休,10万以下,2019-04-18,16614.18,R2,金卡,1
C004678,25-34,南通,公务员,10-30万,2020-07-16,103824.73,R1,普通,1
C004679,18-24,北京,企业职员,10万以下,2019-02-06,32831.49,R5,普通,1
C004680,55-64,上海,企业职员,10-30万,2022-09-10,144008.08,R1,普通,1
C004681,65+,杭州,退休,50万以上,2018-12-11,618379.79,R4,银卡,0
C004682,18-24,北京,公务员,10-30万,2018-09-17,110296.48,R2,普通,1
C004683,45-54,杭州,个体经营,10万以下,2023-07-10,20612.78,R2,普通,1
C004684,45-54,南京,专业技术,10万以下,2022-01-08,39184.71,R2,普通,1
C004685,65+,南京,公务员,10万以下,2022-09-22,26242.47,R2,普通,1
C004686,35-44,无锡,公务员,10-30万,2023-07-27,115246.84,R3,普通,1
C004687,25-34,苏州,企业职员,30-50万,2023-05-17,275610.9,R3,普通,1
C004688,35-44,北京,企业职员,10万以下,2018-08-08,71059.76,R2,银卡,0
C004689,55-64,常州,其他,10万以下,2023-04-28,15790.49,R3,普通,0
C004690,45-54,北京,其他,10-30万,2020-05-27,98260.76,R2,普通,0
C004691,35-44,无锡,专业技术,10-30万,2019-02-28,126632.73,R4,银卡,1
C004692,25-34,北京,个体经营,10-30万,2019-11-18,105827.62,R4,普通,1
C004693,45-54,南京,退休,50万以上,2021-09-07,1023775.35,R3,普通,0
C004694,55-64,无锡,退休,10万以下,2024-04-12,12126.04,R5,银卡,0
C004695,35-44,北京,个体经营,10-30万,2021-11-23,84922.35,R2,普通,1
C004696,45-54,无锡,退休,30-50万,2022-09-17,247589.5,R1,银卡,1
C004697,35-44,上海,企业职员,10-30万,2019-03-18,277856.29,R1,银卡,1
C004698,35-44,无锡,企业职员,30-50万,2018-09-21,1241173.41,R4,金卡,1
C004699,35-44,杭州,其他,30-50万,2023-01-06,389969.57,R2,普通,1
C004700,45-54,徐州,专业技术,10-30万,2023-06-24,59448.68,R4,银卡,1
C004701,65+,杭州,退休,10-30万,2019-06-23,173558.34,R2,普通,1
C004702,35-44,常州,专业技术,30-50万,2019-02-26,244918.7,R1,银卡,1
C004703,35-44,徐州,企业职员,10-30万,2018-06-29,91186.44,R3,普通,1
C004704,35-44,常州,企业职员,10-30万,2019-10-10,87625.05,R3,普通,1
C004705,25-34,南通,专业技术,10-30万,2021-08-16,93432.47,R2,普通,0
C004706,25-34,上海,企业职员,30-50万,2022-02-19,334991.25,R4,普通,1
C004707,25-34,南京,其他,10万以下,2024-01-21,15556.0,R3,普通,0
C004708,35-44,上海,公务员,10万以下,2019-01-28,21119.37,R2,金卡,1
C004709,25-34,苏州,退休,10-30万,2018-06-08,199829.37,R3,银卡,1
C004710,35-44,南京,公务员,10万以下,2018-11-10,29500.85,R2,银卡,1
C004711,55-64,徐州,退休,10-30万,2020-12-16,127759.38,R4,银卡,0
C004712,25-34,徐州,公务员,10万以下,2019-03-12,9826.41,R2,普通,1
C004713,45-54,上海,专业技术,10-30万,2024-05-26,192747.99,R3,普通,1
C004714,55-64,深圳,公务员,10-30万,2021-12-17,85177.03,R2,银卡,1
C004715,35-44,常州,其他,10万以下,2023-10-08,52624.49,R1,银卡,0
C004716,25-34,深圳,专业技术,10万以下,2020-11-17,32405.71,R3,银卡,1
C004717,35-44,南通,专业技术,10-30万,2024-05-26,90600.98,R2,普通,1
C004718,45-54,苏州,公务员,30-50万,2022-07-28,172875.17,R3,普通,1
C004719,35-44,上海,公务员,10-30万,2021-11-21,355994.3,R3,银卡,1
C004720,25-34,南京,退休,10万以下,2023-08-20,44827.47,R1,普通,1
C004721,35-44,深圳,企业职员,10万以下,2023-11-24,46188.67,R2,普通,1
C004722,35-44,无锡,企业职员,10万以下,2018-12-25,74486.0,R3,普通,1
C004723,25-34,南京,专业技术,10万以下,2022-10-11,33556.85,R2,普通,1
C004724,45-54,徐州,专业技术,50万以上,2018-07-04,2949586.92,R2,银卡,1
C004725,18-24,南京,公务员,10万以下,2022-03-08,23615.65,R1,普通,0
C004726,35-44,南京,退休,10万以下,2024-01-24,43379.49,R2,银卡,1
C004727,55-64,南京,企业职员,30-50万,2023-10-17,291901.43,R3,银卡,1
C004728,25-34,北京,个体经营,10-30万,2020-04-09,93275.95,R4,普通,1
C004729,45-54,南京,其他,10-30万,2024-05-03,125963.48,R3,银卡,1
C004730,35-44,常州,公务员,10-30万,2018-09-12,63675.02,R3,普通,1
C004731,25-34,常州,退休,50万以上,2022-11-16,1768580.45,R2,普通,0
C004732,55-64,北京,公务员,10万以下,2020-10-02,25667.31,R3,普通,1
C004733,35-44,北京,公务员,10万以下,2021-09-28,11105.24,R4,银卡,1
C004734,25-34,北京,公务员,30-50万,2024-02-18,318185.2,R2,普通,1
C004735,55-64,无锡,公务员,30-50万,2020-03-07,336614.11,R3,普通,1
C004736,45-54,常州,企业职员,50万以上,2024-04-29,2297641.91,R2,金卡,1
C004737,45-54,杭州,其他,10-30万,2019-08-13,138392.07,R1,金卡,0
C004738,18-24,南京,专业技术,50万以上,2021-05-18,3093184.96,R1,金卡,1
C004739,25-34,南京,其他,10-30万,2022-08-05,155640.14,R1,普通,1
C004740,45-54,北京,专业技术,30-50万,2018-10-03,303227.7,R2,银卡,1
C004741,25-34,南京,其他,30-50万,2023-03-11,388496.77,R1,银卡,0
C004742,25-34,无锡,个体经营,10万以下,2022-09-26,25208.3,R1,普通,1
C004743,45-54,南京,公务员,10万以下,2020-07-11,38289.81,R1,普通,1
C004744,25-34,南京,其他,10-30万,2022-04-22,123643.55,R1,普通,1
C004745,18-24,深圳,退休,30-50万,2021-06-26,292125.86,R2,金卡,1
C004746,18-24,南京,其他,10万以下,2019-08-15,30129.28,R4,银卡,0
C004747,35-44,无锡,其他,30-50万,2018-11-30,503737.29,R3,普通,1
C004748,45-54,苏州,公务员,10-30万,2019-08-03,72550.36,R1,普通,1
C004749,55-64,常州,专业技术,10-30万,2023-12-07,140610.85,R2,金卡,1
C004750,25-34,上海,退休,10-30万,2018-09-24,54497.25,R2,银卡,1
C004751,25-34,徐州,其他,50万以上,2021-11-18,2607132.03,R1,金卡,1
C004752,35-44,南通,企业职员,10万以下,2019-05-13,39047.85,R2,普通,1
C004753,35-44,常州,其他,10-30万,2022-09-11,271003.91,R2,钻石,1
C004754,35-44,南京,退休,10万以下,2020-11-02,17165.46,R3,普通,1
C004755,65+,无锡,个体经营,50万以上,2018-08-10,2643730.46,R3,普通,1
C004756,35-44,北京,退休,30-50万,2018-10-05,638648.73,R2,金卡,1
C004757,35-44,杭州,公务员,10万以下,2020-06-22,27387.35,R1,普通,0
C004758,65+,南京,个体经营,10万以下,2020-09-18,24850.45,R1,普通,1
C004759,18-24,杭州,公务员,10-30万,2024-03-28,69750.09,R4,普通,1
C004760,65+,杭州,个体经营,10-30万,2020-10-16,61226.92,R3,银卡,1
C004761,35-44,杭州,公务员,30-50万,2021-11-19,274746.1,R3,普通,1
C004762,35-44,杭州,专业技术,10-30万,2024-04-27,64046.15,R4,普通,1
C004763,65+,深圳,个体经营,10-30万,2018-09-21,266494.33,R3,普通,1
C004764,35-44,南京,公务员,30-50万,2021-09-02,188752.87,R1,金卡,1
C004765,35-44,无锡,个体经营,10-30万,2019-10-13,129274.69,R3,金卡,1
C004766,25-34,深圳,专业技术,10万以下,2024-02-27,37302.11,R1,银卡,1
C004767,45-54,南通,退休,10万以下,2022-12-09,35871.64,R3,金卡,0
C004768,35-44,上海,其他,10-30万,2019-01-01,149925.13,R2,银卡,0
C004769,25-34,无锡,公务员,10-30万,2018-10-09,192614.72,R1,普通,1
C004770,45-54,南京,个体经营,10万以下,2024-05-08,24004.38,R1,普通,1
C004771,45-54,深圳,退休,10-30万,2019-01-15,125369.71,R2,银卡,1
C004772,35-44,无锡,公务员,10万以下,2022-07-26,25904.5,R3,普通,1
C004773,18-24,南通,退休,10-30万,2023-02-11,230155.36,R1,普通,0
C004774,35-44,苏州,专业技术,10万以下,2018-06-03,85723.79,R1,普通,0
C004775,18-24,深圳,企业职员,10-30万,2021-03-13,66057.45,R2,钻石,1
C004776,18-24,苏州,专业技术,10万以下,2019-08-17,10866.09,R4,普通,1
C004777,35-44,北京,企业职员,10-30万,2023-08-02,159502.17,R4,普通,1
C004778,25-34,苏州,专业技术,10万以下,2019-11-08,51233.0,R3,银卡,1
C004779,25-34,深圳,公务员,10-30万,2022-03-18,319251.89,R2,银卡,1
C004780,45-54,无锡,企业职员,30-50万,2020-02-14,578483.33,R2,普通,0
C004781,25-34,北京,退休,10万以下,2020-06-19,60285.27,R2,银卡,1
C004782,65+,南通,退休,30-50万,2024-02-09,917355.35,R1,普通,1
C004783,55-64,南京,公务员,10-30万,2019-02-23,249605.24,R1,普通,1
C004784,45-54,苏州,企业职员,10-30万,2022-09-05,186433.01,R4,银卡,1
C004785,65+,上海,其他,10-30万,2022-03-21,63205.22,R3,金卡,1
C004786,55-64,徐州,个体经营,10-30万,2019-08-10,119499.34,R1,银卡,1
C004787,25-34,苏州,其他,30-50万,2019-02-18,464742.67,R3,普通,1
C004788,45-54,南京,个体经营,30-50万,2019-01-08,380527.99,R2,普通,0
C004789,25-34,杭州,退休,30-50万,2021-09-04,392450.95,R2,普通,1
C004790,45-54,徐州,其他,10万以下,2022-04-22,65681.11,R3,普通,1
C004791,35-44,上海,退休,10-30万,2019-06-25,82193.47,R4,普通,1
C004792,18-24,常州,其他,10万以下,2022-11-08,44733.54,R3,普通,0
C004793,25-34,苏州,企业职员,10-30万,2020-07-17,140570.98,R4,普通,1
C004794,65+,无锡,退休,10万以下,2022-12-30,19539.37,R2,普通,1
C004795,25-34,南京,退休,10万以下,2023-02-24,17512.18,R3,普通,1
C004796,25-34,深圳,退休,10-30万,2021-02-11,51256.08,R4,普通,1
C004797,25-34,无锡,专业技术,30-50万,2019-03-17,509919.6,R2,普通,1
C004798,35-44,常州,公务员,10万以下,2022-08-29,29066.17,R4,普通,0
C004799,55-64,苏州,专业技术,10-30万,2020-01-16,79408.31,R5,普通,1
C004800,45-54,苏州,退休,10-30万,2024-04-15,46966.72,R3,普通,0
C004801,35-44,上海,其他,50万以上,2020-03-18,1862315.41,R1,普通,0
C004802,25-34,上海,退休,10-30万,2022-01-23,110016.25,R2,普通,1
C004803,18-24,杭州,其他,10万以下,2023-12-19,20996.39,R3,金卡,1
C004804,35-44,南京,退休,10万以下,2021-01-29,18526.04,R4,普通,0
C004805,55-64,北京,企业职员,10-30万,2022-12-22,106506.3,R1,银卡,0
C004806,45-54,深圳,退休,10万以下,2020-08-05,37947.2,R2,银卡,1
C004807,35-44,深圳,退休,50万以上,2024-02-27,1271851.38,R2,普通,1
C004808,45-54,南京,企业职员,50万以上,2022-05-08,827953.69,R2,普通,1
C004809,35-44,常州,公务员,50万以上,2022-12-29,1457033.66,R3,普通,0
C004810,35-44,北京,公务员,10万以下,2022-07-11,50600.99,R3,普通,1
C004811,35-44,上海,专业技术,30-50万,2024-05-14,408135.14,R3,普通,0
C004812,45-54,南京,退休,10-30万,2022-09-15,124176.45,R3,普通,1
C004813,35-44,北京,其他,10万以下,2023-11-19,25491.95,R3,普通,0
C004814,65+,杭州,企业职员,10万以下,2020-08-29,19227.96,R3,普通,1
C004815,35-44,上海,其他,10万以下,2021-08-25,18911.09,R1,普通,0
C004816,18-24,无锡,企业职员,10-30万,2022-09-16,52277.43,R1,金卡,1
C004817,25-34,徐州,专业技术,50万以上,2020-09-13,2707641.68,R4,普通,0
C004818,35-44,上海,其他,30-50万,2018-11-22,504058.15,R2,普通,1
C004819,35-44,无锡,个体经营,10万以下,2021-02-24,31263.17,R2,银卡,1
C004820,35-44,上海,其他,10-30万,2022-09-20,139112.52,R2,金卡,1
C004821,45-54,苏州,专业技术,10万以下,2021-12-26,35550.78,R3,普通,1
C004822,25-34,南京,个体经营,10万以下,2019-08-26,20778.61,R1,普通,1
C004823,45-54,杭州,其他,10万以下,2023-10-26,25497.14,R3,普通,1
C004824,45-54,苏州,企业职员,10-30万,2022-06-28,94669.08,R1,钻石,1
C004825,35-44,南京,退休,10-30万,2021-08-03,421240.42,R4,银卡,1
C004826,35-44,杭州,个体经营,30-50万,2020-08-04,666183.77,R3,普通,1
C004827,25-34,杭州,退休,30-50万,2020-12-10,435025.95,R4,银卡,0
C004828,35-44,杭州,企业职员,10万以下,2020-03-16,59393.78,R3,普通,1
C004829,55-64,苏州,其他,30-50万,2018-10-03,743455.32,R4,普通,0
C004830,55-64,南通,企业职员,10万以下,2023-05-14,15043.34,R2,普通,1
C004831,45-54,南京,专业技术,10-30万,2021-07-12,107346.84,R1,银卡,1
C004832,25-34,南京,公务员,10-30万,2022-02-16,119024.52,R4,钻石,0
C004833,45-54,苏州,其他,10万以下,2023-11-20,40729.85,R4,普通,1
C004834,45-54,常州,其他,10万以下,2023-08-25,26821.43,R4,银卡,1
C004835,35-44,南通,其他,10万以下,2020-08-18,28557.85,R5,银卡,1
C004836,55-64,南京,个体经营,10万以下,2021-05-04,23819.94,R3,普通,0
C004837,18-24,杭州,公务员,50万以上,2022-08-26,2534338.58,R3,银卡,1
C004838,18-24,深圳,企业职员,10万以下,2018-12-09,14578.2,R4,金卡,1
C004839,25-34,南京,公务员,10-30万,2022-07-17,96913.07,R1,普通,0
C004840,25-34,杭州,专业技术,50万以上,2020-10-28,596680.86,R4,普通,1
C004841,55-64,徐州,个体经营,10-30万,2018-06-18,71713.0,R4,银卡,1
C004842,35-44,常州,企业职员,10-30万,2020-03-10,140622.71,R3,银卡,0
C004843,25-34,常州,其他,50万以上,2020-01-11,1774541.81,R2,普通,1
C004844,35-44,上海,其他,10万以下,2022-09-17,25651.49,R3,普通,1
C004845,35-44,南京,个体经营,10万以下,2018-11-27,52624.93,R4,银卡,1
C004846,25-34,南通,公务员,10-30万,2021-08-05,236160.86,R1,普通,0
C004847,25-34,苏州,个体经营,10-30万,2022-08-07,115917.42,R2,金卡,0
C004848,45-54,南京,公务员,30-50万,2019-12-15,453357.49,R3,普通,0
C004849,25-34,南通,企业职员,10万以下,2021-03-21,23925.03,R4,普通,1
C004850,45-54,苏州,个体经营,10-30万,2023-08-17,164175.44,R3,银卡,1
C004851,25-34,上海,企业职员,30-50万,2024-04-18,220177.56,R3,普通,0
C004852,45-54,徐州,企业职员,50万以上,2023-09-07,3681729.13,R1,普通,0
C004853,55-64,苏州,其他,10万以下,2023-06-16,53047.62,R2,普通,1
C004854,25-34,杭州,企业职员,10万以下,2023-01-24,16473.19,R4,金卡,1
C004855,25-34,苏州,退休,50万以上,2022-05-02,1011016.11,R2,普通,1
C004856,65+,上海,其他,10-30万,2022-12-28,148133.83,R2,银卡,0
C004857,35-44,苏州,个体经营,10万以下,2018-12-23,25332.09,R2,钻石,1
C004858,45-54,南京,其他,10万以下,2018-08-14,39389.42,R2,普通,1
C004859,18-24,杭州,专业技术,30-50万,2018-07-23,334208.94,R2,普通,0
C004860,25-34,北京,其他,10-30万,2023-06-18,257211.22,R3,普通,1
C004861,35-44,苏州,退休,10-30万,2021-03-14,120499.46,R2,普通,1
C004862,55-64,苏州,退休,30-50万,2023-10-13,1341766.24,R3,普通,1
C004863,25-34,上海,专业技术,10万以下,2020-02-23,40549.97,R2,普通,0
C004864,45-54,苏州,企业职员,10万以下,2023-08-03,15279.24,R4,普通,1
C004865,45-54,杭州,公务员,10-30万,2022-09-02,340610.65,R1,银卡,0
C004866,25-34,南京,其他,30-50万,2023-03-12,692843.42,R1,银卡,0
C004867,25-34,南京,其他,10万以下,2021-07-09,36280.17,R2,银卡,1
C004868,25-34,南京,退休,10-30万,2022-03-12,165804.35,R5,普通,1
C004869,35-44,苏州,个体经营,10万以下,2021-02-27,16554.77,R3,普通,1
C004870,45-54,杭州,个体经营,10万以下,2023-03-25,12170.43,R3,金卡,1
C004871,35-44,徐州,个体经营,50万以上,2021-05-09,1469012.28,R2,银卡,1
C004872,25-34,南京,退休,10万以下,2023-11-20,59774.7,R2,普通,1
C004873,45-54,南京,公务员,10万以下,2024-03-02,36563.55,R5,普通,1
C004874,45-54,苏州,专业技术,30-50万,2023-08-05,940160.21,R2,银卡,1
C004875,35-44,徐州,专业技术,10-30万,2022-10-23,232316.84,R3,普通,1
C004876,35-44,南通,退休,10-30万,2019-08-29,121242.92,R4,普通,1
C004877,25-34,南京,企业职员,30-50万,2022-06-04,722952.13,R3,普通,1
C004878,45-54,上海,退休,10万以下,2021-04-13,64231.59,R2,普通,1
C004879,35-44,徐州,个体经营,10-30万,2020-04-30,115284.24,R2,普通,0
C004880,35-44,深圳,其他,10-30万,2019-12-04,107835.18,R1,普通,1
C004881,25-34,南通,个体经营,10万以下,2020-11-24,32182.49,R5,普通,1
C004882,45-54,苏州,退休,10-30万,2023-05-09,35928.75,R4,金卡,1
C004883,45-54,南京,企业职员,10-30万,2020-06-03,138062.67,R2,金卡,0
C004884,35-44,北京,其他,30-50万,2022-07-30,573457.33,R4,普通,0
C004885,55-64,南京,企业职员,50万以上,2020-11-08,1612395.0,R1,普通,1
C004886,55-64,苏州,专业技术,30-50万,2018-07-01,475231.36,R1,普通,1
C004887,25-34,常州,退休,10-30万,2023-12-23,117419.57,R1,金卡,0
C004888,45-54,南通,个体经营,10万以下,2023-11-25,11052.83,R4,普通,1
C004889,35-44,南通,其他,30-50万,2022-11-29,918518.39,R1,金卡,0
C004890,65+,上海,退休,10-30万,2021-10-09,99840.84,R1,银卡,1
C004891,25-34,南京,其他,30-50万,2021-07-13,293706.06,R1,银卡,0
C004892,25-34,上海,专业技术,30-50万,2022-08-20,788755.14,R2,普通,1
C004893,35-44,北京,退休,10万以下,2018-12-28,48937.68,R3,银卡,1
C004894,25-34,南京,企业职员,10万以下,2024-05-15,34388.78,R2,普通,0
C004895,45-54,南京,企业职员,10-30万,2021-02-19,176298.15,R4,银卡,1
C004896,35-44,深圳,专业技术,10-30万,2021-02-01,67356.38,R5,银卡,1
C004897,25-34,苏州,个体经营,10万以下,2019-10-12,28810.8,R2,金卡,1
C004898,35-44,无锡,个体经营,10-30万,2021-02-06,229266.21,R5,银卡,1
C004899,55-64,苏州,专业技术,30-50万,2023-08-07,285115.29,R4,钻石,1
C004900,55-64,南通,个体经营,10-30万,2022-06-26,72844.36,R4,普通,1
C004901,35-44,上海,其他,10万以下,2023-05-17,31202.54,R1,普通,1
C004902,25-34,上海,退休,30-50万,2021-07-28,420941.16,R4,普通,1
C004903,25-34,苏州,专业技术,30-50万,2018-11-27,552940.61,R3,普通,1
C004904,55-64,苏州,其他,50万以上,2022-01-20,753059.44,R1,普通,1
C004905,45-54,南通,企业职员,10万以下,2022-03-21,8385.54,R3,普通,1
C004906,35-44,无锡,公务员,30-50万,2021-08-14,634020.01,R2,普通,1
C004907,55-64,徐州,退休,30-50万,2023-06-01,232752.01,R4,普通,0
C004908,25-34,徐州,退休,30-50万,2019-04-23,294850.77,R3,普通,1
C004909,45-54,北京,专业技术,10-30万,2020-05-29,40280.76,R3,银卡,1
C004910,25-34,南京,公务员,10万以下,2020-02-12,50031.55,R1,普通,1
C004911,25-34,南京,公务员,10-30万,2022-04-23,142973.72,R4,金卡,1
C004912,35-44,上海,专业技术,10万以下,2022-09-23,35033.15,R1,普通,1
C004913,35-44,南通,企业职员,10万以下,2021-07-24,34915.29,R4,普通,1
C004914,65+,南京,其他,50万以上,2022-12-22,535467.03,R3,金卡,1
C004915,35-44,深圳,公务员,10万以下,2024-04-14,18331.38,R1,金卡,1
C004916,55-64,徐州,其他,50万以上,2020-01-18,1196740.43,R3,普通,1
C004917,45-54,常州,专业技术,10-30万,2019-03-28,82526.57,R5,普通,1
C004918,45-54,上海,公务员,30-50万,2023-01-24,349222.33,R4,金卡,1
C004919,65+,南通,企业职员,10万以下,2020-08-21,33929.92,R1,金卡,1
C004920,35-44,无锡,退休,10-30万,2018-12-13,198484.48,R1,钻石,1
C004921,35-44,苏州,专业技术,10-30万,2019-12-16,57247.83,R1,普通,1
C004922,25-34,无锡,其他,50万以上,2019-05-26,1493388.08,R3,普通,1
C004923,25-34,常州,公务员,10万以下,2019-01-17,42818.46,R1,普通,1
C004924,55-64,上海,公务员,10万以下,2022-11-23,18899.88,R1,普通,0
C004925,35-44,常州,公务员,50万以上,2023-12-22,1362128.73,R2,普通,1
C004926,35-44,南京,个体经营,10万以下,2019-08-03,37881.9,R5,普通,0
C004927,25-34,上海,个体经营,10-30万,2019-08-26,120674.42,R2,金卡,1
C004928,35-44,南京,退休,10万以下,2023-04-07,42026.33,R3,普通,1
C004929,45-54,杭州,其他,10万以下,2018-12-22,31454.64,R1,普通,1
C004930,25-34,上海,企业职员,10-30万,2024-04-07,102674.16,R3,普通,1
C004931,45-54,南通,专业技术,10-30万,2022-02-22,66762.19,R3,钻石,0
C004932,45-54,无锡,专业技术,10-30万,2018-08-17,135785.44,R4,金卡,1
C004933,55-64,南京,公务员,10-30万,2022-04-17,126150.81,R3,普通,1
C004934,25-34,徐州,个体经营,30-50万,2019-10-31,243483.34,R1,银卡,1
C004935,45-54,南京,退休,50万以上,2024-03-09,2006702.89,R2,钻石,1
C004936,25-34,南通,专业技术,10万以下,2021-06-21,56551.92,R1,银卡,0
C004937,35-44,南京,企业职员,10-30万,2019-09-16,86266.83,R2,普通,1
C004938,45-54,南通,个体经营,10-30万,2019-05-03,83402.28,R5,银卡,1
C004939,45-54,南京,公务员,30-50万,2021-10-15,272977.74,R2,普通,1
C004940,25-34,南京,公务员,10-30万,2023-12-17,51839.94,R4,普通,1
C004941,55-64,常州,企业职员,10-30万,2021-03-17,326925.59,R1,普通,1
C004942,18-24,上海,个体经营,10-30万,2019-12-17,95875.36,R4,普通,1
C004943,45-54,苏州,其他,10-30万,2021-09-13,78121.45,R4,银卡,1
C004944,65+,常州,其他,30-50万,2018-08-28,227710.94,R3,普通,1
C004945,35-44,杭州,企业职员,10-30万,2022-07-11,98840.56,R1,普通,1
C004946,55-64,南通,专业技术,10-30万,2019-06-27,84765.37,R4,普通,0
C004947,45-54,南通,退休,10万以下,2019-11-14,61573.65,R4,银卡,1
C004948,55-64,苏州,个体经营,10-30万,2021-10-25,64271.92,R2,普通,1
C004949,45-54,南京,企业职员,10万以下,2023-10-29,13900.58,R5,银卡,1
C004950,45-54,南京,退休,30-50万,2022-05-01,527082.24,R4,金卡,1
C004951,25-34,深圳,企业职员,10-30万,2019-10-17,113736.97,R2,银卡,1
C004952,45-54,南京,公务员,10万以下,2019-01-15,26835.48,R2,普通,0
C004953,25-34,南京,公务员,10万以下,2021-08-30,39686.68,R2,普通,1
C004954,65+,南京,企业职员,10-30万,2022-08-29,128489.55,R3,普通,1
C004955,25-34,上海,其他,50万以上,2019-10-21,1465294.6,R4,普通,1
C004956,25-34,无锡,专业技术,10-30万,2018-10-08,59422.25,R4,普通,1
C004957,55-64,杭州,退休,10万以下,2023-07-23,13028.64,R1,银卡,1
C004958,25-34,无锡,企业职员,10-30万,2022-06-28,84544.46,R3,银卡,0
C004959,35-44,杭州,公务员,50万以上,2019-08-18,872216.71,R3,普通,1
C004960,45-54,北京,企业职员,30-50万,2023-08-30,457632.95,R2,钻石,1
C004961,25-34,无锡,企业职员,10万以下,2018-07-20,12204.93,R3,钻石,0
C004962,25-34,深圳,退休,10-30万,2022-12-30,95958.11,R3,普通,1
C004963,35-44,北京,企业职员,30-50万,2021-06-26,366840.49,R2,钻石,1
C004964,25-34,南京,其他,30-50万,2021-04-15,392147.05,R2,普通,1
C004965,25-34,南通,退休,10-30万,2022-02-28,146492.45,R4,普通,0
C004966,18-24,徐州,公务员,30-50万,2023-08-17,339744.7,R2,银卡,1
C004967,35-44,杭州,公务员,10-30万,2024-03-26,85948.28,R2,普通,0
C004968,25-34,上海,个体经营,10万以下,2022-02-16,55892.91,R5,银卡,1
C004969,18-24,上海,专业技术,10万以下,2022-10-17,25563.9,R4,金卡,0
C004970,45-54,苏州,退休,10-30万,2018-12-17,243972.84,R3,普通,0
C004971,45-54,杭州,个体经营,10万以下,2020-05-30,25498.86,R2,普通,0
C004972,18-24,南京,退休,10-30万,2023-11-07,119027.78,R3,普通,1
C004973,25-34,徐州,退休,30-50万,2019-11-13,373191.19,R3,普通,0
C004974,55-64,南京,公务员,30-50万,2020-09-18,449022.88,R2,普通,1
C004975,45-54,上海,个体经营,10万以下,2023-08-29,24319.37,R1,银卡,0
C004976,35-44,杭州,退休,10万以下,2021-12-25,31477.24,R2,金卡,1
C004977,35-44,南京,退休,10-30万,2019-12-22,257984.31,R3,普通,1
C004978,25-34,杭州,其他,10-30万,2020-07-07,202738.64,R5,普通,1
C004979,55-64,杭州,企业职员,10万以下,2020-12-17,50859.48,R3,普通,1
C004980,55-64,南京,企业职员,30-50万,2021-06-19,204485.95,R1,普通,0
C004981,55-64,无锡,专业技术,10万以下,2020-04-03,16628.82,R2,普通,1
C004982,25-34,南京,公务员,10万以下,2019-02-19,33450.7,R3,普通,1
C004983,25-34,南京,退休,30-50万,2023-05-20,588062.66,R2,普通,1
C004984,25-34,杭州,退休,10-30万,2021-12-28,92566.19,R1,银卡,1
C004985,25-34,苏州,个体经营,10-30万,2019-04-21,84664.75,R5,普通,1
C004986,35-44,徐州,企业职员,10-30万,2021-05-09,240907.55,R4,普通,1
C004987,45-54,南京,个体经营,50万以上,2023-05-10,2113622.8,R4,银卡,0
C004988,25-34,南京,公务员,10万以下,2023-08-19,50916.69,R2,银卡,1
C004989,55-64,徐州,个体经营,10-30万,2020-01-13,96232.46,R4,普通,1
C004990,25-34,无锡,其他,10万以下,2021-06-18,23131.31,R3,金卡,0
C004991,18-24,北京,退休,10-30万,2019-08-27,192854.7,R3,银卡,1
C004992,55-64,南京,退休,10-30万,2023-09-22,105227.94,R1,银卡,1
C004993,45-54,徐州,企业职员,10-30万,2020-10-04,88416.91,R1,银卡,0
C004994,35-44,上海,专业技术,10万以下,2020-11-26,19003.04,R2,银卡,1
C004995,45-54,徐州,专业技术,30-50万,2021-08-25,309765.94,R4,金卡,1
C004996,25-34,上海,专业技术,10-30万,2021-11-03,185867.4,R3,普通,0
C004997,25-34,苏州,个体经营,30-50万,2022-10-13,188035.75,R5,普通,1
C004998,35-44,上海,专业技术,10-30万,2019-09-12,164353.23,R3,金卡,1
C004999,35-44,南通,个体经营,30-50万,2022-06-03,280719.28,R1,普通,1
C005000,45-54,上海,退休,10-30万,2021-11-23,108022.72,R2,普通,1
C005001,25-34,南京,个体经营,10-30万,2019-03-29,111538.4,R1,普通,0
C005002,45-54,南京,其他,30-50万,2020-08-13,358200.22,R4,普通,0
C005003,45-54,无锡,其他,30-50万,2024-03-07,346506.21,R2,银卡,0
C005004,25-34,无锡,退休,10-30万,2024-01-23,96092.74,R1,普通,0
C005005,18-24,南京,专业技术,10-30万,2021-03-06,90177.43,R3,普通,0
C005006,35-44,南京,个体经营,10-30万,2020-02-20,232148.79,R4,金卡,1
C005007,45-54,南京,专业技术,10-30万,2021-07-30,121512.41,R3,普通,1
C005008,45-54,南京,退休,10-30万,2018-08-25,112676.13,R1,金卡,1
C005009,45-54,南京,其他,30-50万,2019-04-17,289784.69,R3,普通,0
C005010,35-44,杭州,退休,10-30万,2021-09-19,97858.23,R1,普通,1
C005011,25-34,北京,退休,10-30万,2022-12-31,87086.87,R3,普通,0
C005012,35-44,无锡,个体经营,10-30万,2024-05-10,175943.66,R3,银卡,0
C005013,25-34,南京,公务员,50万以上,2024-03-18,1029080.38,R2,金卡,1
C005014,45-54,苏州,个体经营,10万以下,2020-10-11,9757.87,R2,普通,1
C005015,25-34,杭州,其他,10万以下,2022-05-26,30887.49,R1,钻石,1
C005016,25-34,北京,个体经营,10万以下,2023-07-17,26088.69,R2,普通,1
C005017,35-44,苏州,个体经营,10-30万,2023-12-22,89532.14,R3,普通,1
C005018,35-44,南京,个体经营,10-30万,2021-08-06,189288.03,R2,普通,1
C005019,45-54,苏州,个体经营,10-30万,2020-11-22,30591.8,R1,银卡,1
C005020,35-44,无锡,企业职员,10万以下,2024-03-21,65977.87,R3,普通,1
C005021,55-64,南京,公务员,30-50万,2021-11-22,677766.9,R3,普通,0
C005022,55-64,上海,公务员,10-30万,2021-09-30,87659.95,R4,银卡,1
C005023,55-64,南京,公务员,10-30万,2024-01-29,95784.38,R4,普通,0
C005024,45-54,南京,企业职员,10万以下,2019-02-24,38605.35,R3,银卡,1
C005025,45-54,上海,其他,10万以下,2023-01-12,39126.71,R2,普通,1
C005026,45-54,上海,企业职员,10万以下,2023-08-08,21851.21,R3,普通,1
C005027,35-44,南京,企业职员,10-30万,2023-08-11,53469.07,R4,普通,0
C005028,35-44,上海,专业技术,10-30万,2021-05-31,345273.93,R2,金卡,1
C005029,45-54,苏州,其他,10万以下,2020-02-24,48388.37,R5,普通,0
C005030,18-24,苏州,退休,10-30万,2022-11-20,129790.06,R3,普通,1
C005031,18-24,南京,企业职员,10万以下,2019-10-20,32755.96,R2,普通,1
C005032,55-64,苏州,专业技术,10-30万,2022-11-04,163718.79,R4,钻石,1
C005033,18-24,南京,专业技术,10万以下,2023-04-16,43455.13,R1,普通,1
C005034,35-44,上海,退休,10万以下,2020-07-16,10569.94,R5,金卡,1
C005035,45-54,杭州,公务员,10万以下,2019-10-03,25172.73,R2,普通,1
C005036,25-34,南京,个体经营,10-30万,2019-11-28,95590.82,R3,银卡,1
C005037,55-64,苏州,其他,50万以上,2021-01-21,1383681.61,R3,普通,1
C005038,25-34,苏州,退休,10-30万,2019-02-26,176423.74,R1,普通,1
C005039,55-64,无锡,公务员,10万以下,2019-04-21,12257.74,R3,钻石,0
C005040,45-54,杭州,退休,50万以上,2022-09-27,764062.2,R2,普通,1
C005041,25-34,南京,其他,50万以上,2020-08-21,1066724.34,R2,银卡,1
C005042,25-34,徐州,退休,10-30万,2023-12-28,129627.42,R1,钻石,0
C005043,25-34,常州,专业技术,10万以下,2023-12-08,45479.43,R4,普通,1
C005044,35-44,杭州,退休,30-50万,2021-10-01,904268.43,R4,金卡,1
C005045,25-34,苏州,专业技术,50万以上,2020-03-06,1299900.87,R1,普通,1
C005046,65+,南京,公务员,30-50万,2020-11-22,605893.97,R4,普通,0
C005047,25-34,南京,个体经营,10-30万,2023-06-05,171155.58,R4,普通,0
C005048,55-64,徐州,专业技术,10-30万,2019-12-17,157326.98,R1,银卡,1
C005049,25-34,南通,退休,50万以上,2020-10-04,1481899.39,R5,普通,0
C005050,65+,南通,退休,10万以下,2019-11-11,24567.67,R1,普通,1
C005051,25-34,南京,企业职员,10万以下,2020-09-23,17610.54,R4,银卡,1
C005052,35-44,南京,企业职员,30-50万,2019-03-20,227163.07,R3,普通,1
C005053,35-44,南通,企业职员,10万以下,2022-03-27,35685.28,R5,普通,0
C005054,25-34,南京,公务员,10-30万,2024-03-24,116778.68,R2,普通,1
C005055,55-64,北京,公务员,10万以下,2020-10-22,24372.21,R2,普通,1
C005056,25-34,杭州,个体经营,10万以下,2018-07-04,41829.49,R4,普通,1
C005057,35-44,南京,退休,10万以下,2023-10-28,27138.48,R3,普通,1
C005058,35-44,南通,个体经营,10-30万,2018-08-05,76012.83,R3,金卡,1
C005059,45-54,南京,个体经营,10-30万,2019-10-11,105029.65,R3,银卡,1
C005060,18-24,北京,其他,10-30万,2024-03-14,180875.09,R3,钻石,1
C005061,25-34,南通,退休,10-30万,2021-02-22,71933.0,R1,银卡,1
C005062,25-34,苏州,退休,50万以上,2022-07-12,1665463.59,R1,钻石,0
C005063,25-34,上海,退休,10-30万,2020-06-23,116720.11,R1,普通,1
C005064,25-34,南京,企业职员,50万以上,2019-10-21,1025376.81,R1,普通,1
C005065,65+,苏州,退休,10-30万,2022-03-01,103628.84,R4,普通,1
C005066,35-44,苏州,个体经营,10万以下,2021-07-14,13672.08,R2,普通,1
C005067,45-54,苏州,专业技术,30-50万,2024-03-05,422540.22,R3,金卡,0
C005068,35-44,南京,退休,30-50万,2024-05-21,202167.8,R1,普通,1
C005069,25-34,深圳,企业职员,10万以下,2019-11-04,51285.91,R4,钻石,1
C005070,35-44,常州,退休,10-30万,2022-04-12,114606.62,R1,普通,0
C005071,25-34,杭州,其他,10-30万,2019-02-16,90159.91,R1,普通,1
C005072,35-44,南京,专业技术,10万以下,2020-12-05,53596.14,R4,银卡,1
C005073,35-44,杭州,专业技术,10-30万,2022-01-10,71633.82,R1,普通,1
C005074,35-44,徐州,企业职员,10万以下,2019-02-12,20642.58,R4,银卡,1
C005075,65+,上海,退休,10万以下,2024-01-27,12020.03,R2,银卡,0
C005076,25-34,杭州,其他,30-50万,2019-06-03,769866.94,R3,普通,1
C005077,35-44,常州,个体经营,10-30万,2023-12-21,306103.9,R1,普通,0
C005078,25-34,徐州,个体经营,30-50万,2018-09-19,173238.21,R2,银卡,1
C005079,35-44,北京,专业技术,30-50万,2021-01-03,266021.82,R3,银卡,1
C005080,45-54,南京,企业职员,50万以上,2021-08-06,1553284.78,R3,普通,1
C005081,25-34,南京,企业职员,10-30万,2020-06-20,92725.61,R4,银卡,0
C005082,45-54,深圳,企业职员,10-30万,2019-08-10,118135.73,R2,普通,1
C005083,35-44,北京,企业职员,10万以下,2022-09-12,28286.89,R3,普通,1
C005084,18-24,常州,退休,10-30万,2023-10-23,147122.81,R1,普通,1
C005085,65+,上海,专业技术,10-30万,2018-08-03,74218.17,R4,普通,0
C005086,35-44,北京,专业技术,30-50万,2021-04-17,440448.87,R5,普通,1
C005087,55-64,常州,企业职员,10-30万,2022-09-08,68677.94,R1,银卡,1
C005088,35-44,南京,公务员,10万以下,2018-11-23,24416.73,R1,钻石,1
C005089,65+,常州,其他,30-50万,2024-03-05,167853.05,R4,钻石,1
C005090,25-34,苏州,专业技术,30-50万,2019-05-13,326748.4,R4,普通,1
C005091,35-44,南京,企业职员,10-30万,2024-04-21,90118.27,R3,银卡,0
C005092,45-54,深圳,其他,10-30万,2020-06-19,192343.23,R2,钻石,1
C005093,35-44,上海,专业技术,10-30万,2024-03-09,116496.56,R3,普通,1
C005094,35-44,上海,个体经营,30-50万,2023-07-08,425266.56,R2,普通,0
C005095,65+,南通,专业技术,10-30万,2022-06-14,118660.41,R5,普通,1
C005096,35-44,苏州,个体经营,10-30万,2023-04-27,41385.78,R4,普通,1
C005097,45-54,南通,退休,10万以下,2024-02-23,11053.25,R4,金卡,1
C005098,45-54,上海,公务员,10万以下,2020-04-29,25581.22,R4,普通,1
C005099,55-64,南通,个体经营,30-50万,2019-10-31,459778.36,R5,普通,1
C005100,55-64,南京,公务员,10-30万,2022-06-15,106704.05,R1,银卡,0
C005101,35-44,杭州,公务员,10万以下,2020-03-18,19475.71,R4,金卡,1
C005102,25-34,苏州,其他,10万以下,2022-06-07,26603.45,R2,普通,1
C005103,18-24,无锡,公务员,10-30万,2023-02-13,101895.62,R2,银卡,1
C005104,45-54,南通,公务员,30-50万,2019-04-24,590497.95,R2,普通,0
C005105,55-64,深圳,个体经营,10-30万,2021-04-02,172259.44,R2,普通,1
C005106,35-44,苏州,企业职员,30-50万,2024-04-16,303310.58,R2,普通,1
C005107,25-34,南京,个体经营,30-50万,2020-03-15,390138.74,R3,银卡,0
C005108,25-34,深圳,企业职员,10-30万,2022-01-19,137770.79,R1,普通,1
C005109,35-44,深圳,公务员,30-50万,2023-12-23,494618.49,R2,普通,0
C005110,55-64,南京,公务员,10万以下,2022-12-24,68545.41,R2,金卡,1
C005111,25-34,杭州,其他,10-30万,2022-06-30,118322.97,R3,钻石,1
C005112,45-54,北京,个体经营,10万以下,2024-04-02,53815.94,R3,普通,0
C005113,45-54,南京,企业职员,10万以下,2020-01-12,16796.25,R3,普通,0
C005114,65+,上海,其他,10万以下,2023-02-10,21809.82,R4,普通,1
C005115,25-34,南京,其他,10万以下,2023-06-22,10311.76,R3,普通,0
C005116,65+,杭州,企业职员,30-50万,2023-04-22,431435.41,R2,普通,1
C005117,45-54,南京,企业职员,10-30万,2020-02-11,165878.19,R3,银卡,0
C005118,45-54,上海,企业职员,50万以上,2021-05-18,418019.4,R2,普通,1
C005119,18-24,杭州,公务员,10-30万,2019-07-08,131846.05,R1,普通,0
C005120,35-44,南京,个体经营,10-30万,2021-10-17,162324.42,R4,银卡,0
C005121,45-54,上海,退休,10万以下,2020-04-21,39441.41,R1,普通,0
C005122,25-34,南京,其他,10-30万,2021-07-29,65993.83,R5,普通,1
C005123,35-44,南京,其他,10-30万,2020-11-04,176629.04,R1,普通,1
C005124,35-44,北京,其他,50万以上,2019-02-16,1506994.63,R3,普通,0
C005125,35-44,北京,企业职员,50万以上,2020-09-19,2015735.05,R2,银卡,0
C005126,18-24,上海,其他,10万以下,2021-06-09,28170.31,R4,普通,0
C005127,35-44,北京,专业技术,10-30万,2019-03-15,145185.24,R4,普通,1
C005128,25-34,南京,企业职员,10-30万,2020-07-26,208953.06,R1,普通,0
C005129,55-64,常州,其他,10-30万,2018-10-18,108362.35,R1,银卡,1
C005130,65+,北京,退休,10万以下,2020-07-07,34579.11,R3,普通,0
C005131,25-34,北京,退休,10-30万,2020-04-11,224163.59,R1,金卡,1
C005132,25-34,无锡,专业技术,30-50万,2021-04-20,374222.1,R1,金卡,0
C005133,25-34,苏州,退休,10-30万,2019-04-19,68360.4,R5,普通,1
C005134,35-44,上海,企业职员,10-30万,2022-07-31,168260.49,R3,普通,1
C005135,55-64,南京,专业技术,10万以下,2021-02-19,61475.34,R1,普通,0
C005136,35-44,上海,退休,50万以上,2018-12-23,2857242.12,R3,金卡,1
C005137,18-24,苏州,其他,10万以下,2023-02-19,42892.25,R1,普通,1
C005138,18-24,常州,退休,10万以下,2021-10-11,9291.67,R4,普通,0
C005139,25-34,南京,公务员,10万以下,2024-04-05,21829.91,R1,普通,1
C005140,55-64,上海,专业技术,30-50万,2020-12-22,298617.74,R2,普通,1
C005141,45-54,深圳,公务员,30-50万,2022-04-28,409075.09,R2,普通,0
C005142,35-44,南通,公务员,10万以下,2021-01-17,69778.77,R5,普通,0
C005143,25-34,深圳,专业技术,10万以下,2022-12-29,17477.71,R1,银卡,1
C005144,65+,无锡,公务员,30-50万,2019-06-07,1227292.24,R3,普通,1
C005145,35-44,苏州,公务员,10-30万,2018-06-25,99119.66,R2,银卡,1
C005146,55-64,杭州,专业技术,10万以下,2021-03-12,20445.17,R4,普通,0
C005147,55-64,南京,公务员,50万以上,2020-09-27,2288891.1,R2,普通,1
C005148,35-44,苏州,企业职员,10万以下,2021-08-30,47624.6,R4,金卡,1
C005149,55-64,上海,个体经营,10-30万,2022-08-14,166079.27,R5,银卡,0
C005150,25-34,南京,企业职员,10万以下,2021-08-23,20419.08,R2,银卡,1
C005151,45-54,北京,退休,30-50万,2021-06-10,514131.26,R2,普通,1
C005152,25-34,常州,退休,30-50万,2019-09-20,238575.46,R5,银卡,1
C005153,35-44,苏州,其他,10-30万,2020-04-04,80549.25,R2,银卡,1
C005154,25-34,无锡,企业职员,10-30万,2022-06-06,114440.69,R4,钻石,1
C005155,18-24,苏州,退休,50万以上,2020-09-12,995493.49,R4,银卡,1
C005156,18-24,上海,企业职员,30-50万,2018-10-14,677113.34,R2,普通,1
C005157,35-44,南京,专业技术,10-30万,2021-11-25,89873.94,R1,银卡,1
C005158,45-54,杭州,公务员,10-30万,2019-04-26,107475.58,R2,普通,0
C005159,35-44,南京,退休,30-50万,2021-07-24,257589.03,R3,普通,1
C005160,25-34,苏州,企业职员,10万以下,2023-08-01,50400.56,R3,银卡,0
C005161,65+,徐州,企业职员,10万以下,2023-04-27,21501.74,R3,普通,0
C005162,65+,苏州,公务员,10万以下,2022-07-04,53101.38,R3,普通,1
C005163,25-34,常州,个体经营,30-50万,2020-11-28,682482.13,R4,普通,1
C005164,35-44,南通,退休,10万以下,2018-12-17,24004.15,R1,普通,1
C005165,45-54,苏州,公务员,10万以下,2022-01-17,30448.33,R2,金卡,1
C005166,45-54,常州,退休,10-30万,2022-09-27,94692.73,R1,银卡,1
C005167,35-44,北京,个体经营,10万以下,2020-06-21,39411.53,R1,银卡,1
C005168,45-54,南京,企业职员,10-30万,2022-07-03,108881.06,R2,金卡,1
C005169,25-34,南通,其他,10-30万,2021-10-16,97392.71,R4,普通,0
C005170,35-44,苏州,专业技术,10万以下,2023-02-08,30700.75,R2,银卡,1
C005171,45-54,杭州,其他,50万以上,2022-08-23,680013.4,R2,普通,1
C005172,45-54,南京,企业职员,10万以下,2024-02-02,28883.58,R3,银卡,1
C005173,55-64,南京,个体经营,30-50万,2020-12-28,553504.86,R3,银卡,1
C005174,18-24,无锡,公务员,10-30万,2021-07-14,128575.84,R3,钻石,0
C005175,25-34,上海,专业技术,10万以下,2023-05-19,48280.4,R2,银卡,1
C005176,18-24,南京,退休,10万以下,2019-11-14,24842.31,R2,普通,0
C005177,25-34,杭州,其他,10-30万,2023-03-15,95377.85,R1,银卡,1
C005178,18-24,苏州,其他,10-30万,2020-06-10,68637.03,R2,普通,1
C005179,35-44,北京,公务员,10万以下,2023-09-28,24491.47,R1,普通,1
C005180,35-44,北京,公务员,50万以上,2024-04-01,4008477.21,R3,普通,1
C005181,45-54,上海,退休,10-30万,2023-09-03,137725.62,R4,普通,0
C005182,35-44,上海,退休,50万以上,2021-04-06,1119292.74,R2,银卡,1
C005183,18-24,南通,公务员,10万以下,2023-05-02,18140.13,R2,普通,1
C005184,45-54,杭州,个体经营,10万以下,2022-06-05,13489.78,R4,普通,1
C005185,18-24,南京,公务员,10-30万,2021-03-06,79225.24,R3,普通,1
C005186,55-64,杭州,退休,10万以下,2020-07-20,43850.85,R3,普通,1
C005187,18-24,南通,企业职员,10万以下,2019-09-10,24232.18,R4,普通,0
C005188,35-44,上海,专业技术,10万以下,2021-12-22,18580.48,R3,银卡,1
C005189,55-64,常州,个体经营,10万以下,2023-10-11,19630.91,R3,银卡,1
C005190,35-44,徐州,专业技术,30-50万,2018-07-05,553468.56,R2,普通,1
C005191,45-54,苏州,其他,10万以下,2019-09-24,28805.49,R5,普通,1
C005192,45-54,无锡,退休,50万以上,2019-06-05,1096214.52,R3,普通,1
C005193,25-34,无锡,其他,10万以下,2018-11-09,25713.17,R1,金卡,1
C005194,45-54,上海,退休,10-30万,2020-03-13,361561.92,R3,普通,1
C005195,55-64,南京,个体经营,10-30万,2018-06-07,220810.15,R1,普通,1
C005196,65+,北京,其他,10-30万,2021-04-23,250085.89,R3,普通,0
C005197,35-44,杭州,专业技术,30-50万,2021-01-15,166569.49,R1,普通,1
C005198,35-44,杭州,个体经营,30-50万,2020-11-08,370892.92,R3,普通,1
C005199,45-54,北京,其他,10万以下,2021-05-09,21732.37,R2,银卡,1
C005200,35-44,无锡,其他,10-30万,2021-10-02,157497.86,R3,普通,1
C005201,25-34,北京,个体经营,30-50万,2022-06-04,679507.31,R3,银卡,1
C005202,25-34,无锡,退休,10万以下,2019-08-18,35318.63,R2,普通,1
C005203,25-34,南京,个体经营,10-30万,2022-06-09,77575.89,R2,普通,1
C005204,35-44,南京,个体经营,10万以下,2018-12-11,21556.79,R3,普通,1
C005205,25-34,南京,专业技术,10-30万,2019-11-25,163657.72,R3,普通,1
C005206,18-24,南京,专业技术,10-30万,2018-05-25,172005.82,R4,普通,0
C005207,18-24,苏州,其他,10-30万,2020-07-12,128762.28,R2,普通,1
C005208,65+,深圳,其他,30-50万,2020-10-22,426818.99,R3,银卡,1
C005209,18-24,苏州,退休,10-30万,2022-05-26,123045.35,R4,金卡,1
C005210,18-24,北京,专业技术,50万以上,2020-04-22,1716029.83,R3,金卡,1
C005211,35-44,杭州,企业职员,30-50万,2020-12-01,572175.08,R2,普通,1
C005212,25-34,杭州,个体经营,10-30万,2022-01-03,164444.74,R2,普通,1
C005213,65+,上海,企业职员,10-30万,2024-01-04,121423.5,R4,普通,0
C005214,55-64,深圳,企业职员,10-30万,2024-05-13,117092.83,R2,普通,1
C005215,35-44,南京,专业技术,30-50万,2023-01-10,382915.9,R2,普通,1
C005216,35-44,常州,公务员,10万以下,2020-03-06,20308.35,R3,普通,1
C005217,35-44,苏州,企业职员,50万以上,2018-11-18,1008991.21,R1,银卡,1
C005218,18-24,苏州,公务员,10-30万,2018-10-16,157507.0,R3,普通,1
C005219,25-34,无锡,企业职员,10-30万,2021-04-02,84020.2,R5,普通,0
C005220,25-34,常州,企业职员,10-30万,2019-03-28,180270.53,R5,银卡,1
C005221,25-34,深圳,个体经营,10-30万,2024-05-22,116958.64,R3,银卡,1
C005222,35-44,苏州,退休,10-30万,2019-02-15,180781.55,R4,普通,1
C005223,25-34,北京,退休,10-30万,2018-08-11,165004.24,R4,普通,1
C005224,25-34,南京,个体经营,10万以下,2021-12-29,45725.78,R5,普通,0
C005225,35-44,徐州,退休,10-30万,2024-02-21,94567.03,R4,普通,1
C005226,35-44,苏州,企业职员,10-30万,2020-02-13,147221.97,R4,普通,1
C005227,25-34,深圳,企业职员,10-30万,2024-05-01,173544.79,R2,普通,0
C005228,18-24,徐州,公务员,10-30万,2020-07-27,55247.79,R1,普通,0
C005229,25-34,南京,专业技术,10万以下,2022-06-24,70248.86,R1,银卡,1
C005230,25-34,北京,企业职员,30-50万,2021-02-26,1241953.81,R3,普通,1
C005231,55-64,苏州,企业职员,10-30万,2018-11-16,192700.25,R5,金卡,1
C005232,55-64,北京,专业技术,10-30万,2023-07-03,179546.12,R5,普通,1
C005233,35-44,南京,个体经营,10-30万,2024-03-18,161075.15,R4,普通,1
C005234,35-44,南京,个体经营,10-30万,2020-12-13,102081.86,R4,普通,1
C005235,45-54,苏州,个体经营,30-50万,2020-03-21,378561.84,R3,普通,1
C005236,45-54,上海,其他,10万以下,2022-08-14,48589.13,R2,银卡,1
C005237,25-34,杭州,企业职员,10万以下,2023-06-05,18441.23,R3,普通,1
C005238,25-34,徐州,专业技术,10-30万,2020-03-06,70607.28,R1,普通,1
C005239,35-44,南京,退休,10万以下,2020-04-07,24594.74,R4,银卡,1
C005240,35-44,无锡,退休,10万以下,2018-09-22,41650.94,R3,普通,1
C005241,25-34,常州,企业职员,10万以下,2019-03-18,19457.44,R1,银卡,0
C005242,25-34,苏州,个体经营,10-30万,2020-01-13,107209.38,R3,金卡,1
C005243,25-34,无锡,其他,50万以上,2024-04-18,1422089.55,R3,普通,1
C005244,25-34,常州,退休,10万以下,2022-11-08,18088.25,R4,普通,0
C005245,35-44,南通,其他,10万以下,2020-06-20,8857.93,R4,普通,1
C005246,45-54,徐州,退休,50万以上,2021-08-12,897815.08,R2,金卡,0
C005247,35-44,南京,企业职员,50万以上,2024-02-07,1708999.94,R4,金卡,0
C005248,25-34,北京,其他,10万以下,2021-01-05,38254.8,R1,银卡,1
C005249,25-34,杭州,其他,30-50万,2019-11-03,512164.59,R2,银卡,0
C005250,55-64,上海,专业技术,10万以下,2020-01-16,40690.05,R3,普通,0
C005251,35-44,杭州,企业职员,30-50万,2018-11-09,292442.22,R4,银卡,1
C005252,18-24,常州,其他,10万以下,2023-07-11,19705.4,R4,银卡,1
C005253,25-34,深圳,其他,10-30万,2018-09-01,144751.83,R1,普通,1
C005254,55-64,无锡,其他,10万以下,2021-04-01,26986.11,R3,银卡,1
C005255,45-54,无锡,公务员,30-50万,2022-07-29,629549.11,R4,银卡,1
C005256,55-64,杭州,其他,10万以下,2019-03-27,36302.41,R5,金卡,1
C005257,45-54,杭州,企业职员,10-30万,2023-10-17,228012.86,R2,银卡,1
C005258,35-44,无锡,专业技术,10-30万,2024-04-01,95080.47,R1,银卡,1
C005259,35-44,杭州,退休,10万以下,2020-01-07,51160.33,R3,金卡,0
C005260,25-34,徐州,公务员,30-50万,2020-01-13,1106328.88,R4,普通,1
C005261,45-54,无锡,其他,10-30万,2023-11-14,123268.27,R2,普通,1
C005262,45-54,北京,专业技术,10万以下,2019-02-11,38507.41,R3,金卡,1
C005263,25-34,常州,企业职员,10万以下,2019-05-09,18839.08,R5,银卡,1
C005264,55-64,杭州,其他,10-30万,2019-08-16,187639.02,R2,金卡,1
C005265,35-44,杭州,企业职员,10万以下,2022-01-21,52758.58,R3,普通,1
C005266,18-24,南京,其他,10-30万,2018-10-20,93715.65,R5,普通,1
C005267,35-44,北京,其他,10-30万,2023-08-17,160865.97,R2,普通,1
C005268,55-64,南京,其他,10-30万,2019-09-14,138065.49,R2,普通,1
C005269,55-64,杭州,公务员,10-30万,2019-05-08,145894.59,R2,银卡,0
C005270,35-44,上海,个体经营,30-50万,2021-04-18,600326.95,R3,普通,1
C005271,65+,上海,退休,10-30万,2022-05-02,155546.0,R1,普通,1
C005272,55-64,北京,退休,10-30万,2021-07-17,111943.9,R1,银卡,0
C005273,55-64,南通,公务员,30-50万,2024-02-16,606747.5,R2,银卡,1
C005274,55-64,苏州,个体经营,10万以下,2024-03-22,52306.75,R3,普通,1
C005275,35-44,南通,个体经营,10-30万,2022-05-19,90957.7,R4,普通,1
C005276,45-54,上海,退休,50万以上,2024-04-21,1498651.26,R3,银卡,1
C005277,35-44,无锡,退休,10-30万,2020-08-02,49558.08,R4,普通,1
C005278,45-54,苏州,个体经营,50万以上,2020-07-25,2008250.88,R5,银卡,0
C005279,25-34,常州,其他,10-30万,2019-04-09,221196.3,R3,银卡,1
C005280,45-54,北京,公务员,10-30万,2022-10-04,105514.05,R3,银卡,1
C005281,65+,徐州,退休,10-30万,2019-07-05,128279.29,R1,普通,1
C005282,25-34,北京,个体经营,10万以下,2022-07-26,26872.39,R2,银卡,1
C005283,65+,常州,企业职员,50万以上,2021-02-23,1238024.54,R2,普通,1
C005284,35-44,深圳,公务员,10万以下,2019-07-22,33692.76,R3,金卡,1
C005285,25-34,杭州,其他,50万以上,2022-04-11,1013433.26,R5,普通,1
C005286,25-34,苏州,个体经营,10-30万,2023-09-30,106682.09,R2,普通,1
C005287,55-64,无锡,退休,50万以上,2019-07-04,954268.35,R1,银卡,0
C005288,35-44,深圳,退休,50万以上,2022-09-15,2013759.56,R4,普通,1
C005289,25-34,深圳,个体经营,10-30万,2023-02-09,135248.09,R5,普通,0
C005290,45-54,无锡,公务员,50万以上,2020-04-15,1209063.57,R4,普通,0
C005291,35-44,杭州,退休,30-50万,2021-03-13,407484.92,R1,金卡,1
C005292,35-44,北京,退休,10-30万,2024-03-25,107461.12,R3,普通,1
C005293,55-64,苏州,公务员,10-30万,2018-11-28,212605.71,R2,普通,0
C005294,45-54,常州,企业职员,10万以下,2021-04-14,24063.38,R3,普通,0
C005295,45-54,上海,个体经营,10万以下,2022-10-15,41211.6,R3,普通,1
C005296,45-54,南京,企业职员,10万以下,2023-11-25,21085.67,R4,普通,1
C005297,65+,杭州,退休,10-30万,2020-04-15,180297.98,R2,普通,1
C005298,25-34,南京,公务员,10万以下,2019-10-30,50392.89,R5,普通,1
C005299,25-34,常州,个体经营,10-30万,2019-11-27,206385.32,R2,银卡,1
C005300,25-34,无锡,公务员,10-30万,2020-08-04,250385.11,R1,普通,1
C005301,35-44,上海,其他,10-30万,2019-02-21,138894.44,R4,钻石,1
C005302,45-54,苏州,退休,30-50万,2020-10-01,742808.22,R2,普通,1
C005303,45-54,常州,其他,50万以上,2022-12-17,3378916.46,R3,普通,0
C005304,35-44,苏州,退休,30-50万,2023-01-31,228249.28,R2,普通,0
C005305,18-24,南京,企业职员,10-30万,2022-02-05,88754.37,R1,银卡,1
C005306,45-54,杭州,专业技术,10万以下,2020-01-19,14201.49,R1,普通,1
C005307,65+,苏州,个体经营,50万以上,2024-04-13,2549856.72,R3,普通,1
C005308,25-34,苏州,退休,10万以下,2022-08-07,14110.67,R2,普通,1
C005309,25-34,南京,退休,10万以下,2021-10-23,12320.64,R5,普通,0
C005310,25-34,常州,专业技术,10-30万,2020-12-23,69324.29,R4,普通,1
C005311,35-44,苏州,专业技术,10-30万,2023-07-13,50316.63,R4,普通,1
C005312,25-34,南通,退休,10-30万,2023-11-11,137492.69,R4,银卡,1
C005313,35-44,上海,其他,10万以下,2018-12-07,17442.78,R3,普通,1
C005314,45-54,南京,专业技术,30-50万,2023-11-02,171798.64,R2,普通,1
C005315,35-44,南京,企业职员,10万以下,2023-12-08,29378.43,R4,钻石,1
C005316,35-44,无锡,企业职员,10万以下,2023-04-01,30257.78,R2,银卡,1
C005317,18-24,北京,企业职员,10-30万,2022-05-07,47115.41,R1,钻石,1
C005318,55-64,南京,其他,10-30万,2023-02-11,83985.25,R3,普通,1
C005319,35-44,上海,个体经营,30-50万,2019-07-06,385347.36,R1,普通,1
C005320,35-44,深圳,个体经营,10万以下,2023-08-27,25097.94,R3,普通,1
C005321,25-34,南京,公务员,10万以下,2023-07-30,25443.38,R5,金卡,1
C005322,45-54,苏州,其他,10万以下,2023-09-14,54100.36,R3,金卡,0
C005323,55-64,上海,公务员,30-50万,2020-06-25,1169974.16,R2,普通,1
C005324,18-24,北京,其他,50万以上,2019-02-14,1282505.86,R1,普通,1
C005325,25-34,苏州,退休,10-30万,2023-06-08,61963.84,R2,普通,0
C005326,25-34,徐州,个体经营,10-30万,2021-01-27,106719.1,R1,金卡,1
C005327,45-54,上海,专业技术,50万以上,2022-03-04,1653032.8,R3,普通,0
C005328,65+,无锡,其他,10万以下,2020-09-01,29211.37,R4,银卡,1
C005329,35-44,徐州,企业职员,10万以下,2020-07-02,40712.82,R3,银卡,1
C005330,35-44,南通,企业职员,10-30万,2022-09-06,362652.97,R3,普通,1
C005331,45-54,北京,公务员,10万以下,2020-10-09,12738.6,R2,银卡,1
C005332,45-54,常州,专业技术,10-30万,2024-01-30,93125.86,R1,普通,0
C005333,25-34,常州,专业技术,10-30万,2021-06-27,259320.13,R3,金卡,1
C005334,25-34,徐州,退休,10-30万,2018-08-01,92431.6,R2,普通,0
C005335,35-44,南京,个体经营,10-30万,2019-01-01,178081.0,R2,普通,1
C005336,45-54,常州,其他,10-30万,2024-02-03,164505.19,R3,普通,1
C005337,45-54,南京,个体经营,10万以下,2024-01-27,55680.91,R2,普通,1
C005338,45-54,徐州,个体经营,30-50万,2019-06-18,1041205.46,R1,银卡,0
C005339,55-64,常州,个体经营,30-50万,2023-02-26,472482.59,R3,银卡,0
C005340,25-34,杭州,公务员,10万以下,2020-05-29,12531.96,R2,金卡,0
C005341,35-44,杭州,其他,10万以下,2021-02-22,21136.34,R3,普通,0
C005342,18-24,无锡,企业职员,10万以下,2021-12-17,89498.67,R1,普通,1
C005343,55-64,徐州,企业职员,10万以下,2022-07-23,14792.18,R4,普通,1
C005344,45-54,苏州,个体经营,10万以下,2019-12-02,38459.3,R2,普通,1
C005345,25-34,无锡,退休,10万以下,2022-11-11,8533.02,R1,普通,0
C005346,18-24,南京,个体经营,30-50万,2019-10-23,203537.64,R1,普通,0
C005347,45-54,南京,退休,30-50万,2023-01-06,623240.94,R5,普通,1
C005348,45-54,杭州,个体经营,30-50万,2019-02-15,407257.23,R3,钻石,1
C005349,45-54,深圳,公务员,10-30万,2020-03-11,99411.8,R3,普通,1
C005350,25-34,常州,专业技术,30-50万,2021-02-18,266210.28,R4,银卡,1
C005351,55-64,南京,公务员,30-50万,2023-10-26,147406.38,R2,普通,1
C005352,45-54,南京,专业技术,30-50万,2023-02-16,565758.6,R3,普通,0
C005353,45-54,南京,专业技术,30-50万,2020-08-10,347196.49,R3,银卡,1
C005354,45-54,北京,企业职员,30-50万,2020-12-19,186892.2,R4,金卡,1
C005355,55-64,无锡,公务员,30-50万,2023-10-18,406083.63,R2,银卡,1
C005356,65+,北京,企业职员,10-30万,2023-10-26,160471.4,R5,普通,1
C005357,45-54,无锡,公务员,10万以下,2020-10-05,27135.98,R3,普通,1
C005358,35-44,南通,其他,10万以下,2022-02-24,31791.33,R4,金卡,1
C005359,35-44,上海,企业职员,10-30万,2021-07-24,122309.55,R1,普通,0
C005360,55-64,南京,退休,10万以下,2020-09-27,21068.94,R2,银卡,0
C005361,45-54,上海,公务员,10万以下,2019-04-20,30825.04,R1,普通,1
C005362,18-24,杭州,个体经营,10万以下,2022-11-24,43328.29,R4,银卡,1
C005363,25-34,南京,企业职员,10-30万,2020-03-27,201303.47,R2,普通,0
C005364,55-64,南京,个体经营,50万以上,2019-03-16,2227388.4,R3,普通,1
C005365,55-64,常州,其他,10-30万,2018-11-29,85622.04,R1,金卡,1
C005366,65+,深圳,企业职员,10万以下,2018-07-15,41235.67,R2,普通,1
C005367,35-44,深圳,公务员,10-30万,2024-05-21,151445.37,R2,普通,1
C005368,55-64,南京,公务员,10-30万,2023-12-16,84153.07,R4,普通,0
C005369,55-64,上海,退休,10-30万,2019-03-08,95138.66,R2,普通,1
C005370,25-34,杭州,退休,10-30万,2023-03-06,168567.84,R4,普通,1
C005371,25-34,北京,公务员,10万以下,2022-09-01,59719.07,R4,银卡,0
C005372,65+,南京,企业职员,10-30万,2021-07-26,48504.46,R5,普通,1
C005373,18-24,深圳,其他,10万以下,2020-06-19,68117.08,R3,普通,1
C005374,45-54,杭州,企业职员,10-30万,2024-03-09,214770.84,R3,普通,1
C005375,45-54,南通,其他,50万以上,2020-07-04,1657025.88,R3,普通,1
C005376,45-54,南京,专业技术,50万以上,2023-11-09,1329904.05,R1,普通,1
C005377,25-34,苏州,退休,10万以下,2022-03-09,36467.23,R3,银卡,1
C005378,45-54,苏州,其他,30-50万,2018-12-28,290377.52,R4,钻石,1
C005379,25-34,杭州,退休,30-50万,2023-08-29,365994.04,R1,普通,1
C005380,55-64,上海,个体经营,30-50万,2024-02-21,191320.7,R1,普通,0
C005381,25-34,深圳,公务员,10万以下,2021-07-20,12558.98,R3,钻石,1
C005382,45-54,无锡,专业技术,10-30万,2022-12-04,385154.7,R4,金卡,1
C005383,55-64,北京,专业技术,10万以下,2022-12-08,30961.21,R2,金卡,1
C005384,25-34,北京,其他,10万以下,2021-11-12,33216.34,R4,普通,1
C005385,25-34,南京,退休,10-30万,2023-05-22,118170.13,R2,金卡,1
C005386,45-54,苏州,其他,10-30万,2024-04-16,79329.08,R2,金卡,1
C005387,25-34,杭州,个体经营,10万以下,2018-11-03,25730.22,R5,普通,1
C005388,25-34,徐州,个体经营,30-50万,2019-07-14,418659.9,R2,银卡,1
C005389,35-44,苏州,其他,10-30万,2021-12-08,108763.15,R3,普通,0
C005390,65+,上海,公务员,50万以上,2019-06-01,1029799.11,R5,普通,1
C005391,35-44,苏州,退休,30-50万,2018-06-01,508369.7,R2,银卡,1
C005392,35-44,南通,专业技术,30-50万,2022-01-14,439504.03,R1,普通,1
C005393,65+,北京,个体经营,30-50万,2023-06-23,486831.68,R5,钻石,0
C005394,35-44,苏州,其他,10万以下,2023-03-15,42679.55,R3,金卡,1
C005395,35-44,南京,公务员,10万以下,2018-08-17,27548.15,R5,金卡,1
C005396,35-44,徐州,退休,50万以上,2019-01-15,1378534.72,R4,普通,1
C005397,25-34,上海,个体经营,10万以下,2020-03-14,62955.22,R3,银卡,1
C005398,35-44,苏州,其他,10-30万,2020-04-30,74849.85,R2,金卡,1
C005399,45-54,常州,专业技术,10-30万,2022-07-28,47024.84,R3,普通,1
C005400,18-24,常州,专业技术,10万以下,2021-04-05,39605.45,R1,银卡,1
C005401,45-54,杭州,公务员,10万以下,2022-03-13,21900.78,R2,普通,0
C005402,25-34,上海,企业职员,10-30万,2022-01-19,70022.48,R4,银卡,1
C005403,35-44,苏州,其他,10-30万,2020-01-14,186813.49,R5,银卡,1
C005404,25-34,苏州,个体经营,10-30万,2021-03-02,111620.82,R5,金卡,0
C005405,35-44,苏州,专业技术,10万以下,2021-11-01,15949.31,R5,普通,1
C005406,45-54,南京,其他,10-30万,2022-11-30,315754.43,R1,银卡,1
C005407,35-44,南京,个体经营,10万以下,2020-06-20,13408.04,R3,普通,1
C005408,25-34,杭州,企业职员,10-30万,2021-09-15,114910.38,R2,银卡,1
C005409,25-34,杭州,退休,10万以下,2024-02-11,11664.6,R3,金卡,1
C005410,55-64,苏州,专业技术,10万以下,2020-04-14,34347.41,R5,银卡,0
C005411,25-34,杭州,专业技术,30-50万,2022-05-25,290298.64,R4,金卡,1
C005412,45-54,南通,个体经营,10万以下,2021-12-09,45188.15,R4,银卡,1
C005413,35-44,上海,其他,30-50万,2018-06-17,396537.79,R2,普通,0
C005414,25-34,北京,个体经营,10万以下,2020-04-16,58938.9,R3,金卡,1
C005415,45-54,苏州,企业职员,10万以下,2024-01-05,24199.7,R2,普通,1
C005416,35-44,徐州,专业技术,10万以下,2019-12-19,13449.28,R3,银卡,0
C005417,18-24,苏州,退休,30-50万,2022-08-28,450438.96,R2,银卡,1
C005418,65+,北京,个体经营,10-30万,2019-11-16,105764.3,R4,银卡,0
C005419,25-34,苏州,个体经营,10万以下,2022-04-23,12080.2,R2,普通,1
C005420,35-44,徐州,其他,10-30万,2020-12-26,70795.94,R3,普通,1
C005421,35-44,南京,专业技术,10-30万,2020-03-26,83007.05,R4,普通,1
C005422,35-44,无锡,公务员,30-50万,2023-04-22,870577.03,R2,金卡,1
C005423,55-64,苏州,个体经营,50万以上,2023-08-07,2136540.66,R3,普通,1
C005424,18-24,上海,退休,10-30万,2020-03-12,100848.98,R4,普通,1
C005425,65+,苏州,退休,10-30万,2023-12-25,151855.07,R5,普通,1
C005426,45-54,苏州,企业职员,10-30万,2019-06-25,43283.08,R1,银卡,1
C005427,65+,南京,退休,50万以上,2021-10-21,1130898.05,R3,普通,1
C005428,55-64,苏州,公务员,10-30万,2023-11-06,146641.29,R2,普通,1
C005429,65+,苏州,企业职员,10万以下,2019-10-25,32586.09,R2,银卡,1
C005430,45-54,南通,企业职员,50万以上,2019-01-07,1145437.93,R1,银卡,1
C005431,35-44,无锡,其他,50万以上,2024-01-05,1471542.31,R3,普通,1
C005432,35-44,深圳,公务员,10-30万,2018-09-30,142102.13,R2,银卡,1
C005433,45-54,南通,专业技术,10-30万,2021-12-02,119439.91,R3,普通,1
C005434,35-44,南京,专业技术,10-30万,2020-05-22,184563.53,R2,普通,1
C005435,45-54,杭州,个体经营,30-50万,2022-10-23,469099.83,R1,普通,1
C005436,25-34,南京,个体经营,10-30万,2023-09-30,154951.47,R3,银卡,1
C005437,55-64,杭州,企业职员,10-30万,2018-06-21,282666.89,R1,金卡,0
C005438,25-34,无锡,企业职员,10-30万,2020-06-23,181498.05,R2,银卡,1
C005439,65+,南京,个体经营,10-30万,2022-11-17,286566.6,R2,金卡,0
C005440,25-34,深圳,其他,10万以下,2022-04-09,21439.61,R2,普通,1
C005441,25-34,常州,其他,30-50万,2019-11-07,180414.61,R3,普通,1
C005442,55-64,杭州,退休,10万以下,2022-08-02,27967.89,R4,银卡,1
C005443,55-64,无锡,公务员,10-30万,2020-04-09,107199.71,R3,普通,1
C005444,45-54,常州,其他,30-50万,2024-03-12,829789.14,R1,银卡,1
C005445,65+,无锡,个体经营,10-30万,2018-06-21,68201.7,R1,银卡,0
C005446,25-34,无锡,退休,10万以下,2020-01-19,28839.84,R4,普通,1
C005447,55-64,杭州,企业职员,50万以上,2022-05-22,1836854.85,R2,普通,1
C005448,35-44,南京,专业技术,10万以下,2021-01-01,31539.75,R2,普通,0
C005449,35-44,常州,公务员,30-50万,2023-05-15,367124.02,R1,普通,1
C005450,35-44,苏州,个体经营,10万以下,2021-09-13,35890.82,R3,普通,1
C005451,18-24,南通,退休,10-30万,2022-04-15,205827.94,R3,普通,0
C005452,35-44,南京,其他,10-30万,2022-01-27,258621.21,R2,普通,0
C005453,45-54,苏州,企业职员,10-30万,2019-07-08,121984.67,R1,普通,1
C005454,25-34,常州,个体经营,10-30万,2021-12-07,79803.62,R4,银卡,0
C005455,65+,上海,企业职员,10万以下,2024-05-18,64616.15,R1,银卡,1
C005456,35-44,深圳,专业技术,10-30万,2021-09-08,70012.59,R2,普通,1
C005457,25-34,苏州,其他,10万以下,2024-02-07,73441.33,R4,银卡,1
C005458,45-54,常州,个体经营,30-50万,2021-07-16,783312.9,R2,银卡,1
C005459,25-34,苏州,个体经营,10-30万,2020-04-28,252697.0,R2,银卡,1
C005460,18-24,南通,公务员,10-30万,2023-10-30,169048.76,R3,钻石,1
C005461,45-54,无锡,其他,10万以下,2024-01-13,10432.78,R3,银卡,1
C005462,25-34,南京,其他,10-30万,2022-02-15,71373.83,R2,普通,1
C005463,25-34,徐州,退休,10-30万,2021-07-05,139901.12,R2,金卡,1
C005464,45-54,南京,公务员,10万以下,2024-01-12,21399.64,R2,银卡,1
C005465,18-24,南京,公务员,10-30万,2022-06-16,102498.87,R3,普通,1
C005466,55-64,北京,企业职员,10万以下,2019-09-28,40755.93,R2,银卡,1
C005467,55-64,北京,公务员,10万以下,2020-12-22,27555.72,R2,普通,1
C005468,25-34,南通,退休,30-50万,2021-04-09,217446.8,R2,银卡,1
C005469,35-44,南京,专业技术,10万以下,2023-10-14,46713.2,R2,银卡,0
C005470,25-34,苏州,其他,10万以下,2019-08-08,38808.87,R2,银卡,1
C005471,45-54,苏州,专业技术,10-30万,2020-11-06,105952.81,R3,普通,1
C005472,18-24,上海,其他,30-50万,2021-10-30,570833.54,R3,普通,1
C005473,65+,杭州,企业职员,10万以下,2020-09-18,31460.13,R5,银卡,0
C005474,25-34,苏州,退休,10万以下,2023-06-30,58374.43,R3,普通,1
C005475,45-54,无锡,企业职员,10-30万,2020-05-02,129424.24,R3,金卡,1
C005476,25-34,苏州,个体经营,10-30万,2022-08-11,232631.48,R1,普通,0
C005477,25-34,上海,个体经营,10-30万,2024-03-02,47024.34,R3,银卡,1
C005478,35-44,苏州,专业技术,10-30万,2023-01-03,150973.04,R3,普通,1
C005479,35-44,上海,公务员,30-50万,2022-03-20,327842.61,R4,银卡,1
C005480,65+,上海,公务员,50万以上,2021-10-07,976226.76,R5,金卡,1
C005481,18-24,南京,企业职员,10-30万,2023-01-14,214163.99,R2,普通,1
C005482,18-24,北京,公务员,10万以下,2019-08-31,46793.35,R4,普通,1
C005483,35-44,杭州,退休,10万以下,2022-10-29,11000.7,R3,金卡,0
C005484,35-44,南通,其他,10万以下,2023-09-18,42903.15,R3,普通,1
C005485,55-64,南京,个体经营,10-30万,2023-01-28,161509.79,R2,普通,1
C005486,55-64,南京,其他,30-50万,2022-01-02,278642.28,R2,普通,1
C005487,55-64,南京,退休,10-30万,2024-02-23,79030.97,R4,普通,1
C005488,25-34,常州,公务员,10万以下,2023-11-12,13543.54,R1,银卡,1
C005489,35-44,苏州,公务员,10-30万,2023-06-21,101364.79,R3,普通,1
C005490,45-54,杭州,个体经营,50万以上,2022-01-21,1372620.02,R1,普通,1
C005491,25-34,无锡,企业职员,10万以下,2018-09-06,44687.59,R2,普通,0
C005492,45-54,无锡,其他,30-50万,2020-11-27,457672.9,R3,普通,1
C005493,25-34,北京,退休,30-50万,2023-12-03,235452.8,R3,金卡,1
C005494,35-44,南通,个体经营,10-30万,2024-01-01,135223.49,R4,钻石,1
C005495,55-64,无锡,专业技术,10-30万,2023-10-17,105685.64,R3,普通,0
C005496,25-34,深圳,公务员,10-30万,2024-01-06,75194.54,R3,金卡,1
C005497,65+,常州,企业职员,10万以下,2021-05-16,13550.78,R5,普通,0
C005498,25-34,南通,公务员,10-30万,2020-01-06,164004.43,R3,金卡,1
C005499,18-24,无锡,企业职员,10万以下,2021-10-19,37502.06,R3,普通,0
C005500,25-34,徐州,个体经营,30-50万,2021-12-17,528397.62,R4,普通,1
C005501,25-34,上海,个体经营,30-50万,2020-10-31,277922.51,R3,普通,0
C005502,35-44,徐州,个体经营,10-30万,2022-04-19,130716.61,R3,普通,1
C005503,25-34,苏州,退休,10-30万,2019-07-18,60328.8,R3,普通,1
C005504,45-54,深圳,退休,10万以下,2020-04-13,18318.4,R3,普通,1
C005505,55-64,常州,专业技术,10万以下,2018-06-29,30510.27,R3,普通,1
C005506,35-44,杭州,个体经营,10-30万,2023-11-27,136820.28,R3,银卡,1
C005507,25-34,南京,个体经营,10万以下,2021-10-21,13287.03,R3,银卡,1
C005508,35-44,常州,个体经营,30-50万,2019-03-28,235731.2,R1,普通,0
C005509,55-64,北京,退休,10万以下,2020-05-13,24990.63,R2,普通,1
C005510,45-54,上海,公务员,30-50万,2019-09-30,645951.17,R3,银卡,1
C005511,25-34,南京,退休,10-30万,2021-08-05,79913.15,R2,银卡,0
C005512,35-44,上海,公务员,10-30万,2022-01-25,128738.01,R2,普通,1
C005513,35-44,南京,专业技术,30-50万,2019-11-18,452216.42,R1,普通,1
C005514,35-44,无锡,公务员,10-30万,2021-08-04,105915.95,R1,普通,1
C005515,25-34,苏州,企业职员,10万以下,2021-12-18,34302.13,R4,普通,1
C005516,65+,苏州,个体经营,30-50万,2022-01-08,204180.85,R3,银卡,1
C005517,25-34,南京,退休,10-30万,2023-09-03,86452.76,R4,金卡,0
C005518,25-34,徐州,个体经营,10万以下,2019-09-08,61459.43,R1,银卡,0
C005519,25-34,上海,退休,10-30万,2019-04-15,254645.96,R2,普通,1
C005520,35-44,苏州,企业职员,10-30万,2024-03-29,182902.3,R1,钻石,0
C005521,35-44,南通,企业职员,10-30万,2021-12-28,208031.15,R1,普通,0
C005522,25-34,常州,其他,30-50万,2020-05-15,160534.54,R1,钻石,1
C005523,35-44,深圳,专业技术,10-30万,2023-07-06,74674.88,R3,普通,1
C005524,45-54,杭州,个体经营,10万以下,2022-08-05,25678.31,R1,银卡,1
C005525,25-34,深圳,专业技术,10万以下,2018-08-16,100385.56,R4,普通,1
C005526,55-64,杭州,退休,10万以下,2019-09-20,25652.87,R3,普通,1
C005527,25-34,徐州,其他,30-50万,2019-02-18,580515.61,R2,普通,1
C005528,25-34,南京,其他,10万以下,2018-06-28,36247.97,R4,普通,1
C005529,65+,杭州,个体经营,10-30万,2020-04-23,143387.89,R3,普通,1
C005530,55-64,上海,企业职员,10-30万,2022-09-26,118596.44,R2,普通,1
C005531,35-44,苏州,个体经营,30-50万,2018-09-04,219521.05,R3,普通,1
C005532,55-64,苏州,企业职员,10万以下,2021-09-24,7772.68,R3,金卡,1
C005533,35-44,常州,专业技术,10万以下,2021-03-03,56946.86,R3,普通,1
C005534,35-44,苏州,公务员,50万以上,2021-02-12,1102098.64,R5,银卡,0
C005535,55-64,深圳,退休,10-30万,2021-02-10,47178.35,R2,普通,1
C005536,45-54,南京,其他,10-30万,2021-02-04,149376.84,R2,银卡,1
C005537,25-34,南京,公务员,30-50万,2019-09-26,493172.62,R4,银卡,1
C005538,45-54,南京,专业技术,50万以上,2023-06-22,2202099.59,R3,银卡,0
C005539,35-44,南通,其他,10万以下,2021-10-04,52407.79,R5,普通,0
C005540,18-24,上海,公务员,50万以上,2020-11-25,947405.51,R4,普通,1
C005541,65+,南通,退休,10万以下,2021-01-22,19369.63,R3,普通,1
C005542,35-44,南京,企业职员,50万以上,2020-01-21,1279044.7,R3,钻石,1
C005543,45-54,北京,专业技术,10万以下,2022-05-27,45241.62,R2,普通,1
C005544,45-54,无锡,企业职员,10万以下,2018-09-24,10484.29,R1,银卡,1
C005545,35-44,南京,企业职员,10万以下,2024-04-29,31986.07,R2,普通,1
C005546,25-34,南京,专业技术,30-50万,2020-01-18,637481.63,R2,普通,1
C005547,65+,无锡,其他,50万以上,2023-05-24,2341737.87,R3,普通,1
C005548,45-54,南通,退休,10万以下,2020-10-12,42754.66,R3,普通,0
C005549,45-54,南通,个体经营,10-30万,2024-04-10,204177.97,R5,普通,1
C005550,35-44,南京,个体经营,10万以下,2023-01-04,7595.88,R1,普通,1
C005551,25-34,杭州,个体经营,10万以下,2022-01-21,67217.37,R2,普通,1
C005552,18-24,苏州,公务员,30-50万,2023-10-29,471852.78,R2,普通,1
C005553,35-44,苏州,企业职员,10万以下,2022-06-10,58470.54,R3,银卡,1
C005554,25-34,上海,退休,50万以上,2020-08-05,833724.61,R1,普通,0
C005555,45-54,徐州,专业技术,50万以上,2023-06-11,624097.72,R3,普通,0
C005556,55-64,深圳,其他,10万以下,2020-08-25,73287.22,R3,普通,1
C005557,25-34,无锡,专业技术,10-30万,2021-08-06,75507.41,R2,银卡,1
C005558,35-44,南京,个体经营,50万以上,2019-05-12,1284077.62,R3,普通,1
C005559,45-54,深圳,企业职员,30-50万,2020-07-28,520709.27,R2,银卡,1
C005560,25-34,常州,退休,30-50万,2021-09-23,588694.8,R2,普通,0
C005561,65+,徐州,专业技术,10万以下,2019-06-12,51439.46,R4,普通,1
C005562,35-44,南京,其他,10万以下,2023-05-19,33545.09,R1,普通,1
C005563,25-34,苏州,公务员,30-50万,2020-12-31,236112.87,R2,普通,1
C005564,25-34,深圳,个体经营,10-30万,2023-01-23,170853.77,R5,普通,1
C005565,65+,深圳,公务员,10-30万,2021-09-13,172219.49,R1,普通,1
C005566,25-34,深圳,企业职员,30-50万,2021-07-18,161409.9,R2,钻石,1
C005567,45-54,杭州,其他,10-30万,2020-10-23,243918.5,R2,银卡,1
C005568,25-34,常州,个体经营,10万以下,2022-07-15,8650.87,R3,金卡,1
C005569,25-34,南通,企业职员,10-30万,2020-06-05,201280.52,R3,金卡,1
C005570,55-64,南京,企业职员,30-50万,2023-05-01,291316.28,R3,普通,0
C005571,25-34,杭州,个体经营,10-30万,2023-05-30,170757.85,R5,银卡,1
C005572,18-24,上海,企业职员,10万以下,2023-10-07,38717.61,R2,普通,1
C005573,35-44,上海,其他,50万以上,2021-07-08,1472414.89,R3,普通,1
C005574,55-64,无锡,退休,10-30万,2021-12-06,150360.4,R5,银卡,0
C005575,35-44,苏州,其他,10-30万,2019-06-11,114923.58,R1,普通,1
C005576,25-34,杭州,其他,30-50万,2022-05-20,571600.29,R5,普通,0
C005577,65+,深圳,企业职员,10-30万,2020-11-30,357854.91,R5,普通,0
C005578,45-54,无锡,专业技术,50万以上,2018-08-08,767087.51,R5,钻石,1
C005579,55-64,南京,其他,30-50万,2020-09-15,81238.67,R1,普通,0
C005580,45-54,北京,其他,10万以下,2019-04-04,24370.18,R3,普通,1
C005581,45-54,上海,个体经营,10-30万,2021-05-07,94205.52,R4,普通,1
C005582,35-44,上海,其他,10万以下,2023-04-24,24838.96,R2,银卡,0
C005583,35-44,深圳,公务员,10-30万,2021-09-16,75510.54,R3,普通,1
C005584,45-54,上海,退休,10-30万,2019-11-17,185621.35,R2,金卡,1
C005585,45-54,徐州,公务员,10-30万,2023-09-20,60149.13,R1,普通,1
C005586,65+,上海,其他,50万以上,2021-07-10,1879212.23,R4,银卡,1
C005587,35-44,常州,其他,10-30万,2021-04-18,165128.6,R5,普通,1
C005588,25-34,苏州,其他,30-50万,2018-11-02,468575.62,R1,普通,0
C005589,35-44,苏州,企业职员,10-30万,2018-07-13,153095.73,R1,银卡,1
C005590,45-54,上海,公务员,10-30万,2020-10-01,192891.02,R3,普通,1
C005591,35-44,苏州,个体经营,10万以下,2023-02-21,30814.34,R1,普通,1
C005592,55-64,北京,其他,10-30万,2023-03-10,100911.45,R3,银卡,0
C005593,45-54,无锡,专业技术,10-30万,2020-10-22,153036.58,R3,银卡,1
C005594,18-24,徐州,其他,10万以下,2023-03-27,40503.18,R2,金卡,1
C005595,35-44,南京,其他,30-50万,2020-05-11,624096.53,R3,普通,0
C005596,45-54,无锡,公务员,10-30万,2018-08-03,50972.96,R1,普通,1
C005597,55-64,无锡,公务员,10-30万,2023-04-16,109478.26,R2,金卡,1
C005598,35-44,上海,专业技术,30-50万,2018-11-19,234810.88,R4,钻石,1
C005599,35-44,南京,退休,10-30万,2024-03-07,158852.19,R1,普通,0
C005600,35-44,无锡,公务员,10-30万,2021-07-04,172577.49,R2,普通,0
C005601,35-44,杭州,退休,10-30万,2022-02-03,104614.84,R3,普通,1
C005602,18-24,徐州,个体经营,10万以下,2021-01-07,20833.52,R2,银卡,0
C005603,55-64,上海,退休,10-30万,2021-07-03,161737.32,R3,普通,1
C005604,55-64,上海,专业技术,10万以下,2021-02-13,28066.49,R4,普通,0
C005605,35-44,徐州,退休,10万以下,2023-09-09,61217.35,R2,普通,1
C005606,35-44,无锡,企业职员,10-30万,2019-10-26,291187.76,R2,银卡,0
C005607,18-24,无锡,其他,10万以下,2018-09-24,49479.23,R1,普通,0
C005608,45-54,南京,专业技术,50万以上,2021-07-23,1685047.6,R3,普通,0
C005609,35-44,南京,公务员,10-30万,2019-04-03,298950.85,R2,银卡,0
C005610,45-54,南通,个体经营,10万以下,2023-09-05,33837.09,R4,银卡,1
C005611,18-24,北京,公务员,50万以上,2020-01-03,1180417.47,R1,普通,0
C005612,45-54,徐州,企业职员,10-30万,2022-06-18,85611.66,R4,普通,1
C005613,25-34,无锡,个体经营,10-30万,2020-05-19,84414.65,R4,普通,1
C005614,45-54,杭州,退休,10-30万,2020-12-28,119618.42,R3,普通,1
C005615,45-54,无锡,退休,30-50万,2024-02-25,504217.62,R3,普通,1
C005616,25-34,苏州,其他,10万以下,2022-04-20,14785.09,R2,普通,1
C005617,35-44,南京,专业技术,10万以下,2021-10-18,23968.35,R2,普通,1
C005618,55-64,杭州,企业职员,50万以上,2019-07-08,1668442.6,R2,银卡,0
C005619,45-54,徐州,个体经营,10万以下,2023-10-03,41388.81,R2,普通,1
C005620,18-24,南通,个体经营,30-50万,2018-09-15,394848.9,R3,钻石,1
C005621,35-44,上海,其他,10-30万,2024-02-16,135604.94,R3,普通,1
C005622,25-34,南通,企业职员,10-30万,2022-12-16,64601.04,R2,普通,1
C005623,45-54,苏州,其他,30-50万,2023-07-23,253552.57,R5,银卡,1
C005624,45-54,徐州,公务员,50万以上,2019-01-22,1455041.16,R3,金卡,1
C005625,18-24,南京,退休,10万以下,2020-12-30,38724.52,R2,普通,1
C005626,45-54,苏州,个体经营,10-30万,2020-02-08,134712.57,R2,银卡,1
C005627,45-54,常州,其他,30-50万,2020-04-09,261661.68,R3,银卡,0
C005628,45-54,南京,公务员,10-30万,2020-11-17,106613.56,R2,普通,1
C005629,18-24,杭州,个体经营,30-50万,2022-08-12,851827.22,R2,银卡,1
C005630,25-34,南京,专业技术,10-30万,2023-08-19,157530.78,R3,普通,1
C005631,35-44,无锡,公务员,10万以下,2021-10-15,27658.44,R3,普通,0
C005632,25-34,无锡,公务员,30-50万,2021-12-09,239498.26,R2,普通,1
C005633,35-44,上海,退休,50万以上,2021-10-14,1049988.85,R2,普通,1
C005634,18-24,南京,退休,10万以下,2018-06-03,30099.02,R2,普通,1
C005635,25-34,杭州,退休,30-50万,2023-08-23,459178.07,R2,普通,1
C005636,45-54,无锡,公务员,10万以下,2020-07-05,39804.47,R2,普通,1
C005637,25-34,苏州,公务员,10万以下,2023-06-23,36422.63,R3,普通,0
C005638,45-54,南京,其他,10万以下,2020-11-07,24930.18,R3,银卡,1
C005639,18-24,北京,其他,30-50万,2020-05-05,309795.41,R2,银卡,1
C005640,35-44,无锡,个体经营,10万以下,2024-03-14,83487.07,R5,银卡,1
C005641,35-44,无锡,专业技术,10万以下,2021-08-22,22713.6,R3,钻石,1
C005642,55-64,南京,企业职员,30-50万,2022-06-26,209686.32,R1,钻石,1
C005643,55-64,常州,专业技术,10-30万,2021-06-24,52885.7,R4,普通,0
C005644,35-44,苏州,企业职员,10万以下,2021-06-23,25143.59,R3,普通,1
C005645,45-54,南京,企业职员,10万以下,2021-07-27,47999.44,R3,普通,1
C005646,25-34,上海,专业技术,30-50万,2020-07-20,299912.48,R2,普通,1
C005647,45-54,北京,其他,10-30万,2023-03-16,251199.89,R4,普通,1
C005648,25-34,苏州,其他,30-50万,2019-04-03,398546.34,R1,金卡,1
C005649,35-44,苏州,个体经营,10万以下,2019-05-08,52246.68,R2,普通,1
C005650,25-34,无锡,专业技术,10-30万,2021-08-28,82156.93,R4,普通,1
C005651,55-64,北京,专业技术,30-50万,2018-12-12,275987.67,R4,银卡,0
C005652,35-44,南通,个体经营,10万以下,2022-10-06,31397.25,R3,银卡,1
C005653,45-54,南京,退休,10万以下,2023-03-06,38186.22,R1,金卡,1
C005654,35-44,徐州,退休,10-30万,2022-09-21,109728.94,R2,金卡,1
C005655,25-34,无锡,个体经营,10-30万,2019-09-17,138895.86,R4,普通,1
C005656,25-34,南京,公务员,10万以下,2023-08-02,40263.3,R3,银卡,0
C005657,55-64,深圳,其他,50万以上,2022-08-01,737279.86,R4,普通,1
C005658,55-64,南京,退休,10-30万,2023-07-16,101192.34,R1,钻石,1
C005659,25-34,无锡,个体经营,10-30万,2021-09-27,92587.16,R5,普通,1
C005660,45-54,徐州,公务员,10万以下,2022-07-30,23715.68,R2,普通,1
C005661,35-44,南通,个体经营,10-30万,2019-06-30,147073.23,R2,金卡,0
C005662,18-24,南京,其他,10-30万,2019-10-19,93232.56,R4,银卡,1
C005663,35-44,南通,公务员,50万以上,2019-02-01,550419.97,R2,普通,1
C005664,25-34,上海,其他,10-30万,2021-12-04,106615.87,R3,普通,1
C005665,25-34,杭州,公务员,30-50万,2021-03-20,234923.88,R3,普通,1
C005666,45-54,南京,公务员,10-30万,2019-03-28,153800.72,R4,普通,1
C005667,25-34,南京,企业职员,10-30万,2020-02-14,179529.63,R1,银卡,1
C005668,55-64,深圳,企业职员,50万以上,2018-09-12,505630.39,R1,普通,0
C005669,45-54,上海,公务员,10-30万,2018-07-05,81481.48,R3,银卡,1
C005670,55-64,无锡,退休,30-50万,2023-12-18,477302.78,R4,普通,1
C005671,45-54,上海,专业技术,30-50万,2022-12-31,197754.62,R4,金卡,1
C005672,55-64,南京,专业技术,50万以上,2020-02-19,2218420.7,R2,银卡,1
C005673,35-44,深圳,企业职员,10万以下,2023-10-28,50696.44,R3,金卡,0
C005674,35-44,徐州,专业技术,10万以下,2023-11-26,27665.59,R2,普通,1
C005675,35-44,北京,专业技术,10-30万,2023-08-03,81494.53,R2,金卡,1
C005676,55-64,南通,专业技术,50万以上,2023-12-26,472452.2,R1,金卡,1
C005677,25-34,杭州,专业技术,10-30万,2020-05-28,180278.77,R2,普通,1
C005678,35-44,苏州,企业职员,10-30万,2022-10-03,326607.86,R1,钻石,1
C005679,45-54,南京,个体经营,10-30万,2018-09-27,294511.29,R2,银卡,1
C005680,35-44,苏州,退休,10万以下,2023-10-21,27213.43,R2,钻石,1
C005681,55-64,北京,企业职员,10万以下,2021-08-31,17372.0,R4,银卡,1
C005682,35-44,上海,企业职员,10万以下,2020-06-03,45604.64,R2,金卡,1
C005683,25-34,无锡,退休,10万以下,2022-03-31,28156.07,R4,普通,1
C005684,45-54,苏州,专业技术,30-50万,2020-02-07,508024.87,R4,普通,1
C005685,35-44,南通,公务员,10-30万,2019-05-10,139612.06,R2,普通,1
C005686,18-24,南通,个体经营,10万以下,2020-07-25,31428.0,R3,银卡,1
C005687,18-24,常州,其他,10-30万,2020-10-05,200687.43,R2,普通,0
C005688,25-34,上海,公务员,10-30万,2020-12-13,204450.48,R1,普通,1
C005689,45-54,苏州,个体经营,10-30万,2018-06-07,92401.93,R3,普通,1
C005690,55-64,常州,退休,10-30万,2019-09-17,75636.24,R3,金卡,1
C005691,35-44,苏州,公务员,10万以下,2024-01-20,8598.94,R2,银卡,1
C005692,25-34,南京,个体经营,10-30万,2019-10-06,100928.37,R4,普通,0
C005693,35-44,苏州,公务员,10万以下,2023-06-04,17366.36,R3,普通,1
C005694,55-64,杭州,个体经营,10万以下,2019-03-05,36995.48,R2,钻石,1
C005695,45-54,南京,公务员,10万以下,2022-06-18,25362.3,R1,普通,1
C005696,25-34,苏州,其他,10-30万,2020-03-28,107101.55,R4,银卡,1
C005697,25-34,常州,企业职员,10万以下,2019-12-19,45023.31,R5,金卡,1
C005698,55-64,无锡,专业技术,10-30万,2022-04-10,146367.28,R3,钻石,1
C005699,55-64,杭州,专业技术,10万以下,2018-08-12,28299.73,R3,普通,1
C005700,18-24,上海,退休,10万以下,2021-04-03,69714.63,R3,银卡,1
C005701,55-64,上海,企业职员,30-50万,2021-11-14,578558.12,R2,钻石,0
C005702,25-34,苏州,其他,10-30万,2021-06-17,97471.63,R4,普通,0
C005703,18-24,南京,公务员,10万以下,2022-07-24,24917.51,R3,银卡,1
C005704,45-54,苏州,退休,10-30万,2023-10-07,177981.85,R3,银卡,1
C005705,35-44,南通,企业职员,10万以下,2018-07-03,33202.34,R3,普通,1
C005706,35-44,南京,企业职员,30-50万,2019-07-12,228351.18,R3,普通,0
C005707,55-64,杭州,专业技术,10万以下,2019-07-06,46925.15,R1,普通,1
C005708,55-64,深圳,企业职员,10-30万,2018-12-01,225001.67,R3,普通,1
C005709,18-24,上海,个体经营,50万以上,2020-09-23,2707862.4,R1,普通,1
C005710,45-54,无锡,个体经营,10万以下,2018-06-27,64882.11,R2,普通,1
C005711,45-54,杭州,个体经营,10万以下,2018-06-25,84419.33,R1,普通,1
C005712,35-44,苏州,企业职员,10-30万,2022-12-03,284994.89,R2,钻石,1
C005713,65+,深圳,退休,50万以上,2021-10-05,1778545.68,R4,金卡,1
C005714,45-54,无锡,公务员,10-30万,2023-11-03,108123.9,R1,金卡,1
C005715,25-34,上海,退休,10-30万,2020-03-09,48071.57,R2,银卡,0
C005716,25-34,南京,公务员,10万以下,2023-09-30,30163.46,R3,普通,1
C005717,55-64,徐州,公务员,10-30万,2019-10-27,155564.4,R4,普通,1
C005718,65+,苏州,企业职员,10万以下,2019-07-28,30660.46,R3,银卡,1
C005719,25-34,南京,其他,10-30万,2021-12-09,46683.05,R5,钻石,1
C005720,25-34,无锡,个体经营,10万以下,2020-08-11,25994.54,R3,普通,1
C005721,45-54,南京,企业职员,10-30万,2018-09-12,165696.49,R3,银卡,1
C005722,18-24,南京,公务员,10万以下,2019-11-11,17961.67,R2,钻石,1
C005723,18-24,北京,企业职员,10-30万,2021-10-05,130364.89,R2,银卡,0
C005724,55-64,南京,企业职员,30-50万,2018-12-18,496348.37,R2,银卡,1
C005725,55-64,徐州,企业职员,30-50万,2024-03-04,699557.76,R3,钻石,1
C005726,55-64,南京,退休,50万以上,2023-01-20,3531659.26,R3,银卡,0
C005727,45-54,上海,专业技术,10-30万,2022-06-11,99343.02,R3,普通,0
C005728,35-44,深圳,其他,10-30万,2022-03-23,131547.82,R3,钻石,0
C005729,55-64,无锡,其他,10万以下,2020-05-14,33405.88,R3,银卡,1
C005730,25-34,深圳,专业技术,50万以上,2019-08-23,2075397.16,R1,普通,1
C005731,25-34,徐州,专业技术,10-30万,2024-02-04,156991.75,R2,钻石,1
C005732,55-64,南通,其他,10-30万,2022-11-08,244690.59,R3,普通,0
C005733,45-54,南京,其他,10-30万,2019-06-28,37406.46,R1,金卡,1
C005734,55-64,深圳,企业职员,30-50万,2021-05-14,492983.19,R4,金卡,0
C005735,25-34,杭州,专业技术,30-50万,2022-07-19,510387.4,R2,普通,0
C005736,65+,南京,退休,30-50万,2021-09-29,355615.44,R1,金卡,1
C005737,45-54,南京,其他,10-30万,2020-10-06,38686.35,R3,普通,1
C005738,45-54,苏州,个体经营,10-30万,2020-10-30,116395.48,R1,钻石,1
C005739,55-64,南京,专业技术,50万以上,2019-06-03,1051465.31,R3,银卡,1
C005740,35-44,苏州,个体经营,10-30万,2018-06-18,277680.02,R2,普通,1
C005741,45-54,深圳,专业技术,10-30万,2019-07-20,144768.72,R1,钻石,1
C005742,45-54,杭州,专业技术,10-30万,2023-10-16,80620.21,R3,普通,1
C005743,55-64,无锡,专业技术,10-30万,2021-11-16,42998.67,R2,普通,1
C005744,55-64,苏州,退休,30-50万,2021-06-30,537416.49,R3,银卡,0
C005745,45-54,南通,企业职员,10-30万,2020-08-16,169960.55,R2,普通,1
C005746,18-24,北京,企业职员,30-50万,2018-08-22,359091.1,R3,普通,1
C005747,25-34,杭州,其他,30-50万,2021-09-21,540936.71,R2,银卡,1
C005748,65+,杭州,个体经营,10-30万,2022-04-27,100821.99,R1,普通,1
C005749,65+,上海,个体经营,10万以下,2018-12-30,51152.18,R3,普通,1
C005750,65+,常州,退休,10-30万,2019-12-15,197124.23,R3,银卡,1
C005751,18-24,南京,专业技术,10-30万,2021-08-26,52880.2,R4,普通,1
C005752,35-44,杭州,专业技术,10-30万,2018-10-26,59733.67,R4,普通,0
C005753,45-54,徐州,其他,30-50万,2022-08-05,1104452.93,R3,普通,1
C005754,45-54,上海,个体经营,10万以下,2022-12-19,47812.9,R1,普通,1
C005755,25-34,上海,公务员,10万以下,2024-04-14,15958.74,R3,银卡,1
C005756,45-54,苏州,企业职员,30-50万,2023-12-04,182413.22,R3,普通,0
C005757,25-34,苏州,其他,50万以上,2019-03-18,1664211.01,R4,钻石,1
C005758,35-44,杭州,企业职员,10-30万,2023-12-17,67784.53,R3,普通,1
C005759,25-34,无锡,个体经营,10万以下,2019-10-23,25606.44,R1,普通,1
C005760,18-24,南京,个体经营,10-30万,2023-12-23,117196.52,R4,银卡,1
C005761,25-34,徐州,其他,10-30万,2023-01-11,114694.55,R4,普通,1
C005762,55-64,苏州,个体经营,10-30万,2022-04-21,210768.61,R1,普通,1
C005763,45-54,徐州,企业职员,10万以下,2023-02-14,75081.6,R3,普通,1
C005764,65+,南通,公务员,10-30万,2023-08-28,94446.43,R3,钻石,1
C005765,35-44,徐州,专业技术,10-30万,2018-06-17,68180.74,R3,普通,1
C005766,35-44,深圳,退休,10-30万,2021-12-22,145753.21,R4,普通,0
C005767,35-44,苏州,企业职员,10-30万,2021-11-13,271301.79,R2,银卡,1
C005768,45-54,深圳,退休,10-30万,2019-11-15,98089.88,R1,普通,1
C005769,35-44,上海,公务员,10-30万,2018-11-29,183583.79,R2,金卡,1
C005770,45-54,杭州,公务员,10-30万,2022-08-14,78958.62,R4,金卡,1
C005771,55-64,杭州,企业职员,50万以上,2021-09-07,1516038.67,R2,银卡,1
C005772,55-64,南京,公务员,10-30万,2021-07-12,67122.59,R3,普通,1
C005773,25-34,常州,专业技术,10-30万,2022-11-05,120651.69,R4,银卡,0
C005774,35-44,南京,其他,10-30万,2023-08-25,113212.24,R4,普通,0
C005775,25-34,上海,企业职员,30-50万,2018-11-13,542140.94,R1,普通,1
C005776,18-24,南京,其他,10-30万,2020-03-17,291932.48,R1,普通,1
C005777,45-54,南京,公务员,10-30万,2020-04-28,98794.71,R5,普通,0
C005778,35-44,北京,其他,30-50万,2022-07-03,147171.71,R3,普通,1
C005779,45-54,北京,退休,10万以下,2020-06-08,27116.58,R1,银卡,1
C005780,25-34,徐州,退休,10-30万,2023-08-08,139372.55,R1,普通,0
C005781,65+,无锡,个体经营,10-30万,2023-09-15,132746.57,R4,普通,1
C005782,65+,杭州,其他,50万以上,2018-08-31,1386459.95,R4,普通,1
C005783,35-44,深圳,个体经营,30-50万,2023-01-14,841614.46,R3,普通,1
C005784,55-64,南京,企业职员,10万以下,2019-10-12,32114.4,R2,银卡,1
C005785,25-34,南京,公务员,30-50万,2022-09-28,379580.39,R3,普通,1
C005786,45-54,北京,企业职员,30-50万,2020-06-26,271133.54,R1,银卡,1
C005787,55-64,南京,公务员,10-30万,2020-09-23,50105.78,R4,金卡,1
C005788,55-64,上海,企业职员,10万以下,2020-01-23,35368.21,R2,普通,1
C005789,55-64,南通,个体经营,10万以下,2018-09-02,33916.66,R1,银卡,1
C005790,35-44,常州,专业技术,10-30万,2021-11-07,70656.24,R2,钻石,1
C005791,55-64,南京,专业技术,10-30万,2019-03-14,117366.97,R1,金卡,1
C005792,45-54,上海,公务员,30-50万,2022-08-14,372240.01,R2,普通,0
C005793,25-34,南通,公务员,10万以下,2018-08-11,21953.95,R3,普通,1
C005794,25-34,北京,专业技术,10-30万,2021-05-28,80707.89,R3,银卡,1
C005795,45-54,常州,公务员,10万以下,2019-05-01,36735.3,R3,普通,1
C005796,45-54,北京,企业职员,10-30万,2019-06-12,107188.17,R2,普通,1
C005797,35-44,南京,退休,10万以下,2020-08-04,22324.85,R2,普通,0
C005798,55-64,南京,专业技术,10-30万,2018-08-11,77995.86,R3,普通,1
C005799,45-54,深圳,公务员,10万以下,2020-05-07,28112.23,R3,普通,1
C005800,35-44,南京,其他,10-30万,2020-10-08,190515.49,R1,普通,1
C005801,35-44,苏州,公务员,10-30万,2022-11-22,133061.55,R4,银卡,1
C005802,45-54,南京,退休,30-50万,2022-02-24,355279.05,R1,普通,1
C005803,45-54,上海,企业职员,10万以下,2024-05-18,35003.31,R1,普通,1
C005804,35-44,上海,个体经营,10-30万,2020-02-02,237385.23,R2,钻石,1
C005805,35-44,北京,公务员,10-30万,2020-10-04,153346.3,R3,银卡,0
C005806,45-54,南京,企业职员,10万以下,2020-03-20,34168.28,R1,普通,0
C005807,45-54,苏州,个体经营,10万以下,2020-08-17,41283.47,R1,普通,1
C005808,55-64,苏州,公务员,10-30万,2022-12-04,110884.03,R2,银卡,1
C005809,18-24,深圳,公务员,10-30万,2018-05-24,131568.24,R2,银卡,1
C005810,45-54,南通,专业技术,50万以上,2021-10-16,1174670.16,R1,金卡,1
C005811,35-44,苏州,其他,10万以下,2020-03-15,13817.29,R3,普通,1
C005812,18-24,苏州,公务员,30-50万,2023-08-11,474794.69,R3,银卡,0
C005813,45-54,苏州,企业职员,10-30万,2020-10-27,142712.45,R1,普通,1
C005814,45-54,上海,退休,10-30万,2021-12-28,103921.44,R2,钻石,1
C005815,35-44,南通,个体经营,10-30万,2018-10-30,201422.01,R2,普通,1
C005816,55-64,徐州,其他,50万以上,2019-10-27,1045675.88,R5,普通,1
C005817,25-34,常州,退休,10-30万,2018-10-14,49491.43,R3,银卡,1
C005818,25-34,南京,公务员,30-50万,2022-07-11,282282.01,R2,银卡,0
C005819,35-44,上海,退休,10万以下,2020-06-09,13883.87,R5,银卡,1
C005820,35-44,上海,企业职员,30-50万,2020-08-08,473656.67,R2,普通,1
C005821,45-54,南京,个体经营,50万以上,2022-11-26,1029863.4,R2,金卡,1
C005822,55-64,徐州,企业职员,50万以上,2022-06-11,2454221.75,R5,普通,1
C005823,45-54,北京,退休,10-30万,2020-05-08,194297.63,R3,普通,1
C005824,25-34,南通,退休,30-50万,2023-07-13,251886.23,R3,金卡,1
C005825,35-44,徐州,其他,10万以下,2022-01-02,20028.25,R3,普通,1
C005826,25-34,上海,企业职员,10-30万,2019-12-13,156759.31,R5,银卡,1
C005827,45-54,苏州,其他,10-30万,2019-05-08,195862.26,R1,普通,1
C005828,25-34,南京,退休,10-30万,2020-11-12,43867.84,R2,普通,1
C005829,35-44,常州,其他,10-30万,2020-05-20,138148.22,R2,普通,0
C005830,55-64,苏州,个体经营,10万以下,2019-06-11,9998.17,R5,普通,1
C005831,45-54,上海,专业技术,10万以下,2023-01-09,22804.08,R1,普通,1
C005832,25-34,上海,个体经营,10万以下,2020-04-29,51832.94,R1,普通,1
C005833,35-44,南京,退休,10-30万,2019-12-26,540436.32,R2,银卡,1
C005834,45-54,深圳,退休,30-50万,2019-06-30,354976.87,R1,普通,1
C005835,35-44,北京,公务员,30-50万,2020-10-01,214413.55,R3,普通,1
C005836,25-34,南京,公务员,30-50万,2023-06-26,309425.84,R2,普通,0
C005837,55-64,常州,其他,30-50万,2024-02-10,413434.62,R4,普通,1
C005838,35-44,南京,退休,10-30万,2020-09-17,85830.22,R3,普通,0
C005839,35-44,深圳,企业职员,10-30万,2022-09-30,75571.55,R2,银卡,1
C005840,25-34,南通,企业职员,10-30万,2022-03-15,96937.53,R4,普通,1
C005841,35-44,上海,退休,10万以下,2021-08-19,36561.14,R1,钻石,1
C005842,35-44,深圳,退休,10-30万,2019-12-02,110254.05,R3,银卡,1
C005843,25-34,上海,公务员,30-50万,2022-04-13,257408.2,R3,钻石,1
C005844,35-44,北京,其他,10-30万,2020-12-02,85837.89,R2,普通,1
C005845,35-44,苏州,企业职员,30-50万,2021-06-01,325230.86,R1,普通,0
C005846,55-64,苏州,企业职员,10万以下,2024-02-02,18201.14,R3,普通,1
C005847,65+,无锡,专业技术,30-50万,2020-04-01,280870.03,R3,普通,1
C005848,25-34,北京,专业技术,10万以下,2021-03-15,41389.01,R3,金卡,0
C005849,25-34,南京,公务员,30-50万,2023-02-01,356489.24,R2,普通,1
C005850,55-64,无锡,专业技术,10万以下,2019-12-07,12484.08,R1,普通,1
C005851,65+,杭州,其他,10-30万,2023-10-25,200330.02,R5,银卡,0
C005852,55-64,南京,企业职员,10-30万,2022-10-31,147798.77,R1,普通,1
C005853,18-24,徐州,退休,10万以下,2022-12-23,15023.73,R5,普通,1
C005854,25-34,南京,专业技术,10-30万,2020-06-22,99963.21,R3,普通,1
C005855,18-24,南京,其他,10万以下,2018-06-15,20189.2,R3,普通,1
C005856,55-64,苏州,公务员,10-30万,2019-05-08,168333.07,R2,银卡,1
C005857,45-54,杭州,退休,50万以上,2023-08-01,1245626.97,R4,普通,1
C005858,35-44,南京,退休,10-30万,2024-01-09,115712.08,R4,金卡,0
C005859,35-44,无锡,个体经营,10-30万,2019-08-31,109168.72,R3,普通,1
C005860,25-34,上海,专业技术,30-50万,2020-12-07,190832.73,R3,普通,0
C005861,45-54,无锡,退休,10-30万,2022-04-03,242303.2,R3,普通,0
C005862,18-24,常州,个体经营,30-50万,2019-01-26,557035.84,R1,银卡,1
C005863,45-54,常州,专业技术,10-30万,2023-05-05,82582.68,R5,普通,1
C005864,45-54,北京,退休,10-30万,2023-08-27,132081.97,R1,普通,1
C005865,45-54,北京,公务员,10万以下,2021-05-28,48825.68,R3,普通,0
C005866,35-44,南京,退休,10万以下,2022-10-17,30847.88,R2,普通,1
C005867,55-64,上海,专业技术,10-30万,2023-01-06,261352.18,R3,金卡,1
C005868,45-54,南通,公务员,30-50万,2020-08-23,1720533.97,R3,银卡,1
C005869,25-34,苏州,其他,10万以下,2022-07-31,28166.59,R3,普通,1
C005870,25-34,常州,企业职员,50万以上,2020-11-21,1120976.56,R1,普通,1
C005871,45-54,北京,专业技术,10-30万,2020-12-31,73170.12,R2,普通,1
C005872,25-34,上海,公务员,10-30万,2019-08-21,39674.33,R1,银卡,1
C005873,25-34,南通,退休,30-50万,2018-07-15,746605.6,R5,普通,1
C005874,25-34,南京,其他,30-50万,2020-08-17,335196.74,R1,金卡,1
C005875,25-34,徐州,专业技术,10-30万,2022-09-08,185892.7,R5,普通,1
C005876,35-44,常州,个体经营,10万以下,2020-12-12,51388.97,R1,普通,1
C005877,45-54,无锡,专业技术,10万以下,2021-07-05,17473.97,R4,金卡,1
C005878,25-34,深圳,公务员,10万以下,2021-09-10,18836.38,R3,普通,1
C005879,45-54,深圳,企业职员,30-50万,2022-05-04,957004.4,R4,普通,1
C005880,25-34,深圳,个体经营,10-30万,2023-12-11,115868.88,R3,金卡,1
C005881,25-34,上海,专业技术,10-30万,2022-12-06,86258.45,R3,金卡,1
C005882,25-34,南通,个体经营,10万以下,2020-11-08,17789.54,R3,钻石,1
C005883,55-64,苏州,企业职员,10-30万,2023-12-28,111805.85,R2,银卡,0
C005884,65+,深圳,个体经营,10-30万,2023-06-22,255044.73,R5,普通,0
C005885,35-44,无锡,其他,10-30万,2020-12-24,169052.74,R3,普通,0
C005886,18-24,南京,个体经营,10-30万,2018-06-02,131416.66,R2,普通,1
C005887,25-34,南京,个体经营,50万以上,2023-05-30,3319205.94,R2,普通,1
C005888,25-34,杭州,公务员,30-50万,2023-12-11,803801.32,R3,金卡,0
C005889,55-64,苏州,个体经营,10-30万,2022-04-23,141819.18,R4,普通,1
C005890,25-34,上海,公务员,10万以下,2023-12-17,120212.04,R4,金卡,1
C005891,65+,徐州,其他,50万以上,2019-01-07,1325452.0,R2,普通,1
C005892,45-54,苏州,退休,30-50万,2019-09-03,692618.12,R3,普通,1
C005893,35-44,杭州,退休,30-50万,2023-09-18,328641.09,R1,普通,1
C005894,55-64,杭州,专业技术,10-30万,2023-10-22,188465.69,R2,普通,1
C005895,18-24,南京,公务员,10万以下,2021-02-26,26496.27,R4,普通,0
C005896,45-54,南京,退休,30-50万,2021-12-22,503784.55,R1,普通,1
C005897,25-34,南通,其他,10-30万,2020-03-28,396453.87,R2,银卡,0
C005898,55-64,苏州,公务员,10-30万,2018-10-30,193140.45,R1,普通,1
C005899,35-44,苏州,其他,10-30万,2022-05-27,152309.14,R1,普通,1
C005900,18-24,北京,其他,10-30万,2019-09-02,81462.3,R1,普通,0
C005901,55-64,南京,企业职员,10-30万,2022-05-30,131842.25,R1,普通,0
C005902,18-24,常州,企业职员,10-30万,2023-01-05,72493.04,R3,金卡,1
C005903,25-34,苏州,个体经营,10-30万,2018-07-27,186975.93,R4,金卡,1
C005904,55-64,苏州,退休,10-30万,2022-11-26,184644.17,R1,普通,1
C005905,35-44,无锡,专业技术,10万以下,2023-07-21,27422.93,R4,普通,1
C005906,55-64,苏州,退休,50万以上,2020-11-06,3446058.46,R3,普通,1
C005907,45-54,上海,退休,10-30万,2020-10-29,256964.97,R1,银卡,1
C005908,45-54,杭州,公务员,10-30万,2021-06-26,129323.24,R2,普通,1
C005909,25-34,常州,专业技术,10-30万,2023-11-22,159213.7,R1,银卡,1
C005910,25-34,北京,企业职员,10-30万,2023-09-18,89412.74,R4,普通,0
C005911,65+,南京,企业职员,10-30万,2019-11-08,104731.66,R3,银卡,1
C005912,25-34,常州,退休,10万以下,2023-06-17,17499.87,R2,普通,0
C005913,35-44,杭州,其他,30-50万,2022-10-02,314912.89,R1,普通,0
C005914,25-34,徐州,专业技术,10万以下,2019-07-31,28474.33,R1,普通,1
C005915,25-34,深圳,退休,50万以上,2022-05-18,653953.84,R3,银卡,0
C005916,45-54,南通,其他,10-30万,2022-05-04,160116.03,R1,银卡,0
C005917,55-64,深圳,企业职员,10万以下,2018-11-24,50011.93,R3,普通,1
C005918,45-54,南京,退休,10-30万,2019-08-09,119525.88,R3,普通,1
C005919,55-64,南京,专业技术,10-30万,2020-02-24,31151.76,R3,银卡,1
C005920,25-34,苏州,其他,50万以上,2023-04-10,1321766.01,R1,普通,1
C005921,35-44,杭州,公务员,30-50万,2022-09-14,199292.07,R2,银卡,0
C005922,18-24,南京,专业技术,10-30万,2020-10-21,88471.66,R2,银卡,1
C005923,45-54,苏州,其他,10-30万,2019-05-13,248007.72,R4,普通,1
C005924,25-34,深圳,个体经营,50万以上,2021-05-16,444070.73,R2,银卡,0
C005925,35-44,徐州,公务员,10-30万,2019-12-08,79783.0,R2,金卡,0
C005926,25-34,无锡,其他,10-30万,2022-06-13,181685.39,R1,钻石,1
C005927,55-64,南京,企业职员,10-30万,2022-03-19,84481.17,R3,普通,1
C005928,55-64,上海,退休,10-30万,2020-10-01,81310.62,R3,金卡,1
C005929,55-64,北京,其他,30-50万,2020-12-31,1105074.06,R3,普通,1
C005930,18-24,上海,企业职员,10-30万,2023-09-01,144993.0,R3,普通,0
C005931,65+,南京,个体经营,30-50万,2022-01-28,638177.05,R4,普通,1
C005932,25-34,常州,专业技术,10-30万,2019-04-04,153672.94,R4,普通,0
C005933,25-34,无锡,企业职员,10-30万,2021-03-15,130104.82,R2,普通,1
C005934,25-34,北京,企业职员,10-30万,2019-12-09,225767.16,R1,金卡,1
C005935,25-34,上海,公务员,30-50万,2019-06-09,1037052.52,R4,普通,1
C005936,35-44,杭州,其他,10-30万,2022-09-08,51714.25,R3,普通,1
C005937,25-34,无锡,个体经营,30-50万,2023-01-01,392998.53,R5,金卡,0
C005938,35-44,南京,退休,10-30万,2020-12-02,117435.87,R3,普通,1
C005939,45-54,上海,专业技术,10-30万,2021-07-11,96819.96,R5,金卡,0
C005940,55-64,徐州,个体经营,30-50万,2018-12-25,653272.84,R1,钻石,1
C005941,45-54,南京,企业职员,30-50万,2023-04-26,454823.03,R3,普通,0
C005942,45-54,上海,其他,10-30万,2021-11-14,314262.36,R3,普通,0
C005943,25-34,南京,专业技术,30-50万,2024-02-15,693393.56,R1,普通,0
C005944,55-64,上海,个体经营,10万以下,2022-03-24,59355.73,R1,钻石,1
C005945,18-24,上海,个体经营,10万以下,2020-11-16,16471.23,R1,普通,1
C005946,25-34,南京,个体经营,30-50万,2019-08-09,267313.36,R1,普通,1
C005947,18-24,上海,其他,30-50万,2019-05-01,278555.92,R5,银卡,1
C005948,45-54,无锡,个体经营,10万以下,2024-05-29,58134.35,R5,银卡,1
C005949,35-44,常州,其他,50万以上,2019-03-01,924850.63,R4,银卡,1
C005950,45-54,深圳,企业职员,10-30万,2020-04-12,75077.77,R5,普通,1
C005951,35-44,北京,公务员,50万以上,2023-03-15,856233.12,R4,银卡,1
C005952,35-44,无锡,企业职员,30-50万,2023-02-12,1584427.08,R5,银卡,0
C005953,35-44,上海,其他,50万以上,2019-09-26,1397030.84,R1,普通,1
C005954,18-24,常州,专业技术,30-50万,2020-03-26,521343.2,R2,银卡,1
C005955,35-44,杭州,个体经营,50万以上,2023-03-05,848026.37,R4,普通,1
C005956,45-54,苏州,企业职员,10-30万,2021-10-11,193857.03,R2,普通,0
C005957,35-44,常州,企业职员,10万以下,2019-03-31,12358.75,R3,普通,1
C005958,18-24,南京,其他,10-30万,2024-04-17,73551.83,R3,普通,1
C005959,45-54,北京,其他,30-50万,2021-05-03,277487.97,R2,普通,1
C005960,25-34,北京,公务员,10万以下,2019-02-24,33469.45,R2,普通,1
C005961,18-24,苏州,退休,50万以上,2024-05-23,1008963.89,R3,普通,1
C005962,25-34,南通,公务员,10万以下,2021-02-14,64276.65,R3,银卡,1
C005963,35-44,无锡,其他,30-50万,2021-01-19,514438.57,R2,普通,1
C005964,25-34,南京,企业职员,10-30万,2022-07-12,85003.3,R3,金卡,0
C005965,45-54,南京,企业职员,30-50万,2021-03-02,658703.22,R2,普通,0
C005966,25-34,杭州,个体经营,50万以上,2020-03-06,1232226.66,R2,普通,1
C005967,45-54,苏州,公务员,10-30万,2022-09-15,89324.29,R3,普通,1
C005968,25-34,常州,退休,10-30万,2021-06-05,187804.13,R2,银卡,1
C005969,45-54,北京,其他,10万以下,2021-03-08,8800.29,R5,银卡,1
C005970,55-64,南京,其他,30-50万,2024-03-16,577595.09,R3,普通,1
C005971,35-44,南通,其他,30-50万,2023-02-19,280035.72,R5,普通,1
C005972,18-24,深圳,公务员,10万以下,2020-07-01,20986.8,R4,普通,1
C005973,35-44,杭州,企业职员,10万以下,2021-06-21,79859.26,R4,普通,1
C005974,65+,南京,公务员,10-30万,2018-07-30,92008.9,R3,普通,1
C005975,65+,南京,退休,10万以下,2019-04-18,48383.3,R3,银卡,1
C005976,25-34,上海,企业职员,30-50万,2023-01-29,459935.8,R3,普通,1
C005977,45-54,南京,退休,10万以下,2018-05-30,36331.78,R3,金卡,1
C005978,35-44,南通,专业技术,50万以上,2019-03-21,1323386.5,R2,普通,1
C005979,25-34,苏州,退休,50万以上,2021-11-18,1289310.21,R2,普通,1
C005980,45-54,杭州,企业职员,50万以上,2020-09-03,3220250.99,R1,金卡,1
C005981,35-44,无锡,个体经营,10-30万,2022-09-24,191085.65,R3,普通,1
C005982,35-44,无锡,企业职员,10万以下,2023-12-12,23367.75,R1,金卡,1
C005983,55-64,杭州,企业职员,30-50万,2022-12-26,237110.55,R3,普通,1
C005984,35-44,南京,退休,30-50万,2020-01-08,298636.67,R1,普通,1
C005985,45-54,南通,专业技术,50万以上,2020-12-23,2450305.58,R1,金卡,1
C005986,35-44,深圳,退休,10-30万,2021-10-03,216337.05,R3,普通,1
C005987,18-24,徐州,企业职员,10万以下,2021-07-09,39593.67,R4,普通,0
C005988,35-44,南京,公务员,50万以上,2019-08-20,668365.33,R2,普通,1
C005989,65+,北京,企业职员,30-50万,2020-03-22,583097.31,R4,普通,0
C005990,35-44,南京,专业技术,10万以下,2020-08-02,57569.13,R1,普通,1
C005991,25-34,无锡,专业技术,30-50万,2021-05-25,436261.93,R2,银卡,1
C005992,45-54,南京,退休,10万以下,2024-05-25,80729.08,R1,普通,1
C005993,65+,上海,企业职员,10-30万,2022-05-28,61992.07,R2,普通,1
C005994,55-64,苏州,企业职员,10-30万,2023-08-28,168999.46,R1,银卡,1
C005995,35-44,苏州,其他,10-30万,2019-10-02,72051.49,R1,银卡,0
C005996,35-44,无锡,专业技术,10万以下,2022-04-17,50930.82,R3,钻石,0
C005997,45-54,苏州,企业职员,10万以下,2022-12-10,40757.01,R3,金卡,0
C005998,55-64,上海,公务员,10-30万,2021-07-06,295352.53,R2,普通,1
C005999,55-64,常州,个体经营,10万以下,2021-07-11,38515.15,R4,普通,1
C006000,55-64,南通,个体经营,10-30万,2018-10-20,98051.1,R3,银卡,1
C006001,35-44,南京,退休,10-30万,2023-05-04,93874.3,R2,普通,1
C006002,25-34,北京,个体经营,30-50万,2019-06-19,352967.48,R2,普通,1
C006003,35-44,苏州,专业技术,10-30万,2023-02-12,92956.32,R2,金卡,1
C006004,25-34,无锡,退休,10万以下,2019-08-03,58835.88,R4,普通,1
C006005,18-24,苏州,企业职员,10万以下,2021-03-04,56770.48,R3,普通,0
C006006,35-44,深圳,个体经营,30-50万,2021-03-01,189271.18,R1,普通,1
C006007,45-54,南通,公务员,30-50万,2020-03-03,407746.08,R2,普通,1
C006008,55-64,南京,退休,50万以上,2023-11-09,1547608.55,R2,普通,1
C006009,55-64,南京,企业职员,50万以上,2019-08-13,1014927.79,R2,钻石,1
C006010,55-64,常州,公务员,10-30万,2019-12-04,149398.43,R3,普通,1
C006011,45-54,南京,专业技术,30-50万,2023-03-22,830385.43,R5,普通,1
C006012,45-54,南通,专业技术,10-30万,2023-11-23,187428.27,R2,普通,1
C006013,18-24,苏州,企业职员,30-50万,2020-01-22,784462.48,R2,普通,1
C006014,45-54,苏州,其他,50万以上,2023-11-12,1047316.51,R1,普通,0
C006015,25-34,上海,企业职员,30-50万,2020-12-03,407368.6,R2,普通,1
C006016,18-24,常州,个体经营,10-30万,2022-11-17,81831.96,R3,银卡,1
C006017,25-34,南京,企业职员,10-30万,2020-02-03,135261.07,R5,普通,1
C006018,55-64,无锡,专业技术,10万以下,2018-11-10,35372.08,R3,普通,1
C006019,45-54,北京,个体经营,10-30万,2019-05-07,193913.22,R1,银卡,1
C006020,65+,杭州,退休,30-50万,2019-11-25,771402.64,R4,普通,1
C006021,65+,上海,专业技术,30-50万,2020-07-18,564507.19,R4,普通,1
C006022,55-64,杭州,其他,10万以下,2023-12-15,19513.62,R1,普通,1
C006023,25-34,南京,企业职员,30-50万,2018-09-11,203441.44,R5,普通,1
C006024,55-64,南京,专业技术,10-30万,2018-11-18,155633.17,R3,普通,1
C006025,55-64,南京,个体经营,10-30万,2024-01-15,254106.2,R4,普通,1
C006026,55-64,南京,专业技术,10-30万,2019-09-12,118521.67,R2,普通,1
C006027,25-34,杭州,其他,10-30万,2023-10-09,55912.89,R2,普通,1
C006028,25-34,南京,其他,30-50万,2020-10-11,1134381.13,R4,普通,1
C006029,65+,常州,其他,30-50万,2022-11-29,510896.4,R2,银卡,1
C006030,25-34,苏州,其他,30-50万,2023-08-26,435735.46,R5,普通,1
C006031,35-44,杭州,退休,10-30万,2023-01-11,66920.55,R1,普通,0
C006032,35-44,杭州,其他,10-30万,2022-06-27,120976.93,R2,金卡,0
C006033,25-34,上海,退休,10万以下,2022-04-24,42293.76,R3,银卡,0
C006034,18-24,无锡,企业职员,10-30万,2022-08-09,154315.95,R3,普通,0
C006035,65+,北京,其他,10-30万,2021-08-17,85417.26,R2,普通,1
C006036,55-64,北京,退休,10-30万,2020-07-23,116624.47,R3,钻石,1
C006037,55-64,徐州,其他,50万以上,2021-08-15,1102369.28,R3,银卡,1
C006038,25-34,徐州,公务员,10-30万,2020-11-15,275771.48,R3,普通,0
C006039,25-34,苏州,专业技术,30-50万,2022-02-05,625719.09,R2,普通,1
C006040,35-44,上海,个体经营,10-30万,2022-09-30,92325.86,R3,金卡,1
C006041,35-44,北京,企业职员,10-30万,2023-07-11,66903.88,R3,普通,0
C006042,18-24,苏州,专业技术,30-50万,2022-07-17,459607.14,R4,普通,0
C006043,45-54,苏州,公务员,30-50万,2023-04-05,312641.09,R3,普通,1
C006044,65+,苏州,企业职员,30-50万,2021-04-17,324508.33,R3,普通,1
C006045,35-44,深圳,公务员,30-50万,2020-06-21,226752.13,R1,普通,1
C006046,35-44,南通,退休,10万以下,2019-04-29,18092.42,R1,银卡,0
C006047,35-44,深圳,退休,50万以上,2022-08-22,1627101.46,R2,普通,1
C006048,25-34,徐州,公务员,50万以上,2023-08-28,1312620.98,R3,普通,1
C006049,25-34,苏州,个体经营,10-30万,2019-07-04,418111.83,R4,金卡,0
C006050,35-44,南通,退休,10万以下,2020-01-17,40379.58,R5,普通,1
C006051,35-44,南京,个体经营,10-30万,2022-07-05,67467.38,R3,普通,0
C006052,35-44,无锡,个体经营,30-50万,2018-06-02,185609.76,R3,普通,0
C006053,55-64,无锡,其他,50万以上,2020-07-20,1830429.8,R3,普通,0
C006054,25-34,南通,企业职员,30-50万,2019-11-25,328005.7,R2,普通,0
C006055,18-24,无锡,退休,10-30万,2022-04-20,233511.01,R3,银卡,0
C006056,18-24,无锡,专业技术,10万以下,2021-10-03,34540.39,R2,银卡,1
C006057,25-34,北京,个体经营,10-30万,2022-04-24,44533.05,R2,普通,1
C006058,35-44,南京,退休,10-30万,2020-01-04,72080.21,R4,普通,1
C006059,55-64,北京,公务员,10万以下,2019-07-05,21403.54,R3,普通,1
C006060,55-64,常州,专业技术,10万以下,2019-03-26,37420.39,R1,普通,1
C006061,45-54,徐州,公务员,10万以下,2022-05-31,17722.25,R3,钻石,1
C006062,35-44,南京,退休,10万以下,2019-10-15,32382.11,R5,普通,1
C006063,25-34,南京,个体经营,30-50万,2020-04-19,205077.84,R1,普通,1
C006064,35-44,上海,退休,10-30万,2024-05-03,120371.7,R5,普通,1
C006065,35-44,北京,专业技术,10-30万,2019-08-17,144388.09,R5,普通,1
C006066,55-64,常州,企业职员,10-30万,2023-08-16,249197.79,R3,普通,0
C006067,35-44,南京,专业技术,50万以上,2023-08-23,1695966.56,R2,普通,0
C006068,25-34,杭州,企业职员,30-50万,2023-10-09,265893.83,R1,普通,1
C006069,25-34,北京,退休,10-30万,2021-02-08,253153.06,R1,银卡,0
C006070,25-34,上海,公务员,30-50万,2024-03-22,364992.03,R2,普通,1
C006071,55-64,南京,其他,30-50万,2021-05-17,588895.02,R4,普通,1
C006072,18-24,无锡,公务员,10-30万,2020-02-11,88326.83,R5,钻石,0
C006073,18-24,北京,个体经营,10-30万,2021-03-10,125572.2,R1,银卡,1
C006074,25-34,南京,专业技术,10-30万,2022-10-21,80387.43,R3,普通,0
C006075,55-64,南京,企业职员,10-30万,2022-05-28,140980.52,R3,普通,1
C006076,35-44,上海,公务员,10-30万,2020-01-25,179361.94,R2,普通,0
C006077,45-54,南通,其他,10万以下,2022-05-16,23424.86,R3,银卡,1
C006078,35-44,南京,个体经营,10-30万,2020-05-27,91102.73,R4,普通,1
C006079,18-24,徐州,退休,10-30万,2020-04-10,143437.71,R2,银卡,1
C006080,55-64,北京,个体经营,10-30万,2021-04-06,79438.55,R1,普通,1
C006081,25-34,杭州,公务员,10-30万,2022-03-05,56177.7,R3,普通,0
C006082,18-24,南京,专业技术,10万以下,2024-01-21,35794.55,R1,普通,1
C006083,35-44,北京,企业职员,10-30万,2019-12-07,113709.07,R5,银卡,1
C006084,25-34,徐州,其他,10-30万,2022-07-30,112512.24,R5,银卡,1
C006085,25-34,苏州,退休,30-50万,2021-09-04,519049.76,R1,普通,1
C006086,55-64,南京,退休,10-30万,2024-04-02,166978.81,R3,普通,1
C006087,35-44,深圳,企业职员,10万以下,2019-12-12,27679.62,R4,普通,1
C006088,25-34,南京,公务员,10万以下,2018-12-07,17113.42,R2,普通,1
C006089,35-44,南京,个体经营,10-30万,2019-02-15,87199.48,R2,普通,1
C006090,45-54,上海,个体经营,10万以下,2022-07-23,40192.46,R5,普通,1
C006091,18-24,上海,企业职员,10-30万,2023-11-18,128469.7,R2,金卡,1
C006092,25-34,苏州,企业职员,10-30万,2023-11-05,91159.62,R3,钻石,1
C006093,45-54,上海,专业技术,50万以上,2022-02-15,1013360.33,R1,普通,1
C006094,45-54,上海,个体经营,10-30万,2024-05-26,163433.0,R2,银卡,0
C006095,65+,杭州,公务员,10万以下,2023-05-04,26852.83,R4,普通,1
C006096,35-44,上海,专业技术,10-30万,2020-09-24,174836.3,R3,银卡,0
C006097,18-24,南京,其他,30-50万,2024-02-29,620876.66,R3,普通,1
C006098,35-44,北京,其他,10万以下,2020-09-03,25656.0,R1,普通,1
C006099,45-54,南通,其他,50万以上,2019-03-10,2411596.2,R4,普通,1
C006100,25-34,无锡,公务员,10-30万,2018-06-04,128598.69,R2,普通,1
C006101,35-44,南京,公务员,10万以下,2018-07-25,34297.64,R3,银卡,1
C006102,25-34,南通,公务员,10万以下,2022-09-05,10042.47,R2,普通,1
C006103,55-64,南京,公务员,50万以上,2020-07-11,923120.46,R3,银卡,1
C006104,55-64,南通,企业职员,50万以上,2024-02-19,948491.86,R3,金卡,0
C006105,35-44,南京,公务员,30-50万,2022-12-24,341086.87,R2,普通,1
C006106,65+,上海,专业技术,10-30万,2019-09-21,127060.99,R3,普通,1
C006107,65+,南京,公务员,30-50万,2023-03-08,432287.0,R2,银卡,1
C006108,25-34,南通,其他,10万以下,2022-07-31,34607.52,R3,普通,0
C006109,35-44,徐州,其他,10-30万,2021-12-11,85201.53,R3,普通,0
C006110,45-54,无锡,个体经营,10-30万,2022-06-04,169554.3,R4,普通,1
C006111,25-34,北京,个体经营,50万以上,2019-12-18,3706578.93,R1,普通,0
C006112,35-44,常州,个体经营,10-30万,2018-12-12,100567.52,R1,普通,1
C006113,25-34,上海,公务员,10-30万,2021-03-04,86112.77,R1,普通,1
C006114,65+,无锡,企业职员,10万以下,2020-12-13,21296.26,R1,普通,1
C006115,35-44,杭州,个体经营,10-30万,2020-01-03,125239.22,R3,银卡,1
C006116,45-54,北京,专业技术,10万以下,2022-01-02,23064.99,R2,金卡,0
C006117,35-44,无锡,公务员,30-50万,2021-09-05,168392.97,R1,金卡,0
C006118,25-34,深圳,公务员,10万以下,2018-09-09,14480.77,R2,普通,1
C006119,55-64,南京,专业技术,10-30万,2022-02-04,199853.94,R3,银卡,1
C006120,18-24,杭州,企业职员,10万以下,2022-10-26,56945.48,R3,银卡,0
C006121,18-24,常州,退休,10-30万,2024-04-15,267050.17,R2,普通,1
C006122,35-44,南京,退休,10万以下,2024-04-14,33594.07,R5,普通,0
C006123,45-54,徐州,其他,10-30万,2019-10-14,73115.4,R1,普通,1
C006124,35-44,南京,企业职员,10-30万,2023-01-10,96397.83,R3,普通,1
C006125,18-24,北京,退休,10-30万,2019-12-16,56928.6,R2,金卡,1
C006126,25-34,杭州,企业职员,50万以上,2024-02-24,698038.59,R4,普通,1
C006127,25-34,徐州,退休,10-30万,2019-08-17,136336.09,R1,普通,0
C006128,18-24,苏州,公务员,10-30万,2021-12-16,157118.06,R5,银卡,1
C006129,35-44,深圳,退休,50万以上,2019-07-02,3993435.49,R3,银卡,1
C006130,25-34,杭州,企业职员,10万以下,2019-05-30,28779.13,R3,普通,1
C006131,25-34,上海,退休,30-50万,2020-12-23,202866.3,R3,普通,1
C006132,45-54,无锡,专业技术,50万以上,2018-07-17,1411291.04,R2,银卡,1
C006133,45-54,常州,企业职员,30-50万,2018-09-20,347315.97,R1,普通,1
C006134,25-34,苏州,公务员,10-30万,2020-03-13,93866.72,R4,普通,0
C006135,35-44,杭州,个体经营,30-50万,2021-06-14,475011.65,R4,钻石,0
C006136,25-34,苏州,退休,10-30万,2018-11-02,65382.55,R1,银卡,0
C006137,65+,苏州,退休,10-30万,2018-07-30,128105.28,R1,普通,1
C006138,25-34,南京,专业技术,50万以上,2021-12-15,2077669.31,R2,金卡,1
C006139,25-34,无锡,退休,10万以下,2022-06-18,61011.74,R3,普通,1
C006140,35-44,徐州,个体经营,30-50万,2022-08-05,467150.97,R3,普通,1
C006141,25-34,杭州,公务员,10-30万,2018-10-13,202158.48,R3,银卡,0
C006142,25-34,北京,公务员,10万以下,2023-06-27,24028.71,R1,普通,0
C006143,25-34,南京,退休,10-30万,2024-05-25,103063.63,R4,普通,1
C006144,45-54,南京,退休,30-50万,2021-05-26,784767.95,R1,普通,0
C006145,45-54,无锡,其他,10-30万,2018-09-08,60442.92,R2,普通,0
C006146,45-54,杭州,专业技术,30-50万,2022-06-12,326978.49,R5,普通,1
C006147,45-54,北京,专业技术,10-30万,2021-05-18,210969.78,R3,银卡,1
C006148,35-44,南京,退休,50万以上,2023-10-08,1349736.31,R3,银卡,1
C006149,55-64,苏州,其他,10-30万,2019-06-23,104031.19,R4,金卡,1
C006150,45-54,北京,专业技术,30-50万,2018-10-20,350303.0,R1,金卡,0
C006151,55-64,南通,退休,10万以下,2020-08-05,31809.76,R1,金卡,1
C006152,45-54,无锡,退休,10-30万,2023-09-02,206548.17,R1,普通,0
C006153,35-44,苏州,专业技术,50万以上,2023-10-29,2381143.58,R2,普通,1
C006154,25-34,南京,专业技术,10万以下,2019-12-17,30172.35,R3,银卡,0
C006155,35-44,南京,退休,10-30万,2023-08-23,207200.31,R3,金卡,1
C006156,25-34,上海,退休,30-50万,2024-01-03,474547.17,R2,银卡,1
C006157,35-44,上海,专业技术,30-50万,2019-01-20,614632.56,R4,银卡,1
C006158,18-24,无锡,专业技术,30-50万,2021-03-29,239195.17,R2,银卡,1
C006159,18-24,南通,公务员,30-50万,2020-10-30,954073.69,R1,普通,1
C006160,65+,南京,其他,50万以上,2020-05-08,1674595.49,R2,普通,1
C006161,45-54,南京,企业职员,10-30万,2022-05-04,30366.41,R3,普通,1
C006162,35-44,南京,其他,10-30万,2023-01-02,275133.2,R2,银卡,1
C006163,35-44,南京,个体经营,30-50万,2021-04-15,401012.26,R5,普通,0
C006164,35-44,深圳,公务员,30-50万,2023-12-17,328230.98,R4,普通,1
C006165,55-64,苏州,公务员,10万以下,2022-08-21,22161.48,R4,普通,1
C006166,45-54,南京,退休,10-30万,2020-11-03,149491.97,R3,普通,1
C006167,45-54,杭州,公务员,10-30万,2018-09-26,76960.88,R3,普通,1
C006168,35-44,无锡,企业职员,30-50万,2020-10-13,299768.74,R4,金卡,1
C006169,35-44,南京,个体经营,10-30万,2019-11-21,91017.58,R3,金卡,1
C006170,45-54,苏州,其他,30-50万,2022-07-15,345620.39,R2,普通,0
C006171,65+,南京,其他,30-50万,2024-01-27,309160.46,R1,普通,0
C006172,35-44,南京,个体经营,10万以下,2022-02-24,45952.33,R4,普通,0
C006173,35-44,上海,专业技术,10-30万,2020-04-02,137417.38,R2,普通,1
C006174,35-44,无锡,个体经营,10-30万,2024-02-21,146058.92,R4,银卡,1
C006175,35-44,南京,个体经营,10万以下,2019-03-14,40711.01,R5,银卡,1
C006176,65+,杭州,企业职员,10-30万,2022-08-20,114542.35,R2,普通,1
C006177,45-54,南京,企业职员,10-30万,2020-04-10,72048.33,R2,普通,1
C006178,35-44,无锡,其他,30-50万,2019-02-06,986388.99,R1,金卡,1
C006179,35-44,南京,其他,10-30万,2020-09-24,190806.36,R2,普通,1
C006180,35-44,南京,其他,10万以下,2023-05-21,67195.81,R3,金卡,1
C006181,18-24,南通,其他,10-30万,2022-11-16,201292.88,R2,普通,1
C006182,35-44,南京,个体经营,30-50万,2021-08-06,317754.43,R3,普通,1
C006183,55-64,南京,企业职员,10-30万,2018-07-09,37095.76,R3,普通,1
C006184,45-54,常州,公务员,10-30万,2020-05-03,64906.22,R2,普通,1
C006185,25-34,杭州,退休,50万以上,2020-09-13,2062102.58,R1,普通,1
C006186,45-54,常州,退休,10万以下,2019-07-31,28511.95,R2,普通,1
C006187,45-54,南京,其他,10-30万,2023-07-25,97277.41,R4,普通,0
C006188,25-34,苏州,公务员,10-30万,2023-12-05,34457.1,R2,普通,0
C006189,45-54,无锡,个体经营,30-50万,2020-11-25,397383.14,R1,普通,1
C006190,45-54,苏州,其他,30-50万,2020-11-06,232892.1,R2,普通,0
C006191,55-64,苏州,其他,10万以下,2022-11-12,20884.48,R3,普通,0
C006192,25-34,常州,公务员,30-50万,2020-08-20,611868.01,R3,普通,0
C006193,25-34,深圳,其他,30-50万,2023-06-30,239102.8,R2,银卡,0
C006194,35-44,杭州,专业技术,30-50万,2023-03-24,250790.99,R3,普通,1
C006195,18-24,南京,其他,50万以上,2019-01-12,1645847.21,R3,金卡,1
C006196,35-44,上海,企业职员,30-50万,2024-03-25,618715.52,R4,普通,1
C006197,55-64,无锡,专业技术,10万以下,2021-01-20,24528.71,R3,银卡,1
C006198,25-34,杭州,其他,10-30万,2019-05-01,249909.65,R3,普通,1
C006199,35-44,徐州,其他,50万以上,2020-02-14,791465.11,R1,金卡,1
C006200,65+,上海,专业技术,10-30万,2021-10-06,58001.21,R2,普通,1
C006201,35-44,无锡,企业职员,10-30万,2022-07-10,55581.41,R4,金卡,1
C006202,35-44,上海,其他,50万以上,2024-01-19,656635.13,R1,金卡,1
C006203,35-44,南通,企业职员,30-50万,2023-09-01,473304.54,R2,普通,1
C006204,25-34,徐州,公务员,30-50万,2020-12-07,245321.57,R3,普通,1
C006205,25-34,南通,其他,30-50万,2021-03-26,197624.42,R4,普通,1
C006206,45-54,南京,专业技术,10万以下,2022-02-22,36273.8,R1,普通,1
C006207,35-44,常州,公务员,30-50万,2022-08-27,603918.45,R4,普通,1
C006208,25-34,南京,企业职员,50万以上,2023-12-07,2536776.82,R2,普通,0
C006209,18-24,南京,公务员,10万以下,2023-09-03,46471.52,R4,普通,1
C006210,55-64,常州,退休,10万以下,2022-09-08,18956.48,R4,普通,1
C006211,18-24,无锡,退休,30-50万,2018-11-07,459211.11,R3,普通,1
C006212,45-54,南京,企业职员,10-30万,2022-06-12,153842.22,R4,普通,0
C006213,35-44,南京,其他,10万以下,2023-09-20,23659.29,R5,普通,1
C006214,45-54,常州,个体经营,10万以下,2020-12-14,32575.92,R4,普通,0
C006215,25-34,深圳,退休,10-30万,2023-08-27,64179.42,R3,普通,1
C006216,25-34,常州,退休,10-30万,2021-12-26,87679.81,R2,金卡,1
C006217,35-44,上海,企业职员,30-50万,2020-01-12,481717.67,R1,银卡,1
C006218,45-54,无锡,企业职员,10-30万,2023-10-09,254999.88,R2,钻石,1
C006219,25-34,南京,专业技术,30-50万,2018-11-09,711364.07,R3,普通,0
C006220,35-44,南京,退休,10万以下,2020-08-03,41746.96,R1,普通,1
C006221,35-44,无锡,其他,10-30万,2018-11-28,124878.56,R5,普通,1
C006222,25-34,北京,退休,10-30万,2020-01-10,115570.01,R2,普通,0
C006223,35-44,苏州,专业技术,30-50万,2018-08-07,193962.45,R1,金卡,1
C006224,25-34,无锡,专业技术,50万以上,2021-05-11,987787.03,R2,普通,1
C006225,35-44,上海,个体经营,10-30万,2024-04-26,80323.67,R1,钻石,1
C006226,25-34,上海,专业技术,50万以上,2024-01-13,1999395.26,R1,金卡,0
C006227,35-44,南通,其他,10万以下,2023-04-24,48118.72,R3,普通,0
C006228,25-34,苏州,企业职员,10-30万,2023-10-17,173430.76,R2,普通,1
C006229,35-44,深圳,个体经营,30-50万,2019-07-20,722558.05,R4,普通,1
C006230,35-44,苏州,个体经营,10-30万,2018-09-22,124414.72,R2,银卡,0
C006231,55-64,苏州,公务员,50万以上,2020-09-02,917594.25,R3,普通,0
C006232,35-44,杭州,其他,10万以下,2023-04-11,29260.28,R3,普通,1
C006233,55-64,北京,专业技术,30-50万,2018-07-08,278396.4,R1,金卡,1
C006234,25-34,深圳,企业职员,10万以下,2022-07-25,41684.42,R1,银卡,1
C006235,35-44,常州,退休,10万以下,2019-02-07,25069.54,R4,金卡,1
C006236,18-24,杭州,其他,10-30万,2020-04-10,114231.37,R3,普通,1
C006237,35-44,南京,公务员,50万以上,2021-10-11,2121824.27,R1,银卡,1
C006238,45-54,北京,个体经营,10-30万,2019-08-24,82842.78,R3,银卡,1
C006239,55-64,上海,公务员,10-30万,2020-06-01,194314.9,R2,普通,0
C006240,35-44,无锡,企业职员,10万以下,2018-12-05,15293.06,R1,普通,1
C006241,45-54,苏州,个体经营,10万以下,2020-10-03,34969.38,R2,普通,1
C006242,25-34,上海,个体经营,10万以下,2022-01-13,28667.04,R3,普通,1
C006243,18-24,无锡,其他,30-50万,2023-11-05,604943.73,R2,银卡,1
C006244,55-64,深圳,专业技术,10万以下,2018-06-09,15089.67,R3,金卡,1
C006245,25-34,杭州,专业技术,10-30万,2019-09-19,55817.99,R1,钻石,1
C006246,25-34,杭州,其他,10-30万,2023-10-16,174602.84,R1,普通,1
C006247,65+,苏州,专业技术,10-30万,2020-10-05,98694.64,R2,银卡,1
C006248,65+,上海,退休,10-30万,2019-06-09,114673.7,R2,普通,1
C006249,45-54,上海,专业技术,10万以下,2020-03-14,21570.42,R4,普通,1
C006250,35-44,无锡,专业技术,10-30万,2022-10-11,189406.77,R3,金卡,0
C006251,55-64,南京,公务员,30-50万,2023-08-02,464551.61,R1,金卡,1
C006252,25-34,上海,其他,10万以下,2018-10-09,33836.14,R1,钻石,1
C006253,35-44,苏州,公务员,30-50万,2022-03-09,222884.64,R2,普通,1
C006254,35-44,南京,公务员,10万以下,2019-03-07,38549.77,R4,银卡,0
C006255,55-64,南京,个体经营,50万以上,2021-08-11,913345.22,R3,普通,0
C006256,55-64,苏州,个体经营,50万以上,2019-10-29,1079166.08,R4,银卡,1
C006257,45-54,常州,个体经营,10万以下,2022-12-14,15157.93,R2,普通,1
C006258,25-34,南京,退休,10-30万,2020-10-11,110965.68,R3,普通,0
C006259,35-44,南通,退休,10-30万,2021-01-15,204328.37,R3,钻石,1
C006260,25-34,北京,专业技术,30-50万,2023-02-15,448008.43,R3,普通,1
C006261,55-64,南通,公务员,10-30万,2020-04-24,96214.62,R2,金卡,1
C006262,25-34,常州,公务员,10-30万,2021-08-19,126730.77,R2,普通,0
C006263,18-24,苏州,退休,10万以下,2020-06-24,31595.17,R2,金卡,1
C006264,45-54,无锡,退休,10万以下,2024-03-16,31007.58,R5,金卡,1
C006265,35-44,南通,个体经营,10-30万,2023-09-04,131126.03,R2,普通,1
C006266,55-64,杭州,公务员,10-30万,2020-02-22,71342.67,R3,普通,0
C006267,18-24,北京,个体经营,30-50万,2018-06-01,421885.41,R5,银卡,1
C006268,55-64,无锡,专业技术,30-50万,2023-09-20,166307.81,R3,普通,1
C006269,18-24,南京,企业职员,10-30万,2024-04-06,160020.76,R3,普通,0
C006270,18-24,上海,其他,10-30万,2022-11-10,69138.87,R1,普通,1
C006271,35-44,深圳,退休,50万以上,2024-02-28,2702734.46,R3,普通,1
C006272,25-34,深圳,公务员,30-50万,2022-12-09,117783.29,R4,普通,1
C006273,45-54,深圳,退休,30-50万,2020-03-31,923967.61,R5,普通,1
C006274,18-24,苏州,退休,50万以上,2019-09-02,660904.96,R2,普通,1
C006275,18-24,杭州,专业技术,10-30万,2020-08-13,65859.55,R4,钻石,1
C006276,45-54,南京,其他,30-50万,2022-01-01,464514.64,R2,普通,1
C006277,25-34,南京,公务员,10-30万,2023-06-26,163505.93,R3,普通,1
C006278,45-54,上海,公务员,10万以下,2021-03-13,26036.64,R2,银卡,0
C006279,45-54,南京,其他,10-30万,2018-08-09,187502.99,R2,银卡,0
C006280,18-24,无锡,公务员,10-30万,2023-02-28,80577.11,R3,普通,1
C006281,45-54,南京,其他,10-30万,2021-02-23,98262.82,R3,普通,1
C006282,25-34,南京,其他,10万以下,2022-05-27,25794.43,R5,普通,1
C006283,35-44,南京,个体经营,30-50万,2022-04-05,305596.81,R2,钻石,1
C006284,25-34,南通,个体经营,10-30万,2021-05-01,45622.57,R4,金卡,1
C006285,55-64,苏州,其他,10-30万,2023-05-25,118529.07,R2,普通,1
C006286,35-44,南通,公务员,10万以下,2023-03-31,28323.56,R1,普通,1
C006287,35-44,徐州,个体经营,10-30万,2024-03-02,205733.81,R2,银卡,0
C006288,65+,南京,企业职员,10万以下,2020-04-05,15771.83,R3,金卡,1
C006289,35-44,杭州,个体经营,10-30万,2018-12-10,87163.71,R4,普通,1
C006290,55-64,南京,公务员,10-30万,2021-09-16,219036.28,R1,钻石,0
C006291,45-54,北京,公务员,30-50万,2020-09-05,463176.86,R2,银卡,1
C006292,65+,深圳,专业技术,10-30万,2018-06-28,157934.69,R3,普通,1
C006293,55-64,北京,退休,10-30万,2019-11-04,150536.95,R3,普通,1
C006294,65+,南通,退休,30-50万,2022-12-06,502904.54,R3,普通,0
C006295,25-34,上海,个体经营,10-30万,2019-09-29,298275.26,R4,银卡,1
C006296,55-64,南京,专业技术,30-50万,2022-01-11,418733.58,R2,普通,1
C006297,55-64,北京,企业职员,10万以下,2018-08-21,18093.01,R1,银卡,1
C006298,45-54,南京,公务员,10-30万,2018-11-05,165156.0,R1,金卡,1
C006299,25-34,南通,公务员,10万以下,2024-03-01,22599.36,R5,银卡,1
C006300,65+,常州,其他,10-30万,2019-01-29,113581.8,R3,普通,1
C006301,25-34,杭州,其他,50万以上,2022-12-20,1804991.01,R2,普通,1
C006302,35-44,上海,个体经营,10-30万,2021-07-01,79584.12,R4,普通,1
C006303,35-44,苏州,公务员,10-30万,2019-11-26,92976.28,R3,普通,1
C006304,25-34,南京,企业职员,10万以下,2023-09-03,38058.39,R2,银卡,1
C006305,45-54,杭州,专业技术,50万以上,2024-04-26,1140130.38,R1,普通,1
C006306,25-34,深圳,其他,10-30万,2021-12-14,195231.18,R4,普通,1
C006307,45-54,南京,专业技术,10万以下,2020-11-29,18322.29,R3,银卡,1
C006308,55-64,上海,个体经营,50万以上,2020-11-16,914573.83,R2,普通,1
C006309,35-44,常州,退休,10-30万,2018-09-05,311226.11,R2,金卡,1
C006310,45-54,苏州,个体经营,10-30万,2022-11-19,55833.75,R2,银卡,0
C006311,25-34,南京,公务员,10万以下,2020-02-16,29601.92,R3,普通,1
C006312,55-64,上海,退休,10万以下,2023-04-07,75712.2,R2,金卡,0
C006313,65+,南京,其他,30-50万,2021-09-15,394322.39,R2,普通,1
C006314,25-34,杭州,公务员,10-30万,2021-03-19,235303.71,R2,普通,0
C006315,45-54,苏州,其他,50万以上,2021-10-30,2078616.53,R5,普通,1
C006316,35-44,南通,专业技术,10万以下,2023-05-10,29892.17,R2,普通,0
C006317,35-44,苏州,公务员,10-30万,2023-04-09,112411.82,R2,银卡,1
C006318,45-54,上海,其他,30-50万,2019-02-24,138629.63,R2,金卡,0
C006319,35-44,南京,企业职员,10-30万,2018-09-09,102302.68,R3,银卡,1
C006320,45-54,苏州,公务员,10-30万,2023-12-20,134774.23,R4,普通,1
C006321,25-34,常州,个体经营,10-30万,2023-01-06,134736.79,R5,普通,1
C006322,35-44,南通,其他,10-30万,2018-06-20,411751.96,R3,普通,1
C006323,55-64,南通,其他,30-50万,2023-09-18,460329.98,R2,普通,1
C006324,25-34,南京,公务员,10-30万,2021-03-05,164443.07,R2,金卡,0
C006325,45-54,南京,企业职员,10-30万,2022-09-03,214857.14,R3,普通,1
C006326,25-34,苏州,其他,10-30万,2018-06-29,157235.14,R3,普通,1
C006327,55-64,南京,专业技术,10-30万,2019-12-06,114946.55,R2,银卡,0
C006328,35-44,苏州,个体经营,10万以下,2019-11-21,28806.58,R3,银卡,0
C006329,35-44,南京,企业职员,50万以上,2024-01-08,1258773.54,R2,钻石,0
C006330,25-34,常州,专业技术,10万以下,2023-06-30,37461.09,R3,钻石,1
C006331,35-44,南京,企业职员,10万以下,2019-08-18,27550.95,R2,普通,0
C006332,65+,无锡,专业技术,10-30万,2023-01-17,164015.34,R2,金卡,1
C006333,35-44,上海,企业职员,10万以下,2021-10-19,18113.43,R1,钻石,0
C006334,35-44,上海,公务员,10万以下,2023-10-09,32285.61,R2,金卡,1
C006335,45-54,南通,企业职员,10万以下,2024-04-13,65185.11,R1,金卡,1
C006336,35-44,南京,公务员,10万以下,2020-01-10,26812.97,R3,普通,1
C006337,35-44,常州,退休,10-30万,2023-05-07,301567.1,R3,普通,1
C006338,35-44,苏州,退休,30-50万,2023-05-26,434111.0,R3,金卡,1
C006339,25-34,南通,个体经营,10-30万,2019-05-04,116656.96,R2,普通,1
C006340,45-54,北京,退休,10-30万,2020-02-10,127205.13,R4,金卡,1
C006341,55-64,南通,其他,10-30万,2023-02-16,102696.71,R4,普通,1
C006342,55-64,深圳,企业职员,10-30万,2019-03-29,44576.81,R3,普通,1
C006343,55-64,南京,公务员,10-30万,2018-07-28,186341.16,R3,金卡,1
C006344,35-44,苏州,退休,10-30万,2021-12-08,359188.86,R4,普通,1
C006345,25-34,南京,专业技术,10-30万,2021-09-05,152582.64,R3,普通,1
C006346,45-54,南京,公务员,10-30万,2020-06-07,157299.59,R2,银卡,0
C006347,65+,南京,专业技术,10万以下,2023-07-13,27382.42,R3,普通,1
C006348,45-54,北京,专业技术,30-50万,2019-01-09,713626.06,R1,金卡,1
C006349,35-44,无锡,专业技术,50万以上,2023-08-30,1470833.58,R4,金卡,1
C006350,45-54,北京,专业技术,30-50万,2019-11-18,457178.82,R3,普通,0
C006351,45-54,杭州,企业职员,10万以下,2020-12-09,13716.36,R5,银卡,1
C006352,55-64,上海,退休,30-50万,2023-08-18,306983.38,R1,普通,0
C006353,45-54,北京,公务员,10-30万,2021-10-02,144195.25,R3,银卡,1
C006354,35-44,苏州,专业技术,10万以下,2022-08-27,47219.33,R3,普通,1
C006355,25-34,杭州,专业技术,50万以上,2018-10-08,2393926.68,R4,普通,0
C006356,35-44,上海,企业职员,30-50万,2021-03-10,181612.28,R4,金卡,1
C006357,35-44,南通,公务员,10万以下,2022-03-14,14329.32,R2,普通,0
C006358,65+,徐州,公务员,50万以上,2022-10-28,2008792.23,R5,金卡,1
C006359,35-44,北京,公务员,10万以下,2023-07-23,20651.61,R5,普通,1
C006360,35-44,北京,个体经营,10-30万,2021-05-14,187689.32,R5,金卡,1
C006361,35-44,南京,公务员,10万以下,2021-05-07,13278.06,R3,银卡,1
C006362,45-54,南京,专业技术,10万以下,2018-09-04,28559.58,R4,银卡,0
C006363,35-44,苏州,企业职员,50万以上,2020-07-06,1474540.92,R1,普通,0
C006364,25-34,杭州,公务员,10-30万,2021-09-08,152585.53,R2,银卡,1
C006365,55-64,南京,专业技术,10万以下,2022-03-04,17914.62,R1,普通,0
C006366,35-44,徐州,个体经营,30-50万,2022-11-03,149617.57,R3,银卡,1
C006367,35-44,无锡,个体经营,30-50万,2020-07-09,435764.05,R5,金卡,1
C006368,25-34,北京,企业职员,50万以上,2023-07-14,1951659.91,R3,银卡,1
C006369,35-44,杭州,公务员,50万以上,2024-05-18,2482317.47,R2,普通,0
C006370,45-54,常州,公务员,50万以上,2018-12-27,1253812.97,R4,金卡,1
C006371,55-64,无锡,企业职员,10-30万,2024-03-19,176855.42,R3,银卡,0
C006372,18-24,杭州,专业技术,10-30万,2023-01-12,152990.93,R2,银卡,1
C006373,65+,苏州,企业职员,50万以上,2021-01-19,2905680.6,R3,金卡,1
C006374,45-54,南通,其他,10万以下,2023-04-02,29180.58,R3,普通,0
C006375,25-34,北京,企业职员,10万以下,2020-05-18,12632.18,R3,普通,1
C006376,25-34,南通,公务员,10-30万,2021-02-04,116008.32,R4,普通,1
C006377,25-34,北京,专业技术,10万以下,2023-12-18,31356.54,R2,银卡,1
C006378,55-64,无锡,企业职员,10-30万,2021-08-20,155491.16,R2,普通,1
C006379,25-34,徐州,专业技术,50万以上,2019-05-31,697065.38,R3,银卡,1
C006380,35-44,深圳,个体经营,10-30万,2022-02-03,102664.8,R4,普通,0
C006381,45-54,上海,企业职员,10-30万,2020-05-02,185219.86,R2,银卡,1
C006382,55-64,北京,专业技术,10-30万,2020-12-05,113914.6,R4,普通,1
C006383,45-54,杭州,企业职员,30-50万,2021-08-22,343297.48,R3,普通,1
C006384,45-54,南京,专业技术,10万以下,2020-12-26,77817.05,R1,普通,1
C006385,25-34,苏州,专业技术,10万以下,2021-06-25,17570.04,R2,银卡,1
C006386,55-64,上海,个体经营,10-30万,2024-01-02,222309.18,R2,普通,0
C006387,25-34,北京,专业技术,10-30万,2021-10-14,199959.85,R1,银卡,1
C006388,25-34,杭州,企业职员,10-30万,2021-12-01,107222.76,R2,普通,0
C006389,65+,苏州,其他,10-30万,2019-09-22,118042.71,R3,银卡,1
C006390,25-34,徐州,其他,10万以下,2020-01-27,29458.07,R3,普通,0
C006391,25-34,徐州,公务员,10-30万,2020-12-16,131428.85,R3,普通,1
C006392,45-54,无锡,专业技术,10-30万,2022-02-12,89141.15,R3,金卡,0
C006393,25-34,南通,个体经营,10-30万,2020-08-14,96874.63,R2,钻石,0
C006394,25-34,深圳,退休,30-50万,2018-05-29,334906.8,R4,普通,1
C006395,45-54,南通,公务员,30-50万,2019-05-17,340295.96,R5,普通,0
C006396,45-54,南京,个体经营,10万以下,2022-12-31,25682.74,R3,银卡,1
C006397,55-64,常州,个体经营,10-30万,2022-09-23,39137.43,R2,钻石,1
C006398,25-34,南京,退休,10万以下,2021-06-04,31501.08,R4,普通,0
C006399,35-44,上海,专业技术,10万以下,2020-06-09,23045.34,R4,银卡,1
C006400,55-64,北京,退休,30-50万,2020-05-10,157284.93,R1,普通,1
C006401,25-34,上海,企业职员,10万以下,2019-09-13,25183.07,R2,普通,1
C006402,25-34,北京,企业职员,10万以下,2021-02-11,24796.9,R2,普通,0
C006403,18-24,上海,其他,30-50万,2019-06-14,756790.76,R3,银卡,0
C006404,35-44,无锡,企业职员,30-50万,2024-03-07,305469.39,R3,普通,1
C006405,25-34,常州,退休,50万以上,2023-02-08,2094594.96,R2,银卡,1
C006406,45-54,常州,企业职员,30-50万,2021-04-27,798608.27,R2,普通,1
C006407,65+,无锡,专业技术,10-30万,2021-04-08,87659.27,R2,普通,0
C006408,25-34,南京,退休,10-30万,2018-08-05,117183.74,R3,普通,1
C006409,45-54,上海,个体经营,10-30万,2020-06-11,284814.37,R3,普通,1
C006410,25-34,南京,公务员,10-30万,2021-12-19,134555.91,R2,普通,1
C006411,18-24,南京,企业职员,10-30万,2020-11-18,144657.18,R3,银卡,1
C006412,45-54,无锡,个体经营,10万以下,2023-09-19,24473.0,R5,普通,1
C006413,35-44,深圳,其他,10万以下,2022-01-21,42297.28,R1,金卡,1
C006414,65+,苏州,专业技术,30-50万,2024-04-15,392149.54,R3,银卡,1
C006415,35-44,杭州,个体经营,10万以下,2023-07-06,12002.87,R2,普通,1
C006416,25-34,无锡,专业技术,10-30万,2021-12-07,100471.64,R2,金卡,0
C006417,35-44,苏州,专业技术,30-50万,2024-05-20,221378.78,R4,普通,1
C006418,25-34,南京,个体经营,30-50万,2023-04-20,423090.05,R5,普通,0
C006419,55-64,南京,企业职员,10-30万,2019-01-11,75873.86,R2,银卡,1
C006420,45-54,无锡,个体经营,10万以下,2019-05-22,38101.8,R2,钻石,1
C006421,35-44,无锡,公务员,50万以上,2020-12-28,1533951.09,R1,普通,1
C006422,35-44,徐州,公务员,10-30万,2018-09-06,64295.35,R3,普通,1
C006423,45-54,南京,公务员,10-30万,2024-03-25,93805.42,R1,银卡,1
C006424,55-64,苏州,企业职员,50万以上,2018-10-01,2045713.15,R3,普通,1
C006425,25-34,南京,专业技术,10万以下,2021-06-05,53260.44,R1,金卡,0
C006426,18-24,北京,企业职员,10-30万,2022-02-28,76422.8,R3,普通,1
C006427,25-34,无锡,个体经营,10万以下,2019-08-27,17330.66,R4,钻石,1
C006428,35-44,南通,其他,10万以下,2021-09-04,79574.19,R1,普通,1
C006429,35-44,上海,其他,10-30万,2020-10-17,119415.35,R3,金卡,1
C006430,25-34,苏州,其他,10-30万,2022-07-08,125615.57,R4,银卡,1
C006431,35-44,南京,企业职员,10-30万,2021-04-04,82913.36,R1,钻石,1
C006432,35-44,南通,退休,10-30万,2023-08-22,133633.62,R4,普通,1
C006433,25-34,北京,退休,30-50万,2023-02-14,942949.18,R3,普通,0
C006434,55-64,北京,公务员,30-50万,2021-01-18,454249.76,R3,普通,1
C006435,45-54,苏州,个体经营,10万以下,2018-09-24,51094.61,R3,金卡,1
C006436,35-44,苏州,公务员,30-50万,2023-04-18,405838.98,R2,普通,1
C006437,35-44,苏州,其他,10万以下,2020-12-06,17962.67,R1,普通,1
C006438,25-34,苏州,专业技术,10-30万,2024-01-22,85274.32,R2,普通,1
C006439,55-64,深圳,公务员,10-30万,2021-05-14,68620.45,R3,银卡,0
C006440,35-44,南京,企业职员,30-50万,2019-04-20,446017.34,R4,银卡,1
C006441,35-44,南京,专业技术,10万以下,2022-05-16,55320.4,R2,普通,1
C006442,55-64,南京,其他,10-30万,2019-08-10,130060.17,R2,银卡,1
C006443,55-64,杭州,个体经营,10万以下,2022-01-18,25720.97,R1,普通,1
C006444,55-64,常州,退休,10万以下,2018-11-02,20214.04,R5,钻石,1
C006445,25-34,苏州,个体经营,10-30万,2020-08-17,143339.32,R2,金卡,0
C006446,25-34,无锡,其他,10-30万,2022-06-11,64613.65,R4,普通,1
C006447,45-54,南京,专业技术,30-50万,2022-10-26,226878.36,R1,普通,1
C006448,35-44,南京,其他,10-30万,2019-03-04,188212.83,R1,普通,1
C006449,45-54,深圳,专业技术,10-30万,2021-07-09,104441.2,R2,银卡,1
C006450,45-54,上海,个体经营,30-50万,2022-01-06,344721.71,R3,金卡,1
C006451,25-34,徐州,企业职员,30-50万,2020-11-18,367576.53,R2,普通,1
C006452,25-34,常州,公务员,50万以上,2023-12-23,2156314.77,R4,普通,1
C006453,35-44,常州,公务员,10万以下,2023-04-23,32588.15,R3,普通,0
C006454,25-34,上海,其他,10-30万,2021-08-28,82760.51,R1,普通,1
C006455,45-54,南京,专业技术,30-50万,2022-08-30,280877.45,R3,钻石,1
C006456,45-54,徐州,专业技术,10万以下,2021-01-29,27211.56,R2,金卡,1
C006457,35-44,南通,其他,10万以下,2022-04-26,34893.73,R3,普通,1
C006458,45-54,苏州,其他,10万以下,2021-10-24,29472.05,R4,普通,1
C006459,35-44,南京,退休,10-30万,2019-09-21,112758.31,R5,普通,1
C006460,45-54,杭州,公务员,10-30万,2019-09-08,122809.4,R3,普通,1
C006461,25-34,北京,企业职员,10-30万,2022-08-27,117846.1,R2,银卡,1
C006462,45-54,南京,专业技术,10-30万,2022-04-18,81231.27,R2,银卡,1
C006463,45-54,南京,其他,10-30万,2020-07-24,208724.92,R2,银卡,0
C006464,25-34,徐州,个体经营,10万以下,2018-11-13,23571.58,R2,普通,1
C006465,35-44,上海,其他,30-50万,2021-02-19,426697.28,R1,银卡,1
C006466,55-64,常州,公务员,10-30万,2023-12-20,42833.65,R2,银卡,1
C006467,25-34,北京,企业职员,10万以下,2020-10-28,26939.95,R5,银卡,0
C006468,45-54,北京,专业技术,10万以下,2020-01-29,17312.05,R4,银卡,1
C006469,65+,南京,个体经营,10-30万,2018-10-10,73551.13,R1,金卡,0
C006470,55-64,南京,企业职员,50万以上,2018-10-27,5035727.89,R5,普通,1
C006471,35-44,南京,其他,10-30万,2020-04-03,135945.58,R4,普通,1
C006472,45-54,北京,个体经营,10万以下,2021-01-31,55379.44,R1,普通,1
C006473,65+,南通,公务员,10万以下,2023-05-29,46009.56,R4,银卡,1
C006474,35-44,深圳,专业技术,10万以下,2019-02-14,49048.95,R5,普通,1
C006475,25-34,上海,其他,10-30万,2021-07-18,108630.9,R3,普通,1
C006476,18-24,上海,企业职员,30-50万,2020-03-31,893070.52,R4,普通,1
C006477,55-64,南京,个体经营,10-30万,2019-12-27,183247.08,R2,金卡,1
C006478,35-44,南京,退休,30-50万,2024-04-30,408353.01,R3,普通,1
C006479,25-34,北京,退休,10万以下,2022-03-02,34221.09,R3,普通,0
C006480,35-44,常州,公务员,10-30万,2020-05-16,112070.21,R3,普通,1
C006481,45-54,深圳,企业职员,30-50万,2021-07-25,410585.48,R2,普通,0
C006482,35-44,苏州,退休,10-30万,2020-06-17,117412.27,R3,金卡,0
C006483,55-64,徐州,公务员,30-50万,2021-01-10,484070.89,R4,金卡,1
C006484,45-54,南通,企业职员,10万以下,2024-05-31,71606.39,R4,银卡,1
C006485,65+,南京,其他,10-30万,2022-07-29,65685.93,R1,普通,1
C006486,55-64,常州,退休,10-30万,2021-12-13,212442.02,R2,金卡,0
C006487,25-34,北京,个体经营,10万以下,2022-02-05,24955.15,R1,普通,1
C006488,45-54,无锡,个体经营,30-50万,2024-03-07,754681.74,R3,银卡,1
C006489,18-24,常州,其他,10-30万,2024-04-21,101572.12,R2,普通,1
C006490,65+,上海,退休,10万以下,2022-08-26,36876.49,R5,普通,1
C006491,25-34,上海,专业技术,30-50万,2019-04-16,369459.98,R3,普通,1
C006492,45-54,杭州,专业技术,30-50万,2018-06-22,168370.77,R2,普通,1
C006493,55-64,无锡,专业技术,30-50万,2019-05-18,954276.05,R3,金卡,1
C006494,25-34,无锡,个体经营,30-50万,2018-10-02,249656.94,R2,银卡,0
C006495,55-64,常州,专业技术,10万以下,2018-11-02,31285.0,R1,金卡,0
C006496,18-24,深圳,专业技术,10-30万,2020-04-16,70900.74,R1,银卡,0
C006497,35-44,北京,专业技术,50万以上,2023-09-04,768714.44,R3,普通,1
C006498,35-44,徐州,个体经营,10万以下,2022-03-16,27078.16,R4,普通,1
C006499,35-44,苏州,退休,10-30万,2019-12-25,89187.07,R2,银卡,1
C006500,45-54,北京,个体经营,50万以上,2022-01-10,836154.06,R3,普通,1
C006501,55-64,南京,退休,10万以下,2022-10-18,29473.19,R1,普通,1
C006502,35-44,南京,个体经营,50万以上,2024-03-08,714988.91,R2,普通,1
C006503,35-44,无锡,其他,10-30万,2022-05-17,127769.6,R3,银卡,1
C006504,55-64,上海,退休,30-50万,2022-05-18,375328.31,R4,银卡,1
C006505,45-54,南京,退休,10-30万,2019-07-07,34719.06,R5,普通,1
C006506,18-24,苏州,专业技术,10-30万,2019-09-10,92382.43,R3,金卡,1
C006507,65+,上海,公务员,30-50万,2023-09-26,505561.43,R2,钻石,1
C006508,18-24,徐州,其他,10万以下,2021-04-15,17626.87,R1,银卡,0
C006509,45-54,南京,退休,10-30万,2018-12-23,154994.22,R2,普通,1
C006510,35-44,南京,企业职员,50万以上,2021-07-18,1862285.9,R4,银卡,1
C006511,55-64,上海,公务员,50万以上,2018-08-27,901770.16,R3,普通,0
C006512,25-34,南京,企业职员,50万以上,2023-11-13,1490816.5,R2,普通,1
C006513,25-34,南京,企业职员,10-30万,2022-06-23,181269.94,R2,银卡,1
C006514,45-54,深圳,个体经营,10-30万,2018-11-18,77422.75,R1,钻石,0
C006515,25-34,徐州,退休,10-30万,2020-02-07,108265.49,R3,普通,1
C006516,35-44,无锡,退休,10-30万,2022-09-17,213281.16,R2,普通,0
C006517,45-54,南通,其他,10-30万,2019-01-17,78153.57,R5,普通,1
C006518,45-54,上海,企业职员,10万以下,2022-02-09,37742.11,R2,普通,1
C006519,25-34,常州,专业技术,10万以下,2019-08-23,17489.52,R4,银卡,1
C006520,25-34,徐州,公务员,10-30万,2022-06-04,110720.7,R1,普通,0
C006521,65+,上海,企业职员,10-30万,2022-05-17,150032.97,R1,普通,1
C006522,35-44,南京,其他,10-30万,2022-06-08,36061.59,R2,金卡,0
C006523,18-24,无锡,企业职员,10万以下,2022-03-20,22966.48,R1,金卡,1
C006524,25-34,苏州,公务员,30-50万,2020-10-21,495779.12,R5,金卡,0
C006525,35-44,杭州,专业技术,50万以上,2019-07-17,1679317.0,R4,普通,1
C006526,65+,上海,个体经营,10-30万,2020-08-21,92416.22,R2,金卡,1
C006527,25-34,杭州,企业职员,50万以上,2024-04-05,863444.29,R3,普通,1
C006528,18-24,无锡,公务员,30-50万,2020-10-23,547683.18,R3,普通,1
C006529,35-44,南通,退休,10万以下,2021-10-25,25533.57,R3,普通,1
C006530,25-34,上海,企业职员,10万以下,2024-01-02,39404.14,R1,钻石,1
C006531,25-34,苏州,企业职员,10万以下,2022-06-05,36281.54,R2,普通,1
C006532,65+,深圳,公务员,10万以下,2018-07-30,23986.43,R1,钻石,0
C006533,45-54,无锡,其他,10-30万,2022-04-25,205156.4,R4,钻石,0
C006534,18-24,常州,企业职员,10万以下,2020-02-12,22288.23,R2,金卡,0
C006535,35-44,杭州,专业技术,50万以上,2023-03-20,2720163.79,R3,普通,1
C006536,25-34,上海,个体经营,10-30万,2019-02-05,232325.18,R4,普通,1
C006537,25-34,常州,专业技术,10-30万,2019-07-07,202866.69,R2,普通,0
C006538,45-54,无锡,公务员,50万以上,2023-06-15,1370512.19,R1,普通,1
C006539,35-44,徐州,其他,50万以上,2020-04-02,5360218.18,R2,普通,1
C006540,45-54,无锡,个体经营,30-50万,2018-10-20,431551.47,R3,银卡,1
C006541,55-64,南通,企业职员,30-50万,2018-12-19,451237.04,R3,金卡,1
C006542,25-34,杭州,公务员,50万以上,2020-01-26,1483544.91,R1,金卡,1
C006543,65+,南京,公务员,10-30万,2020-01-08,68211.18,R1,普通,1
C006544,35-44,上海,其他,30-50万,2021-05-26,764331.17,R3,普通,1
C006545,25-34,南京,企业职员,10万以下,2023-07-08,22533.33,R3,普通,1
C006546,55-64,上海,公务员,10-30万,2024-04-11,190051.91,R1,金卡,1
C006547,18-24,南京,公务员,10-30万,2022-08-25,214276.73,R4,普通,0
C006548,35-44,常州,公务员,10万以下,2022-11-21,40563.07,R2,普通,0
C006549,45-54,苏州,其他,10万以下,2018-11-29,21225.7,R1,普通,1
C006550,25-34,苏州,退休,10万以下,2019-05-13,25296.3,R2,银卡,1
C006551,55-64,徐州,其他,10万以下,2022-06-17,7866.86,R3,普通,0
C006552,25-34,无锡,退休,10万以下,2022-02-17,28302.88,R3,钻石,1
C006553,55-64,常州,其他,10-30万,2019-12-09,179261.72,R3,钻石,1
C006554,18-24,深圳,专业技术,30-50万,2020-04-30,355211.01,R2,金卡,0
C006555,25-34,南京,专业技术,10-30万,2019-01-28,89340.2,R2,普通,0
C006556,35-44,无锡,个体经营,10-30万,2020-01-06,103401.38,R2,金卡,1
C006557,55-64,常州,企业职员,10万以下,2020-04-01,55085.16,R2,普通,1
C006558,25-34,杭州,其他,30-50万,2019-09-29,389273.31,R3,普通,1
C006559,55-64,苏州,个体经营,10万以下,2019-01-12,75956.09,R2,普通,0
C006560,25-34,无锡,退休,10-30万,2022-02-10,90208.62,R1,银卡,1
C006561,35-44,杭州,其他,10-30万,2022-11-25,133768.09,R2,普通,1
C006562,35-44,常州,个体经营,50万以上,2018-12-08,1207756.06,R1,普通,1
C006563,25-34,杭州,企业职员,50万以上,2023-06-11,4232142.28,R3,钻石,1
C006564,65+,南京,个体经营,30-50万,2022-08-28,437605.23,R2,普通,1
C006565,35-44,苏州,其他,30-50万,2023-08-06,1159219.97,R3,普通,1
C006566,45-54,南通,企业职员,10-30万,2019-05-19,97263.91,R1,金卡,0
C006567,35-44,南京,公务员,10-30万,2018-11-22,257567.37,R2,金卡,1
C006568,35-44,常州,企业职员,10万以下,2021-11-09,31823.31,R1,普通,0
C006569,45-54,南京,退休,10万以下,2023-10-26,45582.56,R1,普通,0
C006570,55-64,常州,企业职员,50万以上,2023-01-02,815144.09,R3,普通,1
C006571,45-54,北京,公务员,50万以上,2020-12-05,1785452.85,R1,普通,1
C006572,35-44,深圳,公务员,10-30万,2022-05-07,70311.23,R1,普通,0
C006573,45-54,苏州,企业职员,10万以下,2019-11-24,34115.29,R2,普通,1
C006574,45-54,南京,其他,10万以下,2019-08-07,14041.29,R2,银卡,1
C006575,35-44,北京,个体经营,10-30万,2021-10-14,114485.74,R4,普通,0
C006576,45-54,南通,退休,10万以下,2020-09-17,51883.63,R5,普通,1
C006577,35-44,南通,专业技术,10-30万,2024-01-12,157790.58,R2,普通,1
C006578,45-54,杭州,企业职员,10万以下,2023-08-05,16187.23,R2,普通,1
C006579,65+,无锡,公务员,10万以下,2022-05-23,11611.6,R3,普通,1
C006580,65+,无锡,企业职员,10万以下,2023-09-02,38461.96,R3,银卡,0
C006581,55-64,杭州,公务员,30-50万,2024-04-29,881887.01,R2,钻石,1
C006582,45-54,常州,专业技术,10-30万,2020-04-11,74107.65,R1,普通,1
C006583,45-54,上海,企业职员,10-30万,2024-04-10,342473.33,R1,普通,1
C006584,25-34,北京,个体经营,10-30万,2022-12-22,119611.03,R1,银卡,0
C006585,35-44,无锡,企业职员,30-50万,2020-01-27,150222.54,R2,普通,1
C006586,25-34,北京,退休,10-30万,2023-02-27,54984.51,R3,普通,1
C006587,18-24,苏州,个体经营,30-50万,2023-01-17,587830.78,R4,银卡,1
C006588,65+,北京,其他,10万以下,2019-11-26,32007.86,R2,普通,1
C006589,55-64,苏州,公务员,10-30万,2024-04-13,251791.72,R3,普通,0
C006590,35-44,苏州,个体经营,10-30万,2022-06-22,65919.17,R2,普通,0
C006591,25-34,上海,个体经营,50万以上,2021-03-09,1591556.56,R1,普通,1
C006592,45-54,北京,公务员,50万以上,2024-01-02,1505079.38,R3,普通,0
C006593,35-44,上海,退休,30-50万,2020-06-27,372395.81,R2,普通,1
C006594,55-64,上海,其他,50万以上,2021-11-09,1238822.7,R4,银卡,0
C006595,65+,深圳,其他,10万以下,2022-07-18,25024.31,R5,普通,0
C006596,35-44,南通,个体经营,10-30万,2020-12-26,130949.88,R1,普通,1
C006597,25-34,北京,退休,10万以下,2024-03-07,34900.04,R1,普通,1
C006598,25-34,南京,个体经营,10万以下,2020-10-16,34038.21,R2,普通,1
C006599,25-34,南京,企业职员,10-30万,2021-08-16,219309.83,R4,普通,1
C006600,35-44,苏州,退休,30-50万,2024-01-24,219384.37,R1,金卡,1
C006601,18-24,深圳,个体经营,30-50万,2019-09-07,161680.6,R3,普通,0
C006602,25-34,南京,个体经营,30-50万,2021-09-07,665106.43,R2,金卡,1
C006603,25-34,无锡,企业职员,10-30万,2024-01-02,74868.2,R3,钻石,1
C006604,25-34,南京,公务员,50万以上,2022-04-01,1240763.85,R1,普通,1
C006605,45-54,南京,个体经营,30-50万,2019-12-05,294539.97,R4,普通,0
C006606,25-34,南通,退休,30-50万,2021-09-17,291403.35,R3,普通,0
C006607,55-64,南京,个体经营,10万以下,2022-01-30,14469.82,R1,金卡,0
C006608,25-34,北京,公务员,10-30万,2024-03-01,90263.03,R2,钻石,1
C006609,25-34,北京,个体经营,30-50万,2024-01-11,553427.14,R2,普通,1
C006610,18-24,徐州,企业职员,50万以上,2022-08-20,1497054.32,R3,金卡,0
C006611,45-54,无锡,个体经营,10万以下,2022-10-13,38607.67,R4,银卡,0
C006612,25-34,北京,个体经营,10-30万,2020-07-16,93639.35,R2,普通,1
C006613,35-44,常州,退休,10-30万,2021-08-01,188465.46,R4,金卡,1
C006614,25-34,南京,企业职员,10万以下,2023-08-28,23266.54,R1,普通,1
C006615,65+,苏州,专业技术,30-50万,2020-06-28,139377.47,R4,普通,1
C006616,25-34,无锡,退休,10万以下,2018-08-21,35145.95,R4,银卡,1
C006617,35-44,南通,退休,10-30万,2019-03-31,176123.27,R3,银卡,1
C006618,55-64,无锡,其他,30-50万,2018-06-06,302428.55,R5,普通,0
C006619,25-34,杭州,退休,10-30万,2021-07-10,218567.5,R2,普通,1
C006620,25-34,徐州,其他,10万以下,2022-03-31,19606.31,R3,普通,1
C006621,55-64,苏州,个体经营,10-30万,2024-01-30,167813.82,R1,普通,1
C006622,25-34,无锡,企业职员,10-30万,2020-04-24,287114.1,R2,普通,1
C006623,18-24,上海,企业职员,50万以上,2021-10-06,1527802.76,R3,普通,1
C006624,35-44,苏州,其他,30-50万,2020-08-03,357173.98,R4,普通,1
C006625,18-24,南京,企业职员,50万以上,2022-08-08,1422803.57,R5,普通,1
C006626,55-64,上海,企业职员,10万以下,2023-05-30,67717.53,R3,普通,0
C006627,45-54,无锡,退休,30-50万,2020-04-04,489241.3,R4,金卡,1
C006628,45-54,南京,个体经营,10-30万,2022-01-28,350581.46,R4,银卡,1
C006629,25-34,常州,专业技术,30-50万,2021-03-25,459937.33,R3,普通,1
C006630,45-54,南通,企业职员,10-30万,2018-07-05,86538.85,R1,银卡,0
C006631,45-54,南京,个体经营,10万以下,2022-09-20,22408.58,R2,普通,0
C006632,18-24,杭州,退休,10万以下,2023-08-25,30938.49,R3,普通,1
C006633,55-64,常州,专业技术,30-50万,2020-02-16,144142.62,R4,金卡,0
C006634,35-44,南京,公务员,30-50万,2020-12-13,315440.36,R3,普通,0
C006635,55-64,杭州,企业职员,10万以下,2022-01-07,23922.0,R4,普通,0
C006636,25-34,南通,专业技术,10-30万,2020-10-21,135285.4,R5,银卡,0
C006637,25-34,深圳,退休,30-50万,2018-11-09,1056137.49,R3,普通,1
C006638,45-54,苏州,退休,10-30万,2023-05-29,123334.48,R4,金卡,1
C006639,55-64,无锡,企业职员,10-30万,2019-08-27,45886.1,R3,金卡,0
C006640,35-44,徐州,个体经营,30-50万,2021-03-11,253283.83,R3,普通,1
C006641,18-24,北京,企业职员,10-30万,2019-07-25,136815.82,R2,银卡,1
C006642,55-64,杭州,退休,30-50万,2018-11-21,419038.13,R5,金卡,1
C006643,25-34,徐州,公务员,10-30万,2023-06-15,270350.56,R4,金卡,1
C006644,35-44,杭州,公务员,30-50万,2023-09-20,646454.75,R3,普通,1
C006645,45-54,南京,专业技术,10万以下,2024-05-23,47763.18,R2,普通,1
C006646,25-34,上海,企业职员,50万以上,2023-04-10,1345678.79,R3,普通,1
C006647,18-24,南通,退休,10万以下,2022-04-30,51974.74,R4,普通,1
C006648,18-24,苏州,个体经营,30-50万,2022-11-16,255571.7,R5,普通,0
C006649,55-64,苏州,专业技术,30-50万,2019-06-16,649116.17,R5,普通,1
C006650,25-34,苏州,退休,10-30万,2019-11-22,104196.89,R3,普通,0
C006651,45-54,南京,专业技术,10-30万,2022-04-19,58177.29,R3,普通,1
C006652,65+,苏州,企业职员,10万以下,2020-12-09,40359.05,R1,普通,0
C006653,45-54,南京,企业职员,10-30万,2022-07-13,241353.71,R3,普通,1
C006654,35-44,上海,退休,10-30万,2021-05-20,97923.92,R2,普通,1
C006655,35-44,常州,其他,10万以下,2022-08-31,65534.6,R4,普通,1
C006656,35-44,南京,公务员,10万以下,2019-08-24,13108.05,R1,普通,0
C006657,45-54,上海,企业职员,50万以上,2023-01-16,824538.44,R5,普通,1
C006658,65+,南京,退休,10-30万,2018-07-10,111511.61,R3,普通,1
C006659,55-64,常州,其他,10-30万,2018-10-19,99694.43,R1,普通,1
C006660,35-44,北京,企业职员,10万以下,2023-03-27,21490.92,R3,普通,1
C006661,35-44,上海,企业职员,10-30万,2020-12-23,128294.78,R3,银卡,1
C006662,55-64,南通,个体经营,10-30万,2019-07-11,92129.62,R3,银卡,1
C006663,25-34,南通,专业技术,30-50万,2019-05-02,334279.42,R3,普通,1
C006664,55-64,南京,个体经营,10-30万,2022-03-09,137924.2,R3,钻石,1
C006665,25-34,无锡,个体经营,10万以下,2021-02-12,21486.59,R1,银卡,1
C006666,45-54,苏州,个体经营,10-30万,2023-07-15,113804.57,R4,金卡,0
C006667,55-64,常州,其他,10万以下,2022-11-25,21724.22,R5,普通,0
C006668,35-44,深圳,公务员,30-50万,2022-11-14,218908.61,R3,普通,1
C006669,25-34,上海,企业职员,10万以下,2022-09-11,43949.82,R1,银卡,1
C006670,55-64,南通,专业技术,10万以下,2022-01-04,70463.48,R3,普通,0
C006671,35-44,上海,个体经营,10-30万,2020-04-10,204338.46,R2,银卡,1
C006672,35-44,上海,公务员,10万以下,2018-12-31,35412.17,R5,普通,1
C006673,35-44,无锡,其他,10-30万,2020-11-29,87071.32,R1,普通,1
C006674,35-44,杭州,企业职员,10-30万,2021-07-14,103962.72,R1,银卡,0
C006675,45-54,徐州,企业职员,50万以上,2020-03-07,2544605.78,R1,普通,0
C006676,25-34,上海,企业职员,10万以下,2020-09-18,9587.44,R3,银卡,1
C006677,35-44,南京,其他,10-30万,2021-09-22,100069.17,R3,普通,1
C006678,55-64,常州,其他,30-50万,2024-03-19,577392.63,R3,普通,1
C006679,18-24,无锡,其他,10万以下,2021-02-25,16980.36,R2,银卡,1
C006680,35-44,南京,企业职员,10-30万,2024-01-12,148292.38,R4,普通,0
C006681,45-54,徐州,企业职员,30-50万,2020-09-26,482972.24,R2,普通,1
C006682,55-64,北京,个体经营,30-50万,2018-10-06,193310.62,R1,普通,1
C006683,45-54,上海,个体经营,50万以上,2019-08-12,1566672.84,R3,普通,0
C006684,55-64,南京,公务员,30-50万,2019-05-14,293753.77,R3,普通,0
C006685,25-34,南京,专业技术,10-30万,2021-08-20,147752.87,R3,普通,1
C006686,35-44,苏州,专业技术,50万以上,2021-06-19,2096689.04,R2,普通,1
C006687,65+,苏州,退休,10万以下,2021-04-02,36622.65,R3,普通,1
C006688,55-64,南京,个体经营,10-30万,2023-03-18,124435.55,R1,银卡,0
C006689,35-44,南京,企业职员,30-50万,2018-07-05,462154.93,R3,普通,1
C006690,35-44,苏州,公务员,30-50万,2024-03-04,222167.59,R2,普通,1
C006691,35-44,南京,公务员,50万以上,2018-06-14,1477112.57,R3,普通,0
C006692,18-24,南京,其他,10万以下,2018-07-17,20144.99,R2,普通,0
C006693,55-64,杭州,其他,30-50万,2018-10-02,669970.66,R2,普通,1
C006694,55-64,深圳,其他,10万以下,2024-05-19,42216.72,R2,银卡,0
C006695,35-44,杭州,退休,30-50万,2018-09-01,562091.82,R3,普通,1
C006696,25-34,苏州,企业职员,30-50万,2022-12-26,942193.18,R2,银卡,1
C006697,35-44,南京,个体经营,10万以下,2022-11-05,25437.1,R3,普通,0
C006698,25-34,南通,退休,30-50万,2020-04-18,303979.68,R2,普通,1
C006699,45-54,上海,企业职员,10-30万,2022-01-08,100553.55,R2,普通,0
C006700,35-44,徐州,其他,10-30万,2018-10-07,53859.22,R3,钻石,1
C006701,25-34,杭州,其他,50万以上,2021-06-04,700243.99,R2,普通,1
C006702,45-54,常州,其他,10-30万,2023-09-17,163701.27,R3,普通,0
C006703,65+,深圳,公务员,10-30万,2022-12-22,59735.21,R3,普通,0
C006704,25-34,上海,公务员,10万以下,2019-10-03,17526.97,R3,普通,0
C006705,35-44,南京,专业技术,10万以下,2020-12-12,28512.35,R3,普通,1
C006706,35-44,无锡,退休,10万以下,2022-06-02,24412.21,R2,金卡,1
C006707,25-34,南通,公务员,10-30万,2023-02-04,186852.2,R2,普通,0
C006708,35-44,苏州,公务员,10-30万,2020-04-27,123683.07,R2,金卡,1
C006709,45-54,无锡,个体经营,10-30万,2022-10-23,80500.02,R4,普通,1
C006710,25-34,徐州,专业技术,10-30万,2023-11-01,195060.2,R1,普通,0
C006711,25-34,南通,企业职员,10万以下,2021-01-24,43189.31,R2,银卡,1
C006712,55-64,杭州,专业技术,10-30万,2019-03-17,59263.88,R3,普通,1
C006713,25-34,苏州,公务员,50万以上,2022-07-23,1701650.11,R3,普通,0
C006714,45-54,北京,退休,10万以下,2020-02-27,20981.88,R4,普通,1
C006715,45-54,苏州,退休,10-30万,2021-09-22,82828.55,R1,普通,0
C006716,55-64,北京,其他,10万以下,2018-08-29,76397.86,R4,银卡,1
C006717,45-54,苏州,个体经营,10-30万,2020-10-04,127692.81,R3,普通,0
C006718,55-64,常州,企业职员,30-50万,2021-05-22,358774.95,R3,普通,1
C006719,45-54,北京,公务员,10万以下,2023-01-16,31301.72,R2,普通,1
C006720,35-44,苏州,公务员,10-30万,2019-01-26,185789.05,R2,钻石,1
C006721,35-44,杭州,企业职员,30-50万,2024-02-21,281649.2,R1,金卡,1
C006722,35-44,常州,专业技术,10万以下,2021-02-28,23006.4,R4,普通,1
C006723,35-44,无锡,专业技术,30-50万,2022-10-24,555462.04,R1,银卡,1
C006724,25-34,徐州,个体经营,10-30万,2021-04-29,56221.38,R2,普通,1
C006725,35-44,南京,公务员,10万以下,2018-06-29,49233.94,R2,普通,1
C006726,35-44,徐州,专业技术,30-50万,2023-11-05,179266.71,R4,银卡,1
C006727,18-24,南京,企业职员,10-30万,2024-02-06,106124.01,R2,普通,1
C006728,25-34,上海,退休,10万以下,2019-07-06,13487.74,R2,银卡,1
C006729,45-54,徐州,公务员,50万以上,2020-03-17,884563.72,R3,普通,1
C006730,35-44,南京,退休,10-30万,2021-12-07,229596.9,R4,金卡,1
C006731,55-64,南京,退休,30-50万,2023-01-28,674312.39,R4,普通,1
C006732,35-44,南通,退休,10万以下,2020-10-19,53349.18,R3,普通,1
C006733,55-64,南京,专业技术,10万以下,2022-11-13,14537.09,R1,普通,1
C006734,55-64,徐州,企业职员,30-50万,2020-06-30,236497.22,R1,银卡,0
C006735,25-34,深圳,企业职员,10-30万,2021-12-23,142227.52,R2,银卡,1
C006736,65+,南京,企业职员,10万以下,2019-10-01,42899.33,R2,银卡,1
C006737,18-24,常州,企业职员,30-50万,2020-06-13,268193.22,R2,普通,1
C006738,45-54,北京,其他,10-30万,2020-12-13,89840.07,R3,普通,1
C006739,55-64,北京,企业职员,10-30万,2023-10-30,68157.28,R2,银卡,0
C006740,35-44,南京,个体经营,30-50万,2020-09-06,916523.03,R3,普通,1
C006741,45-54,杭州,个体经营,10-30万,2020-03-17,94633.72,R1,普通,0
C006742,35-44,苏州,专业技术,10-30万,2021-04-12,121892.3,R5,普通,1
C006743,18-24,上海,企业职员,30-50万,2020-11-04,417083.67,R4,银卡,1
C006744,18-24,苏州,企业职员,10-30万,2020-09-19,208575.68,R2,普通,1
C006745,25-34,苏州,其他,50万以上,2023-01-03,931677.85,R2,普通,1
C006746,25-34,常州,退休,30-50万,2021-09-27,717372.31,R5,金卡,1
C006747,45-54,南京,专业技术,10-30万,2023-08-28,63315.58,R5,普通,1
C006748,35-44,无锡,企业职员,10-30万,2019-09-27,214938.49,R2,普通,1
C006749,35-44,无锡,退休,50万以上,2023-07-16,636236.66,R1,普通,1
C006750,45-54,深圳,退休,30-50万,2019-07-14,379626.06,R5,金卡,1
C006751,18-24,南通,其他,10万以下,2020-08-01,67620.82,R3,银卡,0
C006752,25-34,上海,企业职员,10万以下,2021-04-20,42513.66,R3,普通,0
C006753,45-54,南京,专业技术,10-30万,2021-05-17,148133.35,R2,银卡,1
C006754,55-64,深圳,企业职员,30-50万,2023-07-14,236809.73,R4,普通,0
C006755,35-44,常州,个体经营,50万以上,2020-06-28,1038798.22,R3,银卡,1
C006756,25-34,南京,个体经营,30-50万,2022-03-02,783414.91,R2,金卡,1
C006757,55-64,南通,企业职员,10万以下,2019-09-12,37991.68,R3,普通,0
C006758,55-64,苏州,公务员,30-50万,2019-05-11,624273.87,R2,普通,1
C006759,35-44,苏州,其他,10万以下,2018-11-21,31127.58,R2,普通,1
C006760,25-34,苏州,其他,10-30万,2018-11-23,104232.71,R3,银卡,1
C006761,18-24,无锡,专业技术,10-30万,2019-10-29,176059.6,R3,普通,1
C006762,45-54,苏州,个体经营,10-30万,2022-10-22,136615.21,R5,普通,1
C006763,55-64,上海,其他,10-30万,2022-10-07,110223.68,R3,钻石,1
C006764,45-54,南京,个体经营,10万以下,2018-09-30,14793.59,R2,普通,1
C006765,25-34,南京,个体经营,10万以下,2018-08-11,48334.79,R2,普通,1
C006766,45-54,南京,企业职员,30-50万,2022-10-01,498437.25,R3,普通,1
C006767,55-64,无锡,企业职员,10万以下,2020-07-06,22155.07,R1,钻石,0
C006768,35-44,南京,个体经营,10-30万,2018-11-18,216397.74,R3,银卡,0
C006769,55-64,南京,公务员,10万以下,2019-04-24,33889.45,R2,银卡,1
C006770,35-44,苏州,企业职员,10-30万,2018-10-13,136891.85,R2,普通,1
C006771,35-44,深圳,退休,10万以下,2022-04-19,46672.04,R1,普通,1
C006772,45-54,南京,专业技术,30-50万,2021-05-17,558814.66,R3,普通,0
C006773,35-44,南京,企业职员,10-30万,2020-10-23,138979.85,R1,银卡,0
C006774,65+,南通,其他,10万以下,2018-09-09,27300.5,R3,普通,1
C006775,35-44,常州,公务员,30-50万,2018-06-30,1078467.82,R2,普通,1
C006776,35-44,南京,公务员,10万以下,2021-02-08,20786.36,R4,普通,1
C006777,35-44,北京,公务员,30-50万,2019-04-13,580825.56,R3,银卡,1
C006778,35-44,上海,退休,10万以下,2022-02-18,28768.12,R4,普通,1
C006779,35-44,常州,其他,50万以上,2020-10-11,1882916.53,R4,普通,1
C006780,45-54,南通,其他,10万以下,2019-07-15,55584.76,R4,普通,1
C006781,35-44,杭州,企业职员,10-30万,2019-01-27,102688.75,R4,金卡,1
C006782,35-44,南京,其他,10-30万,2023-10-06,162131.85,R2,普通,1
C006783,45-54,北京,企业职员,10-30万,2023-12-23,137039.66,R2,银卡,1
C006784,18-24,南京,退休,30-50万,2023-02-10,290270.66,R3,普通,1
C006785,45-54,无锡,专业技术,10万以下,2023-10-20,56274.8,R3,银卡,1
C006786,35-44,苏州,其他,10-30万,2023-02-17,171243.35,R3,金卡,1
C006787,35-44,徐州,专业技术,30-50万,2018-09-13,321883.47,R3,普通,1
C006788,45-54,杭州,个体经营,30-50万,2020-09-01,694548.11,R1,普通,0
C006789,45-54,徐州,专业技术,10-30万,2023-10-31,79184.61,R1,银卡,1
C006790,55-64,苏州,专业技术,10-30万,2020-02-23,118276.44,R3,银卡,1
C006791,35-44,上海,公务员,30-50万,2018-10-04,322741.8,R3,普通,1
C006792,35-44,深圳,专业技术,30-50万,2019-05-16,582378.48,R4,普通,1
C006793,45-54,南京,退休,30-50万,2019-04-06,314700.96,R3,银卡,1
C006794,45-54,苏州,公务员,30-50万,2018-12-30,584470.38,R2,银卡,1
C006795,45-54,常州,专业技术,10-30万,2019-11-22,161535.0,R1,普通,1
C006796,35-44,上海,公务员,10-30万,2019-02-22,99471.1,R2,普通,1
C006797,45-54,南京,专业技术,10-30万,2019-08-13,299570.73,R2,钻石,1
C006798,25-34,南京,个体经营,10万以下,2020-04-22,20667.86,R3,普通,1
C006799,35-44,南通,专业技术,30-50万,2023-03-20,197740.88,R3,普通,1
C006800,25-34,杭州,企业职员,10-30万,2018-11-27,184111.46,R4,钻石,0
C006801,35-44,苏州,公务员,10万以下,2023-11-16,10241.96,R3,银卡,0
C006802,45-54,南通,个体经营,10-30万,2022-10-03,253002.7,R2,普通,1
C006803,35-44,杭州,退休,10万以下,2020-01-24,31565.8,R3,银卡,1
C006804,35-44,南京,退休,10万以下,2020-01-18,14697.9,R2,普通,1
C006805,55-64,苏州,公务员,10-30万,2019-02-05,74683.52,R1,普通,1
C006806,45-54,苏州,专业技术,30-50万,2023-12-15,176694.14,R3,普通,1
C006807,35-44,上海,其他,10-30万,2019-09-03,145319.28,R2,金卡,1
C006808,65+,徐州,专业技术,10万以下,2023-08-30,15452.03,R1,普通,1
C006809,35-44,杭州,企业职员,10-30万,2020-09-30,154244.08,R3,普通,1
C006810,55-64,南通,专业技术,10万以下,2023-01-20,25759.03,R3,普通,1
C006811,25-34,苏州,个体经营,50万以上,2020-12-28,1182679.99,R1,普通,1
C006812,25-34,无锡,企业职员,10万以下,2023-10-19,38701.19,R3,普通,0
C006813,35-44,无锡,个体经营,30-50万,2024-03-17,546328.37,R1,普通,0
C006814,25-34,徐州,企业职员,10万以下,2018-08-07,53202.15,R3,银卡,0
C006815,35-44,深圳,企业职员,10万以下,2021-05-03,21852.34,R3,普通,1
C006816,25-34,无锡,公务员,10-30万,2021-08-10,118224.7,R3,金卡,0
C006817,45-54,徐州,公务员,30-50万,2022-01-18,291139.05,R3,金卡,1
C006818,25-34,南京,其他,50万以上,2018-12-15,1627359.64,R2,普通,1
C006819,25-34,南通,公务员,10-30万,2019-09-12,81316.33,R2,普通,0
C006820,65+,上海,其他,10-30万,2021-07-18,97071.07,R3,普通,1
C006821,45-54,上海,企业职员,10万以下,2023-09-04,24329.68,R2,普通,1
C006822,65+,深圳,专业技术,10-30万,2020-03-14,138958.07,R1,普通,0
C006823,35-44,深圳,公务员,10-30万,2023-03-10,120177.43,R2,普通,1
C006824,18-24,常州,个体经营,50万以上,2022-06-24,1932116.26,R2,银卡,1
C006825,35-44,杭州,专业技术,10-30万,2020-06-08,113748.91,R2,银卡,1
C006826,35-44,上海,其他,30-50万,2018-09-09,299342.44,R3,金卡,0
C006827,18-24,常州,退休,30-50万,2023-01-29,440145.78,R4,银卡,1
C006828,55-64,南京,企业职员,10万以下,2024-03-16,18965.19,R4,普通,1
C006829,45-54,深圳,其他,10-30万,2021-11-09,159504.26,R3,普通,1
C006830,45-54,深圳,企业职员,30-50万,2020-03-19,346794.35,R4,银卡,1
C006831,35-44,常州,个体经营,10-30万,2020-06-14,132920.53,R3,银卡,1
C006832,45-54,苏州,专业技术,10-30万,2018-09-10,133954.98,R3,银卡,0
C006833,25-34,南京,专业技术,30-50万,2023-03-01,890904.55,R3,普通,1
C006834,65+,南京,专业技术,10万以下,2019-09-02,36306.23,R4,银卡,0
C006835,35-44,杭州,退休,30-50万,2019-10-03,414915.14,R3,钻石,1
C006836,25-34,无锡,其他,10-30万,2019-06-07,84885.76,R4,普通,0
C006837,18-24,南通,公务员,10-30万,2018-12-24,179232.59,R2,普通,0
C006838,45-54,苏州,退休,10-30万,2022-08-12,104835.14,R5,钻石,1
C006839,65+,徐州,企业职员,10-30万,2022-07-20,55966.41,R2,金卡,1
C006840,55-64,上海,其他,10万以下,2021-09-10,27211.87,R1,普通,1
C006841,45-54,北京,个体经营,10万以下,2022-04-23,33014.35,R1,普通,1
C006842,65+,常州,退休,10-30万,2023-08-06,79697.55,R3,银卡,1
C006843,45-54,苏州,公务员,10-30万,2022-06-07,113114.61,R1,普通,0
C006844,35-44,南京,其他,10-30万,2022-02-23,115786.77,R1,普通,1
C006845,45-54,杭州,专业技术,10万以下,2019-11-06,29172.99,R2,普通,0
C006846,18-24,杭州,退休,10万以下,2024-05-13,55618.64,R3,普通,0
C006847,25-34,苏州,公务员,10万以下,2019-11-23,15571.13,R1,普通,1
C006848,35-44,南京,专业技术,10-30万,2019-09-22,331753.75,R3,普通,1
C006849,25-34,上海,退休,10万以下,2023-08-13,29511.49,R3,普通,1
C006850,65+,上海,专业技术,10万以下,2018-09-04,40097.06,R3,银卡,1
C006851,65+,上海,公务员,10-30万,2020-01-21,127920.61,R3,金卡,1
C006852,35-44,南京,其他,30-50万,2020-03-12,168755.81,R2,银卡,1
C006853,45-54,深圳,公务员,10-30万,2019-10-18,70753.56,R5,普通,0
C006854,35-44,南通,企业职员,10万以下,2019-07-15,23082.15,R4,钻石,1
C006855,25-34,南通,专业技术,30-50万,2021-12-28,657420.9,R2,钻石,1
C006856,35-44,南京,专业技术,10-30万,2021-04-28,60059.23,R1,普通,0
C006857,25-34,南京,个体经营,10-30万,2020-09-26,78227.64,R3,钻石,1
C006858,35-44,南京,个体经营,10万以下,2023-04-06,32577.53,R4,普通,1
C006859,25-34,无锡,企业职员,10万以下,2024-01-18,38001.5,R4,普通,1
C006860,25-34,深圳,专业技术,10-30万,2020-01-28,149732.77,R4,普通,1
C006861,25-34,上海,公务员,10万以下,2022-11-29,18342.02,R5,普通,1
C006862,55-64,深圳,专业技术,10-30万,2022-08-12,53973.66,R3,金卡,1
C006863,25-34,上海,其他,10-30万,2023-10-17,157121.84,R1,普通,1
C006864,35-44,南京,个体经营,10万以下,2021-08-25,61421.46,R1,银卡,1
C006865,35-44,上海,专业技术,10万以下,2020-12-28,25242.94,R1,银卡,1
C006866,35-44,徐州,退休,10万以下,2018-12-28,16926.05,R2,普通,1
C006867,35-44,北京,专业技术,10-30万,2021-06-15,96790.76,R1,银卡,1
C006868,18-24,南通,专业技术,10万以下,2022-03-03,36533.46,R2,普通,1
C006869,45-54,苏州,个体经营,10-30万,2019-08-19,106795.97,R4,普通,0
C006870,35-44,上海,公务员,10万以下,2022-09-03,60630.27,R1,普通,1
C006871,45-54,上海,退休,10-30万,2024-05-07,190561.91,R4,金卡,1
C006872,35-44,常州,专业技术,50万以上,2024-03-23,1644825.24,R4,银卡,1
C006873,35-44,南京,个体经营,30-50万,2019-04-30,150551.18,R1,银卡,0
C006874,35-44,无锡,企业职员,10-30万,2020-03-10,84890.31,R1,普通,1
C006875,25-34,杭州,企业职员,10-30万,2023-05-01,91238.83,R2,银卡,1
C006876,35-44,苏州,退休,10-30万,2023-02-13,82614.38,R4,银卡,1
C006877,18-24,上海,企业职员,50万以上,2019-05-17,1650165.76,R3,金卡,1
C006878,35-44,苏州,其他,10-30万,2020-07-25,133381.41,R1,银卡,0
C006879,45-54,苏州,企业职员,10万以下,2021-07-06,12989.74,R3,普通,1
C006880,25-34,苏州,企业职员,30-50万,2022-03-17,598103.36,R4,金卡,1
C006881,18-24,南京,公务员,10万以下,2022-02-12,30242.83,R2,银卡,1
C006882,45-54,苏州,公务员,30-50万,2019-09-03,478322.53,R3,普通,1
C006883,35-44,上海,公务员,10万以下,2023-03-24,43536.97,R3,银卡,1
C006884,55-64,无锡,企业职员,10万以下,2019-01-21,20444.47,R2,普通,1
C006885,65+,苏州,企业职员,30-50万,2022-12-24,750633.41,R4,银卡,1
C006886,65+,上海,退休,10-30万,2022-12-30,111786.97,R2,普通,1
C006887,35-44,常州,其他,10-30万,2022-02-22,255638.76,R4,银卡,0
C006888,25-34,无锡,企业职员,30-50万,2019-08-23,255826.21,R3,普通,1
C006889,45-54,杭州,专业技术,30-50万,2024-05-20,821053.15,R2,金卡,1
C006890,45-54,无锡,专业技术,10-30万,2023-06-30,76363.11,R3,普通,1
C006891,45-54,南通,退休,50万以上,2022-02-26,5364782.05,R1,普通,1
C006892,35-44,南京,个体经营,10-30万,2023-07-26,74557.81,R2,普通,1
C006893,18-24,苏州,公务员,10万以下,2022-02-08,50881.06,R2,普通,0
C006894,25-34,苏州,退休,30-50万,2021-11-01,333708.36,R4,银卡,1
C006895,25-34,北京,专业技术,10-30万,2020-09-09,171571.99,R4,普通,1
C006896,25-34,南京,专业技术,30-50万,2022-06-18,391976.55,R2,普通,0
C006897,65+,上海,企业职员,10万以下,2021-03-04,17384.56,R2,金卡,1
C006898,18-24,上海,专业技术,10万以下,2018-06-21,7409.64,R5,普通,1
C006899,45-54,苏州,其他,10万以下,2021-08-20,105108.07,R3,普通,1
C006900,65+,苏州,专业技术,10-30万,2019-07-29,124462.42,R1,普通,1
C006901,35-44,南京,其他,30-50万,2022-10-07,91808.01,R2,钻石,1
C006902,35-44,苏州,退休,10-30万,2019-01-20,139602.07,R2,普通,1
C006903,45-54,北京,个体经营,10万以下,2020-12-28,42350.94,R2,普通,1
C006904,25-34,南京,个体经营,10-30万,2023-08-06,83927.33,R3,普通,1
C006905,35-44,无锡,公务员,10-30万,2018-12-15,84210.07,R3,银卡,1
C006906,55-64,苏州,个体经营,10-30万,2020-02-12,118815.38,R3,普通,0
C006907,45-54,上海,公务员,10-30万,2022-05-08,218938.06,R2,金卡,1
C006908,55-64,苏州,企业职员,10万以下,2020-10-10,31537.5,R3,普通,1
C006909,65+,苏州,退休,10-30万,2018-09-16,249411.56,R3,银卡,1
C006910,35-44,南京,公务员,10-30万,2023-10-26,211262.48,R3,普通,1
C006911,45-54,北京,其他,10万以下,2024-03-06,26757.24,R1,金卡,1
C006912,45-54,常州,个体经营,10-30万,2019-08-20,54720.03,R2,普通,1
C006913,45-54,南京,专业技术,10-30万,2022-09-06,107142.14,R2,普通,0
C006914,45-54,上海,专业技术,10-30万,2019-04-10,156136.86,R2,普通,1
C006915,45-54,上海,公务员,10万以下,2019-10-09,30911.99,R3,普通,1
C006916,55-64,常州,退休,10万以下,2018-11-28,41198.83,R3,普通,0
C006917,35-44,深圳,个体经营,30-50万,2019-11-04,615955.39,R2,普通,1
C006918,45-54,苏州,其他,10万以下,2018-10-03,39119.72,R3,普通,1
C006919,25-34,杭州,个体经营,30-50万,2020-09-06,348556.48,R3,普通,1
C006920,45-54,杭州,公务员,10-30万,2023-10-07,155622.54,R3,普通,0
C006921,45-54,常州,企业职员,10-30万,2023-02-27,366953.03,R3,普通,0
C006922,55-64,南通,专业技术,30-50万,2019-02-07,189905.16,R4,普通,1
C006923,35-44,南京,专业技术,10-30万,2022-08-29,153106.76,R3,钻石,1
C006924,35-44,南京,退休,10万以下,2018-09-21,74978.32,R1,普通,1
C006925,35-44,无锡,公务员,10万以下,2019-02-25,16674.86,R4,银卡,1
C006926,25-34,北京,公务员,10-30万,2020-04-03,197955.41,R2,普通,1
C006927,25-34,南京,公务员,10-30万,2023-08-06,211632.31,R3,普通,0
C006928,55-64,常州,专业技术,30-50万,2023-04-23,191146.75,R5,钻石,1
C006929,25-34,南京,公务员,10-30万,2019-12-08,171343.89,R2,银卡,1
C006930,65+,苏州,个体经营,10-30万,2022-01-01,104776.95,R2,银卡,1
C006931,25-34,无锡,其他,10万以下,2021-12-30,29106.88,R1,普通,0
C006932,45-54,深圳,个体经营,10万以下,2023-11-15,25501.06,R5,银卡,1
C006933,35-44,南京,其他,30-50万,2021-08-25,771093.08,R2,金卡,1
C006934,45-54,南京,企业职员,10万以下,2024-05-22,28364.46,R4,普通,0
C006935,45-54,南京,个体经营,50万以上,2023-07-25,1189827.5,R1,普通,1
C006936,45-54,常州,企业职员,10万以下,2018-11-15,23998.94,R1,金卡,1
C006937,55-64,常州,专业技术,10-30万,2019-11-15,101189.68,R1,普通,1
C006938,35-44,南京,公务员,10万以下,2018-07-23,17486.51,R4,普通,1
C006939,18-24,苏州,公务员,30-50万,2018-12-04,315891.1,R1,普通,1
C006940,25-34,苏州,其他,10万以下,2018-11-17,31818.0,R4,普通,0
C006941,45-54,南京,专业技术,10-30万,2021-12-17,146889.77,R3,普通,1
C006942,35-44,杭州,公务员,50万以上,2022-11-20,2738703.51,R4,普通,1
C006943,35-44,上海,退休,10-30万,2020-04-15,135365.86,R2,普通,1
C006944,45-54,苏州,企业职员,10万以下,2020-09-03,23664.18,R3,普通,1
C006945,35-44,南通,专业技术,30-50万,2021-10-23,241276.73,R1,普通,0
C006946,45-54,苏州,专业技术,10-30万,2021-05-28,139036.32,R2,银卡,0
C006947,45-54,南京,企业职员,10万以下,2023-03-16,28290.1,R3,银卡,1
C006948,45-54,南通,其他,10-30万,2021-06-05,115046.12,R1,普通,1
C006949,45-54,上海,企业职员,30-50万,2018-08-10,456107.86,R5,普通,1
C006950,55-64,苏州,企业职员,10-30万,2021-11-01,155584.08,R1,金卡,1
C006951,45-54,苏州,个体经营,30-50万,2021-04-19,457754.11,R2,普通,1
C006952,65+,苏州,退休,30-50万,2018-09-30,367309.75,R3,金卡,1
C006953,25-34,苏州,专业技术,10-30万,2019-04-11,80382.85,R3,钻石,1
C006954,45-54,常州,企业职员,10-30万,2019-08-27,88331.73,R2,普通,0
C006955,45-54,上海,企业职员,30-50万,2024-05-20,611304.05,R5,普通,1
C006956,35-44,南京,企业职员,10-30万,2019-04-25,97095.85,R1,普通,0
C006957,25-34,上海,其他,10万以下,2023-12-14,15304.95,R3,普通,1
C006958,35-44,深圳,其他,10-30万,2024-03-16,214279.04,R1,银卡,0
C006959,35-44,南京,企业职员,30-50万,2022-04-16,249703.77,R1,普通,1
C006960,55-64,常州,退休,10万以下,2021-12-07,30533.39,R3,钻石,1
C006961,35-44,无锡,退休,10万以下,2023-09-09,38350.94,R4,银卡,1
C006962,25-34,南通,专业技术,10万以下,2020-10-24,30048.31,R3,钻石,0
C006963,35-44,北京,企业职员,10万以下,2018-11-14,8689.61,R2,普通,1
C006964,35-44,北京,企业职员,50万以上,2020-06-12,1823411.33,R1,普通,1
C006965,25-34,无锡,退休,10-30万,2018-08-18,232926.6,R5,普通,0
C006966,35-44,上海,专业技术,30-50万,2019-01-10,592725.07,R2,银卡,1
C006967,35-44,常州,公务员,30-50万,2019-07-04,138305.85,R3,普通,0
C006968,25-34,上海,企业职员,10-30万,2023-05-30,347621.38,R1,金卡,0
C006969,45-54,北京,个体经营,30-50万,2020-07-28,206136.54,R1,普通,1
C006970,35-44,上海,个体经营,50万以上,2023-11-15,874813.44,R1,银卡,0
C006971,45-54,南京,其他,30-50万,2019-10-06,591347.21,R1,普通,1
C006972,35-44,苏州,退休,30-50万,2019-01-13,501641.27,R3,银卡,0
C006973,25-34,上海,个体经营,10-30万,2023-09-11,124918.22,R2,银卡,1
C006974,65+,南京,专业技术,30-50万,2021-05-13,300895.02,R4,普通,0
C006975,35-44,常州,专业技术,10万以下,2023-08-25,58359.71,R1,金卡,1
C006976,18-24,徐州,退休,30-50万,2021-03-02,392211.65,R2,普通,1
C006977,55-64,杭州,专业技术,10-30万,2021-09-11,54848.96,R2,普通,0
C006978,25-34,杭州,企业职员,10-30万,2019-01-20,222214.19,R2,钻石,1
C006979,55-64,南京,专业技术,30-50万,2022-10-10,446351.63,R1,银卡,1
C006980,45-54,上海,退休,10-30万,2019-11-25,209556.86,R1,普通,0
C006981,65+,杭州,其他,10万以下,2020-06-15,39943.73,R1,普通,0
C006982,65+,南京,其他,30-50万,2020-01-06,1322495.71,R2,金卡,1
C006983,25-34,常州,退休,50万以上,2018-08-17,1284641.86,R1,普通,1
C006984,45-54,徐州,其他,10-30万,2023-04-18,120969.49,R2,普通,1
C006985,25-34,苏州,企业职员,30-50万,2024-05-02,573283.22,R2,普通,1
C006986,45-54,无锡,企业职员,30-50万,2020-09-02,343631.0,R2,普通,0
C006987,45-54,南京,公务员,30-50万,2023-09-05,597517.4,R1,普通,1
C006988,18-24,上海,企业职员,10-30万,2021-09-14,27488.98,R3,普通,1
C006989,18-24,苏州,专业技术,10-30万,2021-04-11,115711.51,R2,普通,1
C006990,18-24,无锡,专业技术,30-50万,2020-09-25,379922.89,R5,普通,1
C006991,25-34,常州,专业技术,50万以上,2024-05-05,1399139.64,R1,普通,1
C006992,25-34,南京,专业技术,10万以下,2020-12-12,19350.8,R1,银卡,1
C006993,55-64,无锡,个体经营,10万以下,2019-09-22,47193.62,R4,银卡,1
C006994,35-44,南京,其他,10-30万,2024-04-04,93248.63,R2,普通,1
C006995,55-64,苏州,公务员,30-50万,2022-01-14,442129.02,R1,普通,0
C006996,55-64,苏州,个体经营,30-50万,2022-05-06,392635.9,R4,银卡,1
C006997,45-54,常州,企业职员,10-30万,2022-05-13,154111.11,R3,普通,1
C006998,35-44,无锡,专业技术,10万以下,2021-08-28,61355.07,R3,普通,0
C006999,55-64,南京,个体经营,10-30万,2023-07-25,132296.24,R1,银卡,1
C007000,45-54,苏州,公务员,30-50万,2021-05-27,609210.01,R2,普通,0
C007001,45-54,南京,专业技术,10-30万,2023-12-14,129014.76,R2,普通,1
C007002,55-64,苏州,其他,10万以下,2023-10-26,23293.94,R3,银卡,1
C007003,45-54,南京,退休,10-30万,2021-03-08,111800.16,R2,普通,1
C007004,35-44,南京,企业职员,30-50万,2019-01-02,347127.92,R3,普通,0
C007005,55-64,常州,个体经营,10-30万,2020-02-25,159424.88,R5,金卡,1
C007006,35-44,北京,其他,10万以下,2022-05-27,31643.2,R5,普通,1
C007007,55-64,南京,公务员,10-30万,2022-05-02,80669.41,R1,普通,1
C007008,18-24,上海,其他,50万以上,2021-06-20,1342433.45,R3,普通,0
C007009,18-24,南京,其他,10-30万,2024-03-16,55954.19,R3,钻石,1
C007010,35-44,苏州,企业职员,10-30万,2020-06-01,109419.61,R4,普通,1
C007011,18-24,无锡,其他,10万以下,2023-08-11,30019.59,R4,金卡,1
C007012,65+,南京,退休,10-30万,2020-02-01,296401.76,R3,普通,1
C007013,18-24,徐州,个体经营,30-50万,2022-03-01,785005.38,R3,金卡,0
C007014,45-54,南京,个体经营,30-50万,2022-02-20,238513.82,R1,银卡,1
C007015,25-34,杭州,个体经营,10-30万,2021-10-06,132737.89,R3,普通,1
C007016,65+,南通,公务员,30-50万,2023-08-21,446357.28,R3,银卡,0
C007017,35-44,上海,退休,10-30万,2022-12-21,106940.55,R3,普通,0
C007018,18-24,南京,个体经营,30-50万,2023-03-02,368013.74,R3,普通,0
C007019,18-24,苏州,个体经营,10万以下,2019-04-25,25134.03,R2,普通,1
C007020,35-44,上海,其他,10-30万,2023-06-03,306079.84,R3,银卡,1
C007021,65+,无锡,企业职员,30-50万,2023-08-22,324852.89,R5,普通,0
C007022,65+,徐州,个体经营,50万以上,2022-12-11,1778790.57,R2,银卡,1
C007023,35-44,无锡,专业技术,30-50万,2021-11-09,112950.48,R4,银卡,1
C007024,35-44,上海,公务员,10-30万,2020-10-11,181141.04,R3,普通,0
C007025,25-34,徐州,公务员,30-50万,2021-11-12,723132.12,R2,普通,1
C007026,35-44,苏州,专业技术,30-50万,2021-03-10,236382.09,R2,普通,1
C007027,45-54,北京,公务员,10万以下,2021-04-19,23225.57,R3,普通,0
C007028,25-34,上海,个体经营,10-30万,2023-05-27,150391.74,R4,普通,1
C007029,45-54,南京,企业职员,10-30万,2024-05-15,121173.34,R1,普通,0
C007030,55-64,南京,企业职员,10-30万,2020-04-23,151513.77,R4,普通,0
C007031,18-24,上海,退休,30-50万,2018-09-24,346486.55,R3,银卡,0
C007032,25-34,徐州,公务员,10-30万,2024-01-12,304638.08,R2,普通,1
C007033,25-34,北京,企业职员,10万以下,2018-11-20,21462.93,R1,金卡,1
C007034,25-34,上海,企业职员,10万以下,2018-12-08,115236.29,R1,银卡,1
C007035,25-34,南京,专业技术,30-50万,2019-09-01,744286.85,R1,钻石,0
C007036,45-54,南京,专业技术,10万以下,2021-01-02,45479.2,R1,银卡,1
C007037,25-34,常州,专业技术,30-50万,2022-05-15,237751.43,R1,普通,1
C007038,45-54,常州,专业技术,10万以下,2020-11-10,47277.69,R5,普通,1
C007039,55-64,北京,专业技术,10-30万,2024-05-07,162302.35,R3,普通,1
C007040,65+,上海,退休,30-50万,2022-09-11,138609.32,R4,银卡,0
C007041,45-54,北京,其他,10-30万,2022-01-16,59453.33,R3,银卡,0
C007042,25-34,上海,公务员,30-50万,2021-05-02,478319.3,R3,普通,1
C007043,25-34,徐州,企业职员,10万以下,2022-10-10,28065.68,R4,银卡,1
C007044,25-34,南通,退休,10-30万,2021-11-06,92689.26,R2,普通,0
C007045,65+,南通,企业职员,10-30万,2020-01-18,205812.66,R3,银卡,1
C007046,65+,常州,个体经营,30-50万,2018-09-09,257128.23,R4,普通,1
C007047,35-44,杭州,专业技术,10万以下,2019-06-18,23892.79,R5,普通,1
C007048,35-44,苏州,企业职员,10-30万,2023-12-16,86832.14,R2,普通,1
C007049,35-44,北京,其他,10-30万,2020-11-12,154868.5,R4,钻石,1
C007050,25-34,南通,其他,50万以上,2021-08-26,634915.1,R3,银卡,1
C007051,65+,无锡,其他,30-50万,2021-04-09,311883.16,R2,普通,1
C007052,25-34,南京,退休,30-50万,2019-08-25,169030.97,R2,普通,1
C007053,35-44,苏州,退休,10-30万,2022-06-12,102622.17,R2,普通,1
C007054,35-44,南通,专业技术,10-30万,2021-02-18,172261.94,R2,普通,1
C007055,25-34,南京,退休,30-50万,2019-01-27,579353.48,R1,银卡,1
C007056,35-44,南京,企业职员,30-50万,2021-01-04,278012.31,R1,普通,0
C007057,55-64,苏州,公务员,30-50万,2021-01-26,522239.1,R4,普通,1
C007058,25-34,苏州,企业职员,30-50万,2018-12-05,364629.89,R4,普通,0
C007059,45-54,深圳,企业职员,30-50万,2024-03-29,789979.53,R4,银卡,0
C007060,35-44,南通,专业技术,10万以下,2022-02-25,28112.55,R3,普通,1
C007061,25-34,无锡,退休,10万以下,2021-06-13,6784.72,R5,普通,0
C007062,18-24,深圳,其他,50万以上,2024-05-27,2346220.21,R3,普通,1
C007063,25-34,无锡,企业职员,10-30万,2021-07-22,95386.98,R2,银卡,1
C007064,18-24,深圳,专业技术,10万以下,2018-11-03,26156.49,R2,钻石,1
C007065,35-44,深圳,退休,10-30万,2019-09-01,141946.96,R2,普通,1
C007066,55-64,上海,企业职员,10-30万,2024-03-20,58858.59,R3,普通,1
C007067,45-54,常州,公务员,30-50万,2019-02-19,415212.87,R2,银卡,0
C007068,65+,杭州,专业技术,30-50万,2019-08-12,522546.01,R5,普通,0
C007069,35-44,苏州,企业职员,10万以下,2019-02-18,35989.58,R1,普通,1
C007070,45-54,无锡,个体经营,10-30万,2023-07-29,88945.7,R1,普通,1
C007071,45-54,南京,个体经营,10万以下,2019-01-05,49262.51,R2,普通,1
C007072,25-34,苏州,企业职员,30-50万,2024-04-16,242916.21,R2,普通,1
C007073,25-34,南京,企业职员,10万以下,2024-03-16,21942.75,R5,普通,1
C007074,35-44,杭州,退休,10-30万,2022-04-12,112111.18,R3,普通,1
C007075,55-64,南京,企业职员,10-30万,2019-07-03,139104.57,R2,普通,1
C007076,35-44,无锡,专业技术,10-30万,2019-03-19,102025.22,R3,普通,0
C007077,25-34,无锡,个体经营,10-30万,2020-08-07,221802.02,R2,金卡,0
C007078,65+,无锡,退休,30-50万,2024-03-11,463639.66,R2,普通,1
C007079,25-34,杭州,其他,10-30万,2019-02-25,124626.43,R2,金卡,1
C007080,65+,杭州,企业职员,10万以下,2022-11-01,34167.18,R2,钻石,1
C007081,55-64,徐州,其他,10-30万,2019-12-06,173113.03,R3,普通,1
C007082,55-64,上海,企业职员,10-30万,2022-09-26,135352.05,R4,金卡,0
C007083,55-64,杭州,其他,10-30万,2021-01-03,48556.76,R2,普通,1
C007084,25-34,无锡,专业技术,30-50万,2023-11-05,689673.97,R3,普通,1
C007085,45-54,无锡,企业职员,10-30万,2018-05-29,127399.69,R3,银卡,1
C007086,45-54,苏州,专业技术,30-50万,2023-11-10,563344.28,R2,普通,1
C007087,45-54,苏州,其他,10万以下,2018-08-28,24489.04,R3,普通,0
C007088,25-34,北京,专业技术,30-50万,2018-12-12,160469.88,R2,金卡,0
C007089,25-34,上海,企业职员,10万以下,2023-07-06,9599.8,R2,钻石,1
C007090,35-44,无锡,退休,10-30万,2020-03-24,74836.66,R2,普通,1
C007091,35-44,南京,其他,10-30万,2022-05-06,155421.2,R2,银卡,1
C007092,35-44,上海,专业技术,10-30万,2022-07-17,229622.63,R3,银卡,1
C007093,55-64,深圳,个体经营,10万以下,2022-06-11,34889.4,R3,普通,1
C007094,45-54,北京,退休,30-50万,2022-12-24,236358.77,R2,普通,1
C007095,45-54,上海,个体经营,10-30万,2018-08-17,81079.46,R5,银卡,0
C007096,25-34,徐州,公务员,50万以上,2024-02-27,2961976.13,R2,普通,0
C007097,35-44,南京,其他,30-50万,2022-04-13,207695.72,R2,银卡,0
C007098,35-44,南京,个体经营,10-30万,2022-04-03,343222.25,R3,普通,0
C007099,25-34,苏州,退休,30-50万,2021-11-22,1021965.8,R3,银卡,1
C007100,18-24,南通,专业技术,10万以下,2022-08-08,87230.88,R5,普通,1
C007101,35-44,北京,其他,10-30万,2020-06-01,145160.86,R2,普通,0
C007102,25-34,北京,专业技术,10-30万,2018-11-22,101162.62,R2,金卡,1
C007103,35-44,苏州,公务员,30-50万,2020-05-26,478012.88,R3,普通,0
C007104,18-24,无锡,公务员,10万以下,2023-02-01,47251.76,R3,银卡,1
C007105,25-34,苏州,专业技术,10-30万,2018-05-30,86669.65,R4,普通,1
C007106,18-24,常州,其他,10-30万,2021-12-22,69192.34,R4,普通,1
C007107,45-54,杭州,公务员,10-30万,2022-07-19,104117.86,R1,金卡,1
C007108,35-44,上海,企业职员,10万以下,2020-04-22,20389.98,R3,普通,1
C007109,35-44,北京,公务员,10-30万,2018-07-18,223170.26,R3,普通,1
C007110,25-34,常州,其他,30-50万,2022-06-25,293903.0,R3,普通,0
C007111,65+,徐州,专业技术,10万以下,2023-03-17,31469.48,R2,普通,1
C007112,45-54,深圳,退休,10-30万,2019-09-16,196175.96,R4,钻石,1
C007113,45-54,上海,专业技术,50万以上,2021-07-17,2844497.04,R3,普通,0
C007114,35-44,南京,专业技术,50万以上,2020-01-16,1664866.18,R2,普通,1
C007115,55-64,苏州,专业技术,10万以下,2021-09-06,36355.5,R2,普通,1
C007116,55-64,南京,企业职员,10-30万,2024-03-14,72167.98,R3,普通,1
C007117,35-44,南京,专业技术,10万以下,2022-03-28,50035.15,R4,银卡,1
C007118,45-54,常州,专业技术,50万以上,2019-04-06,2821381.7,R3,普通,1
C007119,25-34,上海,退休,10-30万,2018-10-11,47101.99,R4,普通,0
C007120,45-54,南京,企业职员,10-30万,2022-03-23,289734.4,R2,普通,1
C007121,35-44,苏州,专业技术,10万以下,2020-03-28,21133.67,R2,普通,0
C007122,18-24,苏州,其他,10-30万,2023-11-03,161548.79,R3,金卡,0
C007123,65+,杭州,退休,10万以下,2023-02-08,31186.28,R1,银卡,1
C007124,55-64,南京,公务员,30-50万,2020-03-17,388105.27,R1,普通,1
C007125,25-34,南京,退休,10-30万,2024-03-01,108227.2,R3,普通,0
C007126,65+,徐州,个体经营,10-30万,2019-12-01,73054.82,R2,普通,0
C007127,25-34,常州,退休,30-50万,2018-08-13,519765.92,R1,普通,1
C007128,35-44,南京,专业技术,10万以下,2023-12-27,26002.04,R1,普通,1
C007129,55-64,上海,个体经营,10万以下,2020-11-28,15587.76,R2,钻石,1
C007130,25-34,无锡,企业职员,10-30万,2022-04-14,71520.88,R2,银卡,1
C007131,35-44,南通,退休,30-50万,2020-07-16,209608.48,R2,普通,1
C007132,45-54,上海,专业技术,10万以下,2019-01-08,23078.52,R5,普通,1
C007133,25-34,南京,专业技术,30-50万,2023-12-06,509797.81,R3,银卡,1
C007134,35-44,南京,退休,10-30万,2020-05-20,84093.79,R3,普通,1
C007135,25-34,常州,其他,10-30万,2023-04-25,195432.01,R1,普通,1
C007136,45-54,南京,公务员,10-30万,2021-03-14,113056.14,R1,普通,1
C007137,25-34,南京,其他,10万以下,2021-10-02,25958.39,R4,金卡,1
C007138,25-34,苏州,企业职员,10万以下,2021-05-18,30252.54,R3,普通,0
C007139,45-54,无锡,专业技术,30-50万,2019-10-21,803552.09,R4,银卡,1
C007140,25-34,杭州,个体经营,10-30万,2020-10-01,60450.35,R2,金卡,1
C007141,35-44,南通,退休,10-30万,2022-05-01,274698.8,R3,普通,1
C007142,45-54,北京,专业技术,50万以上,2020-06-25,2424305.67,R3,钻石,0
C007143,45-54,无锡,专业技术,10万以下,2020-10-26,29676.91,R2,普通,1
C007144,25-34,常州,个体经营,10-30万,2024-01-01,216806.36,R4,银卡,1
C007145,55-64,苏州,专业技术,10-30万,2020-09-20,102130.9,R2,普通,1
C007146,45-54,南京,公务员,10万以下,2022-05-27,34606.33,R2,普通,1
C007147,35-44,南京,公务员,50万以上,2023-07-15,1144259.67,R1,银卡,1
C007148,45-54,南京,个体经营,50万以上,2021-03-30,2431972.58,R3,银卡,0
C007149,45-54,上海,公务员,10-30万,2021-04-21,84256.35,R4,普通,1
C007150,45-54,苏州,公务员,50万以上,2020-01-07,1461964.7,R2,普通,1
C007151,35-44,南京,企业职员,10万以下,2021-10-23,42130.28,R5,普通,0
C007152,45-54,上海,公务员,50万以上,2019-12-10,2533394.06,R2,钻石,1
C007153,65+,苏州,个体经营,30-50万,2022-09-19,265306.84,R4,银卡,1
C007154,35-44,北京,个体经营,10万以下,2020-10-07,43718.29,R3,普通,1
C007155,55-64,杭州,专业技术,10-30万,2018-08-13,73442.24,R4,普通,1
C007156,45-54,苏州,个体经营,30-50万,2020-11-18,136496.52,R3,金卡,1
C007157,55-64,苏州,专业技术,10-30万,2020-04-23,82554.6,R3,银卡,0
C007158,65+,深圳,个体经营,10-30万,2022-03-14,182148.4,R2,银卡,1
C007159,25-34,杭州,个体经营,10-30万,2020-05-07,119269.22,R4,银卡,1
C007160,25-34,北京,企业职员,10万以下,2019-05-22,22958.73,R4,普通,1
C007161,45-54,南京,退休,10万以下,2019-02-26,30843.82,R3,普通,1
C007162,35-44,南通,退休,10万以下,2018-11-23,30337.88,R3,普通,0
C007163,35-44,苏州,企业职员,30-50万,2022-07-27,545888.0,R2,普通,1
C007164,55-64,无锡,企业职员,10-30万,2019-04-27,53604.7,R2,银卡,1
C007165,65+,南京,退休,10-30万,2022-04-26,114013.32,R1,银卡,1
C007166,35-44,上海,公务员,10万以下,2019-03-01,31923.3,R3,金卡,0
C007167,45-54,常州,其他,10万以下,2024-05-19,15157.76,R3,普通,1
C007168,25-34,杭州,退休,10-30万,2018-12-10,60216.75,R3,银卡,1
C007169,35-44,南京,个体经营,10万以下,2023-02-11,24999.18,R3,钻石,1
C007170,18-24,深圳,其他,10-30万,2023-03-14,120512.55,R2,普通,1
C007171,35-44,苏州,专业技术,10-30万,2021-01-17,120724.94,R2,普通,1
C007172,35-44,深圳,其他,10-30万,2021-04-27,90859.79,R1,金卡,1
C007173,45-54,上海,企业职员,10-30万,2023-06-20,89016.74,R1,普通,1
C007174,45-54,南京,专业技术,30-50万,2021-03-13,328283.11,R3,银卡,1
C007175,35-44,上海,退休,10万以下,2019-08-04,34829.27,R3,普通,1
C007176,18-24,南通,公务员,30-50万,2021-06-29,745291.23,R4,普通,1
C007177,25-34,南京,退休,10万以下,2020-11-30,9884.81,R1,金卡,1
C007178,65+,南京,其他,10万以下,2019-04-22,40964.2,R4,普通,0
C007179,65+,深圳,退休,10-30万,2023-05-02,113512.83,R3,普通,1
C007180,35-44,深圳,专业技术,10万以下,2022-06-16,39019.38,R2,普通,1
C007181,25-34,南通,企业职员,10-30万,2019-01-11,217079.45,R3,普通,0
C007182,35-44,南京,其他,30-50万,2023-06-12,274211.99,R5,普通,1
C007183,45-54,苏州,其他,30-50万,2022-11-20,641376.65,R2,银卡,0
C007184,35-44,南京,专业技术,10-30万,2022-10-06,64101.66,R3,普通,1
C007185,18-24,南通,个体经营,50万以上,2019-06-14,1598818.19,R2,普通,0
C007186,35-44,无锡,专业技术,10-30万,2023-07-22,106296.61,R2,普通,1
C007187,25-34,无锡,其他,10万以下,2022-02-28,30702.29,R1,银卡,1
C007188,35-44,杭州,企业职员,30-50万,2021-12-23,243946.13,R1,普通,1
C007189,25-34,深圳,个体经营,10万以下,2023-12-05,37324.1,R3,金卡,1
C007190,45-54,南京,公务员,10万以下,2023-09-18,66310.02,R1,金卡,1
C007191,35-44,无锡,退休,10万以下,2022-02-24,18453.77,R3,普通,1
C007192,25-34,常州,退休,10-30万,2023-11-21,131935.68,R4,普通,1
C007193,35-44,苏州,其他,10-30万,2018-07-08,184090.65,R4,银卡,1
C007194,35-44,无锡,其他,10-30万,2021-09-12,103453.41,R2,普通,1
C007195,55-64,南京,企业职员,10-30万,2024-05-17,236911.87,R1,金卡,1
C007196,65+,南京,个体经营,30-50万,2020-10-17,322666.85,R2,钻石,1
C007197,25-34,上海,其他,50万以上,2019-11-13,1415266.36,R1,银卡,1
C007198,55-64,苏州,企业职员,10万以下,2020-10-03,18258.31,R2,普通,1
C007199,45-54,上海,其他,10万以下,2020-12-22,31960.24,R3,普通,1
C007200,45-54,南京,个体经营,10-30万,2023-11-10,120181.51,R3,普通,1
C007201,35-44,上海,专业技术,10万以下,2020-01-08,41229.25,R2,普通,1
C007202,35-44,徐州,企业职员,10-30万,2018-07-25,87303.34,R2,银卡,1
C007203,18-24,杭州,个体经营,10-30万,2022-03-22,85327.26,R4,普通,1
C007204,65+,南京,其他,30-50万,2023-09-07,504067.71,R5,银卡,1
C007205,45-54,南通,其他,10万以下,2023-02-16,60327.78,R3,银卡,1
C007206,35-44,北京,企业职员,10-30万,2020-06-08,164349.76,R3,普通,1
C007207,35-44,南京,专业技术,10-30万,2020-07-18,302232.89,R3,银卡,1
C007208,18-24,南京,企业职员,30-50万,2019-01-23,528011.62,R1,金卡,0
C007209,25-34,苏州,其他,10-30万,2021-12-20,155576.59,R4,普通,1
C007210,45-54,深圳,个体经营,30-50万,2019-02-01,561780.38,R2,普通,1
C007211,35-44,南京,公务员,30-50万,2022-10-03,841806.29,R3,普通,1
C007212,55-64,南京,专业技术,10万以下,2021-05-01,55700.13,R2,银卡,0
C007213,45-54,深圳,公务员,10-30万,2020-06-13,69759.43,R3,金卡,1
C007214,45-54,无锡,退休,10-30万,2022-09-29,179071.06,R3,银卡,1
C007215,55-64,南京,个体经营,10万以下,2022-03-12,34256.48,R3,普通,1
C007216,18-24,南通,个体经营,10-30万,2019-06-06,108904.81,R2,普通,1
C007217,45-54,南京,退休,10-30万,2020-12-07,49453.22,R3,钻石,1
C007218,45-54,无锡,其他,30-50万,2020-09-22,185190.33,R3,银卡,0
C007219,25-34,南京,公务员,10万以下,2020-08-28,25002.2,R3,普通,1
C007220,25-34,南通,专业技术,10-30万,2019-08-26,57696.47,R3,银卡,1
C007221,25-34,徐州,公务员,10万以下,2018-07-25,25262.45,R3,普通,1
C007222,25-34,南京,企业职员,10-30万,2022-01-03,171513.57,R3,金卡,1
C007223,35-44,常州,公务员,10-30万,2022-04-13,89748.7,R1,普通,1
C007224,25-34,深圳,企业职员,10-30万,2018-11-30,125113.72,R3,普通,0
C007225,45-54,无锡,退休,10-30万,2021-07-12,70282.0,R1,普通,0
C007226,25-34,深圳,个体经营,10-30万,2018-10-25,139334.2,R3,普通,1
C007227,18-24,深圳,专业技术,10-30万,2019-02-08,154711.09,R2,银卡,0
C007228,25-34,苏州,个体经营,30-50万,2019-12-22,196369.37,R4,银卡,1
C007229,25-34,南通,公务员,10万以下,2020-01-29,20599.24,R1,银卡,0
C007230,65+,杭州,个体经营,30-50万,2018-09-27,212274.32,R2,普通,1
C007231,25-34,上海,企业职员,10-30万,2022-10-07,154794.61,R1,银卡,0
C007232,25-34,上海,企业职员,30-50万,2021-09-07,434183.75,R4,金卡,0
C007233,25-34,苏州,企业职员,10万以下,2021-02-16,29263.51,R1,银卡,1
C007234,35-44,北京,企业职员,10-30万,2023-03-31,112544.76,R3,银卡,1
C007235,45-54,苏州,专业技术,10万以下,2021-04-19,35255.27,R1,普通,1
C007236,55-64,徐州,企业职员,50万以上,2020-06-19,1780494.0,R4,金卡,1
C007237,35-44,北京,个体经营,10-30万,2021-05-20,93662.98,R2,普通,1
C007238,45-54,苏州,退休,10-30万,2020-06-24,87329.94,R3,银卡,1
C007239,35-44,南通,专业技术,30-50万,2023-10-21,388373.28,R1,普通,1
C007240,55-64,上海,专业技术,10万以下,2021-06-16,27284.8,R2,普通,1
C007241,35-44,北京,公务员,10-30万,2018-10-26,336242.58,R1,普通,1
C007242,25-34,无锡,企业职员,30-50万,2022-11-05,330140.13,R3,钻石,1
C007243,45-54,南通,企业职员,10万以下,2021-09-02,34675.38,R1,普通,1
C007244,55-64,南京,个体经营,50万以上,2020-08-27,1893502.62,R5,普通,0
C007245,35-44,南京,其他,30-50万,2020-08-24,805712.27,R2,金卡,1
C007246,65+,南京,其他,50万以上,2023-04-30,999872.82,R3,普通,0
C007247,55-64,常州,企业职员,30-50万,2023-09-26,781557.3,R2,金卡,0
C007248,25-34,南通,企业职员,10万以下,2019-11-17,27868.57,R2,金卡,0
C007249,55-64,南京,个体经营,10-30万,2021-03-16,419122.97,R4,银卡,1
C007250,45-54,南京,公务员,10万以下,2018-12-15,35963.28,R3,普通,1
C007251,35-44,苏州,企业职员,30-50万,2018-06-14,216372.18,R3,钻石,1
C007252,35-44,北京,个体经营,10万以下,2023-05-31,27183.71,R3,银卡,1
C007253,55-64,南京,其他,30-50万,2022-03-29,780238.18,R1,普通,0
C007254,45-54,常州,公务员,10万以下,2019-06-23,31248.39,R5,银卡,1
C007255,35-44,上海,企业职员,10万以下,2022-08-23,29118.82,R2,普通,1
C007256,18-24,北京,企业职员,10万以下,2023-03-22,42978.33,R4,普通,1
C007257,35-44,上海,专业技术,30-50万,2023-06-23,336623.7,R3,银卡,1
C007258,55-64,苏州,其他,10万以下,2021-05-27,26999.84,R2,银卡,1
C007259,45-54,南京,其他,10万以下,2022-02-11,18706.3,R3,普通,1
C007260,18-24,南京,退休,10万以下,2018-10-26,71208.19,R5,银卡,1
C007261,55-64,上海,专业技术,10-30万,2018-08-09,65117.03,R1,金卡,0
C007262,55-64,苏州,退休,50万以上,2023-12-02,1632640.17,R2,普通,0
C007263,35-44,苏州,企业职员,10-30万,2018-12-22,152541.09,R3,普通,1
C007264,18-24,南京,其他,10万以下,2023-11-16,29795.93,R2,普通,1
C007265,35-44,无锡,退休,10万以下,2020-02-01,16026.86,R2,金卡,1
C007266,18-24,苏州,公务员,10万以下,2018-08-22,18207.17,R3,普通,0
C007267,35-44,苏州,公务员,10-30万,2022-05-02,155827.59,R4,普通,0
C007268,45-54,南京,其他,10万以下,2023-06-17,20312.93,R3,金卡,1
C007269,55-64,常州,专业技术,10万以下,2024-01-07,10646.05,R5,银卡,1
C007270,35-44,南京,其他,10万以下,2022-05-10,36404.29,R1,普通,1
C007271,55-64,常州,个体经营,10-30万,2018-09-05,77574.91,R2,钻石,1
C007272,55-64,徐州,专业技术,30-50万,2021-08-26,548437.97,R1,普通,1
C007273,18-24,南通,企业职员,10万以下,2021-11-24,27123.13,R2,普通,1
C007274,25-34,南京,其他,10-30万,2024-05-17,105909.57,R3,普通,0
C007275,45-54,徐州,其他,10-30万,2020-05-26,123175.58,R2,银卡,1
C007276,45-54,无锡,退休,30-50万,2023-04-14,226380.65,R2,普通,1
C007277,35-44,苏州,退休,10万以下,2020-04-07,19855.3,R3,银卡,1
C007278,45-54,南京,公务员,30-50万,2019-06-05,351251.51,R3,普通,1
C007279,45-54,深圳,企业职员,30-50万,2019-10-02,225719.5,R3,普通,1
C007280,45-54,无锡,公务员,50万以上,2021-04-16,2143358.39,R3,金卡,1
C007281,45-54,无锡,退休,30-50万,2020-07-01,343015.3,R5,银卡,1
C007282,25-34,南京,退休,10万以下,2022-01-16,14533.83,R3,普通,1
C007283,25-34,上海,其他,50万以上,2020-02-23,1134226.16,R4,普通,1
C007284,25-34,苏州,专业技术,30-50万,2020-04-22,420761.36,R5,普通,0
C007285,65+,上海,个体经营,10万以下,2023-04-13,24002.36,R4,普通,1
C007286,55-64,南京,个体经营,10万以下,2022-06-17,36638.71,R1,金卡,1
C007287,55-64,苏州,其他,50万以上,2019-09-30,1998672.65,R3,普通,0
C007288,25-34,上海,企业职员,10万以下,2021-10-10,99688.22,R2,普通,1
C007289,35-44,无锡,专业技术,30-50万,2022-12-30,711081.21,R1,银卡,1
C007290,25-34,南京,企业职员,10-30万,2018-06-06,52947.8,R3,钻石,1
C007291,35-44,上海,个体经营,30-50万,2019-03-10,334069.25,R2,普通,0
C007292,25-34,深圳,企业职员,10万以下,2019-10-02,26255.53,R3,普通,1
C007293,55-64,无锡,公务员,30-50万,2021-11-15,533255.15,R4,银卡,0
C007294,25-34,徐州,个体经营,10-30万,2021-01-29,75241.18,R2,钻石,0
C007295,45-54,无锡,公务员,50万以上,2018-09-20,1150088.65,R5,银卡,0
C007296,65+,南通,企业职员,10万以下,2021-03-30,16102.77,R3,普通,0
C007297,45-54,上海,退休,10万以下,2019-06-12,22199.38,R4,普通,0
C007298,18-24,徐州,企业职员,10万以下,2019-05-01,22617.29,R1,钻石,0
C007299,55-64,苏州,退休,10万以下,2019-07-27,25653.87,R5,银卡,1
C007300,45-54,南京,其他,50万以上,2020-10-18,828787.69,R1,银卡,1
C007301,35-44,南通,公务员,10万以下,2022-05-03,49019.11,R4,金卡,1
C007302,45-54,徐州,个体经营,10万以下,2022-05-16,37989.29,R1,金卡,1
C007303,55-64,南通,专业技术,30-50万,2019-07-13,193843.21,R1,普通,1
C007304,35-44,南京,其他,10万以下,2021-11-24,30392.13,R2,普通,0
C007305,35-44,苏州,个体经营,10万以下,2022-12-04,13716.09,R3,普通,0
C007306,35-44,上海,公务员,10-30万,2023-04-24,234773.12,R4,金卡,1
C007307,18-24,南京,企业职员,10-30万,2020-09-15,268955.5,R3,普通,0
C007308,55-64,北京,个体经营,30-50万,2018-08-21,389006.44,R3,银卡,1
C007309,25-34,常州,退休,10-30万,2022-02-19,78348.68,R2,普通,1
C007310,35-44,杭州,退休,10万以下,2020-06-27,21521.72,R5,普通,0
C007311,35-44,苏州,公务员,10-30万,2022-07-22,95642.83,R2,普通,0
C007312,25-34,苏州,其他,30-50万,2022-01-06,379195.13,R4,金卡,0
C007313,35-44,深圳,专业技术,10-30万,2021-12-15,238108.53,R3,普通,1
C007314,45-54,南通,退休,30-50万,2022-04-01,645009.76,R2,金卡,1
C007315,25-34,南京,企业职员,10-30万,2019-04-24,194998.92,R2,普通,1
C007316,25-34,深圳,其他,10-30万,2018-12-14,130683.83,R3,普通,1
C007317,55-64,无锡,企业职员,30-50万,2022-10-18,224675.85,R5,普通,0
C007318,65+,上海,企业职员,10万以下,2022-03-31,20412.94,R3,普通,1
C007319,35-44,南京,退休,10-30万,2024-04-18,123699.15,R4,银卡,0
C007320,35-44,杭州,公务员,10万以下,2019-11-10,16455.3,R5,普通,1
C007321,18-24,深圳,其他,30-50万,2020-02-25,465660.12,R2,普通,1
C007322,18-24,无锡,其他,10-30万,2019-05-21,179478.16,R3,普通,1
C007323,35-44,南京,专业技术,10-30万,2021-01-16,157616.43,R3,钻石,0
C007324,65+,南通,专业技术,10万以下,2018-12-08,38620.84,R2,普通,1
C007325,45-54,南京,公务员,50万以上,2023-07-26,589974.35,R4,银卡,1
C007326,35-44,无锡,公务员,10-30万,2022-03-03,233730.71,R2,金卡,0
C007327,65+,徐州,企业职员,10万以下,2021-09-19,13701.49,R3,钻石,1
C007328,35-44,南京,公务员,10万以下,2019-10-22,27794.07,R3,银卡,1
C007329,25-34,深圳,个体经营,10-30万,2023-02-04,163491.91,R4,银卡,1
C007330,35-44,上海,退休,10万以下,2022-06-12,35891.34,R3,普通,0
C007331,25-34,无锡,企业职员,30-50万,2023-11-06,211145.27,R3,银卡,1
C007332,55-64,无锡,企业职员,10-30万,2018-09-24,69291.96,R1,金卡,1
C007333,35-44,杭州,个体经营,10万以下,2021-09-07,34630.44,R4,普通,1
C007334,45-54,常州,个体经营,10-30万,2024-05-07,154920.84,R2,银卡,1
C007335,35-44,深圳,个体经营,10万以下,2022-12-31,17246.26,R3,钻石,1
C007336,55-64,南京,公务员,10万以下,2020-12-24,36506.62,R4,普通,1
C007337,45-54,苏州,退休,10-30万,2021-06-16,56252.75,R2,普通,0
C007338,35-44,常州,公务员,10万以下,2021-05-06,40992.62,R2,普通,1
C007339,25-34,南京,企业职员,30-50万,2024-01-15,257120.19,R2,普通,0
C007340,55-64,苏州,个体经营,10-30万,2019-02-17,124929.36,R3,银卡,0
C007341,35-44,常州,其他,10万以下,2019-06-03,28717.27,R2,普通,1
C007342,25-34,苏州,企业职员,50万以上,2023-02-11,2679938.3,R2,普通,1
C007343,55-64,南京,企业职员,10-30万,2022-03-17,135443.79,R2,金卡,1
C007344,18-24,苏州,专业技术,10万以下,2023-11-21,22234.53,R2,普通,1
C007345,25-34,南京,专业技术,10-30万,2023-08-24,143636.83,R2,普通,1
C007346,35-44,南京,企业职员,50万以上,2019-04-26,4378349.07,R3,普通,1
C007347,35-44,南京,专业技术,10-30万,2023-09-24,173738.83,R3,钻石,1
C007348,35-44,深圳,退休,10-30万,2022-04-22,116501.98,R3,普通,1
C007349,25-34,南京,专业技术,10-30万,2018-06-07,79097.82,R2,金卡,1
C007350,25-34,南京,专业技术,10万以下,2022-06-17,22042.04,R4,普通,1
C007351,18-24,深圳,个体经营,10万以下,2020-04-11,42148.28,R3,普通,1
C007352,25-34,上海,个体经营,10-30万,2023-10-13,77060.47,R4,普通,1
C007353,65+,苏州,企业职员,30-50万,2019-02-25,400538.11,R3,普通,1
C007354,35-44,北京,专业技术,30-50万,2018-11-15,820795.51,R2,金卡,0
C007355,35-44,北京,退休,10万以下,2018-12-01,32342.87,R3,银卡,0
C007356,35-44,上海,个体经营,10-30万,2020-08-08,69960.15,R1,普通,1
C007357,45-54,南通,退休,10万以下,2018-07-24,89132.26,R5,普通,1
C007358,25-34,南通,企业职员,10-30万,2020-03-31,289662.34,R3,普通,1
C007359,25-34,深圳,企业职员,10-30万,2022-02-24,154173.72,R1,银卡,1
C007360,45-54,常州,公务员,10万以下,2019-01-03,56773.81,R2,银卡,1
C007361,35-44,杭州,个体经营,30-50万,2022-10-08,350014.54,R3,普通,1
C007362,45-54,南京,专业技术,10-30万,2019-05-02,172383.04,R1,金卡,1
C007363,55-64,上海,企业职员,10-30万,2018-10-23,97098.1,R2,银卡,1
C007364,55-64,深圳,企业职员,30-50万,2021-09-11,203111.89,R4,普通,0
C007365,25-34,南京,退休,10-30万,2023-01-07,438540.89,R2,普通,1
C007366,25-34,苏州,退休,30-50万,2023-06-15,197985.84,R1,金卡,1
C007367,25-34,上海,退休,30-50万,2021-03-06,464166.63,R1,普通,0
C007368,55-64,上海,个体经营,10-30万,2020-05-13,138439.04,R3,普通,1
C007369,55-64,上海,退休,10万以下,2020-11-10,38830.27,R3,银卡,1
C007370,65+,深圳,公务员,10万以下,2020-06-30,28684.45,R3,普通,1
C007371,25-34,南京,其他,30-50万,2024-04-06,384459.95,R5,普通,0
C007372,55-64,上海,企业职员,10万以下,2024-02-18,32149.7,R1,金卡,0
C007373,35-44,徐州,专业技术,50万以上,2022-10-31,1906748.33,R1,普通,1
C007374,55-64,南京,企业职员,10-30万,2018-12-31,119891.07,R2,银卡,0
C007375,35-44,南京,退休,30-50万,2021-05-19,386558.79,R2,普通,1
C007376,25-34,徐州,公务员,10-30万,2022-05-25,61987.75,R1,银卡,1
C007377,18-24,徐州,企业职员,50万以上,2020-05-29,4105412.98,R2,银卡,1
C007378,65+,南通,个体经营,10万以下,2021-10-31,39214.51,R4,普通,1
C007379,35-44,常州,其他,10-30万,2023-07-21,133212.44,R1,金卡,1
C007380,35-44,上海,企业职员,30-50万,2021-04-27,292724.21,R4,银卡,1
C007381,35-44,苏州,公务员,10万以下,2020-03-19,18163.07,R4,金卡,1
C007382,35-44,苏州,专业技术,10万以下,2018-12-03,46117.41,R3,普通,1
C007383,65+,南通,其他,30-50万,2022-03-14,369271.95,R4,银卡,1
C007384,18-24,徐州,公务员,30-50万,2023-05-22,545660.42,R3,钻石,1
C007385,25-34,杭州,个体经营,10万以下,2019-03-15,15258.28,R2,银卡,1
C007386,55-64,无锡,其他,10-30万,2022-03-12,260061.77,R3,金卡,1
C007387,35-44,上海,退休,10万以下,2023-06-19,47081.78,R1,普通,1
C007388,25-34,北京,专业技术,10万以下,2021-05-25,28808.37,R3,银卡,1
C007389,18-24,无锡,个体经营,10-30万,2024-01-21,151608.94,R4,普通,1
C007390,25-34,南通,退休,10万以下,2018-06-10,43453.85,R3,普通,1
C007391,25-34,北京,其他,10-30万,2019-09-20,61497.8,R2,银卡,1
C007392,18-24,苏州,个体经营,10万以下,2021-10-07,69415.54,R3,普通,1
C007393,25-34,上海,其他,30-50万,2021-02-17,509329.44,R5,金卡,1
C007394,45-54,南通,公务员,10-30万,2022-01-06,84389.3,R1,银卡,0
C007395,55-64,无锡,其他,10万以下,2021-08-04,17338.02,R2,金卡,0
C007396,55-64,杭州,个体经营,50万以上,2018-10-13,2457179.09,R1,银卡,0
C007397,35-44,南京,公务员,30-50万,2020-01-16,444541.83,R5,金卡,1
C007398,25-34,南京,个体经营,10万以下,2020-06-06,38187.1,R3,普通,1
C007399,65+,南京,个体经营,50万以上,2018-07-14,1520132.32,R1,银卡,1
C007400,45-54,北京,专业技术,10万以下,2023-06-07,18170.97,R3,普通,1
C007401,35-44,苏州,退休,10万以下,2018-12-11,38687.1,R3,普通,1
C007402,25-34,上海,其他,10-30万,2023-05-11,108714.39,R1,普通,1
C007403,35-44,苏州,企业职员,10万以下,2022-11-08,29676.39,R4,银卡,0
C007404,35-44,常州,公务员,10-30万,2020-07-14,393859.05,R3,普通,1
C007405,35-44,常州,其他,10-30万,2023-08-05,185309.3,R1,钻石,1
C007406,18-24,苏州,企业职员,30-50万,2021-08-08,635776.45,R5,金卡,1
C007407,65+,无锡,公务员,10万以下,2022-05-23,116916.38,R1,银卡,1
C007408,35-44,苏州,退休,10万以下,2024-05-12,36360.55,R1,普通,1
C007409,45-54,南京,专业技术,10-30万,2023-04-24,127401.75,R2,银卡,1
C007410,25-34,无锡,企业职员,10万以下,2021-09-18,21361.57,R1,银卡,1
C007411,45-54,南通,企业职员,50万以上,2023-11-28,1196247.03,R3,普通,1
C007412,45-54,南京,退休,30-50万,2018-10-03,143726.57,R2,普通,1
C007413,25-34,苏州,个体经营,30-50万,2021-10-31,593879.37,R1,金卡,0
C007414,45-54,常州,退休,30-50万,2019-11-30,212300.78,R5,普通,1
C007415,45-54,北京,退休,10万以下,2023-03-09,47113.77,R2,普通,0
C007416,55-64,徐州,退休,10万以下,2021-01-19,29361.5,R2,金卡,1
C007417,25-34,深圳,专业技术,10-30万,2023-09-25,127934.84,R2,普通,1
C007418,55-64,常州,企业职员,30-50万,2023-03-29,391615.54,R4,金卡,1
C007419,35-44,杭州,企业职员,10-30万,2020-04-17,239973.61,R1,普通,1
C007420,25-34,南京,公务员,10万以下,2022-05-24,54922.25,R1,普通,1
C007421,25-34,南通,公务员,10-30万,2018-07-01,118278.98,R4,钻石,1
C007422,25-34,苏州,专业技术,10万以下,2018-05-31,19138.37,R1,普通,1
C007423,25-34,上海,个体经营,10-30万,2023-08-16,190458.88,R4,普通,0
C007424,35-44,北京,公务员,10万以下,2020-06-12,18428.71,R3,普通,1
C007425,45-54,上海,专业技术,10-30万,2019-09-13,55150.24,R4,钻石,1
C007426,25-34,南京,其他,10-30万,2022-10-02,153955.97,R1,普通,1
C007427,65+,徐州,个体经营,30-50万,2019-05-07,735616.93,R5,普通,1
C007428,25-34,上海,个体经营,30-50万,2019-12-21,326660.68,R2,普通,0
C007429,45-54,南京,其他,10万以下,2022-06-17,36724.95,R1,银卡,1
C007430,65+,南京,个体经营,30-50万,2023-11-12,324935.81,R3,普通,1
C007431,55-64,上海,企业职员,30-50万,2021-09-29,573903.48,R1,普通,1
C007432,45-54,苏州,公务员,10-30万,2022-03-08,207474.12,R2,普通,1
C007433,45-54,南京,公务员,50万以上,2021-03-27,1315257.55,R3,银卡,1
C007434,25-34,北京,专业技术,30-50万,2023-01-13,239286.83,R1,普通,1
C007435,18-24,深圳,个体经营,10万以下,2022-07-16,14478.75,R2,银卡,1
C007436,35-44,无锡,个体经营,10-30万,2019-01-07,190630.3,R3,银卡,1
C007437,25-34,深圳,退休,10-30万,2019-05-05,67979.66,R2,金卡,1
C007438,35-44,杭州,个体经营,10-30万,2019-12-27,144532.42,R3,银卡,1
C007439,25-34,南通,个体经营,50万以上,2022-04-16,2212600.77,R3,银卡,0
C007440,55-64,上海,公务员,10-30万,2021-06-02,93395.28,R2,普通,1
C007441,55-64,北京,个体经营,10-30万,2022-08-26,110430.49,R2,金卡,1
C007442,55-64,上海,专业技术,50万以上,2021-12-16,2471899.37,R2,银卡,0
C007443,45-54,苏州,其他,30-50万,2021-04-20,267031.77,R2,普通,1
C007444,25-34,南京,其他,10万以下,2019-03-31,19036.18,R1,普通,1
C007445,18-24,无锡,企业职员,50万以上,2019-08-15,1334116.8,R3,普通,1
C007446,45-54,南京,企业职员,10-30万,2023-03-29,227340.31,R1,钻石,1
C007447,45-54,南京,其他,10-30万,2018-09-21,268501.71,R3,普通,1
C007448,35-44,无锡,公务员,10-30万,2023-12-19,114217.01,R1,普通,0
C007449,35-44,苏州,企业职员,50万以上,2024-02-16,1050645.03,R1,普通,0
C007450,35-44,南京,退休,10万以下,2019-04-15,51072.93,R2,普通,1
C007451,25-34,北京,其他,10-30万,2022-09-16,52083.28,R2,普通,1
C007452,25-34,南京,退休,10-30万,2019-04-04,135815.48,R3,普通,1
C007453,35-44,徐州,企业职员,30-50万,2024-01-01,391313.0,R3,普通,1
C007454,45-54,南通,公务员,10万以下,2022-12-14,57289.15,R5,普通,1
C007455,65+,深圳,公务员,10万以下,2019-06-12,60262.3,R2,银卡,1
C007456,35-44,苏州,公务员,50万以上,2023-03-29,936318.89,R1,银卡,1
C007457,45-54,苏州,专业技术,30-50万,2021-04-15,434981.53,R4,银卡,1
C007458,55-64,徐州,退休,10-30万,2020-01-27,90214.45,R3,钻石,1
C007459,25-34,南通,公务员,10-30万,2022-04-25,103630.12,R1,普通,1
C007460,45-54,杭州,专业技术,10-30万,2023-07-21,163397.46,R1,普通,1
C007461,35-44,南京,个体经营,10-30万,2019-05-25,101498.57,R2,普通,1
C007462,35-44,苏州,个体经营,10-30万,2020-09-01,132218.32,R2,普通,1
C007463,18-24,南京,公务员,30-50万,2018-12-03,645548.69,R3,金卡,1
C007464,55-64,上海,企业职员,10万以下,2020-03-11,63993.29,R2,普通,0
C007465,65+,苏州,其他,30-50万,2019-12-07,462110.77,R5,普通,0
C007466,18-24,苏州,专业技术,10万以下,2020-09-01,31819.52,R3,普通,0
C007467,25-34,南通,其他,30-50万,2020-05-18,229940.24,R3,普通,1
C007468,25-34,苏州,公务员,10万以下,2021-11-04,66293.82,R1,银卡,0
C007469,55-64,南京,公务员,10万以下,2018-11-01,38438.05,R3,银卡,1
C007470,45-54,苏州,专业技术,10万以下,2019-07-02,32114.57,R4,银卡,1
C007471,25-34,杭州,退休,10万以下,2022-12-15,31303.25,R1,普通,1
C007472,55-64,南通,退休,10-30万,2018-10-25,143713.03,R3,普通,0
C007473,35-44,常州,专业技术,10-30万,2023-01-03,176511.67,R2,银卡,0
C007474,35-44,常州,个体经营,30-50万,2020-03-01,625930.79,R2,普通,1
C007475,35-44,深圳,专业技术,10-30万,2018-11-14,268511.22,R4,普通,1
C007476,35-44,南京,公务员,10-30万,2021-11-22,135481.62,R3,金卡,1
C007477,35-44,南京,企业职员,10-30万,2023-04-21,288470.36,R3,普通,0
C007478,25-34,杭州,公务员,30-50万,2018-06-02,678799.76,R2,普通,0
C007479,35-44,常州,个体经营,10万以下,2019-08-20,29111.45,R4,钻石,1
C007480,55-64,深圳,退休,10-30万,2021-09-16,52133.35,R3,金卡,1
C007481,35-44,上海,其他,10万以下,2018-06-12,31311.28,R1,普通,1
C007482,55-64,上海,其他,10万以下,2023-09-19,65394.38,R4,金卡,1
C007483,35-44,南通,个体经营,10-30万,2021-03-29,81439.48,R1,普通,1
C007484,45-54,南京,其他,10万以下,2023-04-26,31262.79,R1,银卡,1
C007485,25-34,北京,其他,10万以下,2023-04-21,32583.53,R4,普通,1
C007486,55-64,常州,退休,30-50万,2022-04-27,640678.55,R1,钻石,0
C007487,25-34,南京,企业职员,10万以下,2020-12-15,24712.07,R1,银卡,0
C007488,18-24,南京,专业技术,10-30万,2023-05-21,77695.7,R1,普通,1
C007489,25-34,苏州,公务员,10-30万,2021-04-13,159571.62,R4,普通,1
C007490,18-24,苏州,其他,30-50万,2019-09-23,275826.22,R1,普通,1
C007491,65+,南京,公务员,30-50万,2023-07-14,159766.26,R2,普通,1
C007492,65+,苏州,个体经营,10万以下,2024-04-30,75292.71,R2,普通,0
C007493,45-54,北京,公务员,30-50万,2019-12-01,635860.93,R2,普通,1
C007494,25-34,南通,其他,10-30万,2021-12-21,307718.57,R2,银卡,0
C007495,55-64,苏州,专业技术,10万以下,2023-04-09,46441.98,R4,银卡,1
C007496,45-54,南京,个体经营,10-30万,2019-02-15,168624.48,R3,普通,1
C007497,35-44,上海,退休,30-50万,2021-11-04,481175.64,R4,普通,1
C007498,35-44,上海,专业技术,10-30万,2023-09-15,109341.67,R3,普通,1
C007499,45-54,南京,专业技术,10-30万,2022-07-22,155018.59,R2,普通,1
C007500,18-24,深圳,公务员,10万以下,2020-12-11,22750.36,R1,普通,0
C007501,35-44,苏州,个体经营,10-30万,2022-08-30,70307.41,R3,普通,1
C007502,45-54,苏州,个体经营,50万以上,2018-10-16,1270425.9,R2,普通,1
C007503,25-34,苏州,个体经营,10-30万,2020-08-20,228889.16,R3,普通,1
C007504,35-44,深圳,个体经营,50万以上,2023-12-26,809986.06,R1,普通,0
C007505,35-44,杭州,其他,10万以下,2022-04-29,16328.94,R3,钻石,1
C007506,45-54,徐州,个体经营,30-50万,2022-04-23,537602.33,R2,金卡,1
C007507,65+,常州,专业技术,50万以上,2023-07-15,1218871.9,R2,普通,1
C007508,55-64,苏州,专业技术,10-30万,2024-03-10,152969.61,R5,普通,1
C007509,45-54,苏州,公务员,10万以下,2023-09-28,49211.44,R2,普通,1
C007510,45-54,苏州,其他,10-30万,2020-04-22,151147.77,R1,普通,1
C007511,45-54,杭州,企业职员,10万以下,2022-12-02,21869.1,R2,金卡,1
C007512,35-44,上海,退休,10-30万,2021-11-25,227911.79,R2,普通,0
C007513,18-24,无锡,专业技术,50万以上,2023-07-23,2173907.96,R3,普通,1
C007514,45-54,深圳,个体经营,10-30万,2018-09-16,121620.52,R5,金卡,0
C007515,45-54,南京,公务员,10万以下,2018-06-22,29678.0,R4,普通,1
C007516,35-44,南京,退休,10万以下,2020-04-02,36168.68,R3,普通,1
C007517,55-64,无锡,个体经营,10-30万,2022-06-02,102667.94,R3,金卡,1
C007518,45-54,深圳,专业技术,10-30万,2020-10-15,53084.73,R2,普通,1
C007519,35-44,南京,个体经营,10万以下,2022-02-02,43653.19,R4,钻石,1
C007520,18-24,南京,个体经营,30-50万,2018-12-07,565005.83,R3,普通,1
C007521,18-24,苏州,公务员,10万以下,2020-10-08,9494.04,R1,银卡,1
C007522,35-44,深圳,其他,10-30万,2023-08-20,154907.76,R5,普通,0
C007523,35-44,苏州,其他,10-30万,2023-11-01,288799.74,R3,普通,1
C007524,25-34,上海,企业职员,10万以下,2019-09-12,17070.95,R1,普通,1
C007525,25-34,杭州,企业职员,10-30万,2020-01-12,115682.12,R3,银卡,1
C007526,25-34,上海,退休,10-30万,2020-01-08,109563.09,R2,银卡,1
C007527,55-64,南京,个体经营,10-30万,2022-05-30,275254.94,R1,普通,1
C007528,45-54,南京,公务员,30-50万,2020-05-11,700600.67,R2,金卡,1
C007529,35-44,苏州,公务员,10-30万,2022-10-13,77345.6,R3,金卡,0
C007530,25-34,杭州,其他,10万以下,2020-07-28,35596.83,R2,银卡,1
C007531,25-34,杭州,公务员,50万以上,2022-06-09,4743622.93,R1,银卡,0
C007532,25-34,南京,退休,50万以上,2023-09-01,1097583.73,R2,普通,1
C007533,35-44,无锡,个体经营,10万以下,2019-05-28,29833.16,R2,普通,1
C007534,18-24,南京,个体经营,50万以上,2019-07-07,1939089.94,R3,普通,1
C007535,35-44,常州,个体经营,30-50万,2019-09-11,294841.31,R2,普通,1
C007536,65+,无锡,企业职员,10万以下,2020-08-03,72442.92,R1,普通,1
C007537,35-44,深圳,企业职员,10-30万,2020-07-26,94742.02,R2,普通,1
C007538,55-64,无锡,公务员,10万以下,2019-10-08,14979.46,R2,普通,0
C007539,25-34,南京,公务员,10-30万,2021-01-08,92295.99,R3,普通,1
C007540,25-34,常州,企业职员,50万以上,2019-02-20,2079183.26,R4,普通,0
C007541,65+,北京,公务员,10-30万,2019-10-20,80511.87,R2,银卡,1
C007542,35-44,无锡,退休,10-30万,2021-02-23,139573.51,R1,普通,1
C007543,45-54,杭州,企业职员,10万以下,2020-11-17,39744.55,R1,普通,1
C007544,65+,无锡,专业技术,10-30万,2018-08-26,65563.87,R3,金卡,1
C007545,35-44,南通,专业技术,30-50万,2021-05-17,301754.4,R2,普通,1
C007546,25-34,常州,公务员,10万以下,2023-10-04,35719.0,R3,普通,1
C007547,35-44,北京,公务员,10-30万,2019-05-03,170493.61,R3,银卡,1
C007548,18-24,南通,个体经营,10-30万,2024-05-23,91661.25,R1,银卡,1
C007549,25-34,无锡,公务员,30-50万,2022-12-05,431535.9,R2,银卡,1
C007550,18-24,上海,公务员,30-50万,2022-06-06,347059.56,R5,普通,1
C007551,55-64,南京,个体经营,10-30万,2024-04-05,172675.97,R2,银卡,0
C007552,45-54,苏州,专业技术,10-30万,2023-02-10,155585.98,R3,普通,1
C007553,25-34,苏州,专业技术,10-30万,2023-05-10,99558.98,R3,普通,1
C007554,25-34,南通,公务员,10-30万,2021-01-30,152431.25,R2,银卡,1
C007555,45-54,杭州,公务员,10-30万,2019-02-11,97630.76,R3,普通,1
C007556,55-64,南通,退休,10-30万,2022-09-23,150832.92,R1,银卡,0
C007557,25-34,无锡,退休,30-50万,2022-01-23,506291.11,R2,金卡,1
C007558,35-44,南京,退休,10万以下,2020-04-09,98171.96,R3,普通,1
C007559,55-64,深圳,退休,10万以下,2020-05-09,25357.29,R4,普通,1
C007560,55-64,苏州,公务员,50万以上,2018-09-21,1397703.96,R1,银卡,0
C007561,55-64,南京,专业技术,10万以下,2021-04-08,21705.85,R3,金卡,1
C007562,25-34,杭州,公务员,50万以上,2019-10-13,894986.41,R1,普通,1
C007563,25-34,北京,专业技术,10-30万,2019-04-29,95512.92,R3,银卡,1
C007564,35-44,苏州,专业技术,50万以上,2021-11-19,2091780.16,R2,普通,1
C007565,25-34,南通,退休,10-30万,2019-05-18,173507.79,R2,银卡,1
C007566,55-64,上海,其他,30-50万,2018-06-24,463730.92,R5,普通,1
C007567,18-24,南京,个体经营,30-50万,2023-09-12,345013.0,R3,银卡,1
C007568,45-54,深圳,企业职员,10-30万,2019-10-09,93766.18,R1,普通,1
C007569,55-64,苏州,企业职员,10-30万,2020-08-29,75874.18,R5,普通,1
C007570,65+,常州,个体经营,10万以下,2019-07-14,22708.82,R2,金卡,1
C007571,45-54,南京,个体经营,10万以下,2021-02-08,15699.57,R3,金卡,1
C007572,65+,南京,专业技术,50万以上,2023-03-08,2957647.72,R3,普通,1
C007573,18-24,南京,个体经营,10万以下,2021-10-31,75171.57,R4,普通,0
C007574,35-44,苏州,公务员,30-50万,2020-04-11,151947.21,R2,银卡,1
C007575,18-24,北京,退休,10-30万,2019-01-06,138673.68,R3,普通,1
C007576,65+,常州,公务员,10-30万,2023-12-28,137529.4,R3,普通,1
C007577,55-64,苏州,企业职员,50万以上,2023-04-15,1665073.89,R2,普通,1
C007578,18-24,无锡,个体经营,10万以下,2022-12-31,22305.32,R4,普通,1
C007579,18-24,苏州,专业技术,10-30万,2020-11-07,200086.29,R2,银卡,1
C007580,35-44,徐州,公务员,10-30万,2024-04-25,147338.17,R2,普通,1
C007581,25-34,常州,企业职员,10万以下,2018-09-05,50312.74,R3,普通,1
C007582,55-64,无锡,专业技术,10万以下,2020-03-02,20747.82,R1,金卡,1
C007583,25-34,上海,公务员,10-30万,2018-12-18,60093.42,R4,普通,1
C007584,55-64,无锡,其他,10万以下,2024-04-15,37287.2,R2,普通,1
C007585,35-44,杭州,个体经营,30-50万,2022-10-05,247149.32,R2,普通,1
C007586,35-44,南通,其他,10-30万,2021-09-16,203322.13,R3,金卡,1
C007587,25-34,南京,企业职员,10万以下,2019-10-10,10359.32,R4,金卡,1
C007588,65+,南京,个体经营,10万以下,2020-07-04,23734.45,R3,普通,1
C007589,45-54,苏州,个体经营,10万以下,2021-11-24,22048.32,R1,银卡,0
C007590,35-44,北京,公务员,30-50万,2022-07-31,338754.69,R2,普通,1
C007591,35-44,杭州,个体经营,10-30万,2022-06-04,136734.53,R3,普通,1
C007592,55-64,深圳,个体经营,10万以下,2022-03-15,36573.18,R4,普通,1
C007593,55-64,上海,企业职员,10-30万,2020-04-05,165233.65,R3,普通,1
C007594,55-64,北京,公务员,10-30万,2019-03-10,175034.82,R3,金卡,1
C007595,45-54,苏州,公务员,10-30万,2021-07-18,110137.43,R2,普通,1
C007596,55-64,徐州,专业技术,10万以下,2018-12-26,86103.46,R2,普通,1
C007597,25-34,无锡,公务员,10万以下,2022-08-11,60023.88,R2,银卡,1
C007598,45-54,杭州,企业职员,10-30万,2019-03-30,102667.71,R1,普通,1
C007599,35-44,深圳,退休,10-30万,2024-05-30,112062.29,R1,金卡,1
C007600,45-54,上海,公务员,10-30万,2019-11-25,101592.31,R3,普通,1
C007601,65+,上海,企业职员,10万以下,2018-09-12,35975.81,R3,普通,1
C007602,65+,北京,公务员,10万以下,2022-09-29,18453.03,R2,普通,1
C007603,35-44,南京,专业技术,10-30万,2020-04-23,80860.3,R4,普通,1
C007604,35-44,常州,公务员,10万以下,2023-12-19,10150.41,R2,普通,1
C007605,55-64,上海,其他,10-30万,2019-04-16,98313.53,R3,普通,0
C007606,65+,南通,退休,10-30万,2021-06-21,204357.59,R4,银卡,1
C007607,45-54,南通,公务员,10万以下,2021-11-09,27803.08,R4,钻石,1
C007608,18-24,无锡,其他,10-30万,2018-11-06,114366.79,R4,银卡,1
C007609,35-44,苏州,退休,10万以下,2018-11-03,34476.47,R4,银卡,1
C007610,55-64,北京,退休,10-30万,2023-01-26,72702.3,R2,金卡,1
C007611,45-54,上海,企业职员,10万以下,2018-08-20,30381.7,R3,银卡,0
C007612,45-54,徐州,公务员,10-30万,2023-02-25,187289.68,R4,普通,0
C007613,45-54,南京,专业技术,10-30万,2019-07-11,139878.38,R2,普通,1
C007614,35-44,南京,个体经营,10万以下,2019-09-20,48924.57,R3,银卡,1
C007615,35-44,无锡,其他,10-30万,2021-05-19,225779.24,R1,金卡,1
C007616,55-64,南京,专业技术,30-50万,2020-11-06,557108.17,R3,金卡,1
C007617,25-34,南京,企业职员,50万以上,2022-01-15,1049991.0,R1,普通,1
C007618,45-54,南京,其他,10万以下,2021-12-24,25257.67,R3,金卡,1
C007619,45-54,苏州,其他,10万以下,2021-04-24,78802.27,R2,普通,1
C007620,55-64,南京,退休,10-30万,2019-03-22,140411.3,R2,普通,0
C007621,25-34,上海,退休,30-50万,2021-07-04,437879.1,R2,金卡,0
C007622,45-54,南通,企业职员,10-30万,2020-11-27,78062.68,R3,普通,1
C007623,25-34,常州,退休,10-30万,2020-02-26,114635.92,R4,银卡,1
C007624,25-34,深圳,专业技术,30-50万,2018-11-15,572293.14,R1,普通,0
C007625,35-44,常州,企业职员,10万以下,2019-03-26,30223.51,R1,钻石,0
C007626,18-24,杭州,公务员,10-30万,2022-03-14,92554.96,R3,普通,1
C007627,65+,南京,专业技术,10-30万,2019-03-20,103938.43,R3,银卡,1
C007628,55-64,苏州,个体经营,10-30万,2021-09-28,217762.37,R2,普通,1
C007629,18-24,苏州,专业技术,30-50万,2023-11-07,558556.04,R3,普通,1
C007630,55-64,深圳,其他,10-30万,2023-12-20,156728.01,R4,普通,1
C007631,35-44,北京,专业技术,10-30万,2023-03-07,149595.17,R2,普通,0
C007632,45-54,无锡,其他,10-30万,2022-03-15,66418.58,R3,普通,1
C007633,55-64,杭州,企业职员,10万以下,2022-01-02,34376.46,R1,普通,0
C007634,35-44,苏州,公务员,30-50万,2023-05-02,682299.21,R5,金卡,1
C007635,25-34,南通,其他,30-50万,2023-05-06,351076.37,R4,普通,0
C007636,18-24,南京,退休,50万以上,2024-03-20,2445327.69,R3,银卡,1
C007637,35-44,南通,个体经营,30-50万,2018-12-04,525356.93,R5,银卡,1
C007638,65+,苏州,公务员,10万以下,2022-11-16,45378.29,R2,金卡,0
C007639,35-44,南通,退休,10-30万,2020-07-04,123095.44,R3,普通,0
C007640,35-44,无锡,企业职员,10-30万,2021-06-17,186939.4,R3,普通,1
C007641,18-24,南通,企业职员,10万以下,2022-03-31,14423.47,R4,普通,0
C007642,55-64,南京,其他,10-30万,2022-12-04,122005.31,R3,普通,0
C007643,35-44,常州,退休,10-30万,2024-01-11,171399.86,R1,普通,1
C007644,45-54,苏州,退休,10万以下,2023-10-05,34790.6,R1,普通,1
C007645,45-54,南京,个体经营,30-50万,2020-05-03,691785.8,R1,银卡,1
C007646,25-34,常州,公务员,10万以下,2021-09-11,27733.69,R4,银卡,1
C007647,18-24,南京,个体经营,10-30万,2018-08-02,91264.7,R2,金卡,1
C007648,35-44,无锡,退休,30-50万,2023-07-11,176254.16,R3,普通,1
C007649,25-34,苏州,公务员,10-30万,2018-10-24,104690.51,R1,银卡,0
C007650,45-54,南通,企业职员,10万以下,2023-11-24,38847.16,R3,普通,0
C007651,55-64,常州,个体经营,10-30万,2020-01-01,175562.66,R2,金卡,0
C007652,25-34,南京,专业技术,30-50万,2018-08-19,198715.02,R3,普通,0
C007653,35-44,苏州,个体经营,30-50万,2023-06-28,719910.65,R2,银卡,1
C007654,18-24,南通,其他,10-30万,2021-07-19,73720.53,R1,银卡,1
C007655,25-34,杭州,专业技术,10万以下,2018-11-15,28236.72,R1,普通,0
C007656,45-54,南京,退休,10-30万,2019-08-01,90295.13,R5,普通,1
C007657,55-64,南京,公务员,10万以下,2023-02-06,36959.49,R3,金卡,1
C007658,45-54,杭州,专业技术,30-50万,2023-05-22,419264.47,R3,普通,1
C007659,25-34,苏州,个体经营,10-30万,2022-05-20,168422.55,R4,银卡,1
C007660,35-44,苏州,个体经营,30-50万,2021-08-20,1005627.35,R3,普通,1
C007661,35-44,苏州,企业职员,50万以上,2022-08-24,1830137.95,R3,普通,1
C007662,65+,深圳,退休,10-30万,2023-11-16,89940.82,R3,普通,1
C007663,45-54,常州,个体经营,50万以上,2021-06-01,1888909.39,R1,普通,1
C007664,65+,南京,其他,10-30万,2021-12-08,317367.8,R2,普通,1
C007665,25-34,无锡,专业技术,10万以下,2022-07-29,41652.76,R4,普通,1
C007666,35-44,苏州,公务员,30-50万,2019-06-09,641822.22,R2,银卡,0
C007667,45-54,南京,退休,10-30万,2022-09-02,54092.93,R2,普通,1
C007668,35-44,深圳,企业职员,50万以上,2019-01-14,1820123.59,R4,普通,1
C007669,45-54,无锡,退休,10万以下,2024-05-07,26237.47,R1,银卡,0
C007670,35-44,上海,个体经营,10-30万,2021-04-16,85407.11,R3,钻石,0
C007671,65+,北京,企业职员,30-50万,2018-09-10,395561.35,R3,普通,1
C007672,25-34,南京,专业技术,10万以下,2022-09-09,31674.58,R2,普通,0
C007673,65+,南京,个体经营,10-30万,2020-06-20,87820.57,R1,金卡,1
C007674,35-44,苏州,公务员,10-30万,2019-12-31,131857.74,R2,普通,0
C007675,35-44,上海,企业职员,10万以下,2022-05-09,27507.37,R3,金卡,0
C007676,35-44,无锡,专业技术,10万以下,2020-07-26,42623.97,R4,钻石,1
C007677,25-34,常州,个体经营,30-50万,2020-06-26,448205.56,R4,普通,1
C007678,65+,南京,公务员,10万以下,2021-07-31,36203.62,R1,普通,1
C007679,55-64,南京,专业技术,30-50万,2022-02-23,652726.71,R2,钻石,1
C007680,65+,无锡,其他,30-50万,2021-07-21,527918.8,R3,普通,1
C007681,65+,南京,其他,10-30万,2023-07-09,119635.49,R3,普通,1
C007682,45-54,杭州,公务员,10-30万,2021-06-11,42267.96,R1,普通,1
C007683,35-44,深圳,个体经营,10万以下,2022-06-16,38786.08,R1,银卡,0
C007684,55-64,北京,退休,30-50万,2022-05-16,253535.26,R1,银卡,0
C007685,18-24,常州,企业职员,10万以下,2022-12-08,28733.92,R2,金卡,1
C007686,55-64,苏州,其他,10万以下,2021-04-16,36115.45,R3,普通,0
C007687,35-44,常州,个体经营,50万以上,2024-05-15,2921156.56,R5,普通,1
C007688,45-54,南京,个体经营,10-30万,2024-01-26,301464.76,R1,银卡,1
C007689,35-44,深圳,其他,10万以下,2023-02-27,18926.98,R3,普通,1
C007690,35-44,上海,公务员,50万以上,2020-12-24,776882.37,R2,金卡,0
C007691,18-24,苏州,企业职员,10万以下,2022-11-13,35306.11,R2,普通,1
C007692,35-44,上海,其他,10万以下,2021-06-05,33865.99,R1,普通,0
C007693,35-44,苏州,退休,10-30万,2023-07-11,65795.66,R2,普通,1
C007694,25-34,上海,个体经营,30-50万,2021-11-18,396693.14,R2,银卡,1
C007695,25-34,无锡,企业职员,30-50万,2021-09-07,539280.06,R3,银卡,0
C007696,45-54,杭州,专业技术,30-50万,2022-06-19,216239.95,R3,金卡,1
C007697,25-34,深圳,退休,50万以上,2024-02-12,912262.42,R3,银卡,0
C007698,55-64,苏州,企业职员,10万以下,2020-09-02,21739.21,R3,金卡,0
C007699,25-34,南通,公务员,10-30万,2023-03-11,107916.91,R2,普通,1
C007700,35-44,苏州,个体经营,10万以下,2021-06-30,42443.9,R2,金卡,1
C007701,25-34,杭州,公务员,50万以上,2020-02-22,1274080.54,R1,金卡,1
C007702,35-44,常州,专业技术,50万以上,2023-10-23,1542066.69,R1,普通,0
C007703,35-44,深圳,其他,10-30万,2020-04-29,368920.31,R2,普通,1
C007704,45-54,北京,退休,30-50万,2022-02-28,247970.41,R5,钻石,1
C007705,35-44,苏州,专业技术,10-30万,2021-05-20,86573.61,R5,普通,1
C007706,35-44,南京,其他,10万以下,2023-12-15,42108.17,R3,银卡,1
C007707,25-34,徐州,退休,10-30万,2021-05-29,196667.27,R3,普通,1
C007708,35-44,苏州,专业技术,50万以上,2022-02-17,1845712.8,R3,普通,1
C007709,35-44,苏州,企业职员,10-30万,2023-05-06,296478.74,R3,普通,1
C007710,45-54,南通,公务员,10万以下,2021-03-16,35160.57,R3,普通,0
C007711,35-44,常州,其他,50万以上,2020-06-30,558451.93,R2,普通,1
C007712,45-54,常州,专业技术,10-30万,2022-01-22,125963.17,R5,银卡,1
C007713,35-44,苏州,其他,10-30万,2020-08-05,90197.34,R3,普通,1
C007714,25-34,南京,企业职员,30-50万,2022-05-11,799007.57,R2,普通,1
C007715,25-34,南京,公务员,10-30万,2019-05-31,194377.82,R3,普通,1
C007716,18-24,上海,企业职员,10-30万,2022-09-21,54198.13,R4,普通,1
C007717,35-44,常州,企业职员,10万以下,2019-08-10,58930.36,R4,普通,1
C007718,55-64,常州,个体经营,30-50万,2022-02-12,639795.4,R2,银卡,1
C007719,45-54,深圳,其他,10-30万,2021-01-20,102029.37,R3,银卡,0
C007720,35-44,北京,企业职员,10-30万,2023-12-31,115384.59,R2,普通,1
C007721,25-34,南京,其他,30-50万,2023-12-20,802356.54,R2,普通,0
C007722,55-64,杭州,企业职员,10万以下,2018-06-06,11194.71,R2,普通,1
C007723,18-24,苏州,企业职员,30-50万,2024-05-15,499777.78,R1,钻石,1
C007724,35-44,上海,企业职员,30-50万,2021-01-26,691020.41,R2,普通,1
C007725,55-64,南京,退休,50万以上,2021-08-30,1434919.27,R2,金卡,0
C007726,35-44,南京,公务员,10万以下,2020-08-01,41477.55,R3,银卡,1
C007727,25-34,北京,企业职员,10-30万,2024-05-23,126351.66,R3,钻石,0
C007728,25-34,南通,退休,10-30万,2023-04-25,81082.9,R2,银卡,0
C007729,45-54,苏州,专业技术,50万以上,2022-05-17,1000950.55,R2,银卡,0
C007730,25-34,北京,个体经营,50万以上,2018-11-08,2141335.59,R4,普通,1
C007731,45-54,苏州,退休,10-30万,2022-04-23,87325.14,R3,普通,1
C007732,35-44,南京,其他,10-30万,2020-12-22,55991.58,R3,普通,1
C007733,35-44,无锡,专业技术,10万以下,2020-12-17,31893.32,R1,钻石,1
C007734,25-34,上海,其他,10-30万,2021-12-02,92846.82,R1,普通,1
C007735,55-64,徐州,个体经营,30-50万,2019-06-03,219622.57,R4,普通,1
C007736,35-44,常州,其他,30-50万,2020-02-13,414609.98,R2,普通,1
C007737,45-54,常州,专业技术,10-30万,2021-09-28,176113.75,R2,普通,0
C007738,35-44,常州,公务员,50万以上,2022-08-01,1515188.93,R1,普通,1
C007739,25-34,无锡,专业技术,10万以下,2022-09-28,17603.13,R3,普通,1
C007740,35-44,南京,个体经营,10-30万,2018-10-14,152687.53,R3,普通,1
C007741,35-44,南京,企业职员,10-30万,2023-08-29,201355.08,R3,普通,0
C007742,35-44,上海,个体经营,10-30万,2023-05-25,362857.0,R4,银卡,0
C007743,55-64,杭州,企业职员,30-50万,2022-11-02,822531.32,R2,普通,0
C007744,55-64,无锡,个体经营,10-30万,2019-05-26,72588.94,R2,普通,0
C007745,55-64,苏州,其他,10万以下,2020-04-09,46073.54,R5,银卡,0
C007746,45-54,南通,企业职员,10万以下,2018-08-05,34105.52,R2,银卡,0
C007747,35-44,南京,退休,10-30万,2020-01-25,67453.75,R4,普通,1
C007748,45-54,南通,公务员,10-30万,2021-06-15,138295.04,R3,金卡,1
C007749,25-34,常州,专业技术,10-30万,2024-03-04,313196.28,R1,普通,1
C007750,55-64,无锡,专业技术,10-30万,2019-02-19,218202.57,R5,银卡,0
C007751,55-64,南京,退休,10万以下,2020-05-19,18073.96,R2,银卡,1
C007752,25-34,深圳,退休,30-50万,2023-12-26,402752.87,R3,普通,0
C007753,55-64,南京,公务员,10-30万,2018-07-27,153442.97,R2,普通,1
C007754,55-64,南京,个体经营,10-30万,2020-09-04,50528.62,R3,普通,1
C007755,35-44,无锡,专业技术,10-30万,2020-09-06,51406.92,R3,普通,1
C007756,55-64,上海,公务员,10万以下,2022-04-09,32411.44,R2,普通,0
C007757,25-34,上海,其他,10万以下,2022-06-04,32623.57,R5,银卡,0
C007758,18-24,常州,专业技术,10万以下,2022-03-22,11962.63,R1,普通,0
C007759,35-44,南通,退休,30-50万,2024-02-11,485632.08,R2,普通,1
C007760,35-44,无锡,专业技术,10万以下,2021-09-14,51659.74,R1,普通,1
C007761,35-44,南京,个体经营,10万以下,2024-01-15,26897.86,R3,银卡,0
C007762,65+,苏州,退休,50万以上,2020-10-27,1545536.35,R2,普通,1
C007763,25-34,无锡,专业技术,10-30万,2023-03-03,159684.12,R3,银卡,1
C007764,25-34,南通,退休,10-30万,2020-09-14,149456.65,R3,普通,0
C007765,45-54,徐州,个体经营,10-30万,2022-03-02,52100.81,R3,普通,1
C007766,18-24,深圳,专业技术,10万以下,2022-09-27,19079.93,R5,银卡,1
C007767,45-54,常州,其他,10万以下,2023-07-18,24612.9,R4,银卡,1
C007768,35-44,上海,个体经营,30-50万,2022-02-07,260096.06,R2,银卡,1
C007769,65+,深圳,其他,10-30万,2023-12-31,249878.8,R3,金卡,0
C007770,45-54,苏州,个体经营,30-50万,2022-11-30,549331.74,R1,金卡,0
C007771,18-24,无锡,企业职员,50万以上,2021-08-15,861226.63,R1,金卡,1
C007772,25-34,上海,企业职员,10万以下,2020-08-09,26951.25,R2,普通,1
C007773,25-34,南通,个体经营,10-30万,2021-08-24,211175.13,R2,普通,1
C007774,65+,北京,个体经营,10万以下,2023-10-20,21716.62,R3,钻石,1
C007775,45-54,南通,公务员,10-30万,2020-01-27,183696.27,R2,普通,0
C007776,35-44,北京,其他,30-50万,2021-11-12,798755.1,R3,普通,1
C007777,25-34,南京,其他,10万以下,2020-08-22,55106.51,R5,普通,1
C007778,55-64,杭州,专业技术,50万以上,2018-07-10,1641593.11,R1,银卡,1
C007779,25-34,南京,退休,10-30万,2024-02-15,224304.44,R2,普通,1
C007780,45-54,南京,专业技术,10-30万,2018-06-17,92422.71,R1,普通,1
C007781,45-54,南京,专业技术,10万以下,2018-09-07,103973.71,R1,普通,1
C007782,25-34,南通,公务员,10-30万,2021-04-18,135357.11,R5,普通,0
C007783,35-44,苏州,企业职员,10-30万,2024-04-02,212914.11,R1,金卡,0
C007784,25-34,南京,专业技术,10万以下,2022-12-04,25032.95,R2,普通,1
C007785,35-44,徐州,企业职员,10-30万,2023-01-20,154037.95,R2,金卡,1
C007786,65+,常州,公务员,10万以下,2020-11-25,39367.05,R2,普通,1
C007787,45-54,无锡,专业技术,50万以上,2020-04-01,942752.28,R3,金卡,1
C007788,55-64,常州,个体经营,10-30万,2021-06-22,74311.82,R5,金卡,1
C007789,35-44,杭州,个体经营,10-30万,2022-04-10,108336.32,R3,普通,1
C007790,25-34,上海,专业技术,30-50万,2024-02-28,695152.2,R2,普通,0
C007791,45-54,常州,其他,30-50万,2018-10-04,160092.33,R3,银卡,1
C007792,35-44,杭州,企业职员,30-50万,2018-06-16,333632.45,R4,普通,1
C007793,25-34,杭州,公务员,50万以上,2024-03-20,2887529.87,R2,普通,1
C007794,35-44,无锡,公务员,10万以下,2022-06-12,16201.97,R3,银卡,1
C007795,45-54,南京,公务员,10-30万,2018-06-30,224627.19,R3,金卡,1
C007796,45-54,南京,企业职员,10-30万,2022-01-04,68278.52,R3,普通,1
C007797,25-34,徐州,公务员,10万以下,2020-08-31,18971.29,R1,普通,1
C007798,55-64,北京,企业职员,30-50万,2021-04-28,371613.25,R3,金卡,1
C007799,35-44,南京,其他,10万以下,2020-08-07,76548.68,R4,普通,0
C007800,25-34,常州,个体经营,50万以上,2019-02-11,1089219.64,R3,金卡,0
C007801,25-34,南京,个体经营,30-50万,2022-02-16,168171.31,R1,普通,1
C007802,55-64,常州,退休,10-30万,2019-08-08,59532.58,R1,普通,0
C007803,35-44,杭州,专业技术,10-30万,2021-08-31,191227.89,R3,普通,1
C007804,35-44,上海,公务员,50万以上,2023-03-06,761926.61,R3,普通,0
C007805,25-34,深圳,公务员,30-50万,2023-12-19,724474.7,R5,普通,1
C007806,45-54,常州,企业职员,30-50万,2020-02-06,414204.56,R2,银卡,1
C007807,55-64,徐州,公务员,30-50万,2020-10-14,393597.55,R2,普通,1
C007808,35-44,北京,个体经营,10万以下,2019-02-23,34808.08,R3,金卡,1
C007809,65+,上海,个体经营,10万以下,2022-12-31,20100.35,R3,普通,1
C007810,18-24,深圳,公务员,10万以下,2020-02-11,32141.03,R3,普通,0
C007811,25-34,苏州,其他,10-30万,2024-04-10,66085.89,R3,银卡,1
C007812,45-54,南京,退休,10-30万,2023-07-30,235553.3,R2,普通,0
C007813,45-54,南京,个体经营,10-30万,2020-11-01,71797.1,R2,银卡,0
C007814,25-34,杭州,退休,50万以上,2021-03-03,1868069.28,R1,普通,1
C007815,35-44,南京,公务员,10万以下,2020-11-05,17882.49,R2,金卡,0
C007816,25-34,杭州,退休,30-50万,2019-05-14,306391.06,R3,普通,1
C007817,35-44,常州,退休,10-30万,2019-05-24,99541.61,R2,普通,1
C007818,45-54,上海,专业技术,10-30万,2023-03-28,532810.45,R4,银卡,1
C007819,65+,上海,公务员,10万以下,2023-03-13,29784.09,R2,普通,1
C007820,35-44,无锡,退休,30-50万,2021-03-04,265257.13,R3,钻石,1
C007821,45-54,南京,企业职员,30-50万,2018-08-25,320277.16,R3,普通,1
C007822,35-44,徐州,个体经营,10-30万,2020-05-19,56551.71,R2,普通,0
C007823,25-34,深圳,其他,10-30万,2023-07-15,110619.77,R3,普通,0
C007824,25-34,南京,专业技术,10-30万,2020-08-03,302788.66,R5,普通,1
C007825,65+,苏州,个体经营,10-30万,2022-05-19,141955.2,R5,银卡,1
C007826,25-34,北京,个体经营,10-30万,2023-10-10,188517.76,R2,普通,0
C007827,55-64,南京,个体经营,10-30万,2020-02-16,76135.9,R3,银卡,1
C007828,25-34,南京,个体经营,30-50万,2022-09-29,361330.65,R1,普通,0
C007829,55-64,北京,公务员,30-50万,2019-09-29,442931.83,R2,金卡,1
C007830,25-34,上海,退休,10万以下,2021-02-02,20874.83,R2,普通,1
C007831,65+,苏州,企业职员,30-50万,2021-09-22,488562.75,R4,普通,1
C007832,45-54,深圳,退休,10-30万,2023-02-27,163237.46,R3,普通,1
C007833,25-34,上海,专业技术,50万以上,2022-08-27,1967746.8,R1,普通,0
C007834,45-54,南京,个体经营,10-30万,2022-05-28,111268.93,R5,普通,1
C007835,45-54,常州,退休,10万以下,2020-03-28,51761.83,R3,银卡,0
C007836,35-44,杭州,其他,30-50万,2021-11-30,351656.84,R1,普通,1
C007837,25-34,徐州,个体经营,10万以下,2024-03-18,25198.56,R4,普通,0
C007838,45-54,南通,专业技术,30-50万,2024-05-02,822405.89,R3,普通,0
C007839,45-54,无锡,个体经营,50万以上,2022-10-05,862415.56,R2,普通,1
C007840,35-44,苏州,个体经营,10-30万,2021-05-05,51213.71,R1,普通,0
C007841,55-64,徐州,个体经营,10-30万,2022-05-29,77756.61,R2,银卡,0
C007842,25-34,南京,专业技术,10-30万,2018-06-04,145636.34,R1,普通,0
C007843,18-24,杭州,企业职员,10-30万,2023-01-09,227986.69,R4,普通,1
C007844,45-54,南京,退休,10万以下,2021-12-15,21562.12,R2,银卡,0
C007845,25-34,南京,企业职员,50万以上,2022-01-08,3716877.26,R2,普通,1
C007846,25-34,南京,其他,10-30万,2022-10-06,121642.99,R5,银卡,1
C007847,35-44,杭州,个体经营,10-30万,2019-02-05,113264.63,R5,普通,0
C007848,25-34,常州,退休,10万以下,2022-11-22,19613.7,R4,银卡,1
C007849,25-34,无锡,企业职员,50万以上,2024-05-08,3979446.31,R4,普通,0
C007850,45-54,常州,个体经营,50万以上,2021-04-24,1391414.24,R5,普通,1
C007851,35-44,南通,其他,10-30万,2020-08-04,61651.51,R4,普通,1
C007852,55-64,北京,专业技术,10万以下,2021-09-01,102517.32,R2,普通,1
C007853,45-54,苏州,个体经营,30-50万,2021-11-17,487017.27,R1,普通,1
C007854,35-44,南京,公务员,10-30万,2019-03-23,178914.31,R2,普通,1
C007855,25-34,杭州,退休,50万以上,2022-03-01,3477262.06,R2,金卡,1
C007856,55-64,常州,专业技术,50万以上,2020-07-25,2039483.11,R2,普通,1
C007857,25-34,南通,专业技术,30-50万,2019-05-16,651260.18,R2,普通,1
C007858,25-34,南京,其他,10万以下,2022-01-05,30826.04,R1,普通,1
C007859,55-64,杭州,专业技术,30-50万,2021-02-27,577281.89,R3,银卡,1
C007860,45-54,北京,其他,50万以上,2022-02-03,1474599.17,R2,银卡,1
C007861,45-54,无锡,个体经营,10-30万,2020-09-18,118793.5,R2,金卡,1
C007862,18-24,南京,个体经营,30-50万,2021-02-13,424674.47,R3,银卡,1
C007863,25-34,南京,专业技术,10-30万,2019-04-14,98404.27,R2,银卡,1
C007864,35-44,苏州,个体经营,50万以上,2022-11-21,1930258.68,R2,普通,1
C007865,45-54,常州,退休,10-30万,2023-06-11,154225.27,R2,银卡,1
C007866,35-44,无锡,个体经营,10万以下,2021-11-13,45180.05,R3,普通,1
C007867,18-24,南通,公务员,10-30万,2020-09-22,165222.82,R4,银卡,1
C007868,25-34,苏州,公务员,10万以下,2022-09-12,81550.21,R1,银卡,0
C007869,45-54,南京,公务员,10-30万,2018-05-28,203121.97,R4,普通,1
C007870,45-54,深圳,其他,50万以上,2021-04-23,1352343.7,R4,普通,1
C007871,18-24,苏州,公务员,10万以下,2019-07-12,37627.42,R5,普通,0
C007872,18-24,深圳,公务员,50万以上,2021-02-14,3039868.22,R4,银卡,0
C007873,25-34,南通,退休,10万以下,2022-01-18,18656.8,R3,普通,1
C007874,25-34,南京,退休,10-30万,2019-04-26,328524.9,R1,普通,1
C007875,35-44,南通,个体经营,50万以上,2023-06-20,1018311.02,R1,普通,0
C007876,25-34,深圳,个体经营,10-30万,2022-11-26,188223.38,R1,银卡,1
C007877,45-54,杭州,专业技术,30-50万,2019-10-22,401322.27,R2,银卡,1
C007878,45-54,苏州,专业技术,50万以上,2018-12-19,1462282.99,R5,银卡,1
C007879,65+,南京,企业职员,10-30万,2022-08-30,62554.32,R1,金卡,1
C007880,65+,常州,其他,30-50万,2021-03-11,629681.79,R3,普通,0
C007881,25-34,南京,个体经营,10万以下,2021-06-27,15752.8,R5,普通,1
C007882,18-24,苏州,专业技术,10-30万,2020-01-14,58329.42,R1,银卡,0
C007883,35-44,北京,企业职员,10万以下,2021-05-29,53573.2,R1,普通,1
C007884,45-54,徐州,专业技术,30-50万,2020-09-24,978741.29,R2,银卡,1
C007885,18-24,上海,企业职员,10-30万,2020-05-20,85958.86,R2,钻石,0
C007886,35-44,南通,企业职员,10-30万,2019-06-04,198154.37,R3,普通,1
C007887,25-34,南京,其他,50万以上,2023-07-31,2233853.87,R2,普通,0
C007888,25-34,南京,企业职员,10万以下,2020-06-03,28658.15,R3,钻石,1
C007889,45-54,上海,退休,50万以上,2023-04-30,2925231.28,R1,普通,1
C007890,45-54,无锡,专业技术,10万以下,2024-05-07,27643.38,R3,普通,1
C007891,35-44,常州,公务员,10-30万,2020-02-06,155439.85,R2,普通,1
C007892,55-64,南京,个体经营,10-30万,2022-01-24,64110.41,R2,普通,0
C007893,25-34,无锡,企业职员,10-30万,2020-02-06,65495.2,R1,普通,1
C007894,25-34,南京,专业技术,10-30万,2018-10-06,215296.09,R4,普通,1
C007895,35-44,南京,退休,30-50万,2023-08-22,526929.71,R3,普通,0
C007896,45-54,北京,个体经营,30-50万,2021-09-11,372499.65,R2,普通,1
C007897,45-54,上海,其他,10万以下,2023-10-27,77876.17,R3,银卡,1
C007898,18-24,杭州,公务员,10万以下,2019-06-05,77467.25,R2,普通,1
C007899,65+,北京,其他,10万以下,2018-05-25,37366.75,R4,金卡,1
C007900,25-34,南通,退休,10-30万,2019-03-08,57954.85,R5,金卡,1
C007901,35-44,苏州,企业职员,10万以下,2018-06-06,28371.86,R1,普通,1
C007902,45-54,常州,其他,10-30万,2022-05-31,79138.61,R3,普通,0
C007903,65+,南京,企业职员,30-50万,2022-09-28,418309.4,R2,银卡,1
C007904,45-54,杭州,其他,50万以上,2019-04-02,939240.72,R3,普通,1
C007905,65+,杭州,退休,30-50万,2020-06-28,219939.3,R1,普通,1
C007906,25-34,常州,公务员,10万以下,2022-02-21,9678.34,R3,普通,1
C007907,45-54,无锡,其他,10-30万,2023-02-24,130467.01,R4,普通,1
C007908,55-64,南京,公务员,10万以下,2024-04-06,9504.98,R2,普通,0
C007909,35-44,南京,企业职员,10-30万,2024-03-09,102244.95,R4,金卡,0
C007910,35-44,苏州,公务员,10-30万,2020-03-26,169811.71,R1,银卡,1
C007911,65+,北京,其他,50万以上,2022-10-29,1045418.48,R4,普通,1
C007912,25-34,南京,其他,10-30万,2019-06-23,69761.17,R4,普通,1
C007913,35-44,深圳,其他,10万以下,2019-04-27,28999.36,R2,普通,1
C007914,55-64,常州,专业技术,10-30万,2021-09-11,79296.1,R1,普通,1
C007915,55-64,无锡,公务员,50万以上,2022-08-11,1645911.06,R3,银卡,0
C007916,65+,南京,其他,10万以下,2023-05-16,17899.67,R3,普通,1
C007917,55-64,南京,专业技术,30-50万,2022-11-14,379637.78,R1,银卡,1
C007918,18-24,南通,其他,10万以下,2020-09-16,25228.82,R5,普通,0
C007919,65+,南通,企业职员,10万以下,2019-11-11,29827.67,R3,普通,1
C007920,35-44,无锡,公务员,30-50万,2019-12-20,906000.94,R5,普通,0
C007921,45-54,苏州,公务员,10万以下,2018-08-22,33151.99,R2,银卡,0
C007922,35-44,南京,个体经营,30-50万,2020-06-21,514752.71,R2,普通,1
C007923,55-64,苏州,其他,10万以下,2021-05-10,21950.74,R2,金卡,1
C007924,35-44,上海,个体经营,10-30万,2022-04-10,134171.65,R2,金卡,1
C007925,55-64,南通,专业技术,10-30万,2022-05-23,104594.4,R1,普通,1
C007926,25-34,南京,个体经营,30-50万,2022-03-13,405975.4,R1,银卡,0
C007927,25-34,杭州,其他,30-50万,2019-02-12,553320.46,R3,普通,0
C007928,35-44,南京,其他,10-30万,2021-02-08,93445.17,R1,普通,0
C007929,18-24,杭州,其他,10-30万,2023-01-31,98343.75,R1,普通,1
C007930,45-54,常州,公务员,10万以下,2023-04-02,23523.27,R3,银卡,1
C007931,25-34,上海,其他,10-30万,2024-03-30,93189.21,R3,普通,1
C007932,35-44,南京,退休,10-30万,2019-04-27,130857.55,R3,金卡,1
C007933,18-24,上海,个体经营,10万以下,2023-02-03,25008.27,R3,普通,1
C007934,25-34,上海,公务员,50万以上,2023-10-19,3172256.9,R2,普通,1
C007935,45-54,南京,其他,10-30万,2022-09-02,458093.4,R3,普通,1
C007936,25-34,南京,退休,10万以下,2021-06-26,22583.65,R3,普通,1
C007937,25-34,上海,公务员,50万以上,2018-08-20,1737533.43,R2,银卡,1
C007938,25-34,无锡,公务员,10-30万,2019-03-29,201642.34,R1,普通,1
C007939,25-34,徐州,专业技术,30-50万,2023-05-21,350229.98,R4,银卡,1
C007940,45-54,南京,专业技术,10万以下,2021-03-24,18247.02,R1,银卡,1
C007941,25-34,南京,退休,10-30万,2019-06-14,286167.81,R2,普通,1
C007942,35-44,上海,退休,10-30万,2019-10-31,169113.55,R2,普通,1
C007943,45-54,南京,退休,10万以下,2021-08-02,35182.28,R4,金卡,0
C007944,35-44,南京,个体经营,30-50万,2022-12-21,826108.19,R3,普通,1
C007945,45-54,南京,其他,10万以下,2019-09-08,44093.57,R5,普通,1
C007946,25-34,杭州,其他,10万以下,2021-09-24,29289.52,R4,普通,1
C007947,65+,苏州,其他,10万以下,2022-12-27,18409.78,R3,钻石,0
C007948,35-44,常州,退休,10万以下,2020-02-14,23442.05,R1,钻石,1
C007949,25-34,南通,个体经营,10万以下,2019-02-06,54795.55,R2,金卡,1
C007950,55-64,无锡,企业职员,30-50万,2019-01-24,562565.39,R4,普通,0
C007951,45-54,南京,专业技术,10-30万,2018-10-08,109306.78,R5,金卡,1
C007952,45-54,苏州,个体经营,10万以下,2020-07-17,72564.73,R4,普通,0
C007953,55-64,南京,公务员,10-30万,2019-10-16,110927.97,R5,银卡,1
C007954,18-24,北京,公务员,10万以下,2022-12-14,49153.91,R3,金卡,0
C007955,55-64,上海,退休,10-30万,2022-06-19,133955.98,R3,普通,1
C007956,45-54,杭州,公务员,30-50万,2023-07-15,1051466.43,R3,金卡,1
C007957,35-44,杭州,企业职员,30-50万,2023-12-05,582883.47,R2,普通,0
C007958,25-34,南京,公务员,10-30万,2019-05-07,122801.78,R1,金卡,1
C007959,25-34,上海,公务员,10万以下,2021-08-30,27434.37,R2,普通,1
C007960,65+,常州,公务员,10万以下,2021-01-29,29770.3,R1,普通,1
C007961,25-34,上海,个体经营,30-50万,2023-11-21,278318.44,R1,银卡,1
C007962,25-34,深圳,其他,10-30万,2023-04-23,60590.62,R2,普通,1
C007963,45-54,苏州,个体经营,10-30万,2023-12-16,140030.39,R3,普通,0
C007964,45-54,南通,其他,50万以上,2021-06-28,1148786.14,R3,普通,1
C007965,25-34,苏州,其他,10-30万,2020-12-01,91780.89,R3,金卡,1
C007966,55-64,北京,企业职员,30-50万,2023-08-28,382620.8,R3,金卡,1
C007967,35-44,苏州,专业技术,10-30万,2020-02-24,123174.67,R2,普通,0
C007968,55-64,苏州,退休,10万以下,2023-10-13,30110.84,R2,普通,1
C007969,25-34,北京,退休,10万以下,2019-05-13,71546.32,R3,普通,1
C007970,18-24,南京,公务员,10-30万,2018-11-16,167114.88,R1,普通,1
C007971,45-54,常州,退休,10万以下,2020-07-23,86065.2,R3,普通,0
C007972,25-34,南通,专业技术,10-30万,2021-02-18,96350.88,R3,金卡,1
C007973,35-44,南通,公务员,30-50万,2020-01-04,591892.4,R2,普通,1
C007974,18-24,南京,公务员,10-30万,2022-12-01,99065.92,R4,普通,1
C007975,45-54,南京,个体经营,10-30万,2018-11-13,90642.74,R2,普通,1
C007976,55-64,无锡,公务员,10-30万,2019-02-09,350816.42,R3,金卡,0
C007977,55-64,无锡,专业技术,10-30万,2020-03-23,81729.71,R4,普通,1
C007978,65+,深圳,个体经营,30-50万,2018-05-26,131052.44,R3,银卡,1
C007979,55-64,上海,企业职员,10万以下,2022-08-04,21056.78,R3,普通,0
C007980,35-44,南通,退休,50万以上,2019-02-02,549527.36,R3,普通,1
C007981,35-44,南京,企业职员,10万以下,2024-03-18,18644.2,R1,银卡,1
C007982,55-64,北京,个体经营,10万以下,2019-11-30,19528.3,R3,普通,1
C007983,65+,南京,企业职员,30-50万,2022-09-03,407118.96,R3,普通,0
C007984,65+,深圳,退休,10万以下,2018-08-15,10766.07,R1,普通,0
C007985,45-54,深圳,公务员,10万以下,2020-12-31,54553.04,R1,金卡,1
C007986,25-34,深圳,企业职员,10万以下,2023-03-24,11743.65,R5,银卡,0
C007987,65+,苏州,公务员,30-50万,2022-07-09,375248.75,R1,金卡,0
C007988,65+,南京,专业技术,10-30万,2019-02-17,102045.05,R4,普通,0
C007989,45-54,徐州,退休,10万以下,2019-07-28,45325.63,R2,普通,0
C007990,55-64,无锡,企业职员,10-30万,2022-04-03,143059.89,R2,普通,1
C007991,35-44,无锡,公务员,10万以下,2022-11-01,54305.95,R3,普通,1
C007992,65+,南通,企业职员,50万以上,2024-03-22,1251995.23,R3,普通,1
C007993,25-34,上海,公务员,10万以下,2023-09-03,23779.5,R3,普通,1
C007994,55-64,苏州,公务员,10-30万,2024-03-21,147508.71,R2,普通,1
C007995,18-24,苏州,专业技术,10-30万,2022-06-06,200756.49,R3,钻石,1
C007996,35-44,徐州,企业职员,10-30万,2023-04-14,181277.01,R3,钻石,1
C007997,25-34,南京,专业技术,50万以上,2024-04-17,1761863.78,R2,金卡,1
C007998,35-44,上海,退休,10-30万,2019-09-21,134804.15,R3,普通,1
C007999,25-34,杭州,其他,30-50万,2019-02-13,392807.62,R2,普通,1
C008000,65+,北京,专业技术,10-30万,2019-01-06,147297.86,R2,普通,1
