event_id,customer_id,event_type,event_date
E000000,C003642,consult,2026-02-12
E000001,C003642,complaint,2026-01-29
E000002,C003642,login,2025-12-02
E000003,C005087,complaint,2026-02-18
E000004,C005087,login,2026-01-03
E000005,C005087,login,2025-10-03
E000006,C005087,login,2025-11-23
E000007,C005087,complaint,2025-11-23
E000008,C001658,login,2026-03-02
E000009,C001658,consult,2025-10-26
E000010,C001658,login,2025-07-09
E000011,C006843,complaint,2025-09-28
E000012,C006843,login,2026-01-20
E000013,C006843,login,2025-11-28
E000014,C000789,login,2025-09-17
E000015,C000789,login,2025-12-07
E000016,C000789,login,2025-09-06
E000017,C000789,login,2025-10-03
E000018,C004337,login,2025-09-23
E000019,C006173,login,2025-08-19
E000020,C006173,login,2026-02-21
E000021,C006173,login,2025-11-30
E000022,C006173,login,2025-08-28
E000023,C006173,login,2026-01-25
E000024,C000446,login,2025-11-14
E000025,C000446,login,2025-06-13
E000026,C007676,login,2026-01-02
E000027,C007676,complaint,2026-03-18
E000028,C003857,complaint,2025-11-27
E000029,C003857,consult,2026-02-03
E000030,C002773,login,2025-12-26
E000031,C002773,consult,2026-03-17
E000032,C002773,login,2025-08-02
E000033,C005078,login,2025-08-06
E000034,C005078,login,2026-02-18
E000035,C005078,login,2026-02-11
E000036,C005078,login,2025-06-20
E000037,C005078,login,2026-01-09
E000038,C002039,login,2025-11-13
E000039,C002039,login,2025-06-16
E000040,C002039,login,2025-11-21
E000041,C002039,login,2025-06-25
E000042,C005113,login,2025-12-11
E000043,C005113,login,2025-07-25
E000044,C005113,login,2025-10-26
E000045,C006827,login,2026-03-16
E000046,C006827,consult,2025-07-24
E000047,C006827,consult,2025-09-28
E000048,C006442,login,2025-11-04
E000049,C006442,login,2025-10-02
E000050,C004880,complaint,2025-11-12
E000051,C004880,consult,2026-03-01
E000052,C004880,login,2025-08-23
E000053,C004880,login,2026-01-19
E000054,C004880,login,2025-12-27
E000055,C004943,consult,2026-02-18
E000056,C004943,login,2026-01-11
E000057,C004943,login,2025-09-24
E000058,C004943,login,2026-03-09
E000059,C004943,login,2026-03-07
E000060,C004464,login,2025-10-23
E000061,C004464,login,2025-10-27
E000062,C007863,login,2025-06-19
E000063,C007863,complaint,2025-12-02
E000064,C007863,login,2025-06-03
E000065,C007863,consult,2025-12-25
E000066,C007863,login,2026-03-20
E000067,C005756,login,2025-11-23
E000068,C000461,consult,2026-02-08
E000069,C006094,consult,2025-07-25
E000070,C006094,consult,2025-10-03
E000071,C006094,login,2025-07-10
E000072,C006094,login,2025-07-02
E000073,C002352,consult,2026-02-03
E000074,C001196,login,2025-12-11
E000075,C001196,complaint,2025-06-13
E000076,C001755,consult,2025-12-04
E000077,C001755,login,2026-01-15
E000078,C001755,consult,2025-06-29
E000079,C001755,login,2026-02-18
E000080,C001755,complaint,2026-01-02
E000081,C006284,login,2025-09-25
E000082,C006039,consult,2025-06-30
E000083,C006039,complaint,2025-08-17
E000084,C006039,login,2025-11-01
E000085,C006039,login,2025-10-14
E000086,C006039,complaint,2026-02-16
E000087,C007190,login,2025-07-12
E000088,C007190,login,2026-02-20
E000089,C007190,complaint,2025-09-30
E000090,C007190,consult,2026-03-04
E000091,C007190,login,2025-09-07
E000092,C004307,login,2026-03-16
E000093,C004307,login,2025-10-13
E000094,C005039,login,2025-12-25
E000095,C005039,login,2025-11-20
E000096,C005039,login,2025-07-15
E000097,C005039,login,2025-12-04
E000098,C005039,login,2025-12-25
E000099,C002632,consult,2025-09-02
E000100,C002632,login,2025-11-21
E000101,C002632,login,2025-09-02
E000102,C002632,login,2025-08-30
E000103,C002632,consult,2025-10-05
E000104,C004140,login,2026-02-20
E000105,C004140,consult,2026-01-13
E000106,C004140,consult,2025-06-04
E000107,C004140,consult,2025-12-15
E000108,C001042,login,2025-10-17
E000109,C001042,login,2025-06-04
E000110,C001042,login,2026-03-24
E000111,C001042,login,2025-10-02
E000112,C001042,consult,2026-01-17
E000113,C005769,login,2025-06-03
E000114,C005769,login,2025-12-28
E000115,C005769,login,2025-08-09
E000116,C005769,login,2025-10-14
E000117,C006998,login,2025-06-18
E000118,C006998,login,2025-10-08
E000119,C003805,complaint,2025-07-22
E000120,C003805,login,2025-07-26
E000121,C002906,login,2025-12-23
E000122,C002906,login,2025-11-19
E000123,C002906,complaint,2026-01-02
E000124,C002906,login,2025-10-01
E000125,C007990,consult,2025-12-23
E000126,C007990,login,2025-09-13
E000127,C007990,consult,2025-09-09
E000128,C007990,login,2025-12-09
E000129,C001740,login,2026-02-25
E000130,C001740,consult,2025-11-25
E000131,C004801,login,2025-07-08
E000132,C004801,login,2025-10-24
E000133,C005998,login,2025-09-27
E000134,C005998,login,2025-08-05
E000135,C005998,consult,2026-03-15
E000136,C005998,complaint,2025-12-18
E000137,C005998,login,2025-10-26
E000138,C001437,login,2025-08-13
E000139,C001437,login,2025-07-25
E000140,C001437,consult,2025-10-17
E000141,C004552,login,2025-06-04
E000142,C004552,complaint,2025-09-27
E000143,C002005,login,2025-07-16
E000144,C002005,login,2025-07-31
E000145,C002005,consult,2025-08-02
E000146,C002005,login,2026-03-22
E000147,C000836,login,2026-01-28
E000148,C004222,consult,2026-01-12
E000149,C004222,login,2026-03-21
E000150,C004222,complaint,2025-12-29
E000151,C004222,login,2025-10-28
E000152,C003837,login,2025-11-22
E000153,C003837,login,2025-08-05
E000154,C003837,login,2025-12-31
E000155,C002303,consult,2025-09-25
E000156,C006311,consult,2026-02-27
E000157,C004771,login,2025-09-13
E000158,C004771,consult,2025-08-24
E000159,C004771,complaint,2026-01-20
E000160,C004771,login,2025-07-14
E000161,C004771,consult,2025-10-01
E000162,C004965,login,2025-09-04
E000163,C001635,consult,2026-02-25
E000164,C002655,login,2025-07-26
E000165,C002655,complaint,2025-11-20
E000166,C003415,login,2025-06-24
E000167,C003415,consult,2026-03-02
E000168,C003415,complaint,2025-11-06
E000169,C003415,login,2025-11-29
E000170,C005841,consult,2025-10-28
E000171,C005841,login,2025-10-13
E000172,C005841,login,2025-09-16
E000173,C004876,login,2025-11-01
E000174,C004876,login,2025-07-11
E000175,C004876,complaint,2026-02-06
E000176,C004876,login,2025-11-21
E000177,C004876,complaint,2025-09-12
E000178,C004712,login,2025-12-13
E000179,C004712,login,2025-09-16
E000180,C005268,login,2026-02-23
E000181,C005268,login,2025-07-26
E000182,C000611,login,2026-03-01
E000183,C000611,login,2026-02-22
E000184,C000611,login,2026-02-17
E000185,C000611,login,2025-12-10
E000186,C001180,login,2025-12-07
E000187,C000101,consult,2025-10-29
E000188,C004485,login,2025-07-14
E000189,C004485,login,2025-12-06
E000190,C004485,login,2025-12-12
E000191,C004485,login,2026-02-01
E000192,C004485,consult,2025-06-06
E000193,C006596,login,2026-01-30
E000194,C006596,complaint,2025-06-12
E000195,C006596,login,2025-07-04
E000196,C006596,login,2025-08-29
E000197,C005165,login,2026-01-14
E000198,C005165,login,2025-07-12
E000199,C005319,login,2025-11-19
E000200,C003275,consult,2026-03-20
E000201,C003275,login,2025-07-20
E000202,C004292,complaint,2026-02-06
E000203,C007316,complaint,2025-09-19
E000204,C007316,complaint,2025-06-12
E000205,C007316,login,2025-11-19
E000206,C001742,login,2025-11-06
E000207,C001742,login,2025-11-01
E000208,C001742,login,2025-10-03
E000209,C004717,consult,2025-11-15
E000210,C004717,login,2025-12-09
E000211,C004717,complaint,2025-10-16
E000212,C004717,login,2025-09-17
E000213,C004717,login,2026-03-26
E000214,C004509,complaint,2026-02-15
E000215,C004509,login,2025-08-16
E000216,C005437,login,2025-08-23
E000217,C005437,consult,2025-06-12
E000218,C006507,login,2025-08-31
E000219,C006507,login,2025-10-26
E000220,C006507,login,2025-06-09
E000221,C006866,login,2025-07-14
E000222,C003254,consult,2026-03-05
E000223,C003254,login,2025-12-16
E000224,C003254,login,2026-02-15
E000225,C003254,login,2026-01-23
E000226,C005296,login,2025-10-23
E000227,C005296,login,2025-10-12
E000228,C005296,login,2026-01-03
E000229,C006340,login,2025-07-26
E000230,C006340,login,2025-12-31
E000231,C006340,login,2025-11-27
E000232,C006340,login,2025-11-30
E000233,C006340,login,2026-01-22
E000234,C001173,login,2025-08-02
E000235,C001173,login,2025-07-01
E000236,C003817,login,2025-07-13
E000237,C003817,login,2026-02-13
E000238,C003817,consult,2025-12-15
E000239,C003817,login,2026-02-05
E000240,C003817,login,2025-08-17
E000241,C004611,login,2025-11-04
E000242,C005793,consult,2025-10-13
E000243,C005793,login,2026-01-01
E000244,C001107,login,2025-06-10
E000245,C002569,consult,2026-03-06
E000246,C002569,complaint,2025-12-26
E000247,C000949,login,2026-03-04
E000248,C000949,complaint,2026-01-21
E000249,C000949,login,2025-09-09
E000250,C006049,login,2025-07-27
E000251,C006155,consult,2026-02-04
E000252,C006155,complaint,2026-01-12
E000253,C006155,login,2026-03-03
E000254,C006155,consult,2026-01-09
E000255,C004381,consult,2025-09-23
E000256,C004381,login,2025-11-21
E000257,C003686,login,2025-08-15
E000258,C003686,login,2025-08-23
E000259,C003686,login,2025-10-27
E000260,C003686,consult,2025-08-07
E000261,C004340,consult,2025-10-20
E000262,C004340,complaint,2025-11-18
E000263,C004340,login,2025-07-16
E000264,C004340,login,2025-12-18
E000265,C004340,consult,2025-11-23
E000266,C006586,consult,2025-08-04
E000267,C005089,login,2025-06-12
E000268,C005561,complaint,2026-02-10
E000269,C005561,login,2025-11-11
E000270,C005561,login,2025-07-03
E000271,C003565,login,2025-10-18
E000272,C003565,login,2025-06-10
E000273,C003565,login,2025-07-30
E000274,C003565,complaint,2025-07-14
E000275,C003565,login,2025-10-02
E000276,C002743,login,2025-06-12
E000277,C002743,login,2025-12-11
E000278,C002743,login,2025-10-14
E000279,C000831,complaint,2026-01-27
E000280,C004596,login,2025-08-27
E000281,C004596,login,2025-07-18
E000282,C001230,login,2026-01-06
E000283,C004017,login,2025-07-17
E000284,C000211,login,2025-06-24
E000285,C000211,login,2025-08-06
E000286,C002495,login,2026-03-04
E000287,C002495,login,2026-03-21
E000288,C005764,complaint,2025-11-28
E000289,C001351,login,2025-08-07
E000290,C001351,login,2025-06-07
E000291,C001351,login,2025-08-16
E000292,C001351,login,2025-06-05
E000293,C001351,login,2025-08-05
E000294,C005138,login,2025-07-28
E000295,C005138,consult,2025-10-24
E000296,C005138,complaint,2025-07-18
E000297,C005138,login,2026-03-04
E000298,C005320,complaint,2025-10-02
E000299,C005320,login,2026-02-23
E000300,C005320,consult,2025-06-04
E000301,C005434,consult,2025-10-18
E000302,C005434,complaint,2025-12-28
E000303,C005434,login,2025-09-20
E000304,C005434,login,2025-11-10
E000305,C001522,login,2026-02-19
E000306,C001522,login,2025-12-04
E000307,C004837,consult,2026-02-16
E000308,C004837,login,2025-06-16
E000309,C002307,consult,2025-12-16
E000310,C007894,login,2025-11-28
E000311,C007894,complaint,2026-02-02
E000312,C007894,consult,2025-07-31
E000313,C007894,complaint,2025-11-13
E000314,C007894,login,2025-08-12
E000315,C002712,login,2026-01-11
E000316,C002712,consult,2025-09-25
E000317,C002712,consult,2025-07-05
E000318,C002712,login,2026-01-25
E000319,C002712,login,2026-03-26
E000320,C001683,login,2025-10-16
E000321,C001683,login,2026-01-08
E000322,C003627,login,2026-02-19
E000323,C003627,login,2025-12-02
E000324,C003627,consult,2025-11-08
E000325,C000739,login,2025-10-24
E000326,C000739,login,2026-01-06
E000327,C000739,login,2025-09-09
E000328,C000739,login,2026-03-26
E000329,C002556,login,2025-07-06
E000330,C002556,consult,2025-07-11
E000331,C002556,login,2026-02-24
E000332,C003370,login,2025-12-18
E000333,C003370,consult,2025-06-26
E000334,C002781,login,2025-06-22
E000335,C002557,consult,2025-07-22
E000336,C002557,consult,2026-03-08
E000337,C001443,consult,2026-02-02
E000338,C001443,login,2026-02-09
E000339,C001443,login,2026-01-09
E000340,C003203,login,2025-07-02
E000341,C000095,login,2025-11-08
E000342,C000095,login,2025-07-13
E000343,C000095,consult,2025-09-01
E000344,C006830,consult,2025-08-08
E000345,C006830,login,2025-12-22
E000346,C006830,consult,2026-01-11
E000347,C006830,login,2025-11-14
E000348,C003165,login,2025-06-16
E000349,C003165,consult,2025-09-13
E000350,C003165,login,2025-11-28
E000351,C006576,login,2026-03-24
E000352,C007233,login,2025-10-16
E000353,C007233,login,2025-10-11
E000354,C007233,login,2025-08-05
E000355,C006798,login,2025-09-02
E000356,C006798,login,2026-02-20
E000357,C006798,login,2025-11-22
E000358,C003616,login,2025-07-21
E000359,C003616,login,2025-06-06
E000360,C005494,login,2025-06-01
E000361,C005494,login,2025-08-26
E000362,C005494,login,2025-07-10
E000363,C007372,login,2025-08-27
E000364,C007372,consult,2025-12-10
E000365,C007372,consult,2025-08-03
E000366,C007372,login,2026-01-30
E000367,C005612,login,2025-12-27
E000368,C005612,login,2026-03-15
E000369,C005612,complaint,2025-10-08
E000370,C001176,consult,2025-09-23
E000371,C001176,login,2025-11-22
E000372,C001176,consult,2025-06-08
E000373,C001176,consult,2025-10-23
E000374,C006731,login,2025-09-08
E000375,C000416,login,2025-10-09
E000376,C000416,login,2025-11-18
E000377,C000416,login,2025-11-15
E000378,C000416,login,2026-01-13
E000379,C000416,consult,2026-03-14
E000380,C001782,login,2026-03-10
E000381,C003859,login,2025-10-20
E000382,C003859,login,2026-03-17
E000383,C003859,login,2026-02-12
E000384,C000935,login,2025-09-12
E000385,C000935,consult,2025-12-23
E000386,C000935,login,2025-10-09
E000387,C000935,complaint,2026-01-26
E000388,C000935,login,2025-08-12
E000389,C004214,complaint,2026-03-19
E000390,C005017,login,2025-12-29
E000391,C007271,login,2026-03-19
E000392,C007271,login,2026-03-07
E000393,C004952,login,2026-01-21
E000394,C004952,login,2025-12-21
E000395,C006637,consult,2026-01-09
E000396,C006637,consult,2025-09-16
E000397,C001321,login,2025-09-24
E000398,C002742,login,2025-12-07
E000399,C002742,login,2025-12-23
E000400,C002742,login,2025-08-17
E000401,C002742,login,2025-11-30
E000402,C005867,login,2025-10-02
E000403,C005867,login,2025-10-09
E000404,C005867,login,2026-01-08
E000405,C005867,login,2026-02-27
E000406,C005867,login,2025-11-16
E000407,C003778,login,2025-11-06
E000408,C003778,login,2025-08-01
E000409,C003778,login,2025-09-06
E000410,C003778,login,2026-01-08
E000411,C007509,login,2025-09-19
E000412,C007509,login,2025-10-12
E000413,C007509,login,2025-08-05
E000414,C007509,login,2025-11-26
E000415,C003875,login,2025-11-12
E000416,C003875,consult,2025-07-03
E000417,C003875,login,2025-11-27
E000418,C005239,login,2025-07-20
E000419,C005239,login,2025-06-02
E000420,C005239,login,2026-01-13
E000421,C003400,login,2025-11-05
E000422,C003400,login,2025-12-30
E000423,C006240,complaint,2025-10-08
E000424,C003861,login,2025-11-24
E000425,C003861,login,2025-11-05
E000426,C003861,login,2025-10-21
E000427,C006628,login,2025-06-09
E000428,C000375,consult,2025-10-01
E000429,C000375,login,2025-11-24
E000430,C005342,consult,2025-06-13
E000431,C005342,consult,2026-02-06
E000432,C005342,complaint,2025-10-20
E000433,C005342,login,2025-07-09
E000434,C006617,consult,2026-03-14
E000435,C006617,consult,2026-03-13
E000436,C006617,complaint,2025-11-18
E000437,C006617,login,2026-02-27
E000438,C004761,complaint,2026-02-15
E000439,C004761,complaint,2025-09-11
E000440,C000113,consult,2025-09-24
E000441,C000113,login,2025-06-30
E000442,C000113,complaint,2025-11-25
E000443,C000113,consult,2025-07-14
E000444,C000113,login,2026-01-27
E000445,C000986,complaint,2025-07-01
E000446,C000122,login,2026-03-21
E000447,C000122,consult,2025-06-23
E000448,C000122,login,2025-11-15
E000449,C001127,consult,2025-06-08
E000450,C001127,complaint,2025-10-26
E000451,C001127,login,2025-08-02
E000452,C000141,complaint,2025-09-06
E000453,C000141,consult,2026-01-03
E000454,C000141,consult,2025-10-10
E000455,C000141,login,2025-11-24
E000456,C006178,login,2025-08-03
E000457,C006178,login,2025-07-04
E000458,C006178,login,2026-03-15
E000459,C002917,login,2025-10-28
E000460,C002917,login,2025-09-03
E000461,C002917,complaint,2025-07-03
E000462,C002917,complaint,2025-06-08
E000463,C002917,login,2025-12-23
E000464,C003372,login,2025-08-29
E000465,C003372,consult,2025-06-09
E000466,C003372,login,2025-09-01
E000467,C007097,consult,2026-02-19
E000468,C006433,login,2026-03-13
E000469,C006433,login,2025-06-19
E000470,C006433,login,2026-03-15
E000471,C003984,login,2025-10-19
E000472,C003984,login,2026-03-11
E000473,C003984,login,2026-02-10
E000474,C003984,login,2026-01-13
E000475,C003984,login,2025-08-27
E000476,C002174,complaint,2026-01-17
E000477,C005207,complaint,2025-12-26
E000478,C005207,login,2026-01-19
E000479,C005207,login,2025-12-28
E000480,C005207,login,2025-10-14
E000481,C005285,login,2025-07-18
E000482,C005285,login,2026-02-20
E000483,C005285,login,2026-03-13
E000484,C000413,login,2025-06-09
E000485,C000413,login,2026-03-14
E000486,C000413,consult,2025-11-14
E000487,C000413,login,2026-01-21
E000488,C003612,complaint,2026-03-01
E000489,C006249,login,2026-03-21
E000490,C006249,login,2025-10-23
E000491,C006249,consult,2025-09-26
E000492,C006249,consult,2025-07-28
E000493,C006249,login,2025-06-14
E000494,C006141,login,2025-10-15
E000495,C000245,consult,2026-01-22
E000496,C000245,login,2025-06-12
E000497,C000245,login,2025-07-27
E000498,C003017,login,2025-08-30
E000499,C006355,login,2025-08-26
E000500,C006355,login,2026-01-02
E000501,C007957,login,2025-09-07
E000502,C006869,consult,2025-09-26
E000503,C006869,login,2025-12-30
E000504,C006869,login,2025-07-15
E000505,C006869,login,2025-11-22
E000506,C006869,login,2025-06-26
E000507,C000103,complaint,2026-01-21
E000508,C000103,login,2026-02-19
E000509,C000103,login,2025-07-22
E000510,C000103,complaint,2025-11-04
E000511,C000103,login,2025-10-30
E000512,C003087,consult,2026-02-07
E000513,C003087,consult,2025-12-06
E000514,C001798,login,2025-12-12
E000515,C001798,login,2025-07-25
E000516,C007994,consult,2026-02-07
E000517,C007994,login,2025-08-30
E000518,C004742,login,2025-09-13
E000519,C004742,consult,2026-02-04
E000520,C004742,consult,2025-09-01
E000521,C004742,login,2025-07-14
E000522,C006354,login,2025-08-05
E000523,C006354,login,2025-06-30
E000524,C006354,login,2025-07-10
E000525,C001264,login,2025-09-16
E000526,C001264,consult,2025-08-30
E000527,C003440,complaint,2025-07-23
E000528,C003440,consult,2026-01-02
E000529,C007054,login,2025-10-02
E000530,C001198,login,2026-01-22
E000531,C001198,login,2026-03-08
E000532,C001198,consult,2025-07-05
E000533,C001198,complaint,2025-06-24
E000534,C003770,complaint,2025-09-03
E000535,C003770,login,2025-09-21
E000536,C003770,login,2025-09-16
E000537,C003770,login,2025-09-18
E000538,C003770,login,2025-09-24
E000539,C003029,login,2025-09-03
E000540,C003029,login,2026-02-11
E000541,C003029,login,2026-01-06
E000542,C003029,login,2025-06-04
E000543,C003029,login,2025-12-09
E000544,C002199,login,2025-12-02
E000545,C002199,consult,2025-07-03
E000546,C002199,login,2025-06-05
E000547,C002199,login,2025-08-20
E000548,C002199,login,2025-06-19
E000549,C005618,login,2025-09-02
E000550,C005618,login,2025-07-06
E000551,C005618,login,2025-07-09
E000552,C005618,login,2025-07-02
E000553,C005448,consult,2025-07-12
E000554,C005448,login,2025-08-08
E000555,C005448,login,2025-08-26
E000556,C005448,consult,2025-06-02
E000557,C005448,login,2026-03-06
E000558,C007158,complaint,2025-11-06
E000559,C001666,login,2026-03-10
E000560,C001666,login,2025-08-25
E000561,C006117,login,2026-01-28
E000562,C006117,login,2026-01-31
E000563,C006117,consult,2026-02-08
E000564,C004871,login,2026-03-01
E000565,C004871,complaint,2025-12-07
E000566,C002482,complaint,2025-11-03
E000567,C001116,login,2025-12-02
E000568,C001116,login,2025-12-26
E000569,C001116,login,2025-07-15
E000570,C001116,login,2025-11-29
E000571,C001116,login,2026-03-20
E000572,C001258,login,2025-10-18
E000573,C001258,login,2025-07-07
E000574,C001258,consult,2025-08-09
E000575,C001258,login,2025-11-05
E000576,C001258,consult,2025-10-03
E000577,C001792,complaint,2026-02-21
E000578,C001792,login,2025-11-11
E000579,C001792,login,2025-07-10
E000580,C001792,complaint,2025-11-16
E000581,C003332,login,2025-06-23
E000582,C003332,login,2026-01-07
E000583,C003332,complaint,2025-11-08
E000584,C003332,consult,2025-07-03
E000585,C003332,login,2025-08-23
E000586,C007549,login,2025-07-28
E000587,C007549,consult,2025-10-21
E000588,C007549,login,2025-08-23
E000589,C004376,login,2025-11-30
E000590,C004897,login,2026-03-04
E000591,C004897,login,2025-12-13
E000592,C004897,consult,2025-09-26
E000593,C004897,complaint,2025-12-31
E000594,C000352,login,2025-11-29
E000595,C000352,login,2025-10-04
E000596,C002856,login,2026-02-24
E000597,C002856,login,2025-10-12
E000598,C002856,complaint,2025-07-25
E000599,C005532,login,2025-09-16
E000600,C005532,login,2025-07-03
E000601,C005532,complaint,2026-03-01
E000602,C005532,complaint,2025-06-21
E000603,C005532,login,2025-08-23
E000604,C004826,consult,2026-02-27
E000605,C004826,login,2025-12-03
E000606,C004826,complaint,2025-07-02
E000607,C005201,login,2026-01-06
E000608,C005201,login,2025-11-03
E000609,C005201,login,2026-01-22
E000610,C005201,consult,2025-09-15
E000611,C005201,login,2025-06-13
E000612,C001355,login,2025-07-08
E000613,C001355,login,2025-06-19
E000614,C002519,login,2026-03-17
E000615,C002519,login,2026-01-27
E000616,C004589,complaint,2025-07-07
E000617,C004589,login,2026-01-18
E000618,C004589,login,2025-11-21
E000619,C004589,login,2025-07-25
E000620,C004589,login,2025-11-03
E000621,C002718,consult,2025-07-08
E000622,C002718,login,2026-03-03
E000623,C001442,login,2025-12-13
E000624,C001442,login,2025-11-11
E000625,C001442,login,2026-02-13
E000626,C003572,login,2025-12-20
E000627,C003572,consult,2025-12-26
E000628,C003572,login,2025-12-13
E000629,C006371,consult,2026-01-20
E000630,C006371,login,2025-12-09
E000631,C006371,login,2025-11-12
E000632,C006371,login,2025-10-14
E000633,C006371,login,2025-12-16
E000634,C007507,login,2025-09-16
E000635,C007507,consult,2026-01-03
E000636,C007507,complaint,2025-09-19
E000637,C007507,consult,2025-09-14
E000638,C000233,consult,2025-12-13
E000639,C000233,login,2025-09-02
E000640,C000233,login,2025-10-27
E000641,C003078,consult,2025-06-25
E000642,C003078,login,2025-11-13
E000643,C005341,consult,2025-09-03
E000644,C007627,login,2025-09-01
E000645,C007627,login,2025-10-05
E000646,C007627,login,2026-02-14
E000647,C007627,login,2025-12-21
E000648,C007627,login,2026-03-26
E000649,C003061,login,2025-12-07
E000650,C003061,login,2025-06-11
E000651,C003061,login,2025-09-12
E000652,C003061,login,2026-01-13
E000653,C000522,login,2026-01-20
E000654,C000522,consult,2025-06-09
E000655,C000522,complaint,2025-12-18
E000656,C000522,login,2025-11-10
E000657,C000522,consult,2025-09-02
E000658,C007323,login,2026-03-11
E000659,C006548,consult,2025-07-25
E000660,C006338,consult,2025-07-11
E000661,C006338,consult,2026-03-18
E000662,C006338,login,2025-12-15
E000663,C006338,complaint,2025-12-03
E000664,C001512,login,2025-07-28
E000665,C001512,consult,2026-02-15
E000666,C001512,login,2025-12-06
E000667,C003222,consult,2025-06-28
E000668,C003222,login,2025-12-11
E000669,C003222,login,2026-02-28
E000670,C003222,consult,2025-08-26
E000671,C000523,login,2026-03-02
E000672,C000806,login,2026-02-20
E000673,C000806,login,2026-01-09
E000674,C000806,login,2025-08-26
E000675,C000806,login,2026-02-24
E000676,C000806,login,2025-08-02
E000677,C002941,login,2025-06-16
E000678,C002941,login,2025-11-24
E000679,C002941,complaint,2025-08-22
E000680,C002941,login,2026-02-25
E000681,C006611,consult,2025-11-06
E000682,C006611,consult,2025-07-04
E000683,C004196,login,2025-06-08
E000684,C004196,login,2026-02-08
E000685,C004196,login,2025-12-07
E000686,C005621,consult,2025-12-31
E000687,C005621,complaint,2025-12-08
E000688,C005621,login,2025-12-07
E000689,C007954,login,2025-09-08
E000690,C007954,consult,2025-08-26
E000691,C007954,login,2026-01-01
E000692,C007954,login,2025-10-06
E000693,C000992,login,2026-01-10
E000694,C000992,login,2025-08-08
E000695,C000992,login,2025-12-25
E000696,C000992,complaint,2025-09-21
E000697,C005616,complaint,2025-12-20
E000698,C005616,login,2025-10-30
E000699,C004102,login,2026-01-02
E000700,C004102,consult,2025-07-09
E000701,C004102,login,2025-10-02
E000702,C004102,login,2025-08-27
E000703,C004102,login,2025-09-11
E000704,C005283,login,2025-08-27
E000705,C004290,login,2025-11-04
E000706,C004290,complaint,2026-03-14
E000707,C004290,login,2025-11-09
E000708,C004290,consult,2026-01-06
E000709,C000135,complaint,2025-09-03
E000710,C007701,consult,2025-11-15
E000711,C007701,consult,2025-11-25
E000712,C003643,consult,2025-09-23
E000713,C006662,login,2026-03-07
E000714,C006662,login,2025-08-10
E000715,C006662,login,2025-08-02
E000716,C005187,login,2026-03-06
E000717,C005187,consult,2025-11-25
E000718,C005187,login,2026-02-19
E000719,C005187,login,2025-06-03
E000720,C004125,complaint,2025-10-27
E000721,C004125,login,2026-01-03
E000722,C004125,consult,2025-12-07
E000723,C004125,login,2026-03-05
E000724,C007090,login,2025-09-19
E000725,C002909,login,2026-03-06
E000726,C002909,login,2025-12-04
E000727,C002909,login,2025-08-21
E000728,C002442,login,2026-03-18
E000729,C002442,complaint,2025-12-16
E000730,C002442,consult,2026-01-09
E000731,C000744,login,2025-07-17
E000732,C000744,consult,2025-11-12
E000733,C000744,login,2025-07-20
E000734,C000744,login,2026-01-20
E000735,C000744,login,2026-01-04
E000736,C005163,consult,2025-08-05
E000737,C005163,consult,2026-01-25
E000738,C002607,login,2025-09-05
E000739,C006336,login,2025-09-05
E000740,C005364,consult,2025-09-09
E000741,C003294,login,2025-10-27
E000742,C003294,login,2025-08-03
E000743,C003294,login,2025-06-22
E000744,C004781,consult,2025-12-22
E000745,C004781,login,2025-07-15
E000746,C004293,consult,2025-07-12
E000747,C000102,login,2025-07-14
E000748,C000102,login,2025-10-16
E000749,C000102,login,2025-10-30
E000750,C002422,login,2026-02-12
E000751,C002422,login,2026-01-02
E000752,C002422,consult,2025-09-03
E000753,C001850,consult,2025-07-13
E000754,C001850,login,2025-08-16
E000755,C001850,login,2025-09-07
E000756,C001850,login,2025-09-15
E000757,C001850,login,2025-06-17
E000758,C002521,consult,2025-08-16
E000759,C002521,login,2025-11-22
E000760,C002521,consult,2025-10-18
E000761,C002521,consult,2026-01-21
E000762,C002521,complaint,2025-08-06
E000763,C003171,login,2026-03-12
E000764,C005375,login,2025-10-16
E000765,C005375,login,2025-11-27
E000766,C005375,login,2026-01-24
E000767,C005375,consult,2025-07-05
E000768,C001741,login,2025-07-05
E000769,C001741,login,2026-01-07
E000770,C001741,complaint,2025-08-15
E000771,C000408,login,2026-02-01
E000772,C000408,consult,2025-06-15
E000773,C000408,login,2025-11-25
E000774,C004851,login,2025-11-20
E000775,C004851,consult,2025-09-19
E000776,C003533,login,2026-01-28
E000777,C003533,consult,2026-02-26
E000778,C003533,login,2025-11-18
E000779,C003533,login,2025-10-20
E000780,C003488,login,2025-10-25
E000781,C003488,login,2026-02-25
E000782,C004684,consult,2025-06-29
E000783,C004684,login,2025-08-16
E000784,C002974,login,2025-08-27
E000785,C006540,login,2026-01-24
E000786,C000579,complaint,2025-06-23
E000787,C000579,login,2025-06-30
E000788,C007878,login,2026-01-20
E000789,C007878,login,2025-09-22
E000790,C007878,complaint,2025-06-03
E000791,C002831,login,2025-12-13
E000792,C003638,login,2026-01-11
E000793,C002853,login,2025-09-29
E000794,C002853,consult,2026-03-16
E000795,C004062,login,2026-03-13
E000796,C005603,login,2026-01-26
E000797,C005603,login,2026-03-12
E000798,C005603,login,2025-06-17
E000799,C005603,login,2025-07-30
E000800,C000247,login,2025-07-26
E000801,C000247,consult,2025-06-11
E000802,C000247,login,2025-07-19
E000803,C005818,login,2025-06-11
E000804,C005818,login,2026-02-18
E000805,C005122,consult,2025-06-22
E000806,C005122,login,2025-06-08
E000807,C005122,login,2025-08-20
E000808,C004522,login,2025-06-25
E000809,C004522,login,2025-07-30
E000810,C004522,login,2025-10-25
E000811,C004522,complaint,2026-01-07
E000812,C004522,login,2025-08-20
E000813,C004276,consult,2025-11-08
E000814,C004276,login,2025-12-20
E000815,C004276,complaint,2026-02-08
E000816,C004276,login,2025-12-15
E000817,C004276,login,2025-10-15
E000818,C000853,login,2025-07-16
E000819,C000853,consult,2026-02-05
E000820,C000853,login,2025-08-20
E000821,C000853,consult,2025-06-20
E000822,C007932,login,2026-02-18
E000823,C007932,consult,2025-11-25
E000824,C007932,login,2026-01-16
E000825,C007932,login,2025-09-22
E000826,C002511,login,2025-07-24
E000827,C002511,consult,2025-10-09
E000828,C002511,login,2025-06-28
E000829,C002511,login,2025-10-03
E000830,C002511,login,2025-10-25
E000831,C006744,complaint,2025-12-19
E000832,C006744,complaint,2025-07-07
E000833,C006744,login,2025-10-10
E000834,C006744,consult,2026-02-20
E000835,C004630,login,2025-06-10
E000836,C004630,login,2025-12-12
E000837,C004630,login,2026-03-23
E000838,C004630,login,2026-02-01
E000839,C004630,login,2025-10-06
E000840,C001967,login,2025-12-20
E000841,C001967,consult,2026-01-29
E000842,C001967,consult,2025-08-09
E000843,C001967,login,2025-09-30
E000844,C005881,consult,2026-03-17
E000845,C005881,login,2026-01-13
E000846,C005881,login,2025-08-20
E000847,C005881,login,2026-02-27
E000848,C005881,login,2026-01-29
E000849,C000277,consult,2025-09-05
E000850,C000277,consult,2026-03-03
E000851,C000277,consult,2025-09-20
E000852,C000277,login,2025-07-09
E000853,C000277,complaint,2025-07-17
E000854,C000452,consult,2025-06-06
E000855,C000452,login,2025-12-31
E000856,C000452,login,2025-07-19
E000857,C000452,login,2025-06-24
E000858,C000452,login,2025-11-26
E000859,C000781,login,2026-01-03
E000860,C000781,login,2025-07-23
E000861,C000781,login,2026-03-05
E000862,C004959,login,2026-03-04
E000863,C004959,login,2025-09-14
E000864,C004959,login,2025-12-25
E000865,C004959,login,2025-09-16
E000866,C004959,login,2026-03-02
E000867,C007430,consult,2026-02-15
E000868,C003208,consult,2025-11-25
E000869,C003208,consult,2025-11-23
E000870,C007778,login,2025-06-03
E000871,C007778,login,2025-06-19
E000872,C002538,login,2026-03-05
E000873,C002538,consult,2025-11-17
E000874,C002538,login,2025-09-30
E000875,C002538,login,2025-06-12
E000876,C002538,login,2025-08-04
E000877,C002857,login,2025-11-24
E000878,C002874,login,2025-06-01
E000879,C002874,login,2026-03-19
E000880,C002874,login,2025-11-24
E000881,C002938,login,2025-10-25
E000882,C002938,login,2025-10-04
E000883,C006148,consult,2026-03-13
E000884,C006148,login,2026-02-24
E000885,C006148,login,2025-08-23
E000886,C006148,consult,2026-02-13
E000887,C006148,consult,2025-10-13
E000888,C002126,consult,2026-01-02
E000889,C002126,login,2025-12-21
E000890,C002126,login,2025-06-03
E000891,C002126,login,2026-01-06
E000892,C003304,login,2026-01-08
E000893,C003304,login,2025-12-26
E000894,C003304,login,2026-03-24
E000895,C006009,login,2025-11-07
E000896,C006009,login,2026-01-07
E000897,C000388,login,2026-02-07
E000898,C000388,consult,2025-08-21
E000899,C000388,login,2025-07-18
E000900,C000388,login,2026-01-18
E000901,C005294,login,2025-06-02
E000902,C005294,login,2025-08-03
E000903,C005294,login,2025-07-02
E000904,C000460,login,2025-11-09
E000905,C000460,complaint,2025-10-08
E000906,C003077,login,2025-10-24
E000907,C003077,login,2025-06-19
E000908,C003077,login,2025-08-05
E000909,C000434,login,2025-09-09
E000910,C005563,login,2025-12-27
E000911,C005563,login,2025-11-02
E000912,C005563,login,2025-09-15
E000913,C000057,consult,2026-01-09
E000914,C000057,login,2025-08-28
E000915,C000057,consult,2025-07-01
E000916,C000057,login,2025-10-22
E000917,C000057,login,2025-12-14
E000918,C003531,login,2025-10-17
E000919,C006668,login,2025-09-02
E000920,C003743,login,2025-10-27
E000921,C003743,login,2025-10-05
E000922,C003382,login,2025-09-14
E000923,C003382,consult,2025-08-01
E000924,C003382,login,2025-11-12
E000925,C003382,login,2025-12-07
E000926,C007456,login,2025-12-05
E000927,C007456,login,2025-11-04
E000928,C007456,consult,2026-01-19
E000929,C007456,login,2025-11-28
E000930,C007456,login,2026-01-06
E000931,C004867,login,2026-02-06
E000932,C004867,login,2025-11-24
E000933,C004867,login,2025-08-27
E000934,C004867,login,2025-10-06
E000935,C003114,complaint,2025-08-04
E000936,C003114,login,2025-09-01
E000937,C003114,login,2025-12-17
E000938,C003114,login,2025-11-18
E000939,C001193,consult,2026-03-02
E000940,C001193,complaint,2025-10-08
E000941,C005072,consult,2026-02-23
E000942,C005072,login,2025-06-16
E000943,C005072,login,2025-06-15
E000944,C005072,login,2026-03-06
E000945,C007216,login,2025-06-19
E000946,C007216,login,2026-02-19
E000947,C007216,login,2026-03-22
E000948,C007216,consult,2025-07-19
E000949,C002458,consult,2025-12-01
E000950,C002458,login,2025-07-03
E000951,C002458,consult,2026-02-23
E000952,C002458,login,2026-02-24
E000953,C001662,consult,2025-06-01
E000954,C001662,login,2026-02-03
E000955,C001662,complaint,2025-11-05
E000956,C006414,login,2026-01-10
E000957,C006414,complaint,2026-02-09
E000958,C006414,consult,2025-08-04
E000959,C000562,login,2025-06-04
E000960,C000562,login,2026-03-23
E000961,C001436,login,2025-08-12
E000962,C001436,login,2025-12-30
E000963,C001436,complaint,2025-12-13
E000964,C003921,login,2026-01-26
E000965,C001142,login,2025-09-13
E000966,C001488,login,2025-11-12
E000967,C001488,login,2025-08-31
E000968,C001488,consult,2026-02-16
E000969,C001488,login,2025-11-24
E000970,C001488,login,2025-09-10
E000971,C005429,complaint,2025-06-18
E000972,C005429,login,2025-10-14
E000973,C005429,login,2026-01-27
E000974,C005429,login,2025-07-24
E000975,C007017,login,2025-06-07
E000976,C007017,login,2025-06-27
E000977,C007017,login,2025-06-11
E000978,C007017,consult,2025-12-31
E000979,C007017,consult,2025-12-18
E000980,C006118,login,2025-10-07
E000981,C006118,login,2025-11-02
E000982,C006118,login,2025-08-13
E000983,C006118,login,2026-01-22
E000984,C003038,login,2026-01-23
E000985,C003038,consult,2025-10-07
E000986,C003038,login,2026-01-02
E000987,C003038,consult,2025-06-14
E000988,C001335,login,2025-12-16
E000989,C005403,login,2025-07-14
E000990,C005403,login,2026-02-25
E000991,C005403,login,2026-03-19
E000992,C005649,login,2026-01-22
E000993,C005649,consult,2025-09-23
E000994,C005649,login,2025-10-18
E000995,C005649,login,2025-12-31
E000996,C000577,login,2025-10-07
E000997,C000577,login,2025-09-13
E000998,C000577,login,2025-06-11
E000999,C000577,consult,2026-02-08
E001000,C000577,login,2025-11-30
E001001,C005821,login,2025-08-26
E001002,C005821,login,2025-11-25
E001003,C005821,login,2025-11-11
E001004,C005821,login,2025-08-17
E001005,C005821,consult,2026-01-30
E001006,C005802,login,2025-06-30
E001007,C005802,login,2025-11-26
E001008,C005802,login,2025-12-06
E001009,C005802,login,2025-08-24
E001010,C005802,complaint,2025-07-10
E001011,C003518,login,2026-02-24
E001012,C003518,login,2025-11-21
E001013,C003518,login,2026-02-16
E001014,C002893,login,2025-12-26
E001015,C002893,login,2025-09-28
E001016,C002893,login,2025-07-25
E001017,C002893,login,2026-01-28
E001018,C002893,login,2025-07-07
E001019,C004934,login,2026-03-06
E001020,C004934,login,2026-01-15
E001021,C004934,consult,2025-06-27
E001022,C004934,login,2026-02-18
E001023,C004934,login,2025-10-05
E001024,C000276,consult,2025-08-26
E001025,C000276,login,2025-07-19
E001026,C000276,login,2026-02-23
E001027,C000276,consult,2026-01-05
E001028,C000276,login,2025-07-02
E001029,C003116,login,2025-08-17
E001030,C003116,login,2025-09-28
E001031,C003116,login,2026-01-18
E001032,C003116,login,2025-09-17
E001033,C003116,login,2026-01-27
E001034,C005857,login,2025-08-20
E001035,C005857,login,2025-10-06
E001036,C007170,login,2025-11-06
E001037,C007170,consult,2026-03-24
E001038,C007170,consult,2025-08-26
E001039,C007217,login,2026-02-18
E001040,C004484,login,2025-07-04
E001041,C003144,login,2025-09-29
E001042,C007015,consult,2025-09-10
E001043,C007015,login,2025-06-23
E001044,C007015,consult,2025-07-31
E001045,C006518,login,2025-09-25
E001046,C006518,login,2025-09-29
E001047,C006518,login,2026-01-23
E001048,C002114,consult,2025-11-19
E001049,C002114,login,2025-11-13
E001050,C002114,complaint,2025-08-30
E001051,C006672,login,2025-10-12
E001052,C006672,consult,2025-06-03
E001053,C006672,login,2026-02-25
E001054,C003546,login,2026-02-08
E001055,C003546,consult,2026-03-23
E001056,C003546,login,2026-01-25
E001057,C006780,login,2025-12-12
E001058,C007481,login,2025-07-03
E001059,C007481,login,2025-09-29
E001060,C000583,login,2025-08-08
E001061,C006491,login,2026-02-28
E001062,C006491,login,2025-12-06
E001063,C003617,login,2025-11-18
E001064,C003617,login,2025-12-18
E001065,C003617,login,2025-12-24
E001066,C003617,consult,2025-10-22
E001067,C003617,consult,2025-08-20
E001068,C007328,consult,2026-01-25
E001069,C002685,login,2026-03-11
E001070,C002685,login,2025-08-24
E001071,C002685,consult,2025-09-22
E001072,C002685,login,2025-11-28
E001073,C003107,login,2025-12-05
E001074,C003107,login,2025-08-23
E001075,C003107,login,2026-02-27
E001076,C003107,consult,2026-01-07
E001077,C003497,complaint,2025-07-25
E001078,C003497,login,2025-08-17
E001079,C003497,consult,2025-07-03
E001080,C003497,complaint,2026-03-02
E001081,C000894,login,2025-12-06
E001082,C006648,login,2025-11-07
E001083,C006648,consult,2025-10-04
E001084,C007935,login,2025-06-26
E001085,C007935,login,2026-01-24
E001086,C007935,consult,2026-03-10
E001087,C007935,login,2025-12-07
E001088,C007935,consult,2025-08-01
E001089,C006859,login,2025-08-25
E001090,C006859,login,2025-07-01
E001091,C006859,login,2026-01-23
E001092,C006859,login,2026-01-26
E001093,C002471,login,2025-11-02
E001094,C000188,login,2025-11-24
E001095,C000188,login,2025-09-23
E001096,C000188,consult,2026-03-19
E001097,C000719,login,2025-10-31
E001098,C002894,login,2025-06-19
E001099,C000997,login,2025-11-11
E001100,C002409,login,2025-07-11
E001101,C003650,complaint,2025-07-29
E001102,C003650,consult,2025-11-19
E001103,C005877,login,2025-12-05
E001104,C005877,consult,2025-12-04
E001105,C005877,login,2026-01-18
E001106,C005877,login,2025-11-21
E001107,C005877,consult,2026-03-27
E001108,C001219,login,2025-10-02
E001109,C001219,consult,2025-09-22
E001110,C001219,login,2025-09-26
E001111,C001219,login,2026-03-07
E001112,C001219,login,2025-07-05
E001113,C002931,consult,2025-11-03
E001114,C002931,login,2025-11-22
E001115,C002931,login,2025-07-28
E001116,C005028,login,2025-07-11
E001117,C005028,login,2025-08-11
E001118,C005028,login,2026-01-21
E001119,C007988,complaint,2025-09-17
E001120,C007988,login,2025-11-03
E001121,C007988,login,2025-10-31
E001122,C007988,complaint,2025-06-04
E001123,C007988,login,2026-02-12
E001124,C005088,login,2025-10-29
E001125,C005088,login,2025-09-12
E001126,C005088,login,2025-10-23
E001127,C003582,login,2025-06-17
E001128,C003582,login,2026-01-19
E001129,C001819,login,2025-09-11
E001130,C001819,consult,2026-02-08
E001131,C001071,login,2025-09-06
E001132,C001071,login,2025-06-23
E001133,C001071,consult,2026-01-26
E001134,C001071,complaint,2025-11-26
E001135,C004946,consult,2025-07-04
E001136,C004946,login,2025-09-15
E001137,C004946,consult,2025-11-25
E001138,C004946,login,2026-02-25
E001139,C004946,login,2025-10-26
E001140,C005917,login,2025-11-25
E001141,C005892,complaint,2026-03-24
E001142,C005892,consult,2025-12-14
E001143,C007541,login,2025-09-16
E001144,C007541,login,2026-02-08
E001145,C007541,login,2025-10-07
E001146,C007541,complaint,2025-11-16
E001147,C007541,consult,2025-09-02
E001148,C000701,login,2026-02-21
E001149,C000701,consult,2025-10-06
E001150,C003225,consult,2025-12-24
E001151,C003225,login,2025-09-28
E001152,C003225,consult,2026-02-27
E001153,C003225,consult,2026-01-29
E001154,C003225,complaint,2026-02-21
E001155,C007948,login,2026-02-22
E001156,C007948,consult,2026-03-27
E001157,C007948,complaint,2025-06-26
E001158,C007948,consult,2025-10-28
E001159,C007948,complaint,2025-06-20
E001160,C004958,consult,2026-01-26
E001161,C004958,login,2025-08-04
E001162,C004958,consult,2025-06-14
E001163,C004958,login,2025-12-29
E001164,C004958,login,2025-12-31
E001165,C006379,login,2025-12-07
E001166,C001210,consult,2026-03-17
E001167,C001210,login,2025-06-27
E001168,C001210,login,2026-01-10
E001169,C002817,login,2025-09-15
E001170,C002817,login,2025-11-23
E001171,C002817,complaint,2025-10-31
E001172,C001705,consult,2025-12-16
E001173,C001705,login,2025-10-26
E001174,C001705,login,2025-06-09
E001175,C001705,complaint,2025-09-27
E001176,C001956,complaint,2026-03-05
E001177,C001956,consult,2025-08-11
E001178,C001956,consult,2025-07-24
E001179,C006231,login,2025-09-09
E001180,C006231,login,2026-01-16
E001181,C007229,login,2026-01-01
E001182,C007229,login,2025-07-02
E001183,C002791,consult,2025-11-25
E001184,C002791,login,2025-07-10
E001185,C002791,consult,2025-06-14
E001186,C002791,consult,2025-09-30
E001187,C002791,consult,2025-06-11
E001188,C006497,login,2025-11-15
E001189,C006497,login,2026-03-06
E001190,C004569,login,2025-06-20
E001191,C004569,login,2025-10-25
E001192,C005115,consult,2025-09-07
E001193,C005115,login,2025-09-14
E001194,C003985,login,2025-11-03
E001195,C003985,login,2025-07-11
E001196,C003962,login,2026-02-08
E001197,C003962,login,2025-08-25
E001198,C003962,consult,2026-02-26
E001199,C003962,complaint,2025-12-16
E001200,C001016,consult,2025-12-26
E001201,C001016,login,2026-03-02
E001202,C001016,complaint,2025-08-22
E001203,C001016,complaint,2025-08-16
E001204,C001016,consult,2026-01-28
E001205,C004587,login,2025-12-09
E001206,C004587,login,2025-09-01
E001207,C004587,login,2025-11-27
E001208,C004587,login,2026-03-03
E001209,C005479,login,2026-03-15
E001210,C005479,login,2025-09-19
E001211,C005479,login,2025-09-10
E001212,C002025,login,2025-10-06
E001213,C002025,login,2026-03-02
E001214,C002025,complaint,2025-10-01
E001215,C002879,login,2025-09-17
E001216,C002879,login,2025-12-31
E001217,C002879,login,2025-07-29
E001218,C002879,login,2025-06-26
E001219,C003557,consult,2025-11-29
E001220,C004540,login,2025-10-03
E001221,C004540,complaint,2025-07-11
E001222,C004540,complaint,2026-01-05
E001223,C004540,login,2025-09-17
E001224,C006456,login,2025-08-26
E001225,C006456,login,2025-08-23
E001226,C006456,login,2025-08-20
E001227,C006456,consult,2026-02-25
E001228,C001764,login,2026-01-12
E001229,C002793,login,2026-03-17
E001230,C002793,login,2025-08-08
E001231,C002793,login,2025-06-14
E001232,C002793,consult,2026-02-16
E001233,C002793,login,2025-08-05
E001234,C006842,consult,2026-02-06
E001235,C006768,login,2025-10-16
E001236,C006768,login,2025-08-03
E001237,C006768,login,2025-09-18
E001238,C006768,consult,2026-03-02
E001239,C006768,login,2025-11-26
E001240,C001642,complaint,2026-01-27
E001241,C003354,login,2026-02-27
E001242,C003354,consult,2025-06-02
E001243,C003354,login,2025-08-06
E001244,C003354,login,2026-01-11
E001245,C003354,login,2026-02-26
E001246,C003360,login,2025-06-16
E001247,C003360,consult,2026-03-11
E001248,C003360,login,2026-01-06
E001249,C003360,complaint,2026-02-09
E001250,C003360,consult,2025-10-27
E001251,C000728,login,2026-02-19
E001252,C000728,login,2025-08-03
E001253,C000728,complaint,2025-06-28
E001254,C000728,consult,2026-03-01
E001255,C000728,consult,2025-08-23
E001256,C007670,login,2026-02-10
E001257,C007670,login,2025-12-17
E001258,C007670,login,2025-08-03
E001259,C003967,login,2025-12-03
E001260,C003967,complaint,2025-09-30
E001261,C001344,login,2025-07-30
E001262,C001344,login,2025-08-19
E001263,C007061,login,2025-11-15
E001264,C007061,login,2025-07-17
E001265,C002594,login,2025-10-30
E001266,C006559,login,2026-03-05
E001267,C006559,login,2025-12-07
E001268,C006559,consult,2025-12-18
E001269,C006559,login,2025-11-06
E001270,C001096,consult,2025-10-14
E001271,C001096,login,2026-02-17
E001272,C001902,consult,2025-12-02
E001273,C001902,login,2026-01-27
E001274,C001902,login,2025-06-25
E001275,C001902,consult,2025-11-01
E001276,C001902,login,2025-10-22
E001277,C004147,login,2025-06-26
E001278,C004147,login,2025-07-04
E001279,C004147,login,2026-01-07
E001280,C004147,login,2025-09-29
E001281,C004147,login,2025-06-01
E001282,C004467,login,2025-07-27
E001283,C004467,login,2025-11-11
E001284,C004467,login,2025-11-14
E001285,C004467,consult,2026-03-12
E001286,C007290,login,2025-06-14
E001287,C005167,complaint,2026-01-14
E001288,C005167,login,2025-07-23
E001289,C005167,login,2026-02-26
E001290,C005167,consult,2025-07-29
E001291,C005167,consult,2025-11-03
E001292,C005719,consult,2025-07-19
E001293,C005719,login,2025-12-23
E001294,C006926,consult,2025-08-23
E001295,C006926,consult,2025-12-25
E001296,C006926,login,2025-06-28
E001297,C006926,login,2025-07-26
E001298,C006926,login,2025-07-05
E001299,C001168,login,2026-01-30
E001300,C001168,complaint,2026-03-14
E001301,C000184,complaint,2025-09-03
E001302,C000184,consult,2025-06-27
E001303,C006539,login,2025-06-16
E001304,C006539,consult,2026-01-15
E001305,C006539,login,2026-03-08
E001306,C006539,consult,2026-03-06
E001307,C006539,consult,2025-07-07
E001308,C004553,complaint,2025-08-25
E001309,C004553,login,2025-12-29
E001310,C004553,login,2026-01-21
E001311,C004553,login,2026-02-27
E001312,C007776,login,2025-12-29
E001313,C007776,consult,2025-08-07
E001314,C002224,login,2026-02-02
E001315,C002224,login,2025-09-27
E001316,C002224,login,2026-03-25
E001317,C002224,consult,2025-06-25
E001318,C002036,consult,2025-12-13
E001319,C000913,login,2025-12-16
E001320,C000913,complaint,2025-10-27
E001321,C002067,complaint,2025-12-22
E001322,C002067,consult,2025-11-25
E001323,C002067,consult,2026-01-12
E001324,C002067,login,2025-08-19
E001325,C004434,consult,2025-10-19
E001326,C004434,login,2026-01-09
E001327,C004434,login,2026-02-10
E001328,C004434,login,2026-03-15
E001329,C001345,login,2025-10-03
E001330,C001345,login,2026-01-13
E001331,C001345,login,2025-07-21
E001332,C001345,login,2025-08-11
E001333,C001345,login,2026-02-19
E001334,C002453,login,2025-07-29
E001335,C005522,login,2025-07-01
E001336,C005522,consult,2026-03-06
E001337,C005522,login,2026-02-12
E001338,C005522,login,2025-09-07
E001339,C006970,login,2026-02-17
E001340,C006970,complaint,2026-03-05
E001341,C006970,login,2025-06-09
E001342,C006970,login,2026-02-21
E001343,C007001,login,2026-03-02
E001344,C007001,login,2026-03-02
E001345,C007351,login,2025-11-10
E001346,C007351,login,2025-11-18
E001347,C007351,login,2025-12-15
E001348,C003691,login,2026-01-01
E001349,C003691,login,2026-02-13
E001350,C006966,login,2025-06-15
E001351,C006966,login,2025-06-25
E001352,C006966,login,2025-06-27
E001353,C006966,login,2025-11-10
E001354,C000054,login,2026-01-02
E001355,C000054,login,2026-02-04
E001356,C000054,login,2025-06-11
E001357,C007038,login,2025-10-17
E001358,C007038,consult,2025-09-06
E001359,C005703,login,2025-11-07
E001360,C005703,consult,2025-10-08
E001361,C005927,consult,2025-10-15
E001362,C005927,login,2025-07-31
E001363,C005927,login,2025-11-14
E001364,C003471,consult,2026-01-19
E001365,C003471,consult,2025-11-21
E001366,C003471,complaint,2026-03-07
E001367,C007293,login,2025-07-16
E001368,C007293,login,2026-01-22
E001369,C007293,login,2025-08-15
E001370,C000564,login,2025-09-27
E001371,C000564,login,2025-07-27
E001372,C000564,login,2025-06-22
E001373,C000564,login,2025-10-18
E001374,C000564,consult,2025-11-06
E001375,C003461,login,2025-07-04
E001376,C003461,login,2026-01-19
E001377,C003461,login,2025-07-16
E001378,C005142,login,2026-03-12
E001379,C005142,consult,2025-11-26
E001380,C003264,login,2025-08-31
E001381,C007365,consult,2025-07-09
E001382,C007365,consult,2025-11-04
E001383,C007365,login,2025-09-25
E001384,C007365,login,2025-07-19
E001385,C000597,login,2025-09-27
E001386,C000597,login,2025-07-29
E001387,C000597,consult,2025-11-04
E001388,C003654,login,2025-12-30
E001389,C003654,login,2025-12-25
E001390,C007282,login,2026-01-16
E001391,C007282,complaint,2025-09-16
E001392,C007282,login,2025-10-19
E001393,C007282,login,2026-03-10
E001394,C007282,login,2025-08-27
E001395,C002236,consult,2025-06-13
E001396,C002236,complaint,2025-07-07
E001397,C001079,consult,2025-12-13
E001398,C001079,login,2025-12-11
E001399,C006409,login,2025-08-06
E001400,C006409,login,2025-08-09
E001401,C006409,login,2025-12-23
E001402,C006409,consult,2025-11-06
E001403,C006409,login,2026-02-17
E001404,C003739,login,2025-11-22
E001405,C003739,consult,2026-01-29
E001406,C003739,login,2026-02-22
E001407,C003739,login,2026-01-08
E001408,C003493,login,2025-06-04
E001409,C003493,complaint,2026-03-08
E001410,C003493,consult,2025-09-01
E001411,C004812,login,2025-08-29
E001412,C002748,login,2026-03-04
E001413,C002748,consult,2025-11-29
E001414,C002748,login,2025-11-03
E001415,C002748,complaint,2025-07-30
E001416,C002748,consult,2025-06-17
E001417,C002828,complaint,2026-01-25
E001418,C002828,login,2025-11-16
E001419,C002828,login,2026-03-10
E001420,C006789,login,2025-11-22
E001421,C006789,login,2025-06-08
E001422,C006789,login,2026-01-01
E001423,C006789,login,2025-07-20
E001424,C006789,login,2025-08-21
E001425,C001872,login,2025-06-19
E001426,C001872,login,2025-10-02
E001427,C001872,login,2025-10-18
E001428,C001499,login,2026-03-02
E001429,C001499,login,2025-11-30
E001430,C001499,login,2025-06-07
E001431,C001499,login,2025-11-10
E001432,C006158,consult,2025-08-07
E001433,C001565,login,2025-12-02
E001434,C001565,consult,2025-07-24
E001435,C001565,consult,2025-11-07
E001436,C001565,login,2025-09-12
E001437,C001565,consult,2025-10-21
E001438,C003180,login,2025-10-21
E001439,C003180,login,2025-07-23
E001440,C003180,consult,2026-01-01
E001441,C003180,consult,2025-09-04
E001442,C004679,complaint,2025-12-23
E001443,C004679,login,2025-07-03
E001444,C004679,login,2026-02-09
E001445,C004679,login,2025-06-15
E001446,C004679,login,2025-08-31
E001447,C006341,consult,2025-12-05
E001448,C006341,complaint,2025-08-26
E001449,C006341,consult,2025-10-19
E001450,C002420,complaint,2025-12-25
E001451,C002420,login,2025-06-05
E001452,C002420,login,2025-07-20
E001453,C002420,consult,2025-07-13
E001454,C006634,complaint,2025-11-01
E001455,C006634,login,2026-03-06
E001456,C006634,login,2026-03-15
E001457,C002398,login,2025-09-19
E001458,C002398,consult,2025-07-21
E001459,C002398,login,2025-06-17
E001460,C006844,login,2025-06-16
E001461,C006844,login,2025-10-07
E001462,C006844,login,2025-11-02
E001463,C006844,login,2025-09-13
E001464,C003024,login,2025-09-01
E001465,C003024,login,2025-06-18
E001466,C003024,login,2025-08-18
E001467,C003024,login,2025-09-14
E001468,C004835,login,2025-09-18
E001469,C004835,login,2026-01-14
E001470,C004835,login,2025-06-10
E001471,C004835,consult,2025-08-31
E001472,C001832,login,2025-09-07
E001473,C001832,login,2025-09-14
E001474,C001832,consult,2025-12-15
E001475,C001832,login,2026-03-19
E001476,C002573,login,2025-12-27
E001477,C002573,consult,2025-07-04
E001478,C002573,login,2026-03-13
E001479,C002573,login,2025-09-21
E001480,C002573,login,2026-01-25
E001481,C002306,login,2025-11-14
E001482,C002306,login,2026-02-05
E001483,C002306,login,2025-09-29
E001484,C002306,login,2025-07-26
E001485,C000696,consult,2025-12-08
E001486,C000966,login,2025-06-27
E001487,C000966,complaint,2026-03-23
E001488,C000900,login,2025-12-14
E001489,C000900,login,2026-02-25
E001490,C000900,consult,2025-10-31
E001491,C002393,consult,2026-01-02
E001492,C002393,login,2025-06-12
E001493,C006357,login,2026-02-24
E001494,C006357,consult,2026-03-07
E001495,C006357,consult,2026-03-16
E001496,C006357,login,2025-06-22
E001497,C006357,login,2025-07-17
E001498,C002687,consult,2025-10-06
E001499,C002687,complaint,2025-08-10
E001500,C002687,login,2025-12-25
E001501,C003182,complaint,2025-08-19
E001502,C003182,login,2025-11-02
E001503,C003182,login,2025-08-31
E001504,C003182,complaint,2025-11-07
E001505,C006691,login,2025-06-22
E001506,C006691,consult,2025-09-06
E001507,C006691,consult,2025-12-29
E001508,C005622,login,2026-03-15
E001509,C005622,consult,2025-07-24
E001510,C005622,login,2026-03-16
E001511,C007105,login,2025-11-24
E001512,C005783,login,2026-01-18
E001513,C006333,login,2026-02-13
E001514,C006333,login,2025-10-26
E001515,C006333,login,2026-01-01
E001516,C006333,consult,2025-07-12
E001517,C001926,login,2026-01-07
E001518,C001926,consult,2025-07-26
E001519,C001926,login,2025-08-01
E001520,C001926,login,2025-06-25
E001521,C001926,login,2025-10-13
E001522,C007486,login,2025-11-21
E001523,C007486,consult,2026-02-03
E001524,C001569,login,2026-02-03
E001525,C001569,consult,2026-03-02
E001526,C001569,login,2025-11-29
E001527,C001569,login,2025-12-25
E001528,C002889,login,2025-10-15
E001529,C002889,login,2025-07-19
E001530,C003172,login,2025-09-09
E001531,C004161,login,2026-01-02
E001532,C004161,login,2026-03-16
E001533,C002270,login,2025-09-12
E001534,C002270,login,2025-12-23
E001535,C002270,login,2025-06-20
E001536,C002270,complaint,2025-11-02
E001537,C002270,consult,2025-07-28
E001538,C000972,login,2025-11-04
E001539,C000972,login,2025-09-06
E001540,C000972,complaint,2025-11-27
E001541,C000972,login,2025-09-05
E001542,C000972,login,2025-07-25
E001543,C003831,login,2025-09-08
E001544,C003831,consult,2026-03-06
E001545,C003831,login,2025-11-30
E001546,C003831,login,2025-07-23
E001547,C006416,login,2025-06-05
E001548,C006416,login,2025-09-11
E001549,C003449,login,2026-02-05
E001550,C003449,login,2025-10-11
E001551,C003449,complaint,2025-11-21
E001552,C003218,login,2026-02-16
E001553,C003218,login,2025-07-13
E001554,C003218,complaint,2025-06-26
E001555,C003218,login,2025-12-07
E001556,C003218,login,2025-06-08
E001557,C007063,login,2025-10-21
E001558,C007063,login,2025-11-10
E001559,C007063,login,2025-06-10
E001560,C007063,login,2025-09-07
E001561,C007063,login,2026-02-17
E001562,C003583,login,2025-10-16
E001563,C001931,login,2025-12-31
E001564,C001931,login,2025-09-12
E001565,C001931,login,2026-01-21
E001566,C005475,login,2026-03-05
E001567,C005475,complaint,2025-10-16
E001568,C005475,login,2026-03-15
E001569,C005475,login,2025-10-03
E001570,C006725,login,2025-06-10
E001571,C006725,login,2025-08-19
E001572,C006725,consult,2025-08-23
E001573,C003257,login,2025-08-02
E001574,C007439,complaint,2025-12-26
E001575,C007439,login,2026-02-27
E001576,C007439,login,2026-02-20
E001577,C007439,login,2025-06-05
E001578,C007564,login,2026-03-08
E001579,C007564,consult,2025-09-05
E001580,C007564,login,2026-01-29
E001581,C003169,consult,2026-03-27
E001582,C003169,login,2025-07-20
E001583,C003169,consult,2026-03-18
E001584,C002127,consult,2025-06-06
E001585,C002127,login,2025-07-18
E001586,C002127,consult,2026-02-08
E001587,C003746,login,2025-07-08
E001588,C003746,login,2025-12-27
E001589,C003746,complaint,2025-06-15
E001590,C003746,login,2025-12-08
E001591,C006496,login,2025-11-10
E001592,C006496,consult,2025-10-15
E001593,C006496,login,2026-02-13
E001594,C001236,login,2025-11-18
E001595,C001236,login,2026-02-04
E001596,C001236,login,2026-03-15
E001597,C001236,consult,2025-09-24
E001598,C001236,login,2026-02-23
E001599,C007704,login,2026-02-22
E001600,C007704,consult,2025-11-02
E001601,C002973,consult,2025-12-02
E001602,C002973,login,2025-10-16
E001603,C005981,consult,2025-11-22
E001604,C005981,login,2025-10-30
E001605,C005981,consult,2026-03-21
E001606,C003728,login,2025-09-24
E001607,C003728,login,2025-07-08
E001608,C003728,consult,2025-11-14
E001609,C003728,complaint,2025-08-10
E001610,C003728,login,2025-09-23
E001611,C003010,login,2025-12-29
E001612,C003010,login,2025-07-13
E001613,C003010,login,2025-09-29
E001614,C003010,login,2025-06-11
E001615,C002347,login,2026-01-20
E001616,C007942,consult,2025-06-09
E001617,C007942,login,2026-02-11
E001618,C007942,login,2025-08-27
E001619,C007942,login,2025-08-07
E001620,C007942,login,2025-11-04
E001621,C007194,login,2025-09-24
E001622,C007194,login,2025-06-05
E001623,C007194,complaint,2025-12-28
E001624,C002205,login,2025-07-01
E001625,C002205,login,2026-01-11
E001626,C002205,consult,2025-11-11
E001627,C003735,login,2026-02-09
E001628,C003735,login,2025-08-17
E001629,C003735,login,2026-02-05
E001630,C003735,login,2025-07-01
E001631,C003735,login,2026-02-05
E001632,C003827,login,2025-07-09
E001633,C003827,complaint,2026-03-07
E001634,C000508,login,2025-09-29
E001635,C000508,login,2025-07-26
E001636,C000508,login,2026-01-10
E001637,C000508,login,2025-07-06
E001638,C007045,complaint,2025-09-10
E001639,C007045,consult,2025-08-21
E001640,C007045,login,2025-09-15
E001641,C002651,login,2025-11-22
E001642,C002651,consult,2026-01-01
E001643,C002651,login,2026-02-15
E001644,C002651,login,2025-12-10
E001645,C001225,login,2026-03-12
E001646,C001225,login,2026-02-13
E001647,C001225,login,2025-12-20
E001648,C007226,complaint,2025-10-16
E001649,C007226,complaint,2026-03-06
E001650,C007226,consult,2025-10-16
E001651,C004492,login,2025-06-03
E001652,C004492,consult,2025-11-20
E001653,C004492,login,2025-07-08
E001654,C002610,login,2025-12-23
E001655,C002610,consult,2025-11-01
E001656,C002610,login,2026-03-17
E001657,C007292,login,2026-03-19
E001658,C002344,login,2025-10-12
E001659,C002344,complaint,2025-07-09
E001660,C002344,login,2025-06-30
E001661,C002344,login,2025-08-02
E001662,C001797,login,2025-10-18
E001663,C001797,login,2025-07-29
E001664,C001797,complaint,2025-10-07
E001665,C001128,login,2025-11-26
E001666,C001128,consult,2025-07-06
E001667,C001128,login,2025-06-30
E001668,C002369,complaint,2025-10-13
E001669,C002369,login,2025-09-26
E001670,C002369,complaint,2025-12-07
E001671,C002369,login,2026-01-06
E001672,C001171,login,2025-12-15
E001673,C001171,login,2026-01-11
E001674,C001171,login,2025-06-13
E001675,C001171,login,2026-01-09
E001676,C001171,login,2026-02-21
E001677,C005400,login,2025-12-08
E001678,C005400,login,2026-01-30
E001679,C002342,login,2025-12-27
E001680,C002342,consult,2025-11-01
E001681,C002342,login,2025-11-09
E001682,C002342,consult,2025-06-03
E001683,C002342,login,2025-09-01
E001684,C004601,consult,2025-10-10
E001685,C004601,complaint,2026-01-13
E001686,C004601,login,2026-03-25
E001687,C004601,login,2025-07-18
E001688,C004601,consult,2026-03-01
E001689,C000025,login,2025-11-06
E001690,C000025,consult,2025-06-18
E001691,C000025,login,2025-06-06
E001692,C000025,consult,2026-01-23
E001693,C004449,login,2025-10-04
E001694,C004449,login,2025-06-02
E001695,C004449,complaint,2025-08-24
E001696,C004449,login,2026-03-07
E001697,C004449,complaint,2025-07-07
E001698,C005315,login,2026-01-09
E001699,C005315,login,2025-06-08
E001700,C005315,login,2025-06-02
E001701,C005315,consult,2025-06-20
E001702,C005315,login,2025-12-13
E001703,C006457,consult,2025-07-18
E001704,C006457,login,2025-08-05
E001705,C006457,complaint,2026-01-01
E001706,C000731,login,2026-01-06
E001707,C000731,consult,2026-01-27
E001708,C000731,login,2025-10-11
E001709,C000731,consult,2025-12-25
E001710,C000552,login,2025-07-12
E001711,C000552,login,2025-09-09
E001712,C000552,consult,2026-01-03
E001713,C000552,login,2025-11-21
E001714,C000552,login,2025-09-23
E001715,C006816,login,2025-06-04
E001716,C006816,complaint,2025-09-04
E001717,C005059,login,2025-12-01
E001718,C000146,login,2025-12-02
E001719,C000146,complaint,2026-02-04
E001720,C000146,login,2026-03-05
E001721,C000146,login,2025-12-31
E001722,C000798,complaint,2025-09-29
E001723,C005665,complaint,2025-09-20
E001724,C005665,login,2025-06-12
E001725,C005665,login,2026-01-19
E001726,C005665,consult,2025-07-22
E001727,C002328,login,2025-12-05
E001728,C002328,login,2026-01-28
E001729,C002328,login,2025-08-24
E001730,C002328,login,2025-10-28
E001731,C007804,login,2025-09-05
E001732,C005080,login,2026-01-16
E001733,C005080,login,2025-09-15
E001734,C005080,consult,2026-03-05
E001735,C005080,login,2025-08-23
E001736,C000512,login,2025-09-05
E001737,C006983,login,2025-08-24
E001738,C006983,login,2026-03-22
E001739,C006983,login,2025-08-28
E001740,C006983,login,2026-02-01
E001741,C001941,login,2025-08-15
E001742,C004134,login,2026-02-06
E001743,C004134,login,2026-03-17
E001744,C004134,login,2025-09-24
E001745,C007160,login,2026-03-03
E001746,C002374,login,2025-07-04
E001747,C006176,login,2026-01-22
E001748,C005477,login,2025-06-05
E001749,C002297,login,2026-01-09
E001750,C003710,login,2025-12-04
E001751,C000489,login,2026-02-17
E001752,C000489,login,2025-12-27
E001753,C000489,login,2026-02-14
E001754,C001058,complaint,2025-09-20
E001755,C000080,consult,2025-07-17
E001756,C000080,consult,2025-11-05
E001757,C003560,login,2026-01-27
E001758,C003560,login,2026-02-10
E001759,C003560,login,2025-08-07
E001760,C003560,complaint,2025-06-24
E001761,C000800,login,2025-08-12
E001762,C000800,consult,2025-11-06
E001763,C004458,login,2025-09-08
E001764,C004458,consult,2025-07-03
E001765,C004458,consult,2025-09-01
E001766,C004458,consult,2025-08-23
E001767,C004458,consult,2026-01-14
E001768,C004545,login,2025-12-02
E001769,C001226,login,2026-02-15
E001770,C001226,login,2025-07-16
E001771,C005055,login,2026-02-22
E001772,C005055,login,2026-01-13
E001773,C007119,login,2025-12-18
E001774,C007119,login,2025-08-01
E001775,C007119,complaint,2025-12-10
E001776,C007119,login,2026-02-18
E001777,C007119,login,2025-12-08
E001778,C001618,login,2025-06-10
E001779,C001618,login,2025-12-21
E001780,C001618,login,2025-08-21
E001781,C001618,consult,2025-10-26
E001782,C001618,login,2025-06-23
E001783,C004513,login,2025-06-07
E001784,C004513,login,2025-08-05
E001785,C004513,login,2026-03-01
E001786,C004513,login,2026-03-09
E001787,C004513,consult,2026-02-06
E001788,C003166,login,2025-12-01
E001789,C004402,login,2026-02-07
E001790,C007377,login,2025-10-22
E001791,C007377,complaint,2026-01-07
E001792,C007377,login,2026-03-02
E001793,C007377,login,2025-09-14
E001794,C007377,login,2025-11-20
E001795,C001697,consult,2025-12-25
E001796,C001697,login,2026-03-06
E001797,C001697,login,2025-06-03
E001798,C001697,login,2026-01-18
E001799,C007709,login,2025-08-01
E001800,C007709,complaint,2026-01-30
E001801,C007709,login,2026-03-06
E001802,C007709,login,2025-09-03
E001803,C005427,login,2025-09-06
E001804,C005427,login,2026-03-12
E001805,C005427,complaint,2025-09-09
E001806,C005427,consult,2025-06-30
E001807,C001003,login,2026-01-15
E001808,C001003,login,2025-08-06
E001809,C001003,login,2026-03-14
E001810,C001003,complaint,2026-01-30
E001811,C001003,login,2025-07-18
E001812,C000282,login,2025-10-05
E001813,C007220,login,2025-06-16
E001814,C007220,login,2025-11-21
E001815,C004973,consult,2026-03-16
E001816,C004973,login,2026-02-05
E001817,C003235,consult,2026-02-18
E001818,C001676,login,2025-08-14
E001819,C001214,login,2025-12-07
E001820,C001214,login,2025-09-12
E001821,C003587,login,2025-12-08
E001822,C003587,complaint,2025-12-13
E001823,C003587,login,2026-01-06
E001824,C003587,consult,2026-01-25
E001825,C006315,login,2025-08-31
E001826,C006315,consult,2025-09-30
E001827,C006315,login,2026-01-15
E001828,C006315,login,2026-01-31
E001829,C006315,login,2026-01-27
E001830,C003871,login,2025-11-19
E001831,C003871,login,2026-01-22
E001832,C003871,complaint,2025-10-30
E001833,C003871,login,2025-06-02
E001834,C000742,consult,2025-10-04
E001835,C000742,login,2025-11-12
E001836,C004921,login,2026-03-19
E001837,C001497,login,2025-09-04
E001838,C001497,login,2025-07-23
E001839,C004443,consult,2025-11-22
E001840,C004443,login,2025-09-15
E001841,C004443,consult,2025-10-08
E001842,C004443,consult,2025-11-17
E001843,C006921,consult,2025-11-25
E001844,C006921,login,2025-10-09
E001845,C003064,consult,2025-10-18
E001846,C007116,login,2026-01-03
E001847,C007116,complaint,2025-07-19
E001848,C007116,login,2026-02-27
E001849,C007116,login,2025-06-30
E001850,C005365,login,2026-03-26
E001851,C002424,login,2026-01-10
E001852,C002424,consult,2025-11-16
E001853,C002424,login,2025-11-06
E001854,C002424,login,2025-09-01
E001855,C003325,login,2025-07-05
E001856,C003325,login,2026-03-02
E001857,C003325,login,2025-08-04
E001858,C003325,login,2025-12-07
E001859,C003325,login,2026-01-05
E001860,C006824,login,2025-08-18
E001861,C006824,login,2025-12-10
E001862,C006824,login,2025-12-21
E001863,C003866,login,2025-10-08
E001864,C003866,login,2026-01-06
E001865,C003866,login,2025-06-12
E001866,C002732,login,2026-03-09
E001867,C002732,login,2025-11-21
E001868,C002732,login,2025-09-03
E001869,C000755,login,2025-12-07
E001870,C000755,login,2025-11-30
E001871,C000755,login,2025-07-22
E001872,C000755,complaint,2025-08-07
E001873,C001647,login,2025-07-22
E001874,C001647,login,2025-12-07
E001875,C001647,login,2025-11-10
E001876,C001647,login,2026-03-10
E001877,C001647,login,2025-08-17
E001878,C004877,login,2025-07-23
E001879,C004064,login,2025-06-02
E001880,C004064,login,2025-08-12
E001881,C004064,login,2025-11-23
E001882,C000014,login,2025-07-08
E001883,C000014,login,2025-10-28
E001884,C000014,login,2025-06-15
E001885,C000014,login,2025-11-12
E001886,C005627,login,2026-02-28
E001887,C005627,login,2026-03-24
E001888,C005627,consult,2025-08-15
E001889,C005627,login,2025-12-18
E001890,C005627,login,2025-11-14
E001891,C001303,login,2025-08-20
E001892,C001303,login,2025-12-26
E001893,C001674,consult,2025-12-02
E001894,C001674,login,2026-01-18
E001895,C001674,login,2025-06-19
E001896,C001870,consult,2025-09-26
E001897,C001870,login,2026-01-30
E001898,C001870,login,2025-06-29
E001899,C001870,complaint,2025-06-10
E001900,C007912,login,2026-01-10
E001901,C005177,login,2025-10-30
E001902,C005177,complaint,2025-10-17
E001903,C006134,consult,2026-03-10
E001904,C006134,login,2025-12-03
E001905,C006134,complaint,2026-03-05
E001906,C002751,login,2025-10-31
E001907,C005524,complaint,2026-03-22
E001908,C005524,login,2025-07-11
E001909,C005524,login,2025-11-29
E001910,C005524,consult,2026-03-07
E001911,C004555,consult,2026-03-19
E001912,C004555,login,2026-03-07
E001913,C004555,login,2025-06-16
E001914,C004769,login,2026-02-24
E001915,C004769,login,2026-01-23
E001916,C004769,login,2026-01-24
E001917,C004769,consult,2025-11-04
E001918,C004769,login,2025-08-02
E001919,C000485,login,2025-11-18
E001920,C000485,login,2025-12-12
E001921,C000485,complaint,2025-12-02
E001922,C000485,login,2025-08-24
E001923,C003391,consult,2025-08-20
E001924,C004393,login,2026-01-25
E001925,C003862,consult,2025-08-15
E001926,C002464,login,2025-06-23
E001927,C007179,login,2025-08-17
E001928,C004822,login,2025-08-03
E001929,C004822,login,2025-11-19
E001930,C004822,consult,2026-02-04
E001931,C000516,login,2025-10-20
E001932,C000516,login,2025-07-08
E001933,C000516,consult,2025-08-06
E001934,C000516,login,2025-08-02
E001935,C000516,complaint,2025-11-06
E001936,C000027,login,2025-10-27
E001937,C000027,login,2026-03-05
E001938,C000027,login,2025-10-07
E001939,C004351,login,2025-09-02
E001940,C004351,login,2026-01-01
E001941,C006432,login,2026-01-21
E001942,C006432,login,2026-01-19
E001943,C006432,login,2026-02-27
E001944,C006432,login,2025-11-06
E001945,C002954,login,2025-11-06
E001946,C002954,login,2025-08-06
E001947,C002954,login,2025-07-23
E001948,C006990,login,2025-07-17
E001949,C006990,login,2025-12-01
E001950,C006990,login,2025-12-05
E001951,C006990,login,2025-08-08
E001952,C006990,consult,2026-02-28
E001953,C006622,consult,2025-07-22
E001954,C006622,complaint,2026-03-11
E001955,C006622,login,2026-01-18
E001956,C006622,login,2025-09-28
E001957,C006622,login,2025-10-04
E001958,C005708,login,2025-12-30
E001959,C005708,login,2026-03-04
E001960,C005708,login,2025-07-16
E001961,C005708,login,2026-02-09
E001962,C003520,consult,2025-09-04
E001963,C003520,login,2025-10-02
E001964,C003520,consult,2025-07-02
E001965,C003520,consult,2026-02-25
E001966,C003363,login,2025-11-06
E001967,C006513,login,2025-12-18
E001968,C006513,login,2025-11-13
E001969,C006513,consult,2025-09-04
E001970,C006513,login,2025-07-18
E001971,C006513,complaint,2025-07-18
E001972,C003754,login,2026-02-13
E001973,C003754,complaint,2025-09-18
E001974,C003754,login,2026-01-11
E001975,C003754,login,2026-03-26
E001976,C007324,login,2026-01-30
E001977,C007324,login,2026-02-08
E001978,C007702,consult,2025-09-04
E001979,C007702,login,2025-11-18
E001980,C007702,login,2025-09-04
E001981,C007702,login,2026-02-17
E001982,C000896,consult,2025-12-19
E001983,C000896,consult,2025-11-20
E001984,C000896,consult,2025-07-01
E001985,C006508,consult,2026-02-23
E001986,C006508,login,2025-11-15
E001987,C006508,login,2025-07-30
E001988,C005808,login,2025-12-28
E001989,C001539,consult,2025-12-10
E001990,C001539,login,2025-06-20
E001991,C001539,consult,2025-11-07
E001992,C001539,consult,2026-01-27
E001993,C006663,login,2025-08-12
E001994,C006663,consult,2025-12-28
E001995,C006663,consult,2026-03-15
E001996,C006663,consult,2025-10-07
E001997,C006395,consult,2025-09-30
E001998,C006395,consult,2026-03-10
E001999,C006395,login,2026-01-12
E002000,C002243,consult,2025-11-09
E002001,C007617,login,2025-06-15
E002002,C007617,login,2025-06-04
E002003,C007617,login,2025-11-28
E002004,C007617,login,2026-02-25
E002005,C007617,complaint,2025-06-29
E002006,C003041,login,2025-11-23
E002007,C003041,consult,2025-09-26
E002008,C003041,login,2025-12-22
E002009,C003041,login,2025-08-24
E002010,C003041,login,2025-09-04
E002011,C003544,login,2025-09-24
E002012,C003544,consult,2026-02-18
E002013,C003544,login,2025-12-12
E002014,C006150,login,2026-03-17
E002015,C000906,login,2025-12-03
E002016,C000906,login,2025-10-14
E002017,C000906,login,2026-02-03
E002018,C006446,login,2025-11-05
E002019,C006446,consult,2026-02-02
E002020,C006446,consult,2026-02-11
E002021,C006446,login,2025-10-27
E002022,C006446,login,2025-07-30
E002023,C004399,login,2025-08-31
E002024,C004399,login,2026-01-05
E002025,C001325,login,2025-06-24
E002026,C001325,consult,2025-08-24
E002027,C001325,login,2025-07-16
E002028,C001325,login,2025-10-08
E002029,C000501,consult,2025-12-14
E002030,C000501,login,2026-03-12
E002031,C000501,login,2025-07-06
E002032,C000501,consult,2025-12-26
E002033,C000501,login,2026-03-16
E002034,C006486,consult,2026-02-05
E002035,C006486,consult,2025-06-27
E002036,C006486,complaint,2025-12-17
E002037,C003744,login,2026-03-03
E002038,C000492,login,2025-11-02
E002039,C000492,consult,2026-03-27
E002040,C000492,complaint,2025-10-01
E002041,C000492,complaint,2026-01-23
E002042,C000492,login,2025-09-18
E002043,C002977,login,2025-06-09
E002044,C002977,login,2025-07-14
E002045,C002977,login,2025-08-03
E002046,C006479,login,2026-03-14
E002047,C006479,login,2025-11-07
E002048,C006479,login,2026-02-02
E002049,C006479,login,2025-09-06
E002050,C006479,login,2025-09-01
E002051,C003200,login,2025-08-22
E002052,C003200,login,2026-03-05
E002053,C004898,consult,2025-08-10
E002054,C000403,login,2025-11-26
E002055,C002468,complaint,2025-08-07
E002056,C006473,login,2025-11-12
E002057,C001133,login,2025-12-14
E002058,C005899,login,2025-11-07
E002059,C005899,login,2026-01-12
E002060,C005899,complaint,2026-03-15
E002061,C004593,login,2026-01-08
E002062,C004593,consult,2026-01-16
E002063,C004593,consult,2025-10-19
E002064,C002675,consult,2025-12-21
E002065,C002675,login,2025-06-27
E002066,C002806,login,2025-09-15
E002067,C002806,consult,2026-01-15
E002068,C002806,login,2026-02-19
E002069,C001422,login,2025-07-20
E002070,C007460,login,2026-03-27
E002071,C007460,login,2025-09-08
E002072,C007460,login,2025-06-12
E002073,C007460,complaint,2026-01-27
E002074,C007460,login,2025-07-22
E002075,C005326,login,2025-12-28
E002076,C005326,consult,2025-11-21
E002077,C001475,login,2026-01-18
E002078,C001475,consult,2025-07-13
E002079,C001475,login,2025-09-13
E002080,C001475,login,2026-02-16
E002081,C003562,login,2026-02-17
E002082,C003562,consult,2025-07-23
E002083,C003562,login,2026-03-27
E002084,C003562,consult,2025-09-10
E002085,C000267,consult,2026-02-21
E002086,C000267,consult,2025-09-07
E002087,C000267,complaint,2025-06-08
E002088,C000267,consult,2025-06-04
E002089,C001032,login,2025-06-26
E002090,C000763,complaint,2025-09-23
E002091,C000763,consult,2025-12-24
E002092,C000763,login,2026-03-25
E002093,C000763,consult,2025-11-07
E002094,C000064,login,2025-09-28
E002095,C000064,login,2025-06-29
E002096,C000064,login,2025-10-15
E002097,C000064,login,2025-11-21
E002098,C007129,consult,2025-08-14
E002099,C007129,login,2025-06-04
E002100,C007129,login,2025-12-23
E002101,C007129,login,2025-08-19
E002102,C007129,consult,2026-01-07
E002103,C006179,login,2025-11-07
E002104,C004878,complaint,2025-06-17
E002105,C004878,consult,2026-01-28
E002106,C000457,consult,2025-08-09
E002107,C000457,consult,2025-12-04
E002108,C000457,complaint,2026-02-10
E002109,C000457,login,2026-03-03
E002110,C000457,consult,2025-08-28
E002111,C001649,consult,2025-07-15
E002112,C001649,login,2025-06-19
E002113,C005658,login,2026-03-22
E002114,C005658,login,2026-03-11
E002115,C005658,login,2026-03-15
E002116,C005658,complaint,2025-06-12
E002117,C000214,login,2026-01-17
E002118,C000214,consult,2025-07-09
E002119,C006765,login,2025-12-17
E002120,C004676,complaint,2026-02-09
E002121,C004676,complaint,2025-06-09
E002122,C006417,consult,2026-03-27
E002123,C000009,complaint,2025-06-01
E002124,C000009,consult,2026-03-10
E002125,C000009,complaint,2025-12-05
E002126,C000009,complaint,2025-08-04
E002127,C000009,consult,2025-11-28
E002128,C001838,login,2026-01-10
E002129,C001838,login,2025-09-04
E002130,C007108,login,2025-07-08
E002131,C005680,consult,2026-01-04
E002132,C005680,login,2026-02-13
E002133,C005680,consult,2025-12-01
E002134,C005680,login,2025-12-18
E002135,C004203,login,2025-12-20
E002136,C004203,login,2026-03-14
E002137,C004203,login,2025-06-16
E002138,C004203,login,2026-02-28
E002139,C002812,consult,2025-08-03
E002140,C002812,login,2025-10-24
E002141,C002812,login,2026-02-01
E002142,C001108,login,2025-06-09
E002143,C001108,login,2026-01-08
E002144,C001108,consult,2025-09-30
E002145,C001108,consult,2025-12-16
E002146,C005147,login,2025-06-16
E002147,C005147,consult,2025-09-26
E002148,C004884,login,2026-03-15
E002149,C004884,login,2025-07-18
E002150,C004884,login,2026-02-19
E002151,C005829,login,2025-12-10
E002152,C003028,login,2025-10-15
E002153,C003028,login,2026-02-18
E002154,C003028,login,2025-12-03
E002155,C003480,complaint,2026-03-20
E002156,C003480,login,2026-01-21
E002157,C000702,login,2026-03-23
E002158,C000702,login,2025-10-02
E002159,C000702,login,2025-12-14
E002160,C007203,login,2025-12-19
E002161,C007203,consult,2025-12-21
E002162,C006494,consult,2025-06-11
E002163,C006494,login,2025-09-04
E002164,C006494,login,2025-09-09
E002165,C006494,login,2025-10-13
E002166,C000672,login,2025-10-27
E002167,C000672,login,2025-10-08
E002168,C000672,login,2025-10-06
E002169,C000672,login,2025-09-05
E002170,C001420,complaint,2025-08-26
E002171,C001420,login,2025-08-20
E002172,C001420,consult,2025-06-30
E002173,C001420,login,2025-12-24
E002174,C001420,login,2026-03-04
E002175,C005915,login,2025-11-12
E002176,C005915,login,2026-01-24
E002177,C005915,consult,2026-01-09
E002178,C005915,login,2025-12-01
E002179,C006698,complaint,2025-12-06
E002180,C003211,login,2025-10-04
E002181,C004802,login,2026-03-14
E002182,C004802,login,2025-06-24
E002183,C007570,login,2026-02-09
E002184,C007570,login,2025-10-29
E002185,C007570,consult,2025-06-06
E002186,C007570,login,2025-11-04
E002187,C005288,login,2025-09-13
E002188,C005288,login,2025-12-10
E002189,C005288,consult,2025-07-12
E002190,C005288,login,2025-09-11
E002191,C005288,login,2026-03-16
E002192,C005624,login,2026-02-11
E002193,C005624,consult,2025-07-20
E002194,C005624,login,2026-01-25
E002195,C003111,login,2025-08-25
E002196,C004250,login,2026-01-16
E002197,C004250,login,2025-10-28
E002198,C004250,login,2026-02-02
E002199,C004250,consult,2025-08-17
E002200,C006261,login,2025-07-25
E002201,C006261,login,2025-07-28
E002202,C006261,login,2026-03-22
E002203,C006261,login,2025-10-29
E002204,C000897,login,2026-03-08
E002205,C000897,login,2026-01-03
E002206,C000897,login,2025-08-13
E002207,C000897,login,2025-10-06
E002208,C003618,login,2025-06-10
E002209,C003618,login,2025-09-03
E002210,C003618,consult,2025-10-13
E002211,C001998,login,2025-07-06
E002212,C001998,login,2025-07-09
E002213,C005797,login,2025-12-18
E002214,C005797,login,2025-07-06
E002215,C007267,consult,2025-10-11
E002216,C007678,consult,2025-06-16
E002217,C007678,login,2025-08-12
E002218,C007678,login,2025-10-18
E002219,C006408,complaint,2025-08-05
E002220,C006408,login,2026-03-06
E002221,C001812,login,2025-12-16
E002222,C001812,complaint,2026-03-16
E002223,C001812,login,2025-07-26
E002224,C001812,complaint,2025-08-22
E002225,C001812,login,2025-07-31
E002226,C005349,login,2026-03-11
E002227,C005349,login,2026-02-06
E002228,C005349,login,2025-10-27
E002229,C003474,login,2025-11-11
E002230,C003474,login,2025-12-13
E002231,C003474,login,2026-02-23
E002232,C007508,consult,2026-01-09
E002233,C007508,login,2025-10-03
E002234,C002700,login,2025-09-19
E002235,C002700,login,2025-12-28
E002236,C002700,consult,2025-09-17
E002237,C007926,login,2026-02-05
E002238,C007926,login,2025-09-22
E002239,C007926,login,2025-12-13
E002240,C007926,complaint,2025-08-11
E002241,C007926,login,2025-11-02
E002242,C003191,login,2025-11-28
E002243,C003191,login,2025-06-17
E002244,C003191,login,2025-12-26
E002245,C003191,login,2025-10-11
E002246,C003191,login,2026-03-18
E002247,C006107,consult,2025-10-27
E002248,C006107,consult,2025-12-09
E002249,C006572,login,2025-06-01
E002250,C006973,login,2025-11-22
E002251,C006973,login,2025-09-20
E002252,C001516,login,2025-10-25
E002253,C006211,complaint,2026-03-15
E002254,C006211,complaint,2026-01-02
E002255,C006211,consult,2025-12-12
E002256,C006211,login,2025-09-22
E002257,C006211,login,2025-06-21
E002258,C004339,login,2025-09-11
E002259,C004339,login,2025-08-30
E002260,C001464,login,2026-03-05
E002261,C001464,complaint,2026-02-18
E002262,C001464,login,2025-08-17
E002263,C005728,login,2025-09-09
E002264,C005728,consult,2025-11-12
E002265,C005728,complaint,2025-12-26
E002266,C005728,consult,2026-03-26
E002267,C005728,login,2025-11-21
E002268,C005121,login,2025-12-05
E002269,C005121,login,2026-01-30
E002270,C005121,consult,2025-09-15
E002271,C005121,login,2026-02-11
E002272,C005804,consult,2025-06-08
E002273,C005804,login,2026-02-21
E002274,C000132,login,2025-06-13
E002275,C000132,consult,2025-06-28
E002276,C000886,login,2026-02-25
E002277,C000886,login,2025-06-27
E002278,C000886,login,2026-01-16
E002279,C000886,complaint,2025-11-27
E002280,C000886,complaint,2025-08-29
E002281,C005488,login,2025-07-03
E002282,C005488,login,2026-03-14
E002283,C005488,consult,2025-06-07
E002284,C005488,consult,2026-01-24
E002285,C003045,login,2025-11-14
E002286,C002912,complaint,2025-06-19
E002287,C002912,login,2026-02-03
E002288,C002912,login,2026-01-07
E002289,C007923,login,2026-03-04
E002290,C007923,login,2025-12-28
E002291,C007923,consult,2025-12-26
E002292,C007923,login,2025-07-26
E002293,C007475,login,2026-01-01
E002294,C007475,complaint,2025-11-30
E002295,C007475,login,2025-09-12
E002296,C007475,consult,2026-01-29
E002297,C005031,complaint,2025-12-21
E002298,C005031,consult,2026-03-01
E002299,C005031,login,2026-03-15
E002300,C005031,login,2025-08-12
E002301,C005031,login,2026-01-02
E002302,C000053,login,2025-12-13
E002303,C000053,login,2025-08-17
E002304,C000053,login,2026-02-16
E002305,C000053,login,2025-12-08
E002306,C004077,login,2025-11-08
E002307,C004077,login,2025-08-31
E002308,C004077,login,2025-08-31
E002309,C004077,login,2025-11-02
E002310,C004077,login,2025-09-03
E002311,C003625,login,2025-06-29
E002312,C004804,login,2025-07-21
E002313,C004804,login,2025-11-06
E002314,C004804,login,2025-12-16
E002315,C004804,login,2025-09-21
E002316,C004804,login,2026-03-22
E002317,C001679,login,2026-01-19
E002318,C001679,login,2025-10-16
E002319,C001679,complaint,2025-11-07
E002320,C001679,login,2025-09-17
E002321,C007053,login,2025-12-28
E002322,C007053,login,2025-08-08
E002323,C003301,complaint,2025-10-12
E002324,C007155,login,2026-01-12
E002325,C007155,complaint,2025-09-23
E002326,C007155,login,2026-01-14
E002327,C007155,complaint,2026-02-04
E002328,C007155,login,2025-12-14
E002329,C006766,consult,2025-06-17
E002330,C006766,login,2025-09-20
E002331,C005712,complaint,2026-03-22
E002332,C005712,login,2026-01-15
E002333,C005712,login,2026-02-15
E002334,C004133,login,2025-08-24
E002335,C004133,consult,2025-08-13
E002336,C004133,login,2025-07-27
E002337,C004133,login,2025-08-03
E002338,C003456,login,2025-11-30
E002339,C003436,login,2026-03-15
E002340,C006590,login,2026-02-26
E002341,C006590,login,2025-10-22
E002342,C006590,consult,2026-01-13
E002343,C006157,consult,2025-08-20
E002344,C006157,consult,2026-03-27
E002345,C006157,login,2025-08-30
E002346,C006157,login,2025-06-08
E002347,C006157,login,2026-01-15
E002348,C004109,login,2025-07-03
E002349,C004109,login,2025-11-20
E002350,C004109,login,2025-11-15
E002351,C004109,login,2025-08-13
E002352,C001137,consult,2025-08-22
E002353,C001330,consult,2026-03-15
E002354,C001330,login,2025-08-30
E002355,C001330,consult,2026-02-25
E002356,C001330,login,2026-01-23
E002357,C001330,login,2026-01-16
E002358,C007958,login,2025-11-26
E002359,C000758,consult,2025-07-15
E002360,C000572,login,2026-03-04
E002361,C000572,login,2026-01-10
E002362,C000572,login,2026-01-21
E002363,C000572,complaint,2025-10-08
E002364,C000572,login,2026-03-21
E002365,C003295,complaint,2025-10-02
E002366,C003295,login,2025-12-06
E002367,C003295,login,2026-01-20
E002368,C005036,login,2026-02-15
E002369,C005036,consult,2025-07-02
E002370,C007516,login,2025-11-14
E002371,C003886,login,2025-09-29
E002372,C003886,login,2025-12-31
E002373,C003139,login,2025-10-04
E002374,C003139,login,2026-01-02
E002375,C003139,login,2025-09-05
E002376,C003139,consult,2026-02-10
E002377,C006122,login,2025-06-26
E002378,C001544,login,2026-02-04
E002379,C001544,consult,2025-07-16
E002380,C001544,consult,2025-12-05
E002381,C001544,login,2025-11-04
E002382,C006963,login,2025-12-26
E002383,C006963,login,2026-02-21
E002384,C006963,login,2025-10-04
E002385,C002634,login,2026-01-28
E002386,C006331,login,2025-10-25
E002387,C004845,login,2026-02-16
E002388,C004845,login,2025-10-18
E002389,C004845,login,2025-08-05
E002390,C004845,login,2025-10-31
E002391,C004180,login,2025-12-28
E002392,C004180,consult,2025-09-12
E002393,C004180,login,2025-12-16
E002394,C004180,login,2025-09-07
E002395,C003547,consult,2025-07-21
E002396,C003547,consult,2025-09-07
E002397,C001084,consult,2025-12-19
E002398,C001084,login,2025-10-01
E002399,C001084,login,2025-10-11
E002400,C001084,login,2026-03-08
E002401,C001084,login,2025-08-28
E002402,C006756,complaint,2026-01-04
E002403,C006756,consult,2025-06-01
E002404,C000876,consult,2026-02-23
E002405,C001129,consult,2026-02-17
E002406,C001189,login,2025-10-16
E002407,C007674,login,2025-12-13
E002408,C007674,login,2025-10-03
E002409,C007674,login,2025-06-18
E002410,C007674,login,2026-03-11
E002411,C007674,login,2025-11-22
E002412,C005635,login,2025-09-24
E002413,C005635,login,2026-01-29
E002414,C005635,consult,2025-08-13
E002415,C005635,complaint,2025-09-14
E002416,C005635,login,2026-03-27
E002417,C007469,login,2025-09-12
E002418,C007469,consult,2025-06-20
E002419,C007469,login,2025-11-24
E002420,C007469,login,2026-01-17
E002421,C003136,login,2025-12-24
E002422,C003136,login,2025-07-17
E002423,C003136,login,2025-12-09
E002424,C003136,consult,2025-12-21
E002425,C003136,complaint,2026-03-11
E002426,C005637,login,2026-01-29
E002427,C007004,login,2026-03-17
E002428,C006390,login,2025-08-04
E002429,C006390,login,2025-12-27
E002430,C002721,login,2025-09-17
E002431,C002721,login,2025-12-17
E002432,C002721,login,2025-11-23
E002433,C004901,login,2025-06-07
E002434,C004901,login,2025-07-16
E002435,C004901,login,2025-08-15
E002436,C004901,login,2026-01-03
E002437,C001525,login,2025-07-30
E002438,C001525,consult,2025-09-10
E002439,C003378,consult,2025-09-13
E002440,C006503,login,2026-03-20
E002441,C006503,complaint,2025-07-19
E002442,C006503,login,2025-08-10
E002443,C006503,login,2025-08-01
E002444,C006503,login,2026-03-27
E002445,C005757,login,2026-02-18
E002446,C005757,login,2025-09-25
E002447,C005757,complaint,2025-07-28
E002448,C003505,login,2025-11-08
E002449,C003505,consult,2025-10-05
E002450,C003505,login,2026-03-11
E002451,C003505,login,2026-02-20
E002452,C003505,login,2026-03-07
E002453,C001507,login,2026-01-04
E002454,C001507,login,2026-03-03
E002455,C001507,login,2025-12-30
E002456,C001507,login,2025-06-21
E002457,C006730,login,2026-01-22
E002458,C006730,login,2025-06-06
E002459,C006730,consult,2025-08-29
E002460,C006730,login,2026-01-04
E002461,C000182,consult,2025-11-25
E002462,C000182,consult,2026-03-22
E002463,C000182,login,2025-09-29
E002464,C001684,login,2026-02-07
E002465,C001684,login,2025-10-25
E002466,C001684,login,2025-12-07
E002467,C002843,login,2026-01-19
E002468,C002843,consult,2025-11-12
E002469,C002843,login,2025-12-27
E002470,C002843,login,2025-10-07
E002471,C006317,login,2025-09-27
E002472,C007162,login,2025-09-21
E002473,C007162,login,2026-02-20
E002474,C007162,login,2025-11-14
E002475,C007162,consult,2025-10-30
E002476,C004989,login,2026-01-16
E002477,C004989,login,2025-09-11
E002478,C004009,login,2025-06-03
E002479,C004009,login,2025-10-01
E002480,C004009,login,2026-01-23
E002481,C003527,login,2025-07-20
E002482,C003527,login,2026-01-12
E002483,C004988,login,2025-07-01
E002484,C004988,complaint,2025-10-22
E002485,C004988,consult,2026-02-19
E002486,C004988,login,2025-07-29
E002487,C004988,login,2026-02-10
E002488,C006882,login,2025-09-12
E002489,C006882,login,2025-12-23
E002490,C006882,login,2026-02-17
E002491,C006882,login,2025-07-25
E002492,C006882,consult,2025-12-31
E002493,C001435,login,2025-07-02
E002494,C001435,complaint,2025-10-03
E002495,C001435,login,2025-10-11
E002496,C001435,login,2025-07-18
E002497,C001435,login,2025-09-19
E002498,C006631,consult,2026-01-09
E002499,C006631,consult,2025-08-07
E002500,C006631,login,2025-12-20
E002501,C006631,consult,2025-11-28
E002502,C006631,login,2025-07-06
E002503,C003676,login,2026-01-01
E002504,C003676,login,2026-02-18
E002505,C007963,login,2026-03-09
E002506,C007963,login,2025-08-08
E002507,C007963,consult,2026-02-09
E002508,C007963,login,2025-07-24
E002509,C007304,login,2026-02-20
E002510,C005707,login,2025-08-31
E002511,C002688,login,2026-03-10
E002512,C002688,login,2025-10-08
E002513,C001842,login,2026-02-15
E002514,C001842,login,2025-10-24
E002515,C005203,login,2025-10-18
E002516,C005203,complaint,2025-11-01
E002517,C005515,login,2025-11-04
E002518,C005515,login,2025-06-14
E002519,C005515,complaint,2025-06-03
E002520,C005515,login,2025-11-15
E002521,C000633,consult,2025-12-20
E002522,C000633,login,2026-01-22
E002523,C000633,login,2025-09-30
E002524,C000633,login,2026-03-05
E002525,C006900,login,2025-09-30
E002526,C006900,consult,2025-09-11
E002527,C006900,login,2025-07-20
E002528,C003785,complaint,2025-12-18
E002529,C003785,consult,2025-11-21
E002530,C003785,login,2025-10-24
E002531,C007833,login,2026-02-08
E002532,C007833,consult,2025-07-02
E002533,C007833,login,2025-11-16
E002534,C007833,login,2025-12-31
E002535,C007833,login,2025-07-09
E002536,C005875,login,2025-08-22
E002537,C005875,consult,2026-03-17
E002538,C005875,login,2025-11-08
E002539,C005875,login,2025-09-23
E002540,C005875,login,2025-11-25
E002541,C004288,login,2026-01-01
E002542,C004288,login,2026-02-05
E002543,C005767,login,2026-01-11
E002544,C005767,login,2025-12-13
E002545,C005767,login,2025-06-04
E002546,C005767,complaint,2026-01-19
E002547,C003475,login,2025-09-04
E002548,C003475,consult,2025-09-16
E002549,C000480,login,2025-07-03
E002550,C000480,login,2025-12-29
E002551,C000480,login,2025-08-30
E002552,C000480,login,2026-02-25
E002553,C000480,login,2025-11-03
E002554,C002100,login,2025-12-14
E002555,C001283,login,2025-11-08
E002556,C005844,login,2025-10-09
E002557,C005844,complaint,2025-11-01
E002558,C005844,login,2025-06-28
E002559,C005844,login,2025-06-19
E002560,C005280,login,2025-06-12
E002561,C005280,consult,2025-09-24
E002562,C000595,login,2026-02-10
E002563,C000595,login,2026-01-20
E002564,C000595,consult,2025-12-24
E002565,C000595,login,2025-09-28
E002566,C006051,login,2026-03-24
E002567,C006051,login,2026-02-23
E002568,C006051,complaint,2026-03-20
E002569,C006051,login,2026-03-23
E002570,C001123,consult,2025-11-09
E002571,C001123,login,2025-08-05
E002572,C001964,login,2025-09-13
E002573,C001964,login,2025-10-21
E002574,C004229,login,2025-06-04
E002575,C004159,login,2025-09-30
E002576,C004159,login,2025-06-13
E002577,C004159,login,2025-06-17
E002578,C002456,login,2025-06-26
E002579,C001033,login,2025-11-10
E002580,C001033,login,2025-10-30
E002581,C001033,login,2025-09-02
E002582,C001033,complaint,2026-01-31
E002583,C007049,complaint,2025-10-09
E002584,C007049,login,2026-03-09
E002585,C007049,login,2026-01-15
E002586,C007049,login,2025-11-01
E002587,C001831,complaint,2025-06-22
E002588,C001831,login,2025-06-01
E002589,C001831,login,2025-08-09
E002590,C001831,login,2025-10-20
E002591,C001831,consult,2025-08-30
E002592,C007477,login,2025-12-12
E002593,C007477,consult,2025-09-03
E002594,C007477,consult,2025-07-23
E002595,C007477,login,2025-07-06
E002596,C007477,consult,2025-09-12
E002597,C003701,login,2025-06-11
E002598,C002359,login,2025-10-04
E002599,C005722,complaint,2025-10-08
E002600,C000950,complaint,2026-03-18
E002601,C000950,login,2026-02-21
E002602,C000950,login,2025-08-10
E002603,C000950,login,2026-01-01
E002604,C000864,consult,2025-06-19
E002605,C000864,login,2025-07-26
E002606,C002987,consult,2025-06-25
E002607,C002987,login,2025-08-24
E002608,C002987,login,2025-06-02
E002609,C002987,login,2025-07-26
E002610,C002987,login,2026-01-05
E002611,C006993,consult,2026-01-15
E002612,C006993,login,2025-08-03
E002613,C006993,consult,2025-12-09
E002614,C006993,consult,2025-07-08
E002615,C006993,login,2026-01-30
E002616,C000624,login,2025-09-28
E002617,C000624,login,2026-01-31
E002618,C003891,login,2026-03-05
E002619,C003891,login,2025-07-11
E002620,C003891,login,2025-08-04
E002621,C003891,login,2025-08-28
E002622,C003891,login,2026-01-30
E002623,C000055,login,2025-09-06
E002624,C000055,login,2025-11-28
E002625,C000055,consult,2025-09-23
E002626,C000055,login,2025-08-18
E002627,C001333,login,2025-06-03
E002628,C001333,complaint,2025-07-08
E002629,C001333,login,2026-02-01
E002630,C000178,login,2025-06-22
E002631,C000178,login,2025-06-04
E002632,C000178,login,2025-06-21
E002633,C003499,login,2025-08-02
E002634,C007273,complaint,2025-07-19
E002635,C007273,login,2025-12-04
E002636,C005672,login,2025-10-25
E002637,C005672,login,2025-09-01
E002638,C006849,consult,2025-10-15
E002639,C006849,login,2026-03-14
E002640,C006849,consult,2026-01-30
E002641,C006849,login,2025-11-02
E002642,C005012,consult,2025-12-23
E002643,C005012,login,2025-10-26
E002644,C005012,login,2026-02-23
E002645,C000904,login,2025-12-23
E002646,C001458,consult,2025-11-21
E002647,C001075,consult,2025-08-07
E002648,C001075,login,2026-01-22
E002649,C001075,login,2025-11-15
E002650,C001075,complaint,2025-12-30
E002651,C001075,login,2025-07-24
E002652,C007574,login,2025-07-02
E002653,C007574,consult,2025-12-13
E002654,C002291,login,2025-11-24
E002655,C002291,login,2026-01-09
E002656,C006987,login,2026-02-06
E002657,C006987,consult,2026-01-26
E002658,C002563,consult,2026-02-17
E002659,C002563,login,2025-10-01
E002660,C002563,login,2025-08-02
E002661,C002563,login,2025-10-02
E002662,C002563,login,2025-06-20
E002663,C002285,login,2025-06-25
E002664,C001803,consult,2025-06-03
E002665,C001803,login,2025-08-13
E002666,C001803,consult,2025-06-26
E002667,C001803,login,2025-09-16
E002668,C000150,login,2025-08-23
E002669,C000150,login,2025-11-20
E002670,C000150,consult,2025-11-19
E002671,C001858,login,2025-09-05
E002672,C001858,complaint,2025-07-12
E002673,C001858,login,2026-03-03
E002674,C001858,consult,2025-11-22
E002675,C002044,login,2025-07-16
E002676,C002044,login,2025-12-07
E002677,C002044,consult,2025-07-25
E002678,C002044,consult,2025-12-13
E002679,C006265,login,2026-02-04
E002680,C001990,login,2025-07-06
E002681,C003553,login,2025-12-11
E002682,C004810,login,2026-01-29
E002683,C004810,login,2025-07-08
E002684,C004810,complaint,2026-01-17
E002685,C004810,consult,2025-06-24
E002686,C004810,consult,2025-10-04
E002687,C005481,consult,2025-06-11
E002688,C003458,login,2025-07-23
E002689,C003458,login,2025-11-24
E002690,C003458,login,2025-07-24
E002691,C003458,login,2025-09-05
E002692,C003458,login,2025-11-07
E002693,C003818,consult,2025-06-28
E002694,C002764,consult,2026-01-29
E002695,C002764,login,2025-10-25
E002696,C002764,consult,2025-10-22
E002697,C002764,consult,2025-06-03
E002698,C005864,login,2025-09-20
E002699,C005864,login,2025-07-31
E002700,C005864,login,2025-10-13
E002701,C005864,complaint,2025-09-13
E002702,C004685,login,2026-01-08
E002703,C004685,login,2026-01-15
E002704,C002318,complaint,2025-11-10
E002705,C002318,consult,2025-08-29
E002706,C002663,consult,2025-07-10
E002707,C002663,login,2025-12-17
E002708,C004495,consult,2026-03-23
E002709,C004495,login,2025-06-17
E002710,C004495,login,2025-09-15
E002711,C003515,complaint,2025-08-31
E002712,C007191,consult,2026-01-03
E002713,C006899,login,2025-08-20
E002714,C006899,consult,2025-08-23
E002715,C006899,login,2025-12-06
E002716,C006899,consult,2026-01-19
E002717,C003124,login,2025-06-10
E002718,C003124,login,2026-02-21
E002719,C000893,login,2025-06-19
E002720,C000893,login,2025-09-04
E002721,C000893,login,2026-03-09
E002722,C000893,login,2026-02-01
E002723,C000893,complaint,2025-09-30
E002724,C005710,consult,2025-10-21
E002725,C000371,login,2025-07-04
E002726,C007883,login,2025-07-26
E002727,C006213,login,2025-10-20
E002728,C006213,login,2026-03-19
E002729,C006213,login,2025-11-15
E002730,C006213,consult,2025-07-20
E002731,C006213,login,2026-02-05
E002732,C007710,login,2025-11-16
E002733,C007710,login,2025-11-10
E002734,C007710,login,2025-12-25
E002735,C002278,login,2025-11-09
E002736,C002278,consult,2025-07-20
E002737,C002278,complaint,2025-12-29
E002738,C002278,login,2025-09-08
E002739,C002278,login,2025-12-05
E002740,C000159,login,2025-08-09
E002741,C006750,consult,2026-03-18
E002742,C006750,complaint,2026-01-26
E002743,C006750,login,2025-10-11
E002744,C006750,login,2025-09-27
E002745,C006750,consult,2025-06-18
E002746,C000951,login,2025-07-30
E002747,C000951,login,2025-12-04
E002748,C000951,login,2025-11-22
E002749,C000951,login,2025-08-01
E002750,C001164,login,2025-07-09
E002751,C001392,login,2025-09-28
E002752,C001392,login,2025-08-29
E002753,C001392,login,2025-09-11
E002754,C001392,consult,2026-03-19
E002755,C001392,login,2025-10-30
E002756,C000771,login,2025-07-19
E002757,C005103,login,2025-08-16
E002758,C005103,login,2025-06-13
E002759,C005103,login,2025-07-31
E002760,C005103,login,2025-11-14
E002761,C005103,login,2025-07-23
E002762,C006106,login,2025-09-02
E002763,C006106,complaint,2025-08-25
E002764,C006106,consult,2025-08-20
E002765,C006106,login,2025-06-18
E002766,C006106,login,2025-09-18
E002767,C007991,complaint,2025-12-14
E002768,C007991,login,2025-08-07
E002769,C007991,consult,2025-11-02
E002770,C007991,login,2026-02-03
E002771,C007306,login,2025-12-27
E002772,C007306,complaint,2026-03-05
E002773,C007306,login,2026-03-15
E002774,C007306,login,2025-06-02
E002775,C000422,login,2026-01-30
E002776,C000422,login,2025-10-27
E002777,C003668,login,2025-12-14
E002778,C003668,login,2025-12-07
E002779,C003668,complaint,2025-11-02
E002780,C003668,login,2026-03-18
E002781,C000248,login,2025-10-03
E002782,C002951,consult,2025-09-09
E002783,C002951,consult,2025-09-30
E002784,C000047,complaint,2025-09-02
E002785,C007199,consult,2025-09-18
E002786,C003577,login,2026-03-14
E002787,C003577,consult,2025-12-30
E002788,C003577,complaint,2025-11-15
E002789,C000902,complaint,2025-06-01
E002790,C000902,complaint,2025-09-26
E002791,C000902,login,2025-12-30
E002792,C000902,complaint,2025-07-08
E002793,C004783,login,2025-07-16
E002794,C002757,login,2025-09-02
E002795,C002757,login,2025-11-20
E002796,C002757,login,2025-11-27
E002797,C007332,complaint,2026-01-11
E002798,C003548,login,2025-12-05
E002799,C003548,login,2026-01-17
E002800,C003548,login,2025-12-04
E002801,C003327,login,2025-09-17
E002802,C002985,login,2025-10-06
E002803,C002985,login,2025-06-30
E002804,C002985,login,2026-01-17
E002805,C002985,login,2026-02-06
E002806,C002985,consult,2025-10-11
E002807,C005381,complaint,2026-02-27
E002808,C005381,consult,2025-11-29
E002809,C005381,login,2025-12-28
E002810,C005381,login,2025-09-30
E002811,C002316,login,2025-09-10
E002812,C002316,login,2026-01-08
E002813,C002316,login,2025-08-02
E002814,C002316,login,2025-09-26
E002815,C002316,consult,2025-10-08
E002816,C006930,consult,2025-07-25
E002817,C006930,consult,2025-06-07
E002818,C006930,consult,2025-09-22
E002819,C005071,login,2025-07-03
E002820,C005071,login,2025-10-10
E002821,C005071,login,2025-07-24
E002822,C005071,login,2026-02-18
E002823,C005071,login,2026-02-14
E002824,C003092,login,2025-08-15
E002825,C003092,consult,2026-01-16
E002826,C003092,login,2025-09-06
E002827,C003092,login,2025-07-01
E002828,C006767,login,2025-07-11
E002829,C006767,consult,2025-12-31
E002830,C004620,login,2025-08-14
E002831,C004620,login,2025-11-26
E002832,C004620,login,2026-03-15
E002833,C005324,consult,2025-12-20
E002834,C005324,login,2026-01-18
E002835,C005324,consult,2026-03-17
E002836,C005324,login,2025-12-09
E002837,C005324,login,2025-10-23
E002838,C000195,login,2026-02-06
E002839,C001699,login,2026-03-06
E002840,C001699,login,2025-10-19
E002841,C001699,consult,2025-12-06
E002842,C000532,login,2025-06-26
E002843,C000532,complaint,2025-10-14
E002844,C000532,consult,2025-08-05
E002845,C006700,login,2025-11-06
E002846,C006700,login,2025-12-30
E002847,C006700,login,2025-09-23
E002848,C001430,login,2025-10-08
E002849,C001430,login,2026-01-20
E002850,C001430,login,2025-09-06
E002851,C001430,consult,2025-09-15
E002852,C005465,login,2025-10-06
E002853,C005465,consult,2025-09-02
E002854,C005465,login,2026-03-06
E002855,C005465,consult,2025-09-03
E002856,C005465,consult,2025-10-26
E002857,C007655,login,2025-08-21
E002858,C007655,login,2026-03-01
E002859,C007499,login,2026-03-26
E002860,C007499,login,2025-06-14
E002861,C007499,login,2025-11-02
E002862,C001916,login,2026-03-06
E002863,C003187,login,2025-06-23
E002864,C004790,login,2025-12-01
E002865,C004790,login,2025-10-17
E002866,C004790,complaint,2026-01-22
E002867,C004790,login,2025-06-07
E002868,C004773,complaint,2025-12-27
E002869,C004773,login,2026-03-09
E002870,C000346,login,2025-08-07
E002871,C000346,login,2025-12-06
E002872,C000346,login,2026-03-06
E002873,C000346,login,2025-10-12
E002874,C003067,login,2025-07-29
E002875,C003067,complaint,2026-03-10
E002876,C003067,login,2025-11-01
E002877,C003067,consult,2025-06-21
E002878,C003622,login,2025-11-24
E002879,C003622,login,2025-07-21
E002880,C002353,login,2026-03-12
E002881,C002353,login,2025-11-01
E002882,C002353,login,2026-02-20
E002883,C002353,login,2026-01-23
E002884,C006509,consult,2025-09-19
E002885,C006509,consult,2026-02-14
E002886,C002709,login,2026-03-23
E002887,C002709,login,2025-07-29
E002888,C002709,complaint,2025-12-16
E002889,C000447,login,2026-03-12
E002890,C000447,consult,2025-07-21
E002891,C000447,login,2025-11-02
E002892,C000447,login,2026-01-16
E002893,C000963,complaint,2026-03-14
E002894,C000963,login,2025-12-07
E002895,C000963,login,2025-06-10
E002896,C000963,login,2026-01-25
E002897,C000963,login,2025-06-30
E002898,C007635,login,2025-09-30
E002899,C007635,complaint,2025-11-03
E002900,C007635,login,2025-06-22
E002901,C001203,consult,2025-10-22
E002902,C001203,login,2025-11-19
E002903,C001203,login,2025-12-08
E002904,C001203,login,2025-11-28
E002905,C004323,consult,2025-12-02
E002906,C004323,consult,2025-08-24
E002907,C004323,login,2026-01-21
E002908,C004323,consult,2026-01-04
E002909,C004323,consult,2025-06-17
E002910,C002832,login,2025-08-16
E002911,C002832,login,2025-07-27
E002912,C002832,complaint,2025-07-26
E002913,C002832,login,2025-12-08
E002914,C002832,consult,2026-03-08
E002915,C000163,login,2026-02-09
E002916,C000163,login,2025-07-24
E002917,C000163,complaint,2025-10-23
E002918,C000626,login,2025-08-30
E002919,C000626,consult,2025-09-09
E002920,C002984,login,2026-03-02
E002921,C002984,consult,2025-06-14
E002922,C002984,login,2025-11-18
E002923,C004123,complaint,2025-10-15
E002924,C007598,login,2026-03-20
E002925,C007598,login,2025-11-25
E002926,C007598,login,2025-12-16
E002927,C007598,login,2025-12-04
E002928,C007598,login,2025-12-15
E002929,C005273,complaint,2025-09-08
E002930,C005273,login,2025-06-28
E002931,C005273,login,2026-01-21
E002932,C005273,login,2026-03-21
E002933,C003528,login,2026-01-13
E002934,C003528,login,2025-06-25
E002935,C003528,login,2025-12-18
E002936,C003528,complaint,2026-02-08
E002937,C003528,login,2025-09-15
E002938,C007787,login,2025-09-26
E002939,C007787,consult,2025-07-17
E002940,C007787,login,2025-10-18
E002941,C007787,login,2026-03-01
E002942,C003954,login,2025-06-29
E002943,C003954,login,2025-08-07
E002944,C003954,login,2025-09-04
E002945,C003954,login,2025-09-03
E002946,C003954,login,2025-06-13
E002947,C005099,login,2025-08-07
E002948,C005099,login,2025-06-05
E002949,C005099,complaint,2025-06-25
E002950,C005099,login,2025-06-30
E002951,C005099,consult,2025-11-01
E002952,C003630,consult,2025-09-08
E002953,C003630,login,2025-12-18
E002954,C003630,login,2026-01-03
E002955,C003630,login,2025-06-18
E002956,C003630,login,2026-02-12
E002957,C006169,login,2025-08-07
E002958,C006169,consult,2025-12-05
E002959,C006169,login,2025-08-26
E002960,C005313,complaint,2025-07-11
E002961,C005313,login,2025-09-23
E002962,C005313,login,2026-02-20
E002963,C005313,login,2025-08-16
E002964,C005313,login,2026-01-14
E002965,C000622,login,2026-01-17
E002966,C000622,login,2026-02-03
E002967,C000622,login,2026-02-03
E002968,C000096,login,2026-01-09
E002969,C000096,complaint,2026-01-13
E002970,C000096,login,2025-10-20
E002971,C001978,login,2026-03-22
E002972,C001978,login,2026-02-17
E002973,C001978,consult,2025-12-31
E002974,C001978,consult,2026-02-24
E002975,C000222,login,2025-09-03
E002976,C000222,consult,2025-07-19
E002977,C000222,login,2025-06-23
E002978,C000222,login,2026-03-25
E002979,C000222,login,2025-12-08
E002980,C002726,consult,2025-08-20
E002981,C002726,login,2026-02-27
E002982,C002726,login,2025-11-06
E002983,C002726,login,2025-10-22
E002984,C005961,login,2025-07-07
E002985,C000713,login,2025-08-03
E002986,C000713,login,2025-09-08
E002987,C006475,consult,2026-02-03
E002988,C006475,login,2026-01-21
E002989,C006475,complaint,2026-02-25
E002990,C006475,login,2025-06-03
E002991,C004106,consult,2025-10-02
E002992,C004106,login,2026-01-22
E002993,C004106,login,2025-07-12
E002994,C004106,login,2025-10-07
E002995,C005048,login,2025-12-07
E002996,C005048,login,2025-07-10
E002997,C007322,complaint,2025-10-31
E002998,C006052,consult,2026-03-11
E002999,C001498,login,2026-02-16
E003000,C001498,consult,2025-06-17
E003001,C001498,login,2026-01-15
E003002,C001498,login,2025-12-10
E003003,C001498,login,2025-08-19
E003004,C005246,login,2025-09-28
E003005,C005246,login,2025-12-30
E003006,C005246,login,2025-10-08
E003007,C005246,login,2025-11-24
E003008,C005246,login,2025-09-24
E003009,C007720,consult,2025-11-17
E003010,C007720,consult,2026-02-14
E003011,C007720,login,2025-12-15
E003012,C003506,login,2025-09-29
E003013,C003506,login,2025-07-17
E003014,C003506,complaint,2025-09-07
E003015,C003506,complaint,2025-12-20
E003016,C003314,login,2025-10-10
E003017,C003314,consult,2025-09-03
E003018,C003314,login,2025-11-19
E003019,C003314,login,2025-08-16
E003020,C001652,login,2026-02-07
E003021,C001652,login,2026-03-24
E003022,C003611,consult,2025-07-19
E003023,C003611,complaint,2025-06-13
E003024,C002579,login,2026-01-04
E003025,C007554,login,2025-10-20
E003026,C007554,login,2025-06-24
E003027,C004028,complaint,2025-06-01
E003028,C004028,login,2025-12-11
E003029,C004028,consult,2026-02-26
E003030,C004028,complaint,2025-06-12
E003031,C004028,consult,2025-09-28
E003032,C004007,login,2026-03-20
E003033,C004007,consult,2025-09-05
E003034,C000787,consult,2025-12-20
E003035,C000787,consult,2025-06-04
E003036,C000787,login,2025-08-01
E003037,C000787,consult,2026-03-11
E003038,C000787,login,2025-08-04
E003039,C001486,complaint,2026-03-18
E003040,C001486,consult,2025-09-07
E003041,C001486,login,2025-06-18
E003042,C001486,complaint,2025-10-31
E003043,C000296,login,2025-10-17
E003044,C000296,login,2025-08-15
E003045,C002375,consult,2025-10-24
E003046,C002375,consult,2026-01-28
E003047,C006679,complaint,2025-12-27
E003048,C006679,login,2025-09-07
E003049,C006679,login,2025-06-26
E003050,C006679,login,2026-03-19
E003051,C006467,login,2025-06-22
E003052,C006467,login,2025-09-19
E003053,C004104,consult,2025-07-16
E003054,C004104,login,2026-01-07
E003055,C004269,login,2026-03-03
E003056,C004269,login,2026-03-08
E003057,C004269,login,2025-06-14
E003058,C000664,login,2026-01-20
E003059,C006627,login,2025-07-23
E003060,C000685,login,2025-09-12
E003061,C000685,login,2025-09-28
E003062,C000685,login,2026-03-09
E003063,C000685,complaint,2025-09-28
E003064,C000685,login,2025-08-06
E003065,C000173,consult,2025-11-29
E003066,C000173,login,2025-07-06
E003067,C000173,login,2026-01-26
E003068,C000173,login,2025-06-29
E003069,C006495,login,2025-11-30
E003070,C006495,login,2026-03-16
E003071,C006495,login,2025-06-16
E003072,C000511,login,2025-06-12
E003073,C000511,login,2025-07-27
E003074,C000511,login,2025-11-19
E003075,C005025,login,2025-09-21
E003076,C001145,login,2026-02-25
E003077,C001145,login,2025-11-13
E003078,C001145,consult,2026-01-31
E003079,C001114,login,2025-12-31
E003080,C007848,consult,2025-11-03
E003081,C007848,login,2025-06-22
E003082,C007848,complaint,2025-11-15
E003083,C005211,login,2026-02-04
E003084,C005211,consult,2025-07-06
E003085,C004115,complaint,2025-10-17
E003086,C003132,consult,2026-01-01
E003087,C003132,login,2025-11-06
E003088,C003132,login,2025-11-22
E003089,C001087,login,2026-03-20
E003090,C004637,login,2026-02-01
E003091,C004637,login,2025-09-14
E003092,C004637,login,2025-09-18
E003093,C004637,complaint,2025-09-07
E003094,C004637,login,2025-07-28
E003095,C000001,complaint,2025-12-20
E003096,C000001,login,2025-07-30
E003097,C000001,login,2025-08-12
E003098,C006460,login,2025-10-18
E003099,C006320,login,2025-09-15
E003100,C006320,consult,2025-06-28
E003101,C005435,complaint,2025-06-24
E003102,C005435,consult,2025-06-10
E003103,C005435,consult,2026-02-08
E003104,C005435,complaint,2025-08-06
E003105,C003477,login,2025-10-26
E003106,C003477,complaint,2026-02-02
E003107,C003477,consult,2026-02-11
E003108,C003477,complaint,2025-12-07
E003109,C003477,login,2025-08-01
E003110,C005430,login,2025-09-22
E003111,C005430,login,2025-12-27
E003112,C005958,login,2025-06-28
E003113,C005958,login,2026-02-14
E003114,C005958,login,2026-01-18
E003115,C005958,consult,2026-02-13
E003116,C005812,login,2025-06-24
E003117,C007997,consult,2026-03-22
E003118,C007997,login,2025-11-23
E003119,C007997,login,2025-12-09
E003120,C007997,consult,2025-09-24
E003121,C007997,login,2025-10-14
E003122,C000474,login,2025-07-09
E003123,C000474,consult,2026-02-25
E003124,C000474,login,2026-01-14
E003125,C000474,login,2025-08-06
E003126,C000474,login,2025-10-17
E003127,C005353,consult,2026-02-23
E003128,C007497,login,2025-07-11
E003129,C007497,login,2026-03-11
E003130,C004094,login,2025-11-29
E003131,C000707,complaint,2026-02-24
E003132,C000707,complaint,2025-06-25
E003133,C005903,complaint,2026-03-14
E003134,C005903,login,2026-02-10
E003135,C007327,login,2025-11-27
E003136,C003034,login,2026-02-18
E003137,C003034,login,2025-06-09
E003138,C003034,consult,2025-12-20
E003139,C003034,consult,2025-12-08
E003140,C002645,login,2026-01-08
E003141,C002645,login,2026-02-08
E003142,C002645,consult,2025-12-28
E003143,C002645,login,2025-08-21
E003144,C007492,login,2025-09-23
E003145,C004778,login,2025-12-13
E003146,C004778,login,2025-11-25
E003147,C004778,login,2026-01-08
E003148,C004778,complaint,2025-11-02
E003149,C001194,login,2025-12-11
E003150,C001194,login,2026-01-17
E003151,C001194,login,2025-07-18
E003152,C001194,consult,2025-08-19
E003153,C001194,login,2026-02-11
E003154,C005455,consult,2025-11-27
E003155,C005455,login,2025-06-10
E003156,C006447,consult,2026-03-27
E003157,C006447,login,2025-08-23
E003158,C006447,consult,2025-10-08
E003159,C006447,login,2025-09-03
E003160,C006447,login,2025-06-22
E003161,C000333,login,2025-12-13
E003162,C000333,login,2026-02-25
E003163,C000333,login,2026-03-22
E003164,C000333,login,2026-03-25
E003165,C000333,login,2025-07-16
E003166,C003845,login,2025-09-15
E003167,C003845,login,2026-01-20
E003168,C003845,login,2026-01-17
E003169,C003845,complaint,2025-11-02
E003170,C005698,consult,2026-03-19
E003171,C005698,login,2025-12-12
E003172,C005698,consult,2025-09-29
E003173,C005698,login,2025-06-03
E003174,C005698,login,2025-12-26
E003175,C000060,login,2025-12-24
E003176,C000060,login,2026-03-03
E003177,C000060,complaint,2025-12-09
E003178,C000060,login,2026-01-04
E003179,C000060,login,2025-08-12
E003180,C002417,login,2026-01-12
E003181,C003362,login,2025-06-30
E003182,C003362,login,2025-10-14
E003183,C003362,login,2025-10-07
E003184,C001277,complaint,2025-06-09
E003185,C003312,login,2026-01-24
E003186,C003312,login,2025-09-20
E003187,C000148,login,2025-11-14
E003188,C000148,login,2025-11-15
E003189,C000148,login,2025-12-07
E003190,C000616,login,2025-11-29
E003191,C000616,login,2025-08-12
E003192,C006242,login,2025-09-28
E003193,C006242,login,2025-09-26
E003194,C006242,login,2025-11-21
E003195,C006242,login,2025-09-30
E003196,C006242,login,2025-09-17
E003197,C001242,login,2025-09-20
E003198,C001242,consult,2026-01-17
E003199,C001242,login,2026-03-21
E003200,C000651,login,2025-12-06
E003201,C000651,consult,2025-09-28
E003202,C000651,consult,2025-11-09
E003203,C000651,consult,2026-02-14
E003204,C006047,login,2026-02-08
E003205,C006047,login,2025-10-17
E003206,C006047,consult,2026-03-15
E003207,C007118,login,2025-06-05
E003208,C007118,login,2026-02-12
E003209,C007118,login,2026-01-16
E003210,C001778,login,2025-11-16
E003211,C001778,login,2025-09-19
E003212,C001261,login,2025-08-29
E003213,C001261,login,2025-10-02
E003214,C001261,login,2025-10-11
E003215,C001864,login,2026-03-01
E003216,C001864,login,2026-03-16
E003217,C001864,login,2025-11-04
E003218,C002639,login,2025-06-20
E003219,C002639,complaint,2026-03-12
E003220,C002639,consult,2025-10-19
E003221,C004101,login,2025-10-14
E003222,C004101,login,2025-09-05
E003223,C004101,login,2025-08-25
E003224,C004101,login,2025-11-27
E003225,C003629,consult,2025-09-15
E003226,C003629,complaint,2026-02-27
E003227,C003629,login,2025-11-10
E003228,C003629,consult,2025-06-09
E003229,C004638,login,2025-06-24
E003230,C001286,login,2025-11-21
E003231,C001286,login,2025-11-07
E003232,C000351,consult,2025-11-10
E003233,C000351,consult,2025-08-20
E003234,C000351,login,2025-12-08
E003235,C002382,consult,2025-06-27
E003236,C002382,consult,2025-07-12
E003237,C002382,login,2025-07-14
E003238,C002587,consult,2026-03-16
E003239,C002587,login,2025-06-16
E003240,C002587,login,2025-10-05
E003241,C003554,login,2025-06-10
E003242,C003554,login,2026-03-01
E003243,C003554,login,2025-07-04
E003244,C003554,login,2025-10-20
E003245,C003554,consult,2025-11-26
E003246,C007318,login,2025-07-07
E003247,C007318,consult,2025-07-27
E003248,C007318,login,2025-07-05
E003249,C007318,complaint,2025-11-22
E003250,C005412,login,2026-02-05
E003251,C007658,login,2026-02-21
E003252,C007658,complaint,2025-10-13
E003253,C007658,login,2025-12-08
E003254,C007658,login,2026-01-16
E003255,C007658,consult,2025-09-16
E003256,C006426,consult,2026-03-13
E003257,C006426,consult,2025-11-20
E003258,C005452,login,2025-08-24
E003259,C006061,consult,2025-09-06
E003260,C006061,login,2025-10-25
E003261,C006061,login,2025-11-08
E003262,C006061,login,2025-09-13
E003263,C006061,login,2025-07-16
E003264,C003767,complaint,2025-11-08
E003265,C003767,login,2025-11-25
E003266,C003767,login,2025-07-01
E003267,C003767,login,2025-10-13
E003268,C003767,consult,2025-11-26
E003269,C004497,login,2025-10-08
E003270,C004497,consult,2026-03-12
E003271,C004248,login,2025-06-05
E003272,C004248,login,2025-08-26
E003273,C004248,complaint,2025-06-04
E003274,C002247,consult,2025-08-11
E003275,C005920,login,2025-09-02
E003276,C001749,login,2025-08-12
E003277,C005383,login,2025-08-13
E003278,C005383,login,2026-02-07
E003279,C005383,login,2025-12-10
E003280,C005383,consult,2025-08-01
E003281,C005383,login,2025-10-21
E003282,C002600,login,2025-07-14
E003283,C002600,login,2025-07-02
E003284,C002600,login,2025-11-15
E003285,C006093,consult,2025-12-11
E003286,C004582,login,2025-12-18
E003287,C004582,complaint,2026-02-01
E003288,C004582,consult,2025-10-31
E003289,C004582,consult,2025-08-04
E003290,C001859,login,2025-12-22
E003291,C001859,login,2025-09-10
E003292,C001859,login,2025-10-06
E003293,C001859,complaint,2026-03-26
E003294,C001859,complaint,2025-08-12
E003295,C004559,login,2026-01-18
E003296,C006168,login,2025-10-07
E003297,C006168,login,2025-07-23
E003298,C006168,login,2025-11-14
E003299,C006168,login,2025-10-03
E003300,C006168,login,2025-12-26
E003301,C003053,complaint,2026-01-30
E003302,C003053,login,2025-12-17
E003303,C003053,login,2025-12-14
E003304,C003053,login,2025-07-07
E003305,C003053,login,2025-07-16
E003306,C002723,login,2026-01-30
E003307,C002723,login,2025-08-27
E003308,C002723,login,2026-02-12
E003309,C002723,login,2025-11-12
E003310,C007350,login,2026-02-27
E003311,C006951,login,2025-09-04
E003312,C006951,login,2025-07-03
E003313,C002749,login,2025-10-10
E003314,C002749,login,2025-06-09
E003315,C002749,consult,2026-01-12
E003316,C002749,complaint,2025-06-15
E003317,C002749,login,2025-06-17
E003318,C002142,login,2025-06-27
E003319,C002142,login,2025-12-19
E003320,C002142,login,2025-11-08
E003321,C002142,login,2026-02-03
E003322,C002142,complaint,2025-10-16
E003323,C006654,login,2025-08-14
E003324,C006654,consult,2025-08-03
E003325,C006654,login,2025-09-23
E003326,C003167,login,2025-08-10
E003327,C003167,login,2025-09-21
E003328,C003167,login,2026-01-23
E003329,C004043,login,2025-11-23
E003330,C004043,login,2026-03-22
E003331,C004043,login,2025-08-11
E003332,C004043,consult,2025-12-11
E003333,C004043,login,2025-06-21
E003334,C007819,login,2025-12-27
E003335,C007819,consult,2026-01-13
E003336,C007819,login,2025-10-02
E003337,C007819,login,2026-02-27
E003338,C003084,login,2025-09-14
E003339,C003084,login,2025-11-07
E003340,C003250,login,2025-07-10
E003341,C003250,login,2026-03-18
E003342,C003250,consult,2025-08-26
E003343,C003250,login,2025-06-26
E003344,C003250,login,2026-01-27
E003345,C006383,complaint,2025-11-27
E003346,C006383,login,2026-03-09
E003347,C006383,login,2026-03-12
E003348,C001773,consult,2025-07-16
E003349,C001773,complaint,2026-03-22
E003350,C006163,login,2025-10-16
E003351,C006163,login,2025-07-24
E003352,C006163,consult,2025-07-30
E003353,C006163,login,2025-10-14
E003354,C006163,login,2025-10-04
E003355,C002148,consult,2025-07-22
E003356,C002148,login,2026-01-28
E003357,C002148,login,2025-09-12
E003358,C001062,login,2025-07-29
E003359,C001062,login,2025-06-13
E003360,C001062,login,2025-11-30
E003361,C003027,login,2025-06-11
E003362,C003027,login,2025-10-12
E003363,C003027,login,2025-10-14
E003364,C002572,login,2025-11-27
E003365,C002572,consult,2026-02-26
E003366,C002572,login,2025-11-14
E003367,C002572,login,2026-01-31
E003368,C002572,login,2026-03-26
E003369,C006833,consult,2025-10-25
E003370,C006833,consult,2025-11-24
E003371,C006833,consult,2025-09-25
E003372,C007847,consult,2026-01-01
E003373,C005535,complaint,2025-06-27
E003374,C007550,login,2026-03-06
E003375,C007550,complaint,2025-09-07
E003376,C001119,login,2025-12-16
E003377,C007903,consult,2025-09-03
E003378,C007903,login,2025-09-08
E003379,C007903,consult,2026-01-25
E003380,C007903,login,2025-06-27
E003381,C007903,consult,2025-12-03
E003382,C000748,complaint,2025-07-11
E003383,C000748,login,2026-03-12
E003384,C000748,login,2025-12-14
E003385,C001882,login,2025-08-02
E003386,C007407,login,2026-01-16
E003387,C002087,login,2025-12-18
E003388,C002087,consult,2025-06-20
E003389,C002087,login,2026-01-22
E003390,C002087,login,2025-08-10
E003391,C005180,login,2025-06-16
E003392,C006030,login,2025-08-02
E003393,C006030,login,2025-06-11
E003394,C005731,login,2025-12-06
E003395,C005731,consult,2025-08-06
E003396,C005731,login,2025-07-31
E003397,C005731,login,2025-07-08
E003398,C005731,consult,2025-12-07
E003399,C003074,login,2026-01-10
E003400,C003074,login,2025-10-13
E003401,C003074,login,2026-03-25
E003402,C003074,login,2025-08-29
E003403,C006565,consult,2026-01-03
E003404,C006565,login,2026-03-20
E003405,C006565,login,2025-07-28
E003406,C007721,complaint,2026-02-09
E003407,C007721,login,2025-11-21
E003408,C007721,login,2026-03-02
E003409,C007721,login,2025-09-28
E003410,C007721,login,2025-09-24
E003411,C001011,complaint,2025-09-21
E003412,C001011,login,2025-12-16
E003413,C001011,login,2026-03-21
E003414,C001011,consult,2025-12-07
E003415,C001307,login,2026-02-18
E003416,C001307,complaint,2025-09-02
E003417,C001307,consult,2026-03-03
E003418,C007827,login,2026-02-21
E003419,C007827,login,2025-06-25
E003420,C007827,login,2025-10-28
E003421,C007827,login,2026-03-14
E003422,C007827,login,2025-09-03
E003423,C002517,login,2025-12-17
E003424,C002022,complaint,2025-06-06
E003425,C002022,login,2025-12-18
E003426,C002022,login,2025-10-03
E003427,C002022,complaint,2025-09-21
E003428,C006196,login,2025-06-18
E003429,C006196,login,2025-11-12
E003430,C000988,login,2025-07-07
E003431,C001725,login,2026-03-15
E003432,C001725,login,2026-02-20
E003433,C001725,login,2025-06-27
E003434,C005950,login,2025-10-29
E003435,C003223,login,2026-01-12
E003436,C007168,consult,2026-01-31
E003437,C007168,login,2026-01-29
E003438,C003324,login,2025-06-15
E003439,C003324,login,2025-10-30
E003440,C003324,login,2025-08-05
E003441,C003324,complaint,2025-11-10
E003442,C003324,complaint,2025-07-19
E003443,C007262,login,2026-02-02
E003444,C007262,login,2026-02-20
E003445,C005284,login,2026-01-21
E003446,C004551,login,2026-03-12
E003447,C004551,login,2025-08-17
E003448,C002324,login,2025-10-02
E003449,C004422,login,2025-09-05
E003450,C004422,consult,2025-10-21
E003451,C004422,complaint,2026-02-22
E003452,C004422,consult,2025-11-17
E003453,C004422,login,2026-02-14
E003454,C006514,login,2025-12-13
E003455,C006514,consult,2025-08-01
E003456,C001461,consult,2025-11-30
E003457,C001461,login,2025-11-04
E003458,C001461,login,2025-09-16
E003459,C004114,consult,2025-09-26
E003460,C004114,login,2025-06-16
E003461,C004114,complaint,2025-11-17
E003462,C000471,login,2025-12-10
E003463,C000471,complaint,2025-11-29
E003464,C000471,complaint,2025-09-04
E003465,C000471,consult,2026-02-03
E003466,C006704,login,2025-12-30
E003467,C006704,login,2025-07-06
E003468,C006704,login,2026-03-16
E003469,C006755,login,2026-01-05
E003470,C006755,login,2026-03-21
E003471,C001875,login,2025-09-03
E003472,C001875,login,2025-07-01
E003473,C001875,login,2025-07-15
E003474,C004556,consult,2026-02-12
E003475,C004556,consult,2025-11-21
E003476,C004556,complaint,2025-07-21
E003477,C004969,login,2026-03-15
E003478,C001667,consult,2026-03-12
E003479,C001667,login,2025-10-07
E003480,C001667,login,2025-11-19
E003481,C001667,login,2025-10-28
E003482,C001667,login,2026-01-05
E003483,C003614,complaint,2025-11-15
E003484,C003614,login,2026-02-03
E003485,C003614,login,2026-02-18
E003486,C002702,login,2025-06-09
E003487,C002702,login,2025-07-10
E003488,C002702,login,2025-07-06
E003489,C006913,login,2026-02-22
E003490,C006913,login,2026-02-15
E003491,C006913,login,2025-06-14
E003492,C006913,login,2026-03-15
E003493,C006375,login,2025-12-21
E003494,C006375,login,2026-02-26
E003495,C006375,login,2025-07-19
E003496,C006375,complaint,2025-06-02
E003497,C006375,login,2025-12-25
E003498,C007092,login,2025-08-09
E003499,C007092,login,2025-07-02
E003500,C007092,login,2025-06-01
E003501,C007092,login,2025-06-14
E003502,C002837,login,2025-10-06
E003503,C001385,login,2025-10-28
E003504,C001385,login,2025-08-10
E003505,C006461,complaint,2025-09-10
E003506,C006461,consult,2025-12-12
E003507,C006461,consult,2026-01-16
E003508,C007524,login,2025-12-01
E003509,C007524,login,2025-08-03
E003510,C004353,consult,2026-03-07
E003511,C004353,login,2025-06-16
E003512,C000916,consult,2025-06-29
E003513,C000916,login,2025-11-14
E003514,C000916,login,2025-11-24
E003515,C001223,login,2026-02-25
E003516,C001223,login,2025-06-16
E003517,C001223,login,2025-12-15
E003518,C005697,consult,2025-08-23
E003519,C005697,login,2025-12-05
E003520,C005697,login,2025-09-10
E003521,C003342,consult,2026-01-20
E003522,C003342,login,2026-03-17
E003523,C003342,login,2025-12-22
E003524,C006042,login,2025-12-14
E003525,C006042,login,2025-08-22
E003526,C006042,login,2025-12-30
E003527,C004992,login,2025-11-21
E003528,C004992,login,2025-06-03
E003529,C004992,login,2026-03-27
E003530,C004992,login,2025-07-05
E003531,C006008,login,2025-09-07
E003532,C006008,consult,2025-11-21
E003533,C000741,consult,2025-11-13
E003534,C000741,login,2025-11-23
E003535,C000741,login,2026-01-22
E003536,C000741,login,2025-10-16
E003537,C000741,login,2025-09-26
E003538,C000130,consult,2025-08-19
E003539,C000130,login,2026-03-24
E003540,C002035,login,2026-01-13
E003541,C001641,login,2025-07-13
E003542,C007114,login,2026-02-07
E003543,C007114,login,2025-06-27
E003544,C007114,login,2026-02-21
E003545,C007114,login,2025-10-02
E003546,C002009,login,2025-12-07
E003547,C002009,consult,2025-10-15
E003548,C002009,consult,2025-12-08
E003549,C002009,login,2025-10-04
E003550,C004868,login,2026-01-21
E003551,C004868,login,2026-03-25
E003552,C006781,login,2026-03-14
E003553,C006781,login,2025-08-15
E003554,C004964,consult,2025-06-29
E003555,C004964,login,2025-10-08
E003556,C004964,login,2026-01-29
E003557,C004176,complaint,2025-12-23
E003558,C004176,consult,2025-11-21
E003559,C004176,login,2026-02-26
E003560,C004176,login,2025-09-07
E003561,C004176,login,2026-03-19
E003562,C007829,login,2026-02-11
E003563,C002533,login,2025-08-27
E003564,C006818,login,2026-03-20
E003565,C006818,login,2025-08-24
E003566,C006818,consult,2025-09-07
E003567,C006818,consult,2025-10-14
E003568,C006818,consult,2026-02-02
E003569,C003711,consult,2026-03-10
E003570,C003402,login,2025-11-25
E003571,C003402,login,2025-07-26
E003572,C003402,login,2025-07-23
E003573,C003402,login,2025-12-08
E003574,C003402,login,2025-07-02
E003575,C000843,complaint,2025-09-08
E003576,C000843,consult,2025-07-07
E003577,C000843,consult,2025-09-28
E003578,C000843,login,2026-01-17
E003579,C000832,consult,2026-01-01
E003580,C000832,consult,2026-03-23
E003581,C000832,login,2025-12-10
E003582,C001018,login,2025-10-17
E003583,C001018,login,2026-01-14
E003584,C001018,consult,2025-09-03
E003585,C001018,login,2026-02-14
E003586,C007480,consult,2025-10-11
E003587,C003022,login,2025-07-03
E003588,C003022,login,2026-02-28
E003589,C003022,login,2025-12-16
E003590,C003022,consult,2026-03-25
E003591,C003022,login,2025-10-02
E003592,C005222,login,2026-03-07
E003593,C005222,login,2025-12-18
E003594,C005222,consult,2026-02-07
E003595,C000841,login,2026-02-14
E003596,C005691,consult,2025-11-25
E003597,C005691,login,2025-08-01
E003598,C005691,login,2025-06-01
E003599,C005691,complaint,2025-09-07
E003600,C005691,login,2025-11-06
E003601,C001702,login,2026-03-26
E003602,C001702,login,2025-10-17
E003603,C001702,login,2026-02-25
E003604,C001702,login,2026-01-01
E003605,C001702,consult,2025-09-20
E003606,C001376,login,2025-09-03
E003607,C001376,login,2025-06-19
E003608,C001376,consult,2026-03-19
E003609,C001376,login,2026-01-23
E003610,C001376,login,2025-11-23
E003611,C006621,consult,2025-07-02
E003612,C006621,complaint,2025-08-10
E003613,C006621,login,2026-01-09
E003614,C006621,login,2026-01-01
E003615,C002137,consult,2025-12-09
E003616,C002137,login,2025-08-31
E003617,C002137,complaint,2025-11-23
E003618,C002137,login,2026-01-07
E003619,C002137,login,2026-01-26
E003620,C002125,login,2025-06-21
E003621,C002125,login,2026-02-17
E003622,C002125,consult,2025-06-08
E003623,C002125,login,2026-03-25
E003624,C000193,login,2026-03-16
E003625,C000193,login,2025-10-15
E003626,C000193,login,2025-06-25
E003627,C007519,login,2025-08-13
E003628,C007519,consult,2025-10-28
E003629,C007519,login,2026-03-20
E003630,C007519,consult,2025-07-30
E003631,C007519,complaint,2025-07-16
E003632,C002706,login,2025-12-27
E003633,C005193,login,2025-08-14
E003634,C005193,login,2026-01-14
E003635,C005193,login,2026-02-16
E003636,C005193,login,2025-12-18
E003637,C005193,consult,2025-07-02
E003638,C004472,login,2025-06-20
E003639,C004472,login,2025-11-18
E003640,C001269,login,2025-09-07
E003641,C001269,login,2025-12-12
E003642,C001269,login,2026-01-28
E003643,C001269,login,2025-08-14
E003644,C000537,login,2026-01-10
E003645,C006386,login,2026-02-11
E003646,C000786,login,2026-03-25
E003647,C000786,login,2025-10-19
E003648,C001280,login,2025-08-04
E003649,C001280,login,2025-07-06
E003650,C001280,consult,2025-07-03
E003651,C001280,login,2025-10-25
E003652,C004846,consult,2025-10-29
E003653,C004846,login,2025-06-12
E003654,C004846,login,2025-07-04
E003655,C004846,login,2026-03-26
E003656,C004846,login,2025-12-03
E003657,C001052,consult,2026-01-14
E003658,C001052,login,2025-09-04
E003659,C001052,consult,2025-10-20
E003660,C001052,complaint,2025-09-09
E003661,C002462,login,2025-10-06
E003662,C002462,login,2025-10-23
E003663,C005155,complaint,2025-06-18
E003664,C004131,login,2025-09-14
E003665,C004131,login,2026-03-17
E003666,C004131,login,2026-01-07
E003667,C004169,login,2025-07-24
E003668,C004169,login,2025-08-21
E003669,C004169,login,2026-02-14
E003670,C004169,login,2026-02-23
E003671,C004018,consult,2025-08-07
E003672,C004018,login,2026-03-06
E003673,C004018,login,2025-07-04
E003674,C004018,login,2025-08-09
E003675,C004018,login,2025-07-12
E003676,C006255,login,2025-10-01
E003677,C006255,consult,2025-09-24
E003678,C003940,login,2025-08-10
E003679,C003940,consult,2026-01-16
E003680,C003940,consult,2026-02-24
E003681,C003940,login,2025-11-05
E003682,C005194,login,2025-08-02
E003683,C005194,login,2025-10-19
E003684,C005194,login,2026-01-11
E003685,C003120,consult,2025-06-01
E003686,C003120,login,2025-12-11
E003687,C003120,consult,2025-08-26
E003688,C003120,login,2025-09-21
E003689,C003507,login,2025-08-04
E003690,C003507,login,2025-10-15
E003691,C003507,login,2025-12-14
E003692,C003507,login,2025-07-04
E003693,C001791,login,2026-01-03
E003694,C007582,login,2025-12-28
E003695,C007582,login,2025-10-10
E003696,C007582,login,2025-09-28
E003697,C007582,consult,2025-10-05
E003698,C007582,complaint,2025-09-26
E003699,C003422,login,2025-11-02
E003700,C005556,complaint,2026-02-15
E003701,C005556,login,2025-10-15
E003702,C005556,login,2025-09-07
E003703,C003321,consult,2026-03-23
E003704,C003321,login,2026-03-05
E003705,C003321,complaint,2026-03-08
E003706,C003321,login,2025-07-26
E003707,C004341,login,2025-11-17
E003708,C004341,login,2025-08-10
E003709,C004341,consult,2025-09-10
E003710,C004341,login,2025-08-15
E003711,C002124,login,2025-07-27
E003712,C001550,consult,2025-08-27
E003713,C001550,complaint,2026-01-11
E003714,C001550,consult,2025-09-20
E003715,C001550,login,2025-07-20
E003716,C001550,login,2025-08-17
E003717,C005322,login,2025-10-24
E003718,C005322,login,2025-12-31
E003719,C005322,login,2025-06-21
E003720,C000861,consult,2025-10-04
E003721,C000861,login,2025-09-14
E003722,C000861,login,2025-06-03
E003723,C000861,consult,2025-08-15
E003724,C000861,login,2025-08-01
E003725,C002968,consult,2026-03-09
E003726,C002968,login,2025-10-03
E003727,C002968,complaint,2025-11-22
E003728,C007546,login,2026-01-23
E003729,C007546,login,2026-02-07
E003730,C007546,consult,2025-12-13
E003731,C004310,complaint,2026-02-04
E003732,C004310,login,2025-11-19
E003733,C001408,login,2025-09-17
E003734,C001408,consult,2025-09-15
E003735,C002897,login,2025-09-07
E003736,C002897,login,2025-07-26
E003737,C002897,login,2025-06-15
E003738,C007770,login,2026-02-16
E003739,C002029,consult,2025-12-24
E003740,C002029,login,2025-12-09
E003741,C005507,login,2025-08-17
E003742,C005507,login,2025-06-21
E003743,C005507,login,2025-11-04
E003744,C005507,login,2025-12-03
E003745,C006002,login,2025-07-27
E003746,C006002,login,2026-02-17
E003747,C000428,login,2025-07-03
E003748,C000428,complaint,2026-03-19
E003749,C000428,login,2025-11-13
E003750,C000428,consult,2025-07-28
E003751,C001209,login,2025-08-26
E003752,C001209,login,2026-03-19
E003753,C002588,complaint,2025-09-17
E003754,C002588,consult,2025-12-13
E003755,C002588,consult,2025-06-05
E003756,C003836,login,2025-07-03
E003757,C001876,login,2025-12-30
E003758,C001876,complaint,2025-06-02
E003759,C001876,login,2025-10-29
E003760,C000390,login,2025-06-11
E003761,C000390,login,2025-11-21
E003762,C000617,login,2025-07-06
E003763,C000617,login,2025-09-24
E003764,C000617,login,2025-07-09
E003765,C000617,login,2025-10-15
E003766,C000718,consult,2025-06-05
E003767,C000718,consult,2026-02-04
E003768,C000718,login,2026-01-07
E003769,C000718,login,2025-08-28
E003770,C004986,complaint,2026-02-22
E003771,C000373,login,2025-11-19
E003772,C000373,login,2025-10-13
E003773,C005259,login,2025-12-25
E003774,C005259,login,2026-03-13
E003775,C005259,login,2026-02-08
E003776,C004523,login,2026-02-14
E003777,C004523,login,2025-10-07
E003778,C004523,consult,2026-02-25
E003779,C003824,login,2025-11-26
E003780,C003824,login,2025-10-15
E003781,C003824,login,2026-01-01
E003782,C000319,login,2025-06-21
E003783,C000319,login,2025-08-23
E003784,C007163,consult,2025-12-07
E003785,C007163,login,2026-01-10
E003786,C007163,login,2025-07-18
E003787,C004985,consult,2025-10-30
E003788,C004985,consult,2025-10-06
E003789,C004985,login,2025-10-28
E003790,C004985,login,2026-01-20
E003791,C004985,login,2026-01-02
E003792,C000005,login,2025-08-14
E003793,C000005,consult,2025-11-17
E003794,C000005,login,2025-07-09
E003795,C001796,login,2025-10-16
E003796,C001796,complaint,2025-07-16
E003797,C001796,consult,2025-11-27
E003798,C001796,login,2025-07-15
E003799,C001796,login,2025-11-08
E003800,C005030,complaint,2025-12-23
E003801,C005030,login,2025-12-12
E003802,C005030,consult,2025-08-17
E003803,C006943,login,2025-11-14
E003804,C006943,login,2025-08-29
E003805,C006943,consult,2025-11-28
E003806,C001643,login,2025-11-30
E003807,C001643,login,2025-08-03
E003808,C001643,complaint,2025-08-03
E003809,C003231,login,2026-03-06
E003810,C000688,login,2025-12-16
E003811,C000688,login,2025-07-22
E003812,C000688,login,2025-10-15
E003813,C000688,login,2025-07-28
E003814,C007379,login,2025-09-15
E003815,C007379,login,2025-08-11
E003816,C007379,consult,2025-06-03
E003817,C006515,login,2026-03-03
E003818,C006515,login,2025-07-13
E003819,C005415,consult,2025-10-25
E003820,C005415,login,2026-02-11
E003821,C005415,login,2026-03-19
E003822,C003059,complaint,2025-07-17
E003823,C003059,consult,2026-02-03
E003824,C003550,login,2025-09-04
E003825,C003550,login,2025-06-07
E003826,C003550,login,2025-08-10
E003827,C003550,consult,2025-11-17
E003828,C007845,login,2025-12-17
E003829,C002986,complaint,2025-11-17
E003830,C002986,login,2025-07-01
E003831,C002317,consult,2026-03-07
E003832,C005817,login,2025-12-15
E003833,C005817,consult,2025-10-07
E003834,C005817,login,2025-07-07
E003835,C005817,login,2025-07-17
E003836,C000360,consult,2025-12-06
E003837,C000360,login,2025-10-22
E003838,C000360,consult,2026-03-20
E003839,C001339,consult,2025-11-09
E003840,C001339,login,2026-03-08
E003841,C004185,login,2025-10-18
E003842,C004185,login,2025-09-19
E003843,C004185,consult,2025-12-03
E003844,C004185,login,2025-10-08
E003845,C004185,login,2025-08-12
E003846,C005694,login,2026-01-06
E003847,C005694,consult,2025-09-11
E003848,C000975,login,2025-07-21
E003849,C000975,complaint,2025-10-08
E003850,C000666,login,2025-10-22
E003851,C000666,login,2025-06-28
E003852,C000666,consult,2026-02-05
E003853,C000666,login,2025-06-19
E003854,C007909,login,2025-06-08
E003855,C002493,consult,2025-11-03
E003856,C002493,login,2025-10-02
E003857,C002493,login,2025-10-13
E003858,C002493,login,2025-08-30
E003859,C002493,complaint,2025-09-08
E003860,C001290,login,2025-11-16
E003861,C001290,consult,2025-09-06
E003862,C001290,consult,2025-06-01
E003863,C001290,login,2025-06-29
E003864,C002332,consult,2025-09-05
E003865,C002332,login,2026-02-25
E003866,C002332,login,2025-07-27
E003867,C002332,consult,2025-10-22
E003868,C006125,complaint,2025-12-23
E003869,C006125,login,2026-02-04
E003870,C007037,login,2025-09-22
E003871,C007037,login,2026-03-02
E003872,C007037,consult,2026-01-28
E003873,C007037,login,2025-12-18
E003874,C007037,login,2025-06-27
E003875,C001041,login,2025-11-15
E003876,C001041,login,2026-03-20
E003877,C002714,login,2025-11-07
E003878,C002714,login,2025-08-08
E003879,C007185,complaint,2025-11-01
E003880,C007185,login,2025-10-16
E003881,C007185,login,2026-01-15
E003882,C007185,login,2025-09-26
E003883,C007185,login,2025-07-27
E003884,C005498,login,2025-07-08
E003885,C005498,login,2025-12-02
E003886,C000722,login,2025-10-22
E003887,C004668,complaint,2025-10-01
E003888,C004668,login,2026-01-16
E003889,C006527,login,2025-12-12
E003890,C002379,login,2025-10-17
E003891,C002379,login,2026-01-03
E003892,C002379,login,2025-06-08
E003893,C002379,consult,2025-10-07
E003894,C002379,login,2026-03-26
E003895,C005293,login,2025-09-09
E003896,C005293,login,2025-10-02
E003897,C005293,consult,2025-10-24
E003898,C005293,login,2026-02-12
E003899,C005293,consult,2026-01-31
E003900,C003016,consult,2026-03-11
E003901,C003016,login,2025-12-14
E003902,C003016,login,2025-12-24
E003903,C000740,complaint,2025-07-24
E003904,C000740,complaint,2025-12-07
E003905,C000740,login,2025-07-03
E003906,C004650,login,2026-03-24
E003907,C000730,complaint,2026-03-01
E003908,C000730,consult,2025-09-09
E003909,C000922,login,2026-01-24
E003910,C000922,login,2026-03-01
E003911,C000922,login,2025-08-14
E003912,C000922,login,2025-12-25
E003913,C000922,login,2025-06-18
E003914,C000969,login,2026-03-08
E003915,C000969,complaint,2025-07-22
E003916,C000969,consult,2025-11-27
E003917,C000969,login,2025-08-24
E003918,C003243,consult,2025-09-28
E003919,C003243,login,2025-10-17
E003920,C003243,consult,2025-08-26
E003921,C003243,login,2026-02-18
E003922,C001353,login,2025-11-03
E003923,C001353,login,2025-11-18
E003924,C001353,login,2025-06-08
E003925,C001353,login,2026-03-25
E003926,C001353,consult,2026-02-01
E003927,C000934,login,2025-08-17
E003928,C000934,login,2025-10-26
E003929,C000934,login,2026-01-04
E003930,C000934,login,2026-03-13
E003931,C000934,complaint,2026-02-22
E003932,C000442,login,2026-02-27
E003933,C000442,login,2025-10-11
E003934,C002351,consult,2025-07-27
E003935,C002351,complaint,2025-10-21
E003936,C002351,login,2026-03-12
E003937,C003032,login,2025-08-26
E003938,C003032,login,2025-12-10
E003939,C003032,login,2025-06-02
E003940,C001095,consult,2025-08-19
E003941,C001095,login,2025-06-28
E003942,C001095,login,2026-03-07
E003943,C003481,login,2025-06-11
E003944,C003481,login,2025-07-26
E003945,C002802,login,2025-06-09
E003946,C002802,login,2025-10-17
E003947,C002802,login,2025-10-09
E003948,C002802,login,2026-01-02
E003949,C005775,login,2025-07-08
E003950,C005775,login,2025-07-06
E003951,C005775,login,2025-07-22
E003952,C005775,complaint,2025-08-06
E003953,C005775,complaint,2025-08-30
E003954,C002523,login,2025-12-11
E003955,C000427,consult,2026-01-13
E003956,C000427,consult,2025-06-26
E003957,C000427,login,2025-07-12
E003958,C002433,consult,2026-02-03
E003959,C002433,login,2025-12-04
E003960,C002433,login,2026-01-15
E003961,C002433,login,2025-08-04
E003962,C002433,login,2026-03-16
E003963,C006974,login,2025-08-29
E003964,C006974,login,2026-01-11
E003965,C006974,consult,2026-02-09
E003966,C006974,login,2025-06-10
E003967,C006974,login,2025-08-03
E003968,C005267,login,2025-11-15
E003969,C005267,login,2025-07-30
E003970,C005111,consult,2026-01-31
E003971,C002907,login,2026-01-18
E003972,C002907,login,2025-07-02
E003973,C002907,login,2025-06-28
E003974,C001243,login,2026-03-02
E003975,C001243,login,2025-08-20
E003976,C001243,login,2025-11-12
E003977,C001243,consult,2026-02-18
E003978,C001750,consult,2026-02-07
E003979,C001750,login,2025-12-14
E003980,C001750,login,2025-11-11
E003981,C001750,login,2025-06-24
E003982,C001750,login,2026-01-22
E003983,C002173,complaint,2025-09-12
E003984,C006908,login,2025-09-01
E003985,C006908,login,2025-07-06
E003986,C006908,login,2025-10-14
E003987,C006908,login,2026-01-15
E003988,C000464,login,2025-11-07
E003989,C000464,login,2025-11-14
E003990,C000464,login,2025-08-06
E003991,C000464,login,2025-10-29
E003992,C000464,login,2025-07-06
E003993,C004433,login,2025-08-03
E003994,C004433,complaint,2025-08-06
E003995,C004433,login,2025-10-08
E003996,C004059,login,2025-08-22
E003997,C004059,login,2026-02-18
E003998,C004059,complaint,2026-02-21
E003999,C003909,login,2025-08-30
E004000,C003909,consult,2026-01-13
E004001,C003909,login,2025-09-20
E004002,C003909,consult,2025-09-28
E004003,C000453,login,2026-02-13
E004004,C005625,login,2025-09-20
E004005,C004474,login,2026-03-22
E004006,C004474,login,2025-06-18
E004007,C004474,login,2025-06-30
E004008,C003682,complaint,2026-01-28
E004009,C003682,login,2025-06-07
E004010,C003682,login,2025-12-01
E004011,C003682,consult,2025-12-26
E004012,C003682,login,2025-10-30
E004013,C004483,consult,2025-09-16
E004014,C004483,consult,2025-10-28
E004015,C004483,consult,2025-12-03
E004016,C004753,complaint,2025-06-01
E004017,C006021,login,2025-07-26
E004018,C006021,login,2025-09-16
E004019,C006021,login,2025-08-23
E004020,C006021,login,2025-08-06
E004021,C007295,login,2025-08-15
E004022,C007295,login,2025-07-15
E004023,C007295,login,2025-10-08
E004024,C007295,login,2026-01-12
E004025,C007295,login,2025-12-20
E004026,C001391,consult,2025-12-01
E004027,C004759,login,2025-12-29
E004028,C004759,consult,2025-09-20
E004029,C004759,login,2025-08-16
E004030,C004759,login,2025-06-30
E004031,C004759,login,2025-09-05
E004032,C003350,consult,2025-07-03
E004033,C003350,login,2025-06-05
E004034,C000665,complaint,2026-03-04
E004035,C007889,login,2025-11-28
E004036,C007889,login,2025-08-17
E004037,C005860,consult,2025-08-28
E004038,C005860,login,2025-08-11
E004039,C005860,login,2025-08-27
E004040,C007361,login,2025-08-02
E004041,C007361,login,2026-03-07
E004042,C007361,login,2025-11-12
E004043,C007027,consult,2026-01-16
E004044,C007027,consult,2025-07-26
E004045,C007027,login,2025-07-15
E004046,C007027,consult,2025-10-16
E004047,C007027,login,2026-02-15
E004048,C004001,login,2026-03-12
E004049,C001709,login,2025-06-09
E004050,C001709,consult,2026-01-17
E004051,C001709,login,2025-07-04
E004052,C001709,login,2025-11-14
E004053,C000406,login,2025-11-17
E004054,C000406,login,2025-06-04
E004055,C000406,login,2025-10-25
E004056,C000189,consult,2026-01-13
E004057,C000189,login,2025-10-25
E004058,C000189,login,2026-02-13
E004059,C000189,login,2025-08-02
E004060,C000189,consult,2025-09-19
E004061,C007885,consult,2025-10-23
E004062,C007885,login,2025-12-05
E004063,C007885,login,2025-06-14
E004064,C003718,consult,2025-10-27
E004065,C003718,consult,2026-01-10
E004066,C003718,login,2025-07-06
E004067,C003718,login,2025-11-22
E004068,C003718,login,2026-02-07
E004069,C006826,login,2025-06-13
E004070,C006826,login,2025-08-27
E004071,C006826,complaint,2026-01-03
E004072,C006826,login,2025-06-28
E004073,C006826,consult,2025-12-09
E004074,C003004,login,2025-06-22
E004075,C007982,login,2025-06-24
E004076,C007982,consult,2026-03-19
E004077,C007982,login,2026-01-26
E004078,C007982,complaint,2025-06-11
E004079,C007982,login,2025-08-30
E004080,C003899,login,2025-08-25
E004081,C003899,login,2025-09-11
E004082,C003899,login,2025-12-21
E004083,C003899,consult,2026-01-19
E004084,C002785,login,2025-06-01
E004085,C002785,login,2025-09-15
E004086,C000399,login,2025-12-14
E004087,C000399,login,2025-11-02
E004088,C000399,login,2025-11-08
E004089,C000399,login,2025-07-10
E004090,C000399,login,2026-03-12
E004091,C003764,consult,2025-10-15
E004092,C003764,login,2025-10-26
E004093,C003764,complaint,2026-03-15
E004094,C003764,consult,2025-06-16
E004095,C003764,consult,2025-09-30
E004096,C007071,consult,2025-12-25
E004097,C003601,login,2025-08-16
E004098,C003601,login,2025-08-03
E004099,C003601,login,2025-10-18
E004100,C000136,consult,2026-02-17
E004101,C000136,login,2025-06-24
E004102,C003613,login,2025-07-25
E004103,C004462,login,2025-09-18
E004104,C004462,login,2025-06-07
E004105,C004462,login,2026-01-27
E004106,C001885,complaint,2026-03-26
E004107,C003431,login,2025-08-09
E004108,C003431,consult,2025-12-21
E004109,C003431,login,2026-02-25
E004110,C003431,login,2025-10-31
E004111,C003431,consult,2025-12-30
E004112,C003364,login,2025-12-01
E004113,C006380,consult,2025-10-22
E004114,C006380,login,2026-02-09
E004115,C006380,login,2025-12-20
E004116,C003996,login,2025-10-17
E004117,C003996,login,2025-11-16
E004118,C003996,login,2025-11-18
E004119,C002135,login,2026-03-13
E004120,C002135,consult,2025-10-28
E004121,C002135,login,2025-09-14
E004122,C007303,login,2025-08-31
E004123,C007303,login,2025-09-20
E004124,C007303,login,2025-10-13
E004125,C007303,consult,2025-07-11
E004126,C007303,complaint,2026-03-02
E004127,C000890,login,2025-08-13
E004128,C004459,consult,2026-01-29
E004129,C004459,complaint,2025-12-30
E004130,C007302,login,2026-03-25
E004131,C005800,login,2025-08-14
E004132,C005800,login,2025-06-13
E004133,C005800,consult,2026-02-02
E004134,C004097,login,2025-08-04
E004135,C004097,consult,2025-08-02
E004136,C004097,login,2025-09-12
E004137,C004097,consult,2025-11-22
E004138,C004097,login,2025-10-08
E004139,C000808,complaint,2026-02-13
E004140,C000808,consult,2026-02-24
E004141,C000808,consult,2025-10-29
E004142,C000751,login,2026-01-08
E004143,C000751,login,2026-01-25
E004144,C000751,login,2026-03-13
E004145,C005909,login,2025-07-12
E004146,C005909,login,2025-10-08
E004147,C005909,login,2025-10-03
E004148,C005909,login,2025-12-27
E004149,C007250,complaint,2025-11-16
E004150,C007250,login,2025-12-05
E004151,C002451,complaint,2025-12-29
E004152,C004322,login,2025-06-12
E004153,C004322,login,2025-12-05
E004154,C004322,login,2025-12-03
E004155,C004322,login,2025-11-07
E004156,C007688,login,2026-03-15
E004157,C007688,login,2026-01-30
E004158,C007688,login,2026-03-19
E004159,C007688,login,2026-02-01
E004160,C002532,login,2025-11-30
E004161,C001584,complaint,2025-06-24
E004162,C001584,login,2026-02-16
E004163,C001584,consult,2025-08-14
E004164,C001584,login,2025-11-13
E004165,C007389,login,2026-02-10
E004166,C007389,login,2025-08-19
E004167,C000308,login,2025-09-03
E004168,C000308,login,2026-03-25
E004169,C000308,consult,2026-01-21
E004170,C000308,login,2025-09-22
E004171,C002169,login,2026-02-26
E004172,C004057,login,2025-12-30
E004173,C004057,complaint,2025-10-30
E004174,C003398,login,2025-08-30
E004175,C003398,login,2026-03-01
E004176,C007841,login,2025-11-13
E004177,C007841,consult,2025-07-10
E004178,C005661,complaint,2026-03-09
E004179,C005661,login,2025-07-09
E004180,C005661,consult,2025-06-30
E004181,C002014,login,2026-02-16
E004182,C002014,login,2025-07-09
E004183,C002014,login,2025-09-01
E004184,C007696,login,2026-01-15
E004185,C007696,login,2026-02-26
E004186,C007696,login,2025-09-28
E004187,C007696,login,2026-03-22
E004188,C007388,login,2025-07-12
E004189,C007388,login,2025-09-08
E004190,C007388,login,2025-11-14
E004191,C007388,consult,2025-08-02
E004192,C007388,login,2025-12-08
E004193,C006619,consult,2025-08-25
E004194,C001758,login,2025-10-21
E004195,C001758,complaint,2025-08-07
E004196,C001758,login,2025-09-18
E004197,C001758,complaint,2025-10-23
E004198,C001758,consult,2025-11-30
E004199,C006978,login,2025-07-26
E004200,C006978,consult,2025-08-27
E004201,C006978,complaint,2026-01-01
E004202,C003329,login,2025-12-15
E004203,C003329,login,2026-03-17
E004204,C003329,login,2025-07-12
E004205,C003329,complaint,2026-01-25
E004206,C003329,complaint,2026-01-09
E004207,C001241,complaint,2026-01-01
E004208,C001241,consult,2025-11-29
E004209,C001241,login,2025-08-12
E004210,C002272,login,2025-09-09
E004211,C002272,consult,2025-12-11
E004212,C002312,login,2025-12-02
E004213,C002312,login,2025-10-08
E004214,C002312,complaint,2025-09-20
E004215,C002312,login,2026-01-19
E004216,C000980,login,2026-01-27
E004217,C000980,login,2025-11-21
E004218,C000980,login,2025-09-15
E004219,C004225,consult,2025-08-20
E004220,C000729,complaint,2026-03-02
E004221,C003953,complaint,2026-03-24
E004222,C003953,consult,2025-09-30
E004223,C006711,login,2025-07-23
E004224,C004285,complaint,2025-12-02
E004225,C004285,complaint,2025-06-29
E004226,C003287,consult,2025-09-12
E004227,C003287,consult,2026-03-27
E004228,C003287,login,2025-06-27
E004229,C003287,login,2025-09-07
E004230,C006665,login,2026-03-09
E004231,C006665,complaint,2025-09-07
E004232,C006665,login,2026-03-06
E004233,C006665,login,2025-11-05
E004234,C002016,login,2025-08-13
E004235,C002016,login,2026-01-06
E004236,C002016,login,2026-03-17
E004237,C002016,consult,2025-08-16
E004238,C005476,login,2026-03-09
E004239,C005476,login,2025-06-26
E004240,C005476,complaint,2026-01-05
E004241,C002200,consult,2026-03-05
E004242,C002200,login,2026-01-02
E004243,C002200,login,2025-06-05
E004244,C002200,login,2025-11-26
E004245,C002200,login,2025-10-31
E004246,C000090,login,2026-03-21
E004247,C000090,consult,2025-12-23
E004248,C000090,login,2026-02-26
E004249,C000090,login,2026-03-13
E004250,C002001,consult,2026-03-10
E004251,C003410,login,2026-03-04
E004252,C007755,login,2025-09-18
E004253,C007755,login,2026-03-19
E004254,C007755,login,2025-10-20
E004255,C007135,login,2025-06-10
E004256,C003842,login,2025-08-04
E004257,C003842,login,2025-06-18
E004258,C003842,complaint,2025-11-06
E004259,C003842,login,2025-06-04
E004260,C006405,consult,2025-12-23
E004261,C006405,login,2025-08-30
E004262,C006405,login,2025-09-18
E004263,C006405,login,2025-07-15
E004264,C006405,login,2026-03-11
E004265,C001996,login,2025-12-16
E004266,C001996,consult,2025-07-08
E004267,C001996,login,2025-07-10
E004268,C002821,consult,2025-12-01
E004269,C002821,complaint,2026-02-08
E004270,C002821,login,2025-12-21
E004271,C002821,login,2025-07-30
E004272,C002821,consult,2025-10-21
E004273,C005212,login,2026-03-14
E004274,C005212,login,2026-02-03
E004275,C005212,login,2026-01-17
E004276,C005212,login,2025-06-20
E004277,C005212,complaint,2025-08-12
E004278,C000505,login,2026-02-02
E004279,C000505,login,2025-11-01
E004280,C000505,login,2025-11-25
E004281,C000505,login,2025-12-29
E004282,C000505,login,2025-12-26
E004283,C002254,login,2025-06-26
E004284,C002254,complaint,2025-09-05
E004285,C002254,login,2026-01-12
E004286,C002254,login,2025-11-16
E004287,C002254,consult,2025-08-11
E004288,C006264,login,2025-06-19
E004289,C006264,complaint,2025-10-05
E004290,C006264,complaint,2025-10-14
E004291,C006264,consult,2026-02-15
E004292,C000086,login,2025-11-03
E004293,C000086,login,2025-07-22
E004294,C000086,login,2026-03-06
E004295,C000086,login,2026-01-04
E004296,C005685,login,2025-11-26
E004297,C005685,login,2026-01-18
E004298,C002552,login,2026-01-01
E004299,C002552,login,2025-07-04
E004300,C002552,consult,2025-06-22
E004301,C002552,login,2025-06-06
E004302,C005391,login,2025-12-18
E004303,C005391,login,2025-11-21
E004304,C001431,login,2025-07-29
E004305,C001431,login,2025-08-22
E004306,C001431,complaint,2026-01-27
E004307,C001431,login,2025-10-09
E004308,C004955,login,2025-10-11
E004309,C004955,login,2025-06-28
E004310,C004955,login,2025-07-17
E004311,C002924,consult,2026-03-22
E004312,C002924,consult,2025-09-24
E004313,C002924,login,2025-08-13
E004314,C001590,login,2025-07-13
E004315,C003606,login,2026-01-07
E004316,C003606,consult,2025-09-08
E004317,C003606,login,2026-01-07
E004318,C003606,consult,2026-03-04
E004319,C003606,complaint,2025-08-22
E004320,C006373,login,2025-09-26
E004321,C006373,consult,2026-02-22
E004322,C006373,consult,2026-02-13
E004323,C001715,consult,2025-09-26
E004324,C001715,consult,2025-08-25
E004325,C001715,login,2025-10-10
E004326,C001715,login,2025-11-14
E004327,C000509,consult,2025-07-27
E004328,C000509,login,2025-06-13
E004329,C000509,login,2025-06-25
E004330,C000509,login,2025-07-13
E004331,C000509,login,2026-03-13
E004332,C000315,login,2025-09-12
E004333,C000315,login,2025-12-03
E004334,C002334,consult,2025-08-03
E004335,C002334,login,2025-12-19
E004336,C001731,login,2025-06-26
E004337,C000653,login,2025-08-15
E004338,C000653,complaint,2026-01-09
E004339,C000653,login,2025-08-10
E004340,C000653,login,2025-06-09
E004341,C000653,login,2025-08-08
E004342,C005791,login,2026-03-09
E004343,C005791,login,2026-02-15
E004344,C007625,login,2026-02-18
E004345,C007625,login,2026-03-20
E004346,C007625,consult,2025-06-08
E004347,C004297,login,2025-12-28
E004348,C004297,login,2025-11-08
E004349,C004297,consult,2025-10-10
E004350,C002886,consult,2025-06-02
E004351,C002886,consult,2025-09-20
E004352,C000334,login,2025-12-24
E004353,C000334,login,2025-09-05
E004354,C000334,consult,2025-11-19
E004355,C000334,login,2025-11-11
E004356,C000334,consult,2025-11-18
E004357,C006996,login,2025-12-06
E004358,C006996,consult,2025-12-12
E004359,C006996,login,2025-09-29
E004360,C006996,complaint,2025-08-05
E004361,C004966,consult,2025-12-31
E004362,C004966,login,2025-07-28
E004363,C004966,login,2026-03-03
E004364,C006365,login,2025-11-15
E004365,C006365,login,2025-12-12
E004366,C006365,complaint,2025-11-06
E004367,C002269,complaint,2025-09-26
E004368,C002269,login,2025-09-29
E004369,C002554,login,2025-09-22
E004370,C002554,login,2025-09-19
E004371,C003397,login,2026-02-07
E004372,C005977,login,2025-07-08
E004373,C005977,login,2026-01-01
E004374,C007522,login,2026-01-27
E004375,C007522,consult,2025-06-27
E004376,C007522,login,2025-12-04
E004377,C007522,login,2025-10-18
E004378,C003031,consult,2025-08-24
E004379,C003031,login,2025-06-17
E004380,C003031,consult,2025-11-10
E004381,C003031,consult,2025-10-03
E004382,C003031,complaint,2025-08-25
E004383,C006258,login,2025-11-28
E004384,C006258,login,2026-03-04
E004385,C001183,consult,2026-02-05
E004386,C001183,login,2026-03-06
E004387,C001183,consult,2025-12-18
E004388,C002586,complaint,2026-01-27
E004389,C002586,consult,2025-06-23
E004390,C002586,complaint,2025-09-07
E004391,C003030,login,2026-03-18
E004392,C003030,login,2025-12-16
E004393,C003030,login,2025-07-03
E004394,C000684,login,2026-03-14
E004395,C000684,login,2026-03-01
E004396,C000957,login,2026-02-19
E004397,C007023,complaint,2025-09-02
E004398,C007023,login,2025-11-29
E004399,C007023,consult,2025-09-21
E004400,C007023,login,2025-08-10
E004401,C002910,login,2025-10-17
E004402,C002910,complaint,2025-06-06
E004403,C002910,login,2025-10-08
E004404,C002910,login,2026-02-25
E004405,C004315,login,2025-07-20
E004406,C004315,login,2026-02-26
E004407,C004315,login,2025-06-23
E004408,C004315,login,2026-01-11
E004409,C004315,login,2025-12-17
E004410,C002250,login,2025-08-27
E004411,C002250,login,2025-07-13
E004412,C002250,login,2026-02-04
E004413,C006880,login,2025-06-27
E004414,C006880,login,2026-03-02
E004415,C003158,login,2026-01-27
E004416,C003158,login,2026-02-13
E004417,C000640,consult,2025-12-12
E004418,C000640,login,2025-11-05
E004419,C000306,consult,2025-07-15
E004420,C000306,login,2025-10-09
E004421,C001767,complaint,2025-06-03
E004422,C004338,consult,2026-02-04
E004423,C005469,login,2025-08-16
E004424,C001327,consult,2025-11-25
E004425,C001327,consult,2026-01-08
E004426,C001327,consult,2025-09-06
E004427,C001327,login,2026-02-01
E004428,C001327,login,2025-07-24
E004429,C002186,login,2025-11-22
E004430,C002186,login,2025-11-18
E004431,C002186,login,2025-06-07
E004432,C002186,consult,2026-01-01
E004433,C004478,login,2026-02-21
E004434,C004478,complaint,2025-06-29
E004435,C004478,login,2025-12-18
E004436,C004478,login,2025-06-24
E004437,C004478,login,2025-08-13
E004438,C000232,login,2026-03-08
E004439,C000232,complaint,2025-11-27
E004440,C000232,login,2026-03-15
E004441,C000232,login,2025-09-03
E004442,C002934,login,2025-12-01
E004443,C002934,login,2025-06-30
E004444,C002934,consult,2025-06-06
E004445,C004697,login,2025-07-28
E004446,C004697,login,2025-06-05
E004447,C000180,complaint,2025-10-28
E004448,C001986,complaint,2026-02-24
E004449,C001986,login,2026-02-01
E004450,C001986,login,2026-01-17
E004451,C001986,login,2025-10-07
E004452,C004920,complaint,2025-11-11
E004453,C004920,login,2025-09-08
E004454,C004920,login,2026-03-04
E004455,C001648,complaint,2025-06-26
E004456,C001648,login,2026-01-03
E004457,C001648,login,2026-03-18
E004458,C001306,login,2026-02-12
E004459,C001306,login,2025-09-02
E004460,C001306,consult,2026-01-14
E004461,C001306,login,2025-11-26
E004462,C006254,login,2025-12-18
E004463,C000962,login,2025-09-01
E004464,C004870,consult,2025-11-02
E004465,C004870,login,2025-10-18
E004466,C004870,login,2026-03-24
E004467,C004870,login,2025-07-15
E004468,C004870,login,2025-08-14
E004469,C001122,login,2025-07-05
E004470,C001122,complaint,2025-11-10
E004471,C006334,login,2026-03-04
E004472,C006334,login,2025-07-23
E004473,C003412,login,2025-09-14
E004474,C003412,consult,2025-08-13
E004475,C003412,login,2026-01-07
E004476,C001035,login,2026-01-14
E004477,C001035,consult,2026-02-25
E004478,C001035,login,2026-03-16
E004479,C001035,login,2026-01-04
E004480,C004709,login,2025-08-21
E004481,C004709,login,2025-08-11
E004482,C000359,login,2025-09-03
E004483,C000359,complaint,2026-02-11
E004484,C000359,login,2026-01-19
E004485,C001788,consult,2026-01-11
E004486,C001788,login,2025-08-06
E004487,C001788,login,2025-08-31
E004488,C001788,login,2025-06-18
E004489,C001282,login,2025-07-08
E004490,C001602,consult,2025-08-29
E004491,C001602,complaint,2025-08-16
E004492,C001602,login,2025-08-18
E004493,C001342,login,2025-08-13
E004494,C001342,login,2025-12-16
E004495,C007487,login,2026-01-30
E004496,C007487,complaint,2026-01-14
E004497,C007487,login,2025-08-15
E004498,C007487,login,2025-11-23
E004499,C007487,login,2026-03-01
E004500,C002722,login,2026-03-07
E004501,C001545,consult,2025-08-25
E004502,C007636,consult,2026-03-09
E004503,C007636,login,2025-08-11
E004504,C000384,consult,2025-07-15
E004505,C003632,login,2026-01-14
E004506,C003632,consult,2025-10-31
E004507,C003632,login,2026-01-24
E004508,C003632,login,2026-03-04
E004509,C002568,login,2025-06-17
E004510,C002568,consult,2025-06-07
E004511,C002568,consult,2025-06-26
E004512,C002568,login,2025-06-26
E004513,C002259,login,2025-07-29
E004514,C003115,login,2025-08-27
E004515,C003115,login,2025-07-28
E004516,C003115,login,2025-08-25
E004517,C003115,login,2025-09-07
E004518,C002763,login,2026-01-26
E004519,C002763,login,2025-06-09
E004520,C002763,consult,2026-01-05
E004521,C005855,login,2026-03-06
E004522,C005855,login,2025-11-07
E004523,C002758,login,2025-11-25
E004524,C002758,login,2025-07-08
E004525,C002758,login,2025-07-15
E004526,C004504,login,2025-08-04
E004527,C004504,login,2025-11-27
E004528,C005592,consult,2026-01-08
E004529,C005592,consult,2026-02-26
E004530,C005592,login,2025-11-05
E004531,C004127,login,2026-02-24
E004532,C004127,login,2025-09-22
E004533,C004127,consult,2025-08-05
E004534,C005250,login,2025-10-29
E004535,C005250,login,2026-02-15
E004536,C005213,login,2025-11-16
E004537,C005213,login,2025-06-07
E004538,C004082,login,2025-09-17
E004539,C004082,consult,2025-11-21
E004540,C003855,login,2026-03-27
E004541,C003855,login,2025-09-20
E004542,C003855,login,2025-12-29
E004543,C005110,login,2026-02-16
E004544,C005110,login,2025-06-02
E004545,C005110,login,2026-02-28
E004546,C006946,consult,2025-08-06
E004547,C006946,login,2026-03-09
E004548,C002262,login,2025-08-06
E004549,C003339,login,2025-08-05
E004550,C003339,login,2026-01-23
E004551,C003339,consult,2025-12-29
E004552,C002408,login,2025-06-08
E004553,C002408,login,2026-02-14
E004554,C002408,login,2025-09-02
E004555,C002408,complaint,2025-07-22
E004556,C002408,login,2025-12-27
E004557,C001366,login,2025-06-06
E004558,C001366,login,2026-02-02
E004559,C001366,login,2025-07-02
E004560,C001366,complaint,2025-06-21
E004561,C000733,consult,2025-06-05
E004562,C006187,login,2025-07-08
E004563,C006187,login,2025-12-15
E004564,C006187,login,2025-11-09
E004565,C006187,consult,2025-09-11
E004566,C006187,consult,2025-08-16
E004567,C005144,login,2026-02-18
E004568,C005144,complaint,2025-11-12
E004569,C005144,login,2025-12-11
E004570,C005144,login,2026-01-02
E004571,C005144,consult,2025-08-26
E004572,C005063,login,2026-01-31
E004573,C005880,login,2025-08-03
E004574,C005880,login,2025-08-18
E004575,C005880,login,2025-12-07
E004576,C005880,login,2025-12-17
E004577,C003420,login,2025-10-14
E004578,C003420,login,2026-02-01
E004579,C003420,login,2026-01-30
E004580,C007915,login,2025-09-02
E004581,C007915,complaint,2025-09-16
E004582,C007915,login,2025-06-16
E004583,C000757,consult,2026-03-14
E004584,C000757,consult,2026-03-03
E004585,C000757,login,2025-06-19
E004586,C000757,login,2025-06-17
E004587,C001060,login,2026-01-17
E004588,C001060,login,2026-03-06
E004589,C001060,login,2025-07-18
E004590,C001060,consult,2025-08-22
E004591,C004398,login,2025-08-16
E004592,C004398,login,2025-09-10
E004593,C005046,consult,2025-11-27
E004594,C005528,login,2025-09-02
E004595,C005528,login,2025-11-15
E004596,C005528,login,2026-01-10
E004597,C005528,login,2025-08-28
E004598,C003847,complaint,2025-06-10
E004599,C004316,consult,2025-08-26
E004600,C004316,login,2026-03-27
E004601,C007907,login,2025-08-30
E004602,C001948,login,2026-02-28
E004603,C001948,consult,2025-06-28
E004604,C001948,login,2025-09-27
E004605,C001948,login,2025-06-14
E004606,C001615,login,2025-10-31
E004607,C001615,consult,2025-12-13
E004608,C001615,login,2026-03-26
E004609,C001407,login,2026-01-07
E004610,C001407,consult,2026-01-05
E004611,C001407,login,2026-02-27
E004612,C002271,login,2026-03-22
E004613,C002271,login,2025-11-21
E004614,C002271,login,2026-01-15
E004615,C002271,login,2026-02-14
E004616,C002095,login,2026-02-02
E004617,C004460,login,2025-09-06
E004618,C004460,login,2026-02-18
E004619,C004460,login,2025-07-15
E004620,C004460,login,2026-03-20
E004621,C004460,login,2025-06-05
E004622,C001815,consult,2025-12-22
E004623,C001815,login,2026-02-20
E004624,C001815,complaint,2025-11-11
E004625,C001527,login,2025-06-28
E004626,C001527,login,2026-01-03
E004627,C003867,complaint,2026-03-09
E004628,C003867,consult,2025-12-14
E004629,C003867,consult,2026-01-21
E004630,C003867,login,2025-12-06
E004631,C005983,login,2026-01-01
E004632,C005983,login,2025-06-16
E004633,C005983,complaint,2025-12-22
E004634,C005983,consult,2025-08-01
E004635,C004475,consult,2025-07-15
E004636,C004475,login,2025-11-05
E004637,C003692,login,2025-12-05
E004638,C003692,login,2026-02-14
E004639,C003692,complaint,2026-01-07
E004640,C003692,login,2026-02-26
E004641,C002520,login,2025-12-14
E004642,C005371,login,2025-10-18
E004643,C005371,login,2026-01-04
E004644,C005371,login,2025-06-12
E004645,C006549,login,2026-03-10
E004646,C006549,consult,2026-03-17
E004647,C001356,login,2025-11-10
E004648,C001356,complaint,2025-12-02
E004649,C001356,consult,2025-09-03
E004650,C001356,login,2026-01-03
E004651,C001356,login,2025-08-26
E004652,C001068,complaint,2025-10-01
E004653,C004906,login,2026-03-08
E004654,C004906,consult,2025-07-28
E004655,C007586,login,2025-08-05
E004656,C007586,login,2025-07-18
E004657,C006036,login,2025-10-20
E004658,C006036,complaint,2025-10-06
E004659,C006036,consult,2026-03-23
E004660,C006036,consult,2025-06-23
E004661,C006036,login,2025-07-07
E004662,C003740,login,2025-12-30
E004663,C003740,login,2025-06-22
E004664,C003740,login,2025-08-01
E004665,C003740,consult,2025-06-05
E004666,C003740,login,2025-08-23
E004667,C002839,login,2026-03-12
E004668,C002839,login,2026-02-05
E004669,C002839,consult,2025-09-30
E004670,C000761,login,2026-03-25
E004671,C000761,login,2026-01-07
E004672,C000761,login,2025-09-20
E004673,C004779,login,2025-08-07
E004674,C004779,login,2025-08-04
E004675,C004779,login,2026-03-19
E004676,C004779,consult,2025-10-06
E004677,C001770,login,2025-11-04
E004678,C001770,login,2025-08-19
E004679,C001770,consult,2025-07-31
E004680,C001770,login,2025-09-28
E004681,C000979,login,2025-11-07
E004682,C005148,complaint,2026-01-30
E004683,C005148,login,2025-08-28
E004684,C005148,login,2026-01-23
E004685,C005148,complaint,2025-11-14
E004686,C005148,complaint,2025-09-16
E004687,C007289,login,2025-07-04
E004688,C007289,login,2025-06-18
E004689,C007289,login,2025-06-18
E004690,C007861,consult,2025-08-31
E004691,C007861,login,2025-09-26
E004692,C007861,login,2025-06-21
E004693,C001410,login,2025-08-23
E004694,C001410,login,2025-08-16
E004695,C001410,login,2025-09-05
E004696,C001410,login,2025-06-19
E004697,C007494,login,2026-03-23
E004698,C007494,login,2025-12-06
E004699,C005090,login,2025-08-07
E004700,C004561,consult,2026-01-18
E004701,C006805,login,2025-11-10
E004702,C006805,login,2026-03-19
E004703,C006805,login,2026-02-09
E004704,C006805,login,2025-10-23
E004705,C006805,login,2025-10-07
E004706,C001555,login,2025-08-19
E004707,C001555,login,2025-09-24
E004708,C001555,login,2025-08-17
E004709,C001555,consult,2025-07-05
E004710,C006961,complaint,2025-06-28
E004711,C006961,login,2025-06-27
E004712,C006961,login,2026-01-06
E004713,C006112,login,2025-11-23
E004714,C002497,consult,2025-12-28
E004715,C003177,login,2026-01-28
E004716,C003177,login,2025-08-17
E004717,C003177,login,2025-10-22
E004718,C007405,login,2025-06-21
E004719,C007405,complaint,2026-03-19
E004720,C007405,complaint,2025-11-18
E004721,C007405,login,2026-02-13
E004722,C007405,consult,2025-07-17
E004723,C002102,login,2025-12-21
E004724,C002102,login,2026-03-26
E004725,C000705,consult,2025-08-31
E004726,C006862,login,2026-01-26
E004727,C002548,login,2026-02-02
E004728,C002548,login,2026-03-15
E004729,C002548,login,2026-02-19
E004730,C002548,login,2025-07-13
E004731,C007236,login,2025-12-13
E004732,C007236,login,2026-03-10
E004733,C007236,login,2025-10-08
E004734,C007236,consult,2025-09-02
E004735,C007236,login,2026-01-31
E004736,C005965,complaint,2025-09-29
E004737,C005965,consult,2025-10-11
E004738,C005965,login,2026-03-09
E004739,C005965,consult,2025-10-05
E004740,C005965,login,2025-06-11
E004741,C004641,login,2025-10-13
E004742,C004641,login,2026-03-14
E004743,C006050,login,2025-09-04
E004744,C006050,login,2025-07-21
E004745,C006050,login,2025-08-25
E004746,C006050,login,2025-09-06
E004747,C007706,login,2026-02-13
E004748,C007706,consult,2025-11-22
E004749,C007706,login,2025-09-22
E004750,C007706,login,2025-12-30
E004751,C006600,login,2025-09-02
E004752,C006600,complaint,2025-12-06
E004753,C003491,consult,2025-07-26
E004754,C003491,consult,2025-12-27
E004755,C003491,login,2025-09-27
E004756,C006927,login,2025-08-26
E004757,C006927,login,2025-09-02
E004758,C006927,login,2025-11-19
E004759,C006927,login,2025-10-14
E004760,C006927,complaint,2025-09-12
E004761,C005585,login,2025-11-27
E004762,C005585,login,2025-07-11
E004763,C002659,consult,2026-03-01
E004764,C002659,login,2025-12-14
E004765,C004412,login,2025-10-31
E004766,C004412,login,2026-02-21
E004767,C004412,login,2025-08-24
E004768,C004412,login,2026-01-31
E004769,C007457,consult,2025-07-16
E004770,C007457,login,2026-01-20
E004771,C007457,login,2026-01-30
E004772,C007478,login,2025-11-23
E004773,C002092,login,2026-01-20
E004774,C001985,consult,2025-08-12
E004775,C001985,login,2025-06-03
E004776,C001985,consult,2026-02-11
E004777,C003388,login,2025-09-08
E004778,C003388,consult,2025-10-21
E004779,C003388,complaint,2025-09-17
E004780,C003388,login,2025-09-08
E004781,C001708,login,2026-03-11
E004782,C001708,consult,2025-06-19
E004783,C001708,login,2025-06-20
E004784,C001708,login,2026-01-21
E004785,C001708,login,2025-06-30
E004786,C004321,login,2025-11-21
E004787,C004321,complaint,2025-06-06
E004788,C004321,login,2026-03-03
E004789,C004321,login,2025-11-26
E004790,C007254,login,2025-09-16
E004791,C007254,login,2025-10-27
E004792,C007254,login,2025-11-03
E004793,C007254,login,2025-12-03
E004794,C006443,consult,2025-10-16
E004795,C006443,login,2026-02-13
E004796,C006443,login,2025-10-22
E004797,C006443,login,2025-07-05
E004798,C006443,complaint,2026-03-16
E004799,C000695,consult,2025-08-13
E004800,C000695,login,2025-08-03
E004801,C007245,login,2025-06-16
E004802,C007245,login,2026-03-17
E004803,C007245,login,2025-11-22
E004804,C007245,login,2025-07-07
E004805,C007245,login,2025-06-26
E004806,C003680,login,2025-09-17
E004807,C004888,complaint,2025-11-12
E004808,C004888,login,2025-10-27
E004809,C004888,login,2025-06-14
E004810,C004888,consult,2025-07-13
E004811,C004888,login,2025-12-03
E004812,C005768,login,2026-02-06
E004813,C005768,complaint,2026-02-14
E004814,C005768,complaint,2025-12-07
E004815,C005768,login,2025-09-09
E004816,C005768,login,2026-02-03
E004817,C003009,complaint,2025-08-11
E004818,C004461,login,2025-10-24
E004819,C004461,consult,2026-01-25
E004820,C004461,login,2025-10-10
E004821,C004461,consult,2025-12-03
E004822,C001077,login,2025-08-10
E004823,C001077,consult,2026-02-16
E004824,C003228,login,2025-08-06
E004825,C003228,login,2025-09-14
E004826,C003228,login,2025-10-27
E004827,C003228,complaint,2025-08-11
E004828,C003228,login,2025-08-25
E004829,C000530,login,2025-07-06
E004830,C000530,login,2025-09-10
E004831,C007209,login,2025-08-07
E004832,C002435,login,2025-12-29
E004833,C002435,consult,2026-02-04
E004834,C002435,login,2026-03-23
E004835,C002435,login,2025-09-15
E004836,C004734,login,2025-10-11
E004837,C004734,login,2026-03-21
E004838,C002589,login,2025-11-25
E004839,C003357,login,2025-12-06
E004840,C003357,login,2026-02-14
E004841,C003357,login,2025-11-24
E004842,C003357,login,2025-09-22
E004843,C003357,login,2026-01-24
E004844,C002949,login,2025-08-08
E004845,C002949,login,2026-02-21
E004846,C002949,consult,2025-11-04
E004847,C002949,login,2025-11-08
E004848,C002131,login,2025-07-24
E004849,C002131,login,2025-10-06
E004850,C002131,login,2026-03-19
E004851,C005646,login,2025-11-05
E004852,C005646,login,2025-06-09
E004853,C005646,login,2025-10-18
E004854,C005444,consult,2025-07-07
E004855,C005444,consult,2025-11-22
E004856,C005444,consult,2025-06-05
E004857,C005444,complaint,2025-10-05
E004858,C000526,login,2025-10-25
E004859,C000526,login,2025-07-25
E004860,C000526,login,2025-07-01
E004861,C000526,login,2025-09-01
E004862,C005534,login,2025-06-07
E004863,C005534,login,2025-08-20
E004864,C005534,login,2025-07-26
E004865,C005534,login,2025-06-07
E004866,C005534,login,2026-03-12
E004867,C006992,login,2026-01-11
E004868,C007025,login,2026-03-21
E004869,C007025,complaint,2025-07-11
E004870,C007025,consult,2026-02-15
E004871,C007025,complaint,2026-02-04
E004872,C007025,complaint,2026-02-16
E004873,C006285,login,2025-10-27
E004874,C006285,login,2025-09-12
E004875,C006154,login,2026-02-22
E004876,C006154,login,2026-02-18
E004877,C006154,login,2025-12-28
E004878,C004277,login,2026-03-27
E004879,C002209,consult,2025-12-29
E004880,C003610,login,2025-09-13
E004881,C003610,login,2025-07-17
E004882,C003610,consult,2025-10-08
E004883,C003610,login,2025-11-25
E004884,C003390,login,2026-02-23
E004885,C003390,login,2025-09-05
E004886,C001754,login,2025-09-17
E004887,C001754,login,2025-12-27
E004888,C001754,login,2025-06-19
E004889,C001754,login,2025-06-12
E004890,C005744,login,2025-09-10
E004891,C005744,login,2025-07-01
E004892,C005988,complaint,2026-02-07
E004893,C005988,login,2026-01-17
E004894,C005988,consult,2026-01-22
E004895,C005988,login,2026-01-03
E004896,C005988,login,2026-02-16
E004897,C001593,consult,2025-06-09
E004898,C002012,login,2025-06-17
E004899,C002012,consult,2026-01-01
E004900,C002012,login,2025-08-28
E004901,C002012,login,2025-06-26
E004902,C002012,login,2025-10-06
E004903,C000020,login,2026-03-26
E004904,C000020,login,2025-10-13
E004905,C005076,login,2025-07-18
E004906,C001429,complaint,2026-01-23
E004907,C001429,consult,2025-10-11
E004908,C004549,login,2025-06-22
E004909,C004549,login,2026-01-05
E004910,C004549,login,2025-07-12
E004911,C004549,login,2026-03-20
E004912,C006670,login,2026-01-28
E004913,C006670,login,2025-12-09
E004914,C006670,login,2026-02-27
E004915,C006670,login,2025-09-11
E004916,C006670,login,2026-03-06
E004917,C005357,login,2025-08-14
E004918,C005357,login,2026-01-25
E004919,C005357,login,2026-01-15
E004920,C005357,login,2025-07-14
E004921,C005588,consult,2025-09-30
E004922,C005588,complaint,2025-06-11
E004923,C005588,consult,2026-03-18
E004924,C005588,login,2025-11-22
E004925,C005588,login,2025-12-12
E004926,C007742,login,2025-07-03
E004927,C007742,login,2026-03-04
E004928,C007742,login,2025-07-04
E004929,C007742,login,2026-02-10
E004930,C005615,login,2025-10-09
E004931,C005615,login,2025-09-18
E004932,C005615,login,2025-12-26
E004933,C001170,login,2026-02-05
E004934,C001170,consult,2026-02-10
E004935,C001170,login,2025-12-09
E004936,C004882,login,2025-09-22
E004937,C006714,login,2025-08-15
E004938,C003178,login,2026-01-13
E004939,C003178,login,2025-08-31
E004940,C002041,login,2025-06-10
E004941,C002041,consult,2025-08-28
E004942,C001681,login,2026-02-14
E004943,C001681,login,2026-01-15
E004944,C001681,login,2026-02-22
E004945,C001681,login,2026-02-18
E004946,C001681,login,2025-10-24
E004947,C002141,login,2025-12-10
E004948,C002141,consult,2025-10-02
E004949,C006912,consult,2025-09-21
E004950,C006912,complaint,2025-11-28
E004951,C002191,consult,2025-11-14
E004952,C002191,login,2025-11-26
E004953,C002191,login,2025-06-12
E004954,C006313,consult,2025-08-13
E004955,C003356,login,2025-08-19
E004956,C003356,login,2025-06-15
E004957,C000948,login,2025-07-06
E004958,C001929,login,2025-07-14
E004959,C001929,complaint,2025-06-11
E004960,C007483,login,2025-07-13
E004961,C007483,login,2026-01-06
E004962,C007483,login,2025-10-01
E004963,C007483,login,2025-06-13
E004964,C005331,login,2026-03-15
E004965,C006979,login,2026-03-14
E004966,C006979,login,2025-09-02
E004967,C006979,login,2025-06-08
E004968,C006979,login,2025-09-17
E004969,C006979,login,2026-02-21
E004970,C007446,login,2025-08-27
E004971,C007446,login,2025-08-18
E004972,C005237,login,2026-02-08
E004973,C005237,consult,2025-10-16
E004974,C005237,login,2025-12-12
E004975,C005237,complaint,2025-07-25
E004976,C005237,login,2026-01-21
E004977,C002220,login,2025-11-25
E004978,C002220,login,2025-12-08
E004979,C002220,login,2025-10-05
E004980,C002220,complaint,2025-10-09
E004981,C002220,login,2026-02-21
E004982,C002093,login,2025-06-09
E004983,C002093,login,2025-12-12
E004984,C002093,login,2025-12-12
E004985,C002093,login,2026-03-21
E004986,C000905,login,2025-08-09
E004987,C000905,complaint,2026-01-02
E004988,C000905,login,2025-06-29
E004989,C000905,complaint,2026-02-04
E004990,C000084,login,2025-06-30
E004991,C002574,complaint,2025-10-28
E004992,C002574,login,2025-07-02
E004993,C002574,login,2025-08-07
E004994,C002574,login,2026-01-15
E004995,C005633,consult,2025-12-05
E004996,C004586,complaint,2025-10-15
E004997,C004586,complaint,2025-08-24
E004998,C004586,login,2026-02-15
E004999,C004586,login,2025-08-06
E005000,C004586,consult,2025-06-10
E005001,C004643,login,2025-06-30
E005002,C004643,login,2025-09-06
E005003,C002769,login,2025-07-26
E005004,C002769,login,2025-11-14
E005005,C004658,login,2025-11-11
E005006,C004658,login,2025-08-04
E005007,C002414,login,2025-08-17
E005008,C007344,login,2026-02-23
E005009,C001524,login,2025-08-31
E005010,C005446,consult,2026-02-25
E005011,C005446,login,2025-09-28
E005012,C005446,login,2025-06-04
E005013,C005446,login,2025-07-07
E005014,C005446,login,2025-08-02
E005015,C001389,login,2026-03-02
E005016,C001389,consult,2025-12-18
E005017,C001389,consult,2025-07-08
E005018,C001024,login,2026-01-15
E005019,C001024,consult,2025-10-01
E005020,C001024,consult,2025-12-31
E005021,C001024,login,2025-07-07
E005022,C001626,login,2026-01-09
E005023,C007266,complaint,2025-12-16
E005024,C007266,login,2025-09-01
E005025,C003417,login,2025-10-03
E005026,C001147,login,2025-08-06
E005027,C001147,login,2025-09-03
E005028,C001147,login,2025-10-21
E005029,C001147,consult,2025-12-10
E005030,C000679,login,2026-01-27
E005031,C004971,login,2025-08-09
E005032,C005134,consult,2025-11-23
E005033,C005134,login,2026-01-08
E005034,C007917,login,2026-03-13
E005035,C007917,login,2025-12-11
E005036,C007917,login,2025-09-25
E005037,C007917,login,2025-11-19
E005038,C007917,login,2025-12-12
E005039,C007984,login,2025-08-04
E005040,C004755,consult,2025-09-06
E005041,C004755,consult,2025-06-15
E005042,C004755,login,2025-09-08
E005043,C004755,login,2026-03-10
E005044,C004755,complaint,2025-07-15
E005045,C002626,login,2026-01-15
E005046,C002626,login,2025-08-18
E005047,C003595,consult,2026-02-23
E005048,C003595,login,2026-03-26
E005049,C001669,login,2025-07-23
E005050,C007390,login,2025-11-17
E005051,C007390,complaint,2025-08-18
E005052,C007390,login,2025-08-29
E005053,C002245,login,2025-12-09
E005054,C002245,login,2025-11-11
E005055,C003146,login,2025-07-17
E005056,C003146,login,2025-06-11
E005057,C003146,consult,2025-06-29
E005058,C003146,consult,2025-12-21
E005059,C001515,login,2025-10-26
E005060,C001515,consult,2025-06-23
E005061,C001515,login,2026-03-07
E005062,C001515,login,2026-01-15
E005063,C007159,login,2025-12-15
E005064,C000378,login,2026-02-06
E005065,C000378,login,2025-10-05
E005066,C000378,consult,2025-08-14
E005067,C000378,consult,2026-01-31
E005068,C000378,login,2026-01-06
E005069,C001556,login,2025-07-05
E005070,C001556,login,2025-10-20
E005071,C001556,login,2026-02-06
E005072,C001556,login,2026-03-09
E005073,C006322,consult,2025-06-09
E005074,C002346,login,2025-12-17
E005075,C002346,login,2025-07-16
E005076,C002346,login,2026-01-17
E005077,C002346,login,2026-01-03
E005078,C004157,consult,2025-08-21
E005079,C004157,login,2026-02-08
E005080,C004157,consult,2026-03-09
E005081,C004157,consult,2025-12-31
E005082,C006263,login,2025-08-22
E005083,C006263,complaint,2025-10-24
E005084,C006263,consult,2026-01-06
E005085,C006263,login,2025-08-25
E005086,C006263,login,2025-09-17
E005087,C005789,login,2025-12-28
E005088,C003707,login,2025-06-08
E005089,C003707,login,2025-06-30
E005090,C003707,consult,2026-01-27
E005091,C003707,login,2025-06-18
E005092,C002164,consult,2026-01-29
E005093,C002164,login,2026-03-12
E005094,C005197,login,2026-02-02
E005095,C005197,login,2025-07-18
E005096,C005197,login,2026-02-24
E005097,C005197,login,2025-08-10
E005098,C003445,login,2026-02-26
E005099,C003445,login,2025-11-15
E005100,C006077,login,2026-03-11
E005101,C006077,complaint,2025-09-25
E005102,C006077,login,2025-06-07
E005103,C006077,login,2025-09-27
E005104,C006077,login,2026-02-01
E005105,C001592,login,2025-11-16
E005106,C002465,login,2025-11-07
E005107,C002465,consult,2026-02-16
E005108,C005061,login,2026-03-08
E005109,C005061,complaint,2025-10-23
E005110,C005061,consult,2026-02-15
E005111,C007888,consult,2026-03-20
E005112,C007888,login,2026-03-08
E005113,C007888,complaint,2025-06-10
E005114,C007888,consult,2026-02-23
E005115,C003185,login,2025-11-21
E005116,C003185,login,2025-09-17
E005117,C003185,login,2026-01-11
E005118,C003185,consult,2025-08-23
E005119,C003185,login,2026-01-08
E005120,C005994,login,2025-09-03
E005121,C005994,login,2025-07-16
E005122,C007020,login,2025-09-03
E005123,C007020,complaint,2026-01-02
E005124,C007020,complaint,2025-12-10
E005125,C007020,complaint,2025-12-06
E005126,C004649,complaint,2025-09-07
E005127,C004649,login,2025-10-26
E005128,C007359,login,2025-07-05
E005129,C007359,login,2026-01-18
E005130,C007359,consult,2026-03-24
E005131,C007359,login,2026-02-19
E005132,C007359,login,2025-12-24
E005133,C000947,login,2026-01-23
E005134,C000947,complaint,2025-08-11
E005135,C000947,consult,2025-07-03
E005136,C002157,login,2025-12-14
E005137,C002157,login,2025-09-10
E005138,C002425,login,2026-02-11
E005139,C002425,login,2025-10-15
E005140,C002425,login,2026-02-23
E005141,C007052,login,2026-03-15
E005142,C006877,complaint,2026-03-15
E005143,C006877,login,2025-07-09
E005144,C006877,complaint,2026-02-18
E005145,C002745,login,2026-03-06
E005146,C002745,complaint,2025-09-22
E005147,C002745,login,2025-07-27
E005148,C006732,complaint,2026-02-28
E005149,C006732,consult,2026-02-18
E005150,C002795,complaint,2025-11-09
E005151,C006922,complaint,2025-06-09
E005152,C006922,login,2026-01-03
E005153,C006922,consult,2025-09-04
E005154,C006922,login,2025-11-02
E005155,C001901,login,2025-06-14
E005156,C001901,login,2025-07-04
E005157,C001901,login,2025-06-04
E005158,C007132,login,2025-07-28
E005159,C005716,login,2026-01-07
E005160,C005716,login,2026-03-23
E005161,C005716,login,2025-09-02
E005162,C001001,consult,2026-03-13
E005163,C001001,login,2025-11-15
E005164,C001001,login,2025-11-25
E005165,C006318,login,2025-08-21
E005166,C006318,login,2026-01-02
E005167,C006318,login,2026-02-18
E005168,C006318,login,2025-11-09
E005169,C000608,login,2025-10-30
E005170,C000608,consult,2025-08-19
E005171,C001562,consult,2025-10-12
E005172,C001562,consult,2025-07-19
E005173,C005241,login,2026-01-19
E005174,C005241,consult,2025-11-23
E005175,C005241,consult,2025-06-05
E005176,C003992,consult,2025-11-16
E005177,C003992,consult,2025-09-24
E005178,C003992,complaint,2026-01-03
E005179,C003992,login,2025-09-05
E005180,C003992,consult,2026-01-05
E005181,C007766,login,2026-03-23
E005182,C007766,login,2025-09-26
E005183,C007766,login,2026-03-19
E005184,C007766,consult,2026-03-07
E005185,C005363,login,2025-06-04
E005186,C005363,login,2025-09-06
E005187,C005363,login,2026-01-08
E005188,C005363,complaint,2025-12-02
E005189,C005363,login,2026-01-11
E005190,C000379,complaint,2025-12-24
E005191,C000379,login,2025-11-18
E005192,C000379,consult,2025-11-10
E005193,C000379,login,2025-09-01
E005194,C007767,consult,2025-12-31
E005195,C007767,complaint,2026-01-09
E005196,C007767,consult,2026-03-27
E005197,C006368,consult,2025-11-30
E005198,C006846,login,2025-08-21
E005199,C006846,login,2025-09-11
E005200,C006846,complaint,2025-11-02
E005201,C006846,login,2025-10-30
E005202,C003733,login,2025-07-07
E005203,C003733,consult,2025-06-20
E005204,C002159,consult,2025-06-17
E005205,C002159,consult,2025-12-31
E005206,C002159,consult,2025-11-21
E005207,C002159,login,2025-12-14
E005208,C002159,login,2025-12-18
E005209,C004427,login,2025-11-17
E005210,C003112,login,2026-01-14
E005211,C003112,login,2025-09-02
E005212,C003112,consult,2025-06-05
E005213,C003112,consult,2025-11-07
E005214,C003112,consult,2025-11-21
E005215,C002922,login,2025-09-15
E005216,C002922,login,2025-08-13
E005217,C006801,login,2025-06-22
E005218,C006801,consult,2026-03-11
E005219,C006801,login,2025-06-27
E005220,C006801,login,2026-03-18
E005221,C006801,login,2026-03-23
E005222,C005885,consult,2026-01-23
E005223,C005885,login,2025-08-04
E005224,C001451,login,2025-08-08
E005225,C005564,login,2026-03-20
E005226,C005564,consult,2025-11-09
E005227,C005564,consult,2025-11-15
E005228,C003810,login,2025-06-07
E005229,C003810,login,2025-08-30
E005230,C001418,login,2025-11-14
E005231,C001418,login,2025-10-12
E005232,C001418,consult,2025-06-20
E005233,C002739,complaint,2025-11-20
E005234,C002739,complaint,2026-02-17
E005235,C003832,consult,2025-09-20
E005236,C003832,consult,2025-07-15
E005237,C003832,login,2025-08-14
E005238,C003832,login,2026-02-14
E005239,C004010,login,2026-01-13
E005240,C004010,consult,2025-07-13
E005241,C004010,complaint,2025-07-28
E005242,C004010,complaint,2026-01-03
E005243,C007902,complaint,2025-12-13
E005244,C007902,login,2025-08-15
E005245,C007902,consult,2025-07-16
E005246,C002734,login,2025-12-26
E005247,C002734,login,2025-07-30
E005248,C002734,login,2025-09-12
E005249,C002734,consult,2025-09-10
E005250,C002734,login,2025-11-25
E005251,C005966,login,2025-08-30
E005252,C004198,login,2025-11-15
E005253,C004198,consult,2025-06-24
E005254,C000079,complaint,2025-07-11
E005255,C007381,login,2026-01-19
E005256,C002298,login,2025-07-28
E005257,C002298,complaint,2025-10-25
E005258,C007248,login,2025-10-27
E005259,C007248,login,2025-09-14
E005260,C007248,complaint,2026-01-12
E005261,C002671,login,2026-03-21
E005262,C002671,consult,2025-10-31
E005263,C002671,complaint,2026-02-23
E005264,C003179,consult,2026-01-16
E005265,C003179,login,2025-10-17
E005266,C003179,login,2025-07-30
E005267,C003179,login,2025-07-24
E005268,C007563,login,2026-02-08
E005269,C007563,login,2025-11-14
E005270,C007563,complaint,2025-09-29
E005271,C000116,login,2025-10-10
E005272,C002268,login,2026-03-16
E005273,C002268,login,2026-03-17
E005274,C002268,login,2025-11-02
E005275,C002268,login,2025-08-02
E005276,C005474,login,2025-12-09
E005277,C005474,consult,2026-03-20
E005278,C005474,login,2025-07-29
E005279,C005474,login,2026-02-04
E005280,C001445,login,2025-08-21
E005281,C001445,login,2025-10-20
E005282,C001445,complaint,2025-09-14
E005283,C001445,login,2026-01-09
E005284,C001907,login,2026-02-07
E005285,C001907,complaint,2025-11-07
E005286,C006420,consult,2025-07-31
E005287,C006420,login,2026-01-04
E005288,C006420,login,2025-09-22
E005289,C006420,complaint,2025-11-20
E005290,C000335,login,2025-11-13
E005291,C000636,login,2025-06-25
E005292,C000636,login,2025-06-27
E005293,C002288,complaint,2026-01-20
E005294,C002288,login,2026-01-03
E005295,C002288,login,2026-03-27
E005296,C002288,login,2025-09-09
E005297,C002288,login,2025-09-22
E005298,C006676,consult,2025-08-29
E005299,C000652,login,2025-11-15
E005300,C000652,login,2025-11-10
E005301,C005026,login,2025-07-05
E005302,C004218,login,2025-12-19
E005303,C004218,login,2025-07-26
E005304,C007425,login,2026-02-22
E005305,C007425,login,2025-06-07
E005306,C003731,consult,2026-01-22
E005307,C003731,login,2025-09-14
E005308,C001546,consult,2025-06-23
E005309,C001546,login,2025-06-03
E005310,C001546,login,2025-12-18
E005311,C000326,login,2025-09-04
E005312,C000326,consult,2025-06-02
E005313,C000326,consult,2026-01-05
E005314,C002559,login,2025-08-05
E005315,C002559,login,2025-06-07
E005316,C002559,complaint,2025-07-23
E005317,C002559,login,2026-01-20
E005318,C002559,login,2025-12-11
E005319,C007921,complaint,2025-07-31
E005320,C007921,login,2025-12-19
E005321,C007921,consult,2025-11-08
E005322,C007921,consult,2025-11-13
E005323,C007921,login,2025-08-19
E005324,C002170,login,2025-08-16
E005325,C002170,login,2025-09-07
E005326,C002170,login,2025-12-13
E005327,C006248,login,2025-10-30
E005328,C006248,consult,2025-08-12
E005329,C006248,login,2025-06-05
E005330,C001181,complaint,2026-01-14
E005331,C001181,login,2025-06-16
E005332,C001181,consult,2025-09-07
E005333,C001190,login,2026-02-14
E005334,C001190,consult,2025-07-05
E005335,C001190,login,2026-02-20
E005336,C001190,login,2026-03-27
E005337,C006203,login,2026-03-12
E005338,C007905,login,2025-06-08
E005339,C007905,login,2026-01-07
E005340,C007905,consult,2025-12-02
E005341,C004694,login,2025-11-25
E005342,C004694,login,2025-08-09
E005343,C004694,login,2025-11-19
E005344,C004694,login,2026-01-18
E005345,C004324,login,2025-07-20
E005346,C007585,login,2025-09-25
E005347,C007585,login,2025-10-14
E005348,C007585,login,2025-11-02
E005349,C007585,complaint,2025-08-04
E005350,C005620,login,2026-01-06
E005351,C005620,complaint,2025-09-03
E005352,C005723,login,2025-06-10
E005353,C004122,login,2026-02-22
E005354,C004122,login,2026-01-14
E005355,C004122,login,2025-09-30
E005356,C004122,consult,2025-11-15
E005357,C004122,login,2025-11-01
E005358,C004600,login,2025-06-05
E005359,C004600,login,2026-02-04
E005360,C004600,login,2026-03-01
E005361,C004600,complaint,2025-12-14
E005362,C004600,login,2025-09-14
E005363,C000801,login,2025-06-06
E005364,C000801,login,2025-10-15
E005365,C000801,complaint,2025-06-01
E005366,C000801,complaint,2025-10-06
E005367,C000801,consult,2025-08-10
E005368,C002601,login,2026-02-10
E005369,C002601,consult,2025-12-02
E005370,C002601,login,2026-02-14
E005371,C002601,login,2026-03-16
E005372,C002601,login,2025-08-19
E005373,C003535,login,2025-11-16
E005374,C003535,complaint,2026-03-26
E005375,C003535,complaint,2026-03-09
E005376,C003535,login,2025-12-29
E005377,C003535,consult,2025-08-15
E005378,C006523,consult,2025-12-16
E005379,C006523,consult,2026-01-17
E005380,C006523,login,2025-08-23
E005381,C002457,complaint,2025-10-10
E005382,C002457,login,2025-10-04
E005383,C002457,login,2025-06-20
E005384,C002457,login,2025-06-25
E005385,C002457,complaint,2025-06-04
E005386,C000118,login,2025-12-19
E005387,C000118,login,2025-07-03
E005388,C000118,consult,2025-08-23
E005389,C000118,login,2026-03-26
E005390,C002925,login,2025-07-20
E005391,C001588,complaint,2025-12-05
E005392,C001588,login,2026-03-16
E005393,C001588,login,2025-06-29
E005394,C001588,complaint,2025-07-07
E005395,C001588,login,2025-09-20
E005396,C005101,login,2026-01-13
E005397,C005101,login,2025-06-28
E005398,C005101,complaint,2025-08-09
E005399,C005101,login,2026-02-18
E005400,C005101,login,2025-11-12
E005401,C005181,login,2025-06-27
E005402,C002653,login,2026-02-03
E005403,C004320,login,2025-09-11
E005404,C004320,login,2026-03-23
E005405,C004320,login,2026-01-07
E005406,C004320,consult,2025-11-08
E005407,C001310,consult,2026-03-08
E005408,C001310,login,2025-10-23
E005409,C006739,login,2025-06-19
E005410,C006739,login,2025-06-23
E005411,C006739,complaint,2025-08-27
E005412,C006739,complaint,2026-03-10
E005413,C006739,consult,2025-07-15
E005414,C005641,consult,2025-10-15
E005415,C005641,login,2025-10-12
E005416,C005641,consult,2026-01-09
E005417,C005641,login,2025-06-18
E005418,C006897,login,2025-09-23
E005419,C007595,consult,2026-03-15
E005420,C007595,login,2025-09-26
E005421,C007595,login,2025-12-22
E005422,C007595,login,2026-02-19
E005423,C001911,login,2025-08-21
E005424,C001911,login,2025-10-15
E005425,C001911,login,2025-07-30
E005426,C002002,login,2026-01-31
E005427,C002002,login,2025-10-02
E005428,C000454,login,2026-01-06
E005429,C000454,login,2025-06-06
E005430,C000454,consult,2025-07-18
E005431,C000454,login,2025-06-05
E005432,C003640,complaint,2025-09-27
E005433,C003640,consult,2026-01-28
E005434,C003640,consult,2025-11-05
E005435,C003640,consult,2026-01-10
E005436,C006167,login,2026-03-11
E005437,C006167,login,2025-11-29
E005438,C006167,complaint,2026-03-16
E005439,C006167,consult,2025-12-30
E005440,C006167,login,2025-11-20
E005441,C004854,login,2025-10-13
E005442,C004854,login,2025-10-16
E005443,C004854,login,2025-06-04
E005444,C004854,login,2026-02-27
E005445,C004854,login,2026-02-26
E005446,C007504,login,2025-12-10
E005447,C007504,login,2025-06-22
E005448,C007504,login,2025-10-07
E005449,C007048,login,2025-09-03
E005450,C007048,login,2025-09-28
E005451,C007048,consult,2025-11-23
E005452,C007048,consult,2025-07-06
E005453,C007048,login,2025-08-20
E005454,C005011,login,2025-08-25
E005455,C005011,login,2026-03-09
E005456,C005011,login,2025-07-14
E005457,C005011,login,2025-07-19
E005458,C007730,complaint,2026-01-27
E005459,C007730,login,2026-02-01
E005460,C007730,consult,2025-08-12
E005461,C007730,login,2025-08-24
E005462,C006305,login,2025-08-01
E005463,C006305,login,2025-09-09
E005464,C006305,complaint,2026-01-30
E005465,C007011,consult,2026-03-21
E005466,C007011,login,2025-10-28
E005467,C007011,login,2026-02-11
E005468,C005577,login,2025-09-21
E005469,C003482,login,2026-01-03
E005470,C003482,consult,2025-09-12
E005471,C003482,consult,2026-03-11
E005472,C003482,login,2025-09-28
E005473,C003482,login,2026-02-20
E005474,C004179,login,2025-07-26
E005475,C003926,login,2025-06-14
E005476,C003926,consult,2026-01-28
E005477,C003926,consult,2025-07-10
E005478,C003926,login,2025-10-28
E005479,C003926,login,2026-03-25
E005480,C002255,login,2025-07-16
E005481,C002255,login,2025-09-13
E005482,C006608,consult,2025-12-20
E005483,C006374,login,2025-09-10
E005484,C003083,login,2025-09-15
E005485,C003083,login,2026-01-12
E005486,C003083,consult,2025-10-05
E005487,C003083,login,2025-11-27
E005488,C003083,consult,2025-08-16
E005489,C002999,login,2025-06-17
E005490,C002999,complaint,2026-01-22
E005491,C002999,login,2025-10-01
E005492,C002999,consult,2026-02-10
E005493,C006394,login,2026-03-26
E005494,C006394,login,2025-09-13
E005495,C006394,login,2025-09-28
E005496,C002611,login,2025-12-08
E005497,C004813,complaint,2026-03-06
E005498,C001228,login,2025-07-10
E005499,C001228,login,2026-02-05
E005500,C001228,consult,2025-11-24
E005501,C007628,login,2025-12-05
E005502,C007628,complaint,2025-06-18
E005503,C004241,consult,2025-12-05
E005504,C004241,login,2026-01-08
E005505,C004241,login,2025-08-09
E005506,C004241,complaint,2025-11-14
E005507,C004241,consult,2025-07-20
E005508,C006239,consult,2025-12-19
E005509,C006239,login,2025-09-21
E005510,C006671,login,2026-03-01
E005511,C001294,login,2025-07-22
E005512,C005897,complaint,2025-10-12
E005513,C005897,login,2025-07-02
E005514,C005657,consult,2025-09-27
E005515,C005657,login,2025-06-20
E005516,C005657,login,2025-12-12
E005517,C003835,login,2026-01-14
E005518,C003835,login,2025-08-19
E005519,C003835,consult,2025-06-10
E005520,C003835,complaint,2025-09-27
E005521,C003835,consult,2025-09-25
E005522,C004836,consult,2025-11-30
E005523,C004836,login,2025-07-18
E005524,C004836,login,2025-07-02
E005525,C004836,login,2025-06-22
E005526,C004836,login,2026-03-13
E005527,C006720,login,2025-09-20
E005528,C006720,login,2025-12-06
E005529,C006720,complaint,2025-08-02
E005530,C006720,consult,2026-02-02
E005531,C006720,login,2025-07-24
E005532,C004756,login,2025-07-13
E005533,C004756,consult,2025-09-20
E005534,C003300,login,2025-10-24
E005535,C003300,login,2026-03-08
E005536,C003300,complaint,2026-03-24
E005537,C003300,login,2026-01-31
E005538,C003300,consult,2026-03-04
E005539,C002204,complaint,2025-06-28
E005540,C002204,login,2025-06-09
E005541,C002204,complaint,2025-08-01
E005542,C004916,login,2025-07-01
E005543,C004916,complaint,2026-03-17
E005544,C004563,consult,2025-11-02
E005545,C004563,login,2026-02-26
E005546,C004563,complaint,2026-01-28
E005547,C004563,login,2025-07-29
E005548,C004563,login,2025-09-17
E005549,C000325,login,2026-02-15
E005550,C000325,login,2025-08-07
E005551,C000325,login,2025-06-10
E005552,C000325,login,2025-06-02
E005553,C002786,login,2025-06-17
E005554,C002786,login,2025-08-27
E005555,C002421,consult,2026-01-17
E005556,C002421,login,2025-09-22
E005557,C007046,login,2025-09-03
E005558,C004189,complaint,2025-07-31
E005559,C001423,complaint,2025-10-31
E005560,C001423,login,2025-08-04
E005561,C001423,complaint,2025-09-12
E005562,C004691,complaint,2025-06-21
E005563,C004691,login,2026-03-17
E005564,C004691,consult,2026-01-24
E005565,C002994,login,2025-09-01
E005566,C003679,consult,2026-01-23
E005567,C003311,consult,2025-08-19
E005568,C003311,login,2026-01-30
E005569,C003311,login,2026-01-16
E005570,C003311,login,2026-03-06
E005571,C003311,login,2025-06-26
E005572,C000110,consult,2026-03-27
E005573,C000110,login,2026-03-03
E005574,C005922,login,2025-06-17
E005575,C005922,login,2025-11-18
E005576,C005922,login,2025-10-20
E005577,C005922,complaint,2025-11-18
E005578,C005922,login,2026-03-25
E005579,C006084,login,2025-08-24
E005580,C006084,complaint,2026-01-18
E005581,C006084,complaint,2025-12-22
E005582,C003789,login,2025-09-24
E005583,C003789,complaint,2025-08-29
E005584,C003789,login,2026-03-19
E005585,C005567,login,2025-06-20
E005586,C005567,login,2025-12-11
E005587,C005567,login,2025-11-14
E005588,C005567,login,2025-11-04
E005589,C007239,login,2026-03-13
E005590,C007239,login,2025-07-23
E005591,C007239,login,2025-07-23
E005592,C005339,login,2026-03-03
E005593,C005339,login,2025-11-03
E005594,C005339,login,2025-10-17
E005595,C004535,login,2025-08-11
E005596,C004535,login,2025-11-15
E005597,C004349,login,2026-02-18
E005598,C004349,complaint,2025-12-13
E005599,C004829,consult,2025-06-27
E005600,C004829,login,2025-07-10
E005601,C004829,consult,2025-10-27
E005602,C004829,complaint,2025-07-28
E005603,C007067,login,2025-07-17
E005604,C007067,login,2025-09-03
E005605,C007067,login,2025-06-27
E005606,C007067,complaint,2025-09-26
E005607,C003931,consult,2025-08-11
E005608,C006610,consult,2025-09-16
E005609,C006610,login,2025-07-17
E005610,C006610,login,2025-10-04
E005611,C006610,consult,2025-08-24
E005612,C006610,complaint,2025-12-04
E005613,C003226,complaint,2025-07-18
E005614,C003226,login,2025-07-17
E005615,C001426,login,2025-11-06
E005616,C001426,consult,2025-10-23
E005617,C001426,login,2025-12-11
E005618,C006480,consult,2025-11-14
E005619,C006480,complaint,2025-11-01
E005620,C006480,consult,2026-01-13
E005621,C006480,login,2026-03-13
E005622,C006480,complaint,2025-06-15
E005623,C006954,complaint,2026-03-14
E005624,C007442,login,2025-07-27
E005625,C007442,consult,2026-01-30
E005626,C007442,login,2026-03-16
E005627,C005495,consult,2026-01-19
E005628,C005495,consult,2025-06-16
E005629,C005495,consult,2025-07-20
E005630,C006037,login,2025-11-16
E005631,C006037,login,2025-08-22
E005632,C006037,login,2025-08-21
E005633,C006037,login,2025-09-14
E005634,C002070,login,2025-11-20
E005635,C002070,login,2025-09-10
E005636,C002070,login,2025-12-10
E005637,C002070,complaint,2025-11-16
E005638,C001790,consult,2025-11-24
E005639,C001097,consult,2025-11-10
E005640,C001097,login,2025-12-10
E005641,C001097,consult,2025-08-05
E005642,C004432,complaint,2026-02-04
E005643,C006268,complaint,2025-11-14
E005644,C006268,login,2026-03-18
E005645,C006268,complaint,2025-08-17
E005646,C006268,login,2025-11-19
E005647,C006268,login,2025-11-26
E005648,C006794,login,2025-09-06
E005649,C007573,login,2025-06-20
E005650,C005803,consult,2025-10-12
E005651,C005803,consult,2025-06-10
E005652,C005803,login,2025-07-02
E005653,C005803,login,2025-08-28
E005654,C005803,login,2025-09-04
E005655,C000961,login,2025-07-13
E005656,C000961,consult,2025-12-02
E005657,C000961,login,2025-08-07
E005658,C003620,complaint,2025-06-20
E005659,C003620,login,2026-01-06
E005660,C003620,complaint,2025-10-02
E005661,C003620,login,2025-08-14
E005662,C003894,login,2026-02-04
E005663,C003894,consult,2025-10-21
E005664,C001158,consult,2025-08-07
E005665,C001158,complaint,2025-09-15
E005666,C001158,login,2026-03-07
E005667,C001158,login,2025-11-04
E005668,C002407,login,2025-07-03
E005669,C002407,login,2025-10-02
E005670,C005570,login,2026-01-05
E005671,C005570,complaint,2026-01-23
E005672,C005570,login,2026-01-28
E005673,C005570,consult,2025-07-18
E005674,C006685,consult,2026-03-21
E005675,C006685,login,2025-12-25
E005676,C006658,login,2025-08-12
E005677,C006658,login,2025-11-10
E005678,C006658,consult,2025-07-20
E005679,C000604,login,2025-12-10
E005680,C000604,consult,2026-03-20
E005681,C000604,consult,2026-01-31
E005682,C000604,login,2026-03-18
E005683,C000604,login,2026-03-21
E005684,C005640,login,2025-06-07
E005685,C005640,consult,2025-06-04
E005686,C005640,complaint,2026-02-18
E005687,C005640,consult,2025-11-05
E005688,C005640,login,2026-02-12
E005689,C003336,login,2026-02-05
E005690,C003336,login,2025-09-26
E005691,C003336,consult,2026-01-20
E005692,C003336,login,2025-08-04
E005693,C003336,consult,2026-02-12
E005694,C006012,login,2026-02-25
E005695,C006012,complaint,2025-12-16
E005696,C006791,login,2026-03-13
E005697,C006791,login,2026-01-13
E005698,C006791,consult,2025-07-20
E005699,C005831,login,2025-12-14
E005700,C005831,login,2025-08-14
E005701,C003916,login,2025-06-21
E005702,C003916,login,2025-12-02
E005703,C003916,login,2025-07-08
E005704,C003916,consult,2026-01-12
E005705,C007790,login,2025-06-24
E005706,C007790,complaint,2025-12-15
E005707,C007790,login,2025-08-24
E005708,C007790,login,2025-10-19
E005709,C006656,complaint,2025-08-01
E005710,C006656,login,2026-01-29
E005711,C006656,login,2025-11-07
E005712,C006656,login,2025-06-07
E005713,C004612,login,2025-08-23
E005714,C004612,login,2025-08-07
E005715,C004612,login,2026-03-05
E005716,C004612,login,2025-10-14
E005717,C006079,consult,2026-01-29
E005718,C006079,login,2025-07-05
E005719,C006079,consult,2025-10-06
E005720,C006079,login,2025-08-09
E005721,C000420,login,2025-06-07
E005722,C000420,login,2026-01-29
E005723,C000420,login,2025-11-04
E005724,C002585,consult,2026-02-01
E005725,C002585,login,2025-08-02
E005726,C002585,consult,2025-08-24
E005727,C002585,consult,2025-09-16
E005728,C006253,login,2026-02-21
E005729,C006253,login,2026-02-09
E005730,C006253,login,2025-11-04
E005731,C006253,login,2026-03-19
E005732,C006253,login,2026-03-03
E005733,C003183,login,2026-01-04
E005734,C003183,login,2025-08-11
E005735,C003183,login,2025-07-08
E005736,C003183,login,2025-10-09
E005737,C003936,login,2025-09-19
E005738,C003936,login,2025-09-29
E005739,C003936,login,2025-10-23
E005740,C003936,consult,2025-09-06
E005741,C004105,login,2026-02-03
E005742,C004105,consult,2026-02-22
E005743,C004105,complaint,2026-01-03
E005744,C004105,login,2025-06-03
E005745,C003568,login,2025-12-17
E005746,C003568,login,2025-08-13
E005747,C003568,login,2025-06-21
E005748,C003568,consult,2026-03-17
E005749,C003568,login,2025-10-16
E005750,C005811,login,2025-08-27
E005751,C005811,login,2026-02-18
E005752,C005811,complaint,2025-07-03
E005753,C004054,consult,2025-09-05
E005754,C004054,login,2026-01-25
E005755,C000681,consult,2025-08-16
E005756,C000681,login,2026-02-10
E005757,C000681,login,2025-10-13
E005758,C000681,login,2025-12-27
E005759,C000681,login,2025-08-03
E005760,C005918,consult,2025-08-15
E005761,C005918,login,2026-02-05
E005762,C006270,consult,2026-03-07
E005763,C006270,login,2025-10-12
E005764,C006270,login,2025-12-25
E005765,C006270,complaint,2026-02-09
E005766,C006828,login,2025-07-22
E005767,C006828,consult,2025-07-18
E005768,C006828,complaint,2025-12-31
E005769,C006828,consult,2026-01-25
E005770,C000699,consult,2026-02-25
E005771,C000699,complaint,2026-03-18
E005772,C000699,consult,2025-10-19
E005773,C000699,login,2025-11-16
E005774,C001536,login,2025-06-03
E005775,C001083,login,2025-11-17
E005776,C001083,login,2025-06-27
E005777,C005828,login,2025-09-26
E005778,C005828,complaint,2025-08-04
E005779,C005828,consult,2025-10-22
E005780,C005828,login,2026-03-20
E005781,C005828,consult,2025-10-16
E005782,C005224,login,2026-02-24
E005783,C005224,login,2025-08-19
E005784,C005224,login,2026-01-26
E005785,C005224,complaint,2025-12-31
E005786,C007286,login,2025-06-05
E005787,C007286,consult,2025-07-12
E005788,C007286,login,2026-01-31
E005789,C007286,login,2025-12-08
E005790,C005274,login,2025-06-18
E005791,C003270,login,2025-09-24
E005792,C003270,login,2026-01-24
E005793,C003270,login,2026-01-31
E005794,C003270,login,2025-12-19
E005795,C003270,login,2025-09-25
E005796,C007189,complaint,2025-10-26
E005797,C007189,consult,2026-03-09
E005798,C007189,complaint,2025-12-11
E005799,C002293,consult,2025-09-18
E005800,C002293,login,2025-07-31
E005801,C002293,login,2025-06-19
E005802,C002293,consult,2025-12-17
E005803,C006797,login,2025-08-31
E005804,C006797,login,2026-03-02
E005805,C006797,login,2025-08-07
E005806,C006797,complaint,2025-07-15
E005807,C006875,consult,2025-06-26
E005808,C006292,login,2025-08-22
E005809,C006292,login,2026-01-18
E005810,C006292,login,2025-09-19
E005811,C006292,consult,2026-02-05
E005812,C006933,login,2025-08-01
E005813,C006933,consult,2025-07-24
E005814,C006933,consult,2025-08-08
E005815,C006933,login,2025-12-03
E005816,C006933,login,2026-03-15
E005817,C001691,login,2025-08-03
E005818,C001691,login,2025-08-23
E005819,C001691,login,2025-10-31
E005820,C001691,consult,2025-11-14
E005821,C001691,login,2026-03-12
E005822,C001329,consult,2025-06-19
E005823,C001329,login,2025-11-11
E005824,C001329,login,2025-07-05
E005825,C001329,complaint,2025-07-18
E005826,C005978,consult,2025-10-10
E005827,C005978,complaint,2026-02-21
E005828,C001873,login,2025-07-11
E005829,C001873,login,2026-01-21
E005830,C004369,login,2026-01-10
E005831,C004369,login,2026-02-12
E005832,C004369,complaint,2026-01-25
E005833,C004369,consult,2025-06-23
E005834,C000690,login,2025-10-08
E005835,C000690,login,2025-08-22
E005836,C000690,login,2025-10-17
E005837,C000690,login,2026-01-08
E005838,C003664,login,2025-10-18
E005839,C002902,complaint,2025-08-08
E005840,C002902,login,2025-07-06
E005841,C003340,login,2025-07-07
E005842,C003340,consult,2025-11-19
E005843,C003340,login,2026-02-11
E005844,C003340,login,2025-11-28
E005845,C003340,login,2025-08-25
E005846,C004527,login,2025-10-12
E005847,C004623,complaint,2026-02-10
E005848,C004623,login,2026-03-21
E005849,C000995,consult,2026-01-21
E005850,C006436,login,2025-09-09
E005851,C006436,consult,2025-10-26
E005852,C006436,login,2025-09-02
E005853,C006436,login,2025-11-12
E005854,C007451,login,2026-01-12
E005855,C007451,login,2025-08-31
E005856,C007451,login,2026-03-24
E005857,C007451,consult,2026-01-03
E005858,C001004,login,2026-02-16
E005859,C001004,login,2025-09-17
E005860,C001004,login,2025-10-21
E005861,C001004,complaint,2025-10-14
E005862,C007597,consult,2026-02-08
E005863,C007728,complaint,2026-01-25
E005864,C007728,login,2025-06-14
E005865,C007728,login,2026-03-13
E005866,C002963,login,2025-11-13
E005867,C006636,consult,2026-03-26
E005868,C006636,consult,2025-12-14
E005869,C006636,consult,2025-06-28
E005870,C004236,login,2025-08-20
E005871,C004236,login,2025-11-06
E005872,C004236,consult,2026-02-01
E005873,C000732,complaint,2025-11-07
E005874,C002040,consult,2025-12-09
E005875,C002040,login,2026-02-07
E005876,C002040,login,2026-01-24
E005877,C002040,login,2025-09-25
E005878,C002040,login,2025-09-16
E005879,C004831,login,2026-02-26
E005880,C004831,consult,2025-06-26
E005881,C004831,login,2025-12-11
E005882,C004831,login,2026-01-14
E005883,C007671,consult,2026-03-10
E005884,C007671,login,2025-11-09
E005885,C004936,complaint,2025-12-19
E005886,C004936,login,2025-08-13
E005887,C005077,login,2025-12-23
E005888,C007517,login,2025-07-21
E005889,C007517,login,2025-09-30
E005890,C007517,consult,2025-06-10
E005891,C003917,consult,2025-06-19
E005892,C003917,login,2025-11-14
E005893,C003917,login,2025-11-05
E005894,C003917,login,2025-09-07
E005895,C003917,login,2025-09-22
E005896,C007649,login,2026-01-30
E005897,C001606,login,2025-09-03
E005898,C001606,login,2025-06-16
E005899,C001606,complaint,2025-11-06
E005900,C001606,login,2025-07-30
E005901,C007644,complaint,2025-06-28
E005902,C007644,login,2026-03-26
E005903,C003033,login,2025-12-14
E005904,C003033,complaint,2025-09-07
E005905,C003033,login,2026-02-24
E005906,C007088,login,2025-06-10
E005907,C007088,consult,2025-06-12
E005908,C007088,login,2025-11-13
E005909,C007088,consult,2025-12-27
E005910,C005871,consult,2025-10-21
E005911,C005871,login,2026-02-02
E005912,C005871,login,2026-01-30
E005913,C004542,login,2025-12-25
E005914,C004542,login,2025-10-02
E005915,C004542,consult,2026-02-28
E005916,C003621,complaint,2025-12-14
E005917,C003621,login,2025-07-05
E005918,C003621,consult,2026-03-08
E005919,C003621,login,2026-01-13
E005920,C003621,login,2025-12-12
E005921,C005323,consult,2025-08-31
E005922,C005323,login,2026-01-24
E005923,C005323,login,2025-06-30
E005924,C005323,consult,2025-12-06
E005925,C001105,login,2025-06-20
E005926,C001105,login,2025-12-12
E005927,C007485,login,2026-01-24
E005928,C007485,login,2025-06-28
E005929,C000393,login,2025-11-27
E005930,C000393,consult,2025-09-09
E005931,C005581,login,2026-01-12
E005932,C005581,consult,2025-10-01
E005933,C000162,login,2025-07-02
E005934,C000162,consult,2025-06-12
E005935,C000162,login,2025-06-24
E005936,C000197,login,2025-09-12
E005937,C007260,login,2026-03-23
E005938,C007260,login,2025-07-21
E005939,C006822,login,2025-10-07
E005940,C006822,login,2026-01-22
E005941,C007974,login,2025-11-15
E005942,C007974,login,2025-08-30
E005943,C001701,login,2025-07-18
E005944,C001701,login,2025-08-27
E005945,C006659,consult,2026-02-25
E005946,C006659,consult,2025-08-31
E005947,C003385,consult,2025-09-14
E005948,C003385,login,2025-12-08
E005949,C003088,login,2025-09-10
E005950,C003088,login,2026-03-26
E005951,C007759,login,2026-01-28
E005952,C002143,login,2026-02-25
E005953,C002143,consult,2025-10-19
E005954,C002143,login,2025-12-16
E005955,C002143,login,2025-07-07
E005956,C004287,complaint,2026-03-08
E005957,C004287,consult,2025-12-27
E005958,C004287,consult,2026-03-16
E005959,C006857,consult,2025-08-18
E005960,C006857,consult,2025-11-04
E005961,C006857,consult,2026-01-02
E005962,C000040,login,2025-06-03
E005963,C000040,consult,2025-06-21
E005964,C000040,login,2025-09-01
E005965,C000040,login,2025-11-20
E005966,C005814,login,2025-12-13
E005967,C005814,complaint,2025-09-22
E005968,C005814,consult,2025-08-17
E005969,C000411,consult,2026-02-10
E005970,C000411,login,2025-09-25
E005971,C000411,consult,2025-09-23
E005972,C001538,login,2026-01-07
E005973,C001538,consult,2025-10-08
E005974,C001538,consult,2025-11-02
E005975,C001538,login,2025-09-25
E005976,C001538,consult,2026-01-07
E005977,C003829,login,2026-02-23
E005978,C003829,login,2026-01-29
E005979,C003829,login,2025-10-19
E005980,C003829,login,2025-09-08
E005981,C003829,consult,2025-07-03
E005982,C001732,login,2025-06-07
E005983,C001732,login,2025-12-19
E005984,C001732,login,2025-12-06
E005985,C001732,login,2026-03-12
E005986,C004421,login,2026-01-03
E005987,C001043,login,2025-12-16
E005988,C001043,login,2025-06-13
E005989,C000677,login,2025-12-25
E005990,C000677,login,2025-12-22
E005991,C000677,login,2025-12-16
E005992,C000677,consult,2025-08-06
E005993,C000677,login,2025-11-03
E005994,C003262,consult,2026-01-04
E005995,C003262,login,2026-01-12
E005996,C003262,complaint,2025-09-23
E005997,C003262,login,2025-07-01
E005998,C003262,login,2026-03-26
E005999,C000187,consult,2025-08-28
E006000,C000187,consult,2025-08-27
E006001,C000187,login,2025-06-29
E006002,C000187,login,2025-10-27
E006003,C000187,login,2025-09-22
E006004,C005985,login,2025-07-28
E006005,C005985,login,2025-07-01
E006006,C005985,consult,2025-12-25
E006007,C005985,consult,2025-08-17
E006008,C005985,login,2026-02-08
E006009,C006545,login,2025-12-04
E006010,C006545,consult,2025-10-04
E006011,C005332,login,2026-01-31
E006012,C005332,login,2025-08-13
E006013,C005332,login,2026-02-24
E006014,C006144,login,2025-09-08
E006015,C006144,login,2025-08-28
E006016,C006144,consult,2026-03-17
E006017,C006144,login,2025-12-19
E006018,C001846,consult,2025-07-26
E006019,C001846,login,2025-12-02
E006020,C002942,login,2025-07-30
E006021,C001387,login,2026-03-09
E006022,C001387,consult,2025-07-31
E006023,C001387,consult,2025-06-07
E006024,C001387,consult,2025-10-26
E006025,C001387,complaint,2025-06-26
E006026,C002335,login,2026-03-24
E006027,C002335,consult,2026-01-22
E006028,C002335,login,2025-10-28
E006029,C002335,login,2025-07-17
E006030,C002335,login,2026-02-24
E006031,C007947,complaint,2026-03-17
E006032,C007947,login,2025-08-05
E006033,C007947,login,2026-01-04
E006034,C003215,login,2026-03-27
E006035,C006618,login,2025-06-29
E006036,C005837,consult,2025-10-31
E006037,C005183,complaint,2025-11-12
E006038,C005183,consult,2025-06-25
E006039,C005183,login,2026-03-18
E006040,C005183,login,2025-06-06
E006041,C004352,login,2025-09-16
E006042,C004352,login,2025-06-19
E006043,C004352,login,2026-03-05
E006044,C004352,complaint,2026-01-28
E006045,C004352,consult,2025-10-22
E006046,C003523,consult,2025-10-24
E006047,C000029,login,2025-06-16
E006048,C007777,consult,2025-09-23
E006049,C003633,complaint,2025-07-24
E006050,C003633,login,2025-06-03
E006051,C006567,login,2026-03-07
E006052,C006567,login,2025-11-23
E006053,C006567,login,2025-08-23
E006054,C006127,login,2026-02-14
E006055,C006127,login,2025-09-26
E006056,C001284,login,2026-02-22
E006057,C001284,login,2026-02-17
E006058,C001284,login,2025-08-02
E006059,C006229,login,2025-09-14
E006060,C006229,consult,2025-10-19
E006061,C006306,login,2026-03-12
E006062,C000192,login,2026-03-23
E006063,C000192,login,2025-10-22
E006064,C001922,login,2025-07-31
E006065,C001922,complaint,2025-08-14
E006066,C001922,login,2026-02-24
E006067,C002499,consult,2025-12-14
E006068,C002499,login,2025-09-30
E006069,C002499,login,2025-10-29
E006070,C002668,login,2025-09-13
E006071,C002668,consult,2025-07-15
E006072,C002668,login,2025-11-25
E006073,C002668,login,2025-07-27
E006074,C002668,login,2026-02-07
E006075,C006597,login,2026-03-05
E006076,C003759,login,2026-03-24
E006077,C003759,login,2026-03-27
E006078,C003759,consult,2026-02-09
E006079,C003759,login,2025-11-30
E006080,C003759,login,2025-07-23
E006081,C007472,complaint,2025-06-21
E006082,C007472,login,2025-08-30
E006083,C007472,login,2025-10-18
E006084,C007472,login,2025-07-04
E006085,C003376,consult,2026-02-28
E006086,C003376,complaint,2025-06-13
E006087,C003376,complaint,2026-03-02
E006088,C003376,login,2026-03-05
E006089,C007243,login,2026-02-03
E006090,C007243,consult,2025-12-08
E006091,C007243,complaint,2025-11-19
E006092,C002194,consult,2026-02-23
E006093,C005389,consult,2025-08-10
E006094,C005389,login,2025-08-18
E006095,C005389,login,2025-11-01
E006096,C005389,consult,2025-10-03
E006097,C003448,consult,2026-03-26
E006098,C003448,login,2026-02-21
E006099,C007530,consult,2025-10-01
E006100,C007530,login,2025-10-04
E006101,C007530,login,2026-03-14
E006102,C004259,consult,2025-06-21
E006103,C004259,login,2026-01-15
E006104,C004259,login,2025-10-03
E006105,C004259,login,2025-07-14
E006106,C004088,login,2026-02-11
E006107,C004088,consult,2026-01-04
E006108,C004088,login,2026-01-11
E006109,C004088,login,2025-11-07
E006110,C004088,login,2025-09-09
E006111,C006616,login,2025-09-17
E006112,C006616,login,2025-06-01
E006113,C005311,login,2025-09-22
E006114,C005311,login,2026-02-25
E006115,C005311,login,2025-08-15
E006116,C004841,login,2025-06-08
E006117,C004841,login,2025-06-22
E006118,C004841,login,2025-09-07
E006119,C001529,login,2025-11-11
E006120,C001529,login,2026-01-13
E006121,C007857,login,2025-09-08
E006122,C007857,login,2026-02-13
E006123,C007857,login,2025-12-19
E006124,C007857,login,2025-06-30
E006125,C003152,login,2025-11-24
E006126,C003152,login,2025-08-23
E006127,C003152,consult,2025-12-13
E006128,C001484,consult,2025-10-14
E006129,C001484,complaint,2026-01-22
E006130,C001484,login,2026-03-09
E006131,C001484,login,2025-07-30
E006132,C001484,complaint,2025-08-30
E006133,C005623,complaint,2025-06-17
E006134,C005623,consult,2026-03-14
E006135,C005623,login,2026-01-22
E006136,C006542,login,2025-09-29
E006137,C006542,login,2025-10-26
E006138,C006542,login,2025-08-02
E006139,C006542,login,2025-06-04
E006140,C001760,login,2025-09-26
E006141,C001760,consult,2025-07-16
E006142,C000343,login,2026-02-04
E006143,C000343,login,2026-03-12
E006144,C000343,login,2025-09-23
E006145,C000343,complaint,2026-02-20
E006146,C003091,login,2025-11-22
E006147,C003091,login,2025-10-08
E006148,C003091,consult,2025-06-08
E006149,C003091,login,2025-12-31
E006150,C002367,login,2025-09-27
E006151,C002367,login,2025-08-20
E006152,C002367,login,2025-08-05
E006153,C002367,consult,2026-03-23
E006154,C002367,login,2025-12-31
E006155,C005170,login,2026-02-27
E006156,C007240,login,2025-06-06
E006157,C000128,login,2026-02-12
E006158,C002302,consult,2025-12-31
E006159,C002302,login,2026-02-26
E006160,C002302,login,2025-08-15
E006161,C002302,login,2025-10-06
E006162,C002302,login,2025-10-22
E006163,C000610,login,2025-08-06
E006164,C000610,login,2025-08-24
E006165,C000610,login,2026-01-22
E006166,C000610,login,2025-10-28
E006167,C000610,consult,2025-06-27
E006168,C001454,login,2025-11-18
E006169,C001454,login,2025-06-02
E006170,C006655,login,2026-02-04
E006171,C005154,consult,2026-01-09
E006172,C003063,login,2026-03-19
E006173,C003063,consult,2026-01-21
E006174,C003063,login,2025-08-10
E006175,C003063,login,2026-03-22
E006176,C003063,login,2025-07-14
E006177,C005590,consult,2026-01-21
E006178,C005590,login,2026-03-11
E006179,C005590,login,2025-07-03
E006180,C001039,consult,2025-12-18
E006181,C001039,login,2026-02-03
E006182,C001039,login,2025-12-26
E006183,C001039,login,2026-02-14
E006184,C007296,complaint,2025-08-13
E006185,C007296,login,2026-01-22
E006186,C005179,consult,2025-07-11
E006187,C005179,login,2026-01-16
E006188,C005675,login,2026-01-31
E006189,C001772,login,2025-11-01
E006190,C001772,consult,2026-03-03
E006191,C001772,login,2025-09-29
E006192,C001270,login,2025-10-31
E006193,C001270,login,2025-08-16
E006194,C001270,login,2025-11-01
E006195,C001270,login,2025-11-27
E006196,C001270,login,2026-02-01
E006197,C003930,login,2025-06-06
E006198,C003930,complaint,2025-10-19
E006199,C003930,consult,2025-09-04
E006200,C000405,complaint,2025-06-08
E006201,C000405,consult,2026-03-20
E006202,C000405,login,2026-02-18
E006203,C000405,consult,2025-06-16
E006204,C007930,login,2025-11-21
E006205,C007930,login,2025-07-04
E006206,C007930,login,2025-06-13
E006207,C007930,login,2026-02-08
E006208,C007930,login,2025-12-01
E006209,C007599,login,2025-06-03
E006210,C001884,login,2025-07-15
E006211,C001884,login,2025-09-21
E006212,C003578,consult,2026-01-16
E006213,C003578,login,2025-06-25
E006214,C003578,login,2025-09-15
E006215,C002524,consult,2025-08-21
E006216,C002524,complaint,2025-10-25
E006217,C002524,login,2025-12-04
E006218,C002524,login,2026-02-06
E006219,C006705,consult,2025-08-31
E006220,C006705,login,2025-09-09
E006221,C006705,consult,2025-11-16
E006222,C006705,login,2025-11-17
E006223,C001724,login,2025-11-03
E006224,C001724,consult,2025-06-05
E006225,C005651,login,2025-11-15
E006226,C005651,login,2025-09-16
E006227,C005651,login,2025-07-28
E006228,C006560,login,2025-07-16
E006229,C006560,login,2026-01-04
E006230,C006560,consult,2025-12-22
E006231,C007601,complaint,2026-02-28
E006232,C007601,login,2025-09-11
E006233,C007601,login,2025-12-28
E006234,C007601,login,2025-12-12
E006235,C000133,consult,2026-03-15
E006236,C000133,login,2026-02-13
E006237,C000133,login,2025-06-03
E006238,C000372,consult,2025-12-10
E006239,C000372,login,2025-11-16
E006240,C002698,login,2026-01-13
E006241,C002698,login,2026-03-19
E006242,C002698,login,2025-07-20
E006243,C002698,login,2025-06-05
E006244,C002698,login,2025-08-12
E006245,C004414,login,2026-03-13
E006246,C000329,consult,2025-12-09
E006247,C000329,login,2025-10-31
E006248,C000329,login,2026-02-15
E006249,C004758,login,2025-08-07
E006250,C004758,consult,2026-02-26
E006251,C004758,consult,2025-10-20
E006252,C003361,login,2025-08-19
E006253,C003361,consult,2025-12-16
E006254,C003361,login,2025-10-11
E006255,C003361,complaint,2025-09-05
E006256,C003361,login,2026-03-25
E006257,C003893,login,2025-11-17
E006258,C003893,login,2025-12-07
E006259,C003893,login,2026-02-06
E006260,C003893,login,2025-11-02
E006261,C004574,login,2026-03-19
E006262,C004574,login,2025-06-09
E006263,C004574,login,2026-03-25
E006264,C006488,login,2025-12-20
E006265,C006488,login,2025-12-09
E006266,C006488,login,2025-08-02
E006267,C006488,login,2025-09-10
E006268,C006488,login,2025-09-02
E006269,C003095,complaint,2026-03-14
E006270,C003095,login,2026-03-08
E006271,C000168,login,2025-10-24
E006272,C000168,complaint,2025-10-02
E006273,C005611,login,2025-12-20
E006274,C005611,consult,2025-12-10
E006275,C001959,login,2025-06-03
E006276,C002175,login,2025-07-18
E006277,C002175,consult,2025-08-25
E006278,C002175,login,2025-12-07
E006279,C002175,login,2025-10-26
E006280,C002175,complaint,2026-03-26
E006281,C005893,login,2025-10-08
E006282,C005893,login,2025-06-18
E006283,C005893,consult,2025-11-08
E006284,C005321,consult,2025-06-23
E006285,C005321,login,2025-10-04
E006286,C005321,login,2026-02-12
E006287,C005321,login,2025-12-14
E006288,C003407,login,2025-12-13
E006289,C000362,login,2026-03-10
E006290,C000362,login,2026-03-06
E006291,C000362,consult,2025-06-24
E006292,C002845,complaint,2025-12-10
E006293,C002845,consult,2025-08-26
E006294,C002845,login,2025-06-30
E006295,C006614,login,2025-06-05
E006296,C006614,login,2025-10-18
E006297,C006614,complaint,2025-10-27
E006298,C006614,consult,2026-01-05
E006299,C005271,login,2026-01-18
E006300,C005271,login,2025-10-05
E006301,C000723,login,2025-12-18
E006302,C002681,login,2025-07-10
E006303,C002681,login,2025-07-19
E006304,C002681,login,2026-01-20
E006305,C002947,login,2025-12-30
E006306,C002947,consult,2025-12-31
E006307,C002947,consult,2026-01-15
E006308,C002947,login,2025-06-19
E006309,C007544,complaint,2026-02-25
E006310,C007544,login,2025-06-09
E006311,C007544,login,2025-10-02
E006312,C007544,login,2026-03-04
E006313,C007544,login,2025-12-20
E006314,C007172,login,2026-01-29
E006315,C007172,login,2025-10-29
E006316,C007172,login,2025-07-18
E006317,C007172,login,2025-10-22
E006318,C004081,login,2026-03-03
E006319,C004081,consult,2025-10-24
E006320,C004081,login,2026-03-02
E006321,C001622,complaint,2025-07-19
E006322,C003071,login,2025-06-14
E006323,C003071,login,2025-06-30
E006324,C007976,login,2025-12-30
E006325,C007976,login,2025-08-09
E006326,C007976,login,2026-03-14
E006327,C007976,consult,2025-10-08
E006328,C002606,login,2026-03-08
E006329,C002606,login,2025-07-14
E006330,C002007,login,2025-10-21
E006331,C002007,login,2025-12-27
E006332,C002007,consult,2025-11-18
E006333,C002007,complaint,2025-09-14
E006334,C002007,login,2025-06-23
E006335,C004740,login,2025-09-17
E006336,C004740,login,2026-03-05
E006337,C004740,login,2025-08-07
E006338,C000316,login,2025-11-03
E006339,C000316,login,2026-01-05
E006340,C000316,consult,2026-03-11
E006341,C000316,login,2025-10-19
E006342,C006879,login,2025-06-22
E006343,C006879,login,2025-08-23
E006344,C006879,login,2026-01-02
E006345,C000215,login,2025-08-15
E006346,C000215,consult,2025-08-13
E006347,C000215,login,2025-08-13
E006348,C000215,consult,2026-01-18
E006349,C004165,login,2025-11-20
E006350,C004165,complaint,2025-08-09
E006351,C004165,login,2026-02-09
E006352,C000659,login,2025-11-18
E006353,C002927,consult,2025-06-03
E006354,C002927,login,2025-10-15
E006355,C002927,login,2025-11-14
E006356,C002927,login,2025-08-28
E006357,C002927,consult,2025-11-03
E006358,C002656,login,2025-09-25
E006359,C002656,consult,2025-12-29
E006360,C002656,login,2025-07-02
E006361,C002656,login,2025-09-10
E006362,C002656,login,2025-12-01
E006363,C006841,login,2025-12-09
E006364,C006841,complaint,2026-01-17
E006365,C006841,login,2025-08-15
E006366,C006841,login,2025-12-05
E006367,C004072,consult,2025-10-05
E006368,C006489,login,2025-09-12
E006369,C005221,login,2025-11-17
E006370,C006790,login,2026-02-01
E006371,C006790,complaint,2026-02-20
E006372,C006790,login,2025-11-04
E006373,C000337,login,2025-12-23
E006374,C000337,login,2025-11-10
E006375,C003708,login,2025-09-22
E006376,C003708,consult,2025-08-17
E006377,C003708,login,2025-10-25
E006378,C003708,consult,2025-06-12
E006379,C003708,consult,2025-09-04
E006380,C006302,login,2026-01-07
E006381,C006302,login,2026-03-16
E006382,C006302,consult,2025-12-07
E006383,C006302,login,2025-10-03
E006384,C002905,login,2026-01-31
E006385,C002905,login,2025-06-02
E006386,C002905,login,2025-06-11
E006387,C002110,login,2025-11-29
E006388,C002110,login,2026-03-05
E006389,C002110,consult,2026-03-13
E006390,C000747,login,2026-02-18
E006391,C000747,login,2026-01-30
E006392,C000747,login,2025-10-28
E006393,C000747,login,2025-07-18
E006394,C000747,login,2025-06-13
E006395,C003781,login,2025-11-03
E006396,C003781,consult,2025-06-23
E006397,C003781,login,2026-01-10
E006398,C003781,login,2025-11-15
E006399,C003987,login,2025-10-20
E006400,C003987,consult,2025-10-07
E006401,C007980,consult,2026-02-18
E006402,C006391,login,2025-08-03
E006403,C006391,consult,2026-03-01
E006404,C006391,login,2026-03-04
E006405,C005904,login,2025-08-24
E006406,C003815,login,2025-11-25
E006407,C003815,complaint,2025-12-23
E006408,C003815,login,2025-12-20
E006409,C005373,complaint,2025-09-23
E006410,C005373,complaint,2025-09-20
E006411,C005373,login,2025-06-07
E006412,C005982,consult,2026-03-04
E006413,C005982,login,2026-02-10
E006414,C005982,login,2025-11-16
E006415,C005982,consult,2025-06-01
E006416,C001982,consult,2025-08-15
E006417,C001982,login,2026-01-17
E006418,C001982,login,2025-12-18
E006419,C001982,login,2025-08-28
E006420,C001982,login,2026-01-16
E006421,C004770,login,2025-12-16
E006422,C004770,login,2026-03-13
E006423,C004770,consult,2025-06-11
E006424,C004770,login,2025-06-27
E006425,C004770,consult,2026-01-17
E006426,C006743,consult,2026-02-12
E006427,C006743,login,2025-10-15
E006428,C006743,login,2025-11-21
E006429,C006743,consult,2025-11-01
E006430,C005499,consult,2025-06-13
E006431,C005499,login,2025-07-14
E006432,C005499,login,2026-02-18
E006433,C005499,login,2025-11-25
E006434,C005499,login,2025-08-09
E006435,C002792,login,2025-07-28
E006436,C006718,complaint,2025-10-20
E006437,C006718,consult,2025-08-09
E006438,C004706,login,2025-12-11
E006439,C000290,login,2025-08-07
E006440,C000290,login,2025-08-23
E006441,C000290,login,2025-10-07
E006442,C000290,consult,2025-07-17
E006443,C004283,login,2025-08-01
E006444,C004283,consult,2026-03-10
E006445,C004283,login,2026-02-14
E006446,C004283,consult,2026-01-31
E006447,C001802,complaint,2025-10-24
E006448,C001802,login,2025-07-17
E006449,C001802,login,2025-06-08
E006450,C004528,login,2026-01-22
E006451,C004528,complaint,2026-02-21
E006452,C004528,login,2026-01-23
E006453,C004528,login,2026-02-16
E006454,C004528,complaint,2025-07-19
E006455,C000921,login,2025-08-31
E006456,C000921,login,2025-10-17
E006457,C000921,complaint,2025-10-28
E006458,C000921,login,2026-03-12
E006459,C004473,login,2025-10-29
E006460,C004473,consult,2025-10-23
E006461,C004473,consult,2026-02-09
E006462,C004473,login,2026-03-26
E006463,C004473,consult,2025-11-29
E006464,C004116,login,2025-07-05
E006465,C004116,login,2025-10-02
E006466,C004116,consult,2025-09-22
E006467,C004116,consult,2025-08-20
E006468,C004116,consult,2025-12-16
E006469,C004787,login,2025-12-01
E006470,C004787,complaint,2026-01-25
E006471,C004787,login,2025-11-20
E006472,C001716,complaint,2025-10-16
E006473,C000514,complaint,2026-01-20
E006474,C000846,login,2026-01-24
E006475,C000846,login,2025-09-14
E006476,C000846,login,2025-10-19
E006477,C003424,consult,2026-03-22
E006478,C003424,consult,2025-07-09
E006479,C003424,login,2025-06-17
E006480,C006965,login,2026-02-21
E006481,C006965,login,2026-01-23
E006482,C001343,login,2025-08-13
E006483,C001343,complaint,2026-01-08
E006484,C007690,login,2025-09-07
E006485,C007690,login,2026-03-16
E006486,C007690,login,2026-01-23
E006487,C007690,login,2025-07-24
E006488,C002051,login,2025-12-24
E006489,C002051,login,2025-08-30
E006490,C007725,login,2025-07-28
E006491,C007725,consult,2026-01-28
E006492,C000074,login,2025-08-22
E006493,C001490,consult,2025-12-16
E006494,C001490,login,2025-06-08
E006495,C001490,login,2025-11-29
E006496,C007454,login,2025-12-17
E006497,C007454,login,2025-10-28
E006498,C007454,login,2025-06-09
E006499,C007454,login,2025-10-22
E006500,C007454,login,2025-06-09
E006501,C007977,login,2025-07-13
E006502,C007977,consult,2025-07-27
E006503,C007977,login,2026-03-07
E006504,C002210,login,2025-12-22
E006505,C002210,consult,2025-12-22
E006506,C002210,login,2025-07-25
E006507,C000826,consult,2026-02-04
E006508,C000826,complaint,2026-03-03
E006509,C000826,login,2025-08-04
E006510,C006652,consult,2025-09-23
E006511,C001813,login,2025-11-06
E006512,C000493,login,2025-08-29
E006513,C000493,login,2026-01-12
E006514,C000493,complaint,2026-01-13
E006515,C000493,login,2025-07-14
E006516,C002630,login,2025-11-14
E006517,C002630,login,2025-12-26
E006518,C002630,login,2026-03-11
E006519,C002689,login,2025-11-14
E006520,C002689,login,2025-10-31
E006521,C004791,login,2025-11-16
E006522,C004791,complaint,2025-07-23
E006523,C004791,login,2025-12-07
E006524,C004791,consult,2025-11-29
E006525,C002996,login,2025-09-03
E006526,C002996,login,2026-01-27
E006527,C004726,login,2025-06-16
E006528,C004726,login,2026-01-07
E006529,C000650,login,2025-08-13
E006530,C000650,consult,2025-09-04
E006531,C000650,login,2025-10-12
E006532,C000650,login,2025-08-23
E006533,C002798,login,2025-11-04
E006534,C002798,login,2026-01-04
E006535,C002798,complaint,2026-01-07
E006536,C002798,login,2025-10-15
E006537,C002798,consult,2025-12-12
E006538,C004410,consult,2025-12-25
E006539,C005478,complaint,2026-01-01
E006540,C005478,complaint,2025-11-23
E006541,C005478,login,2025-11-30
E006542,C007506,login,2026-03-23
E006543,C007506,login,2026-02-01
E006544,C007506,complaint,2025-06-12
E006545,C004049,login,2026-02-14
E006546,C004049,login,2025-12-04
E006547,C000256,complaint,2026-01-07
E006548,C000256,login,2025-06-09
E006549,C001685,login,2025-12-29
E006550,C001685,login,2026-03-12
E006551,C001685,login,2025-12-01
E006552,C001685,login,2025-09-08
E006553,C007403,login,2025-08-21
E006554,C007613,complaint,2025-07-13
E006555,C007613,consult,2025-09-09
E006556,C007613,consult,2025-11-10
E006557,C007613,complaint,2026-01-28
E006558,C007613,complaint,2025-07-25
E006559,C004409,login,2025-12-09
E006560,C004409,consult,2025-09-30
E006561,C000869,login,2025-09-11
E006562,C000869,login,2025-12-25
E006563,C000869,login,2025-09-30
E006564,C000869,consult,2026-01-04
E006565,C002615,complaint,2025-09-26
E006566,C002615,login,2025-08-14
E006567,C002615,login,2025-06-20
E006568,C002615,login,2025-11-01
E006569,C002615,login,2025-11-03
E006570,C000433,complaint,2025-06-24
E006571,C000433,login,2026-01-13
E006572,C000433,login,2025-11-14
E006573,C002790,login,2026-03-15
E006574,C007345,login,2025-07-10
E006575,C007345,login,2026-03-20
E006576,C007345,login,2025-08-22
E006577,C007345,complaint,2025-10-25
E006578,C000774,login,2025-09-15
E006579,C000774,login,2025-09-06
E006580,C000774,login,2025-07-01
E006581,C007578,login,2026-02-01
E006582,C007578,login,2026-02-26
E006583,C007578,login,2026-01-03
E006584,C007578,login,2025-07-06
E006585,C000954,login,2025-11-02
E006586,C000954,consult,2025-07-23
E006587,C000954,login,2026-03-16
E006588,C000954,login,2025-10-22
E006589,C000954,login,2026-02-01
E006590,C007906,login,2026-02-14
E006591,C007906,complaint,2025-10-05
E006592,C007906,complaint,2025-12-01
E006593,C005104,consult,2025-09-14
E006594,C002339,login,2025-10-24
E006595,C002339,consult,2026-01-12
E006596,C002339,consult,2025-07-27
E006597,C000743,login,2025-08-06
E006598,C002058,login,2025-06-21
E006599,C002058,consult,2026-02-08
E006600,C002058,login,2025-10-16
E006601,C002058,login,2025-09-16
E006602,C005773,login,2025-08-09
E006603,C005773,consult,2025-10-25
E006604,C000117,login,2025-07-25
E006605,C003635,login,2026-03-23
E006606,C004148,login,2025-10-22
E006607,C004079,consult,2026-03-19
E006608,C004079,login,2026-03-17
E006609,C004079,login,2025-07-16
E006610,C004923,login,2025-06-22
E006611,C004923,consult,2025-12-12
E006612,C007337,consult,2025-08-23
E006613,C007337,login,2025-10-16
E006614,C004893,login,2025-06-05
E006615,C004893,login,2025-09-07
E006616,C004893,login,2025-09-10
E006617,C004893,complaint,2025-09-22
E006618,C004893,consult,2025-06-21
E006619,C004194,consult,2025-11-29
E006620,C004194,login,2025-09-09
E006621,C004194,login,2025-06-15
E006622,C004194,login,2026-01-09
E006623,C004194,login,2025-08-19
E006624,C005216,login,2025-07-22
E006625,C005216,consult,2025-08-31
E006626,C006657,login,2025-09-18
E006627,C006657,complaint,2025-08-30
E006628,C006832,login,2025-09-13
E006629,C006883,consult,2025-07-09
E006630,C001786,login,2026-01-03
E006631,C001786,login,2026-01-29
E006632,C007123,consult,2026-03-06
E006633,C007123,login,2025-06-05
E006634,C006582,login,2025-12-07
E006635,C006582,login,2025-11-13
E006636,C000738,complaint,2025-11-08
E006637,C000738,login,2025-12-08
E006638,C002807,consult,2025-09-17
E006639,C002807,login,2026-02-19
E006640,C000081,consult,2026-02-19
E006641,C000081,login,2026-01-30
E006642,C004887,login,2026-02-09
E006643,C004887,consult,2026-01-06
E006644,C005788,login,2025-06-11
E006645,C005788,complaint,2025-12-21
E006646,C007357,login,2025-12-16
E006647,C007357,login,2025-12-02
E006648,C006934,login,2025-08-04
E006649,C006934,login,2026-02-09
E006650,C006934,login,2025-12-07
E006651,C006934,login,2025-10-27
E006652,C006934,login,2026-01-18
E006653,C002018,login,2026-02-16
E006654,C002018,complaint,2025-12-22
E006655,C002018,login,2025-08-03
E006656,C004068,login,2025-11-09
E006657,C003636,login,2025-08-02
E006658,C003636,consult,2025-11-12
E006659,C006865,login,2025-11-26
E006660,C000174,login,2026-01-31
E006661,C004004,login,2026-01-06
E006662,C006199,consult,2025-09-08
E006663,C006199,consult,2026-03-09
E006664,C006199,login,2025-07-03
E006665,C006199,login,2025-07-29
E006666,C001167,complaint,2026-03-20
E006667,C001167,complaint,2025-08-25
E006668,C001167,login,2025-12-25
E006669,C001167,consult,2025-09-26
E006670,C001167,login,2026-02-16
E006671,C000910,complaint,2025-08-26
E006672,C000910,login,2025-11-27
E006673,C001720,login,2025-09-15
E006674,C001720,login,2026-03-25
E006675,C001720,consult,2025-09-26
E006676,C001720,complaint,2025-10-29
E006677,C001720,login,2026-01-29
E006678,C003555,login,2026-01-26
E006679,C003555,login,2026-01-29
E006680,C003555,login,2025-08-20
E006681,C005842,complaint,2025-12-21
E006682,C005842,login,2025-10-08
E006683,C005397,complaint,2025-12-01
E006684,C004411,login,2026-01-07
E006685,C004411,login,2025-09-27
E006686,C004411,login,2025-10-31
E006687,C004411,login,2026-03-22
E006688,C004411,login,2025-11-11
E006689,C001979,login,2025-06-07
E006690,C001979,login,2025-06-09
E006691,C001979,consult,2026-01-26
E006692,C001979,consult,2025-07-24
E006693,C004108,consult,2025-08-22
E006694,C004108,complaint,2025-12-16
E006695,C004108,login,2025-09-11
E006696,C007145,login,2025-09-25
E006697,C007145,consult,2026-01-28
E006698,C007145,login,2025-11-03
E006699,C007145,login,2025-07-15
E006700,C001975,complaint,2026-03-22
E006701,C001975,complaint,2025-09-01
E006702,C001946,login,2025-08-20
E006703,C001946,consult,2025-12-11
E006704,C001946,login,2025-08-18
E006705,C001946,consult,2025-09-04
E006706,C001946,login,2025-08-18
E006707,C001421,consult,2025-07-31
E006708,C001421,login,2026-01-28
E006709,C002387,login,2025-10-05
E006710,C002387,consult,2025-10-03
E006711,C002387,login,2025-08-29
E006712,C001537,consult,2025-08-22
E006713,C001537,complaint,2025-11-14
E006714,C001537,login,2025-06-27
E006715,C001537,login,2025-08-13
E006716,C001537,login,2025-09-08
E006717,C007419,login,2025-06-23
E006718,C007419,login,2025-11-25
E006719,C002536,login,2025-08-15
E006720,C003399,complaint,2025-07-06
E006721,C003399,login,2025-10-15
E006722,C003399,login,2025-08-25
E006723,C003399,login,2026-01-06
E006724,C004570,login,2026-03-06
E006725,C004570,login,2025-06-30
E006726,C000185,login,2026-01-16
E006727,C000185,login,2025-12-05
E006728,C000185,consult,2025-10-24
E006729,C006504,complaint,2025-07-12
E006730,C002608,login,2025-08-15
E006731,C002608,login,2025-11-28
E006732,C002608,login,2025-08-17
E006733,C006164,consult,2025-08-15
E006734,C006164,login,2026-01-27
E006735,C006585,login,2025-11-09
E006736,C006585,login,2025-08-21
E006737,C006585,login,2025-10-09
E006738,C006585,consult,2025-07-30
E006739,C006585,login,2025-06-19
E006740,C003330,login,2025-11-19
E006741,C006477,login,2025-10-12
E006742,C006477,login,2025-09-23
E006743,C006477,login,2025-09-02
E006744,C006477,consult,2025-11-18
E006745,C001072,login,2026-03-04
E006746,C001072,login,2025-12-19
E006747,C001072,login,2025-07-13
E006748,C005378,login,2025-09-07
E006749,C005378,login,2026-03-02
E006750,C005378,login,2026-02-24
E006751,C005378,complaint,2025-10-09
E006752,C005378,consult,2026-01-19
E006753,C006738,login,2025-11-24
E006754,C006738,login,2026-03-03
E006755,C003709,login,2026-02-15
E006756,C003709,consult,2025-08-03
E006757,C003709,consult,2025-07-11
E006758,C005337,login,2025-11-11
E006759,C005337,login,2026-03-12
E006760,C005337,login,2025-10-28
E006761,C005337,consult,2025-10-30
E006762,C005337,consult,2025-11-13
E006763,C000933,login,2026-01-30
E006764,C001650,login,2025-08-04
E006765,C001650,login,2025-08-17
E006766,C001650,login,2025-06-24
E006767,C000356,login,2026-01-30
E006768,C000356,login,2025-12-04
E006769,C000068,login,2025-06-20
E006770,C007966,login,2026-01-04
E006771,C007966,login,2025-06-02
E006772,C004265,login,2026-01-14
E006773,C004265,login,2026-01-26
E006774,C004265,login,2026-03-18
E006775,C004265,consult,2025-06-14
E006776,C004265,login,2025-09-17
E006777,C003674,consult,2025-12-31
E006778,C003674,login,2025-09-29
E006779,C003674,consult,2025-06-01
E006780,C005136,login,2026-02-26
E006781,C005136,login,2026-01-02
E006782,C004037,login,2026-01-15
E006783,C004037,login,2026-02-28
E006784,C004037,complaint,2025-07-24
E006785,C004037,login,2026-01-12
E006786,C004037,login,2025-12-30
E006787,C001818,consult,2025-07-30
E006788,C001818,login,2025-12-20
E006789,C003567,complaint,2025-11-28
E006790,C003567,login,2026-03-24
E006791,C007050,consult,2025-06-19
E006792,C007050,login,2025-11-09
E006793,C001253,login,2026-03-05
E006794,C001253,consult,2025-11-10
E006795,C001253,login,2026-02-15
E006796,C004899,login,2025-11-29
E006797,C004899,login,2026-02-19
E006798,C004899,login,2025-08-25
E006799,C007354,login,2025-08-16
E006800,C007354,consult,2025-09-08
E006801,C004224,complaint,2025-09-18
E006802,C004224,login,2025-10-14
E006803,C004224,login,2025-06-18
E006804,C001671,login,2025-07-04
E006805,C001671,consult,2025-09-02
E006806,C001671,consult,2026-01-13
E006807,C001671,login,2025-07-03
E006808,C001671,login,2025-09-28
E006809,C001126,consult,2025-12-08
E006810,C001126,login,2025-11-14
E006811,C001126,complaint,2025-11-28
E006812,C001126,login,2025-06-02
E006813,C001126,login,2025-10-06
E006814,C006437,login,2026-01-28
E006815,C006437,login,2025-08-17
E006816,C006437,login,2026-01-20
E006817,C006437,consult,2026-03-18
E006818,C006437,complaint,2025-07-23
E006819,C000244,login,2025-11-14
E006820,C000244,login,2026-01-07
E006821,C007772,login,2026-03-13
E006822,C007772,login,2026-01-09
E006823,C007772,consult,2025-11-24
E006824,C002496,complaint,2026-03-18
E006825,C002496,consult,2025-10-23
E006826,C004386,login,2025-11-30
E006827,C004386,login,2025-12-20
E006828,C001217,complaint,2026-01-11
E006829,C001217,login,2025-12-21
E006830,C001217,login,2025-12-15
E006831,C001217,login,2025-09-10
E006832,C006208,consult,2025-08-26
E006833,C006208,consult,2025-06-27
E006834,C006208,login,2026-01-18
E006835,C006450,login,2025-07-07
E006836,C006450,login,2025-10-01
E006837,C006450,login,2025-09-04
E006838,C006450,login,2025-09-12
E006839,C002993,login,2025-09-09
E006840,C007257,login,2025-08-06
E006841,C004375,consult,2026-01-31
E006842,C004375,complaint,2025-09-20
E006843,C004375,login,2025-07-19
E006844,C004083,login,2025-08-06
E006845,C004083,login,2026-02-08
E006846,C004083,login,2025-12-19
E006847,C004083,consult,2025-09-18
E006848,C002704,consult,2026-02-24
E006849,C002704,login,2025-09-01
E006850,C006858,consult,2026-02-20
E006851,C006858,login,2026-02-06
E006852,C006858,login,2025-09-22
E006853,C006858,login,2026-03-19
E006854,C006858,login,2025-08-10
E006855,C003062,complaint,2026-03-08
E006856,C003062,login,2026-03-18
E006857,C002992,login,2025-12-26
E006858,C002992,consult,2025-08-06
E006859,C002992,login,2026-02-01
E006860,C007429,login,2026-03-18
E006861,C007429,login,2025-07-17
E006862,C006330,login,2026-03-19
E006863,C006330,login,2025-06-23
E006864,C006330,login,2025-10-10
E006865,C005265,login,2025-09-12
E006866,C005265,consult,2025-09-02
E006867,C005265,consult,2025-12-02
E006868,C005265,login,2025-08-02
E006869,C005265,login,2025-10-08
E006870,C004052,login,2025-11-24
E006871,C004052,login,2025-07-23
E006872,C005695,complaint,2025-11-29
E006873,C005695,login,2025-11-10
E006874,C005695,consult,2026-02-23
E006875,C005695,login,2026-03-07
E006876,C005695,login,2026-02-27
E006877,C002983,login,2025-11-11
E006878,C002983,login,2026-03-04
E006879,C002983,login,2025-09-13
E006880,C000061,login,2025-11-24
E006881,C002129,consult,2025-09-02
E006882,C002129,login,2026-03-20
E006883,C002129,consult,2025-12-11
E006884,C002129,consult,2026-01-22
E006885,C002129,login,2025-11-14
E006886,C002959,consult,2025-07-03
E006887,C002959,login,2025-06-21
E006888,C002959,login,2025-12-11
E006889,C006038,consult,2025-07-23
E006890,C006038,complaint,2026-02-05
E006891,C006038,consult,2025-09-07
E006892,C002163,complaint,2026-02-08
E006893,C002163,complaint,2025-09-06
E006894,C002163,login,2026-03-13
E006895,C002163,consult,2025-07-28
E006896,C003492,login,2026-02-14
E006897,C006232,login,2025-09-19
E006898,C006232,login,2025-12-27
E006899,C006232,login,2025-09-17
E006900,C006232,login,2025-06-12
E006901,C006232,consult,2025-09-09
E006902,C005733,login,2026-02-18
E006903,C005733,complaint,2026-03-18
E006904,C005733,login,2025-06-02
E006905,C005733,login,2025-07-05
E006906,C004231,consult,2025-07-03
E006907,C004231,login,2026-01-19
E006908,C004231,consult,2025-09-02
E006909,C004231,login,2025-06-07
E006910,C004231,login,2026-01-02
E006911,C000877,complaint,2025-07-24
E006912,C002982,login,2025-06-28
E006913,C002982,login,2026-03-14
E006914,C002982,login,2025-08-26
E006915,C003922,consult,2026-01-08
E006916,C002153,consult,2025-07-24
E006917,C002153,login,2025-09-30
E006918,C002153,login,2025-07-21
E006919,C002153,login,2026-03-23
E006920,C007527,login,2025-08-21
E006921,C007527,login,2026-02-18
E006922,C006694,login,2025-07-16
E006923,C000543,login,2026-03-08
E006924,C000543,login,2025-06-29
E006925,C000543,login,2026-01-02
E006926,C006297,login,2025-09-16
E006927,C005503,login,2026-01-12
E006928,C005503,complaint,2026-03-04
E006929,C005503,complaint,2026-02-26
E006930,C005503,login,2026-02-27
E006931,C005536,login,2025-09-06
E006932,C005536,login,2026-02-20
E006933,C005536,consult,2025-11-22
E006934,C002956,login,2026-02-15
E006935,C002956,login,2025-10-11
E006936,C002956,consult,2026-01-26
E006937,C002956,consult,2025-11-14
E006938,C002956,login,2025-06-29
E006939,C006649,consult,2026-01-14
E006940,C006649,consult,2025-09-15
E006941,C007002,complaint,2026-01-15
E006942,C007002,consult,2025-10-29
E006943,C007002,login,2026-02-26
E006944,C007002,consult,2026-02-11
E006945,C007002,login,2026-02-22
E006946,C007127,consult,2025-10-27
E006947,C007127,login,2026-01-12
E006948,C007855,login,2025-11-20
E006949,C007376,login,2025-11-12
E006950,C007376,login,2025-12-14
E006951,C006810,complaint,2025-11-28
E006952,C006810,login,2025-11-14
E006953,C006810,login,2025-07-02
E006954,C003438,login,2025-11-27
E006955,C003438,login,2026-03-14
E006956,C003760,login,2025-11-02
E006957,C003760,login,2026-03-27
E006958,C004056,consult,2025-07-16
E006959,C004056,consult,2026-01-13
E006960,C004056,complaint,2026-03-06
E006961,C004056,consult,2026-01-15
E006962,C004056,complaint,2025-09-07
E006963,C001491,login,2026-03-02
E006964,C001491,login,2025-08-29
E006965,C000946,login,2025-07-15
E006966,C000946,login,2026-02-01
E006967,C000946,login,2025-09-18
E006968,C001078,login,2025-11-09
E006969,C000369,login,2025-08-01
E006970,C000369,login,2025-06-07
E006971,C000563,login,2025-12-03
E006972,C000563,login,2025-09-02
E006973,C000563,login,2026-03-24
E006974,C001450,login,2025-07-27
E006975,C001450,consult,2025-12-03
E006976,C001450,login,2026-01-17
E006977,C005074,complaint,2025-10-28
E006978,C005074,login,2025-10-22
E006979,C005074,login,2025-09-18
E006980,C005074,login,2025-07-27
E006981,C005074,login,2025-11-23
E006982,C007329,consult,2026-03-19
E006983,C007329,login,2025-12-09
E006984,C007329,login,2026-02-20
E006985,C007329,login,2025-09-27
E006986,C000700,consult,2026-02-24
E006987,C000700,login,2026-02-27
E006988,C000700,login,2025-12-08
E006989,C000700,login,2025-09-20
E006990,C001299,login,2025-07-24
E006991,C001299,complaint,2025-09-28
E006992,C001299,consult,2025-06-21
E006993,C001364,login,2025-09-19
E006994,C003561,consult,2025-11-26
E006995,C001380,consult,2026-02-21
E006996,C001380,consult,2025-07-21
E006997,C006884,login,2025-06-25
E006998,C004819,login,2025-12-08
E006999,C004819,login,2025-10-19
E007000,C000153,complaint,2025-12-05
E007001,C000153,login,2025-09-24
E007002,C003118,login,2026-03-10
E007003,C003118,login,2025-11-09
E007004,C007846,login,2025-08-11
E007005,C007846,consult,2025-09-07
E007006,C007846,consult,2026-03-04
E007007,C007846,login,2025-09-03
E007008,C007846,login,2026-01-21
E007009,C004550,complaint,2025-12-09
E007010,C004550,login,2026-02-12
E007011,C004550,login,2025-12-19
E007012,C004550,login,2025-12-08
E007013,C004550,login,2025-06-08
E007014,C000229,consult,2026-03-07
E007015,C004437,login,2025-12-13
E007016,C004437,login,2025-07-17
E007017,C004437,consult,2025-11-11
E007018,C004437,consult,2025-11-16
E007019,C001954,login,2025-09-10
E007020,C007672,login,2026-03-11
E007021,C007672,login,2025-09-06
E007022,C007672,login,2025-09-22
E007023,C001900,login,2025-09-01
E007024,C001900,login,2025-10-06
E007025,C001900,complaint,2025-10-12
E007026,C001900,complaint,2026-01-28
E007027,C004662,login,2025-07-31
E007028,C004662,login,2026-01-22
E007029,C004662,login,2025-11-22
E007030,C005929,login,2025-11-30
E007031,C005929,login,2025-06-17
E007032,C005929,login,2025-07-24
E007033,C005929,complaint,2025-12-29
E007034,C005929,login,2025-11-02
E007035,C006666,login,2026-01-07
E007036,C006666,consult,2025-07-15
E007037,C006666,consult,2025-06-16
E007038,C006666,login,2025-09-01
E007039,C006666,login,2025-10-28
E007040,C004328,login,2025-06-07
E007041,C001131,login,2026-01-21
E007042,C001131,login,2025-10-17
E007043,C001131,login,2025-08-10
E007044,C001131,login,2026-01-06
E007045,C000131,login,2026-03-20
E007046,C000131,consult,2025-06-17
E007047,C006938,login,2025-08-14
E007048,C006938,login,2026-03-24
E007049,C006938,login,2025-07-10
E007050,C006938,login,2025-11-01
E007051,C006938,consult,2026-02-18
E007052,C001405,login,2025-06-20
E007053,C001405,login,2025-12-23
E007054,C001405,login,2026-02-05
E007055,C001405,login,2025-12-10
E007056,C000494,login,2025-12-19
E007057,C004278,login,2025-12-18
E007058,C004278,login,2025-08-22
E007059,C004278,login,2025-11-18
E007060,C004644,consult,2025-11-27
E007061,C005348,login,2026-03-11
E007062,C005348,consult,2025-11-06
E007063,C005348,complaint,2026-03-07
E007064,C005348,login,2025-11-14
E007065,C005348,login,2025-07-07
E007066,C005856,complaint,2025-09-13
E007067,C005856,consult,2025-07-07
E007068,C001599,login,2025-06-26
E007069,C001599,login,2025-09-08
E007070,C001599,login,2026-03-17
E007071,C001599,login,2025-10-11
E007072,C003259,login,2025-07-13
E007073,C003259,consult,2025-12-03
E007074,C003259,login,2025-07-03
E007075,C003259,login,2025-11-22
E007076,C003716,login,2026-02-13
E007077,C003716,complaint,2025-07-09
E007078,C000928,login,2025-12-17
E007079,C000928,consult,2026-01-19
E007080,C000928,login,2026-01-13
E007081,C000928,complaint,2025-11-08
E007082,C000928,complaint,2025-06-19
E007083,C003216,login,2025-07-30
E007084,C003216,login,2025-06-13
E007085,C003216,login,2025-10-10
E007086,C003216,consult,2025-08-06
E007087,C003216,login,2025-06-03
E007088,C005308,login,2025-08-13
E007089,C005308,login,2025-07-18
E007090,C005308,login,2025-08-18
E007091,C005308,login,2025-10-06
E007092,C006071,login,2025-10-18
E007093,C006071,login,2026-03-11
E007094,C006071,login,2025-10-01
E007095,C002248,consult,2026-01-06
E007096,C002248,login,2025-06-10
E007097,C002248,consult,2025-08-30
E007098,C002248,login,2026-03-05
E007099,C002248,login,2025-10-25
E007100,C002846,consult,2025-06-01
E007101,C002846,consult,2025-10-10
E007102,C002846,login,2026-03-13
E007103,C001377,consult,2026-01-14
E007104,C001377,complaint,2026-02-21
E007105,C001377,login,2025-09-13
E007106,C001377,login,2026-01-30
E007107,C001377,login,2025-12-04
E007108,C001103,login,2025-11-30
E007109,C001103,complaint,2025-07-15
E007110,C001103,consult,2025-10-17
E007111,C002265,login,2025-07-09
E007112,C002265,consult,2025-10-21
E007113,C002265,login,2026-02-20
E007114,C002265,login,2026-02-07
E007115,C002265,login,2025-07-20
E007116,C002484,consult,2025-08-10
E007117,C002484,consult,2025-06-28
E007118,C002484,login,2025-07-03
E007119,C002484,login,2025-12-08
E007120,C002484,consult,2025-08-06
E007121,C006387,complaint,2025-09-03
E007122,C006387,login,2025-11-10
E007123,C006387,login,2025-09-24
E007124,C006387,complaint,2025-12-10
E007125,C006387,consult,2025-11-17
E007126,C000058,login,2025-08-18
E007127,C000058,consult,2025-09-13
E007128,C006837,login,2025-11-13
E007129,C006837,login,2025-10-13
E007130,C006837,login,2025-09-09
E007131,C006981,consult,2025-09-15
E007132,C006981,login,2026-03-16
E007133,C007761,login,2025-07-08
E007134,C007761,login,2026-03-10
E007135,C007761,login,2025-12-21
E007136,C002437,login,2025-11-04
E007137,C002647,login,2025-07-29
E007138,C002647,consult,2025-09-05
E007139,C002647,login,2025-10-24
E007140,C002064,consult,2026-01-03
E007141,C005949,consult,2025-11-28
E007142,C005949,complaint,2025-10-01
E007143,C007615,login,2026-02-16
E007144,C007615,login,2025-09-24
E007145,C001403,login,2025-12-26
E007146,C001403,login,2025-10-11
E007147,C001403,login,2025-11-28
E007148,C004531,login,2026-01-23
E007149,C004531,complaint,2026-02-25
E007150,C004531,login,2026-01-17
E007151,C004531,login,2025-11-21
E007152,C002371,login,2025-09-23
E007153,C002371,login,2026-03-03
E007154,C002371,login,2025-09-01
E007155,C002920,login,2025-11-06
E007156,C002920,login,2025-07-04
E007157,C002920,login,2025-08-03
E007158,C002920,consult,2025-07-20
E007159,C006874,consult,2026-01-01
E007160,C006874,login,2025-12-17
E007161,C006874,login,2025-08-03
E007162,C006874,complaint,2025-11-15
E007163,C006603,login,2025-07-24
E007164,C006603,login,2026-01-31
E007165,C002277,consult,2026-03-05
E007166,C002277,login,2025-12-16
E007167,C002277,login,2025-08-23
E007168,C005015,login,2026-02-14
E007169,C006233,login,2025-09-13
E007170,C006233,complaint,2025-11-17
E007171,C006233,login,2025-12-22
E007172,C006233,consult,2025-11-06
E007173,C006233,complaint,2025-06-19
E007174,C003713,login,2025-10-30
E007175,C003713,consult,2025-12-12
E007176,C003713,login,2025-08-27
E007177,C003713,login,2026-01-25
E007178,C003713,login,2026-01-23
E007179,C005678,complaint,2026-02-08
E007180,C005678,complaint,2025-11-23
E007181,C005678,complaint,2025-07-07
E007182,C003573,login,2025-07-13
E007183,C003573,consult,2026-03-05
E007184,C003573,login,2025-10-09
E007185,C003573,login,2025-10-15
E007186,C007167,complaint,2026-02-17
E007187,C003677,consult,2025-07-04
E007188,C003854,login,2025-11-07
E007189,C006003,consult,2025-12-19
E007190,C006003,login,2025-08-05
E007191,C006068,complaint,2025-07-24
E007192,C000042,complaint,2025-07-24
E007193,C000042,login,2025-09-21
E007194,C000042,login,2026-02-06
E007195,C002715,complaint,2025-11-21
E007196,C006555,consult,2025-09-08
E007197,C006555,login,2025-06-12
E007198,C006555,login,2025-12-05
E007199,C006555,consult,2026-03-17
E007200,C000839,consult,2026-01-31
E007201,C000839,login,2026-02-28
E007202,C000839,login,2025-12-25
E007203,C003485,login,2026-02-20
E007204,C004725,login,2025-09-24
E007205,C004725,login,2026-01-29
E007206,C004725,login,2025-08-05
E007207,C004725,login,2025-10-22
E007208,C004725,login,2025-09-01
E007209,C005884,login,2025-10-18
E007210,C005884,login,2025-10-01
E007211,C005884,consult,2025-07-03
E007212,C005884,login,2025-08-07
E007213,C005884,consult,2025-09-28
E007214,C003878,consult,2025-09-17
E007215,C003878,login,2025-10-22
E007216,C003878,consult,2025-06-22
E007217,C003878,login,2025-07-02
E007218,C001730,login,2025-06-16
E007219,C004298,complaint,2026-03-04
E007220,C004298,login,2025-09-19
E007221,C004298,consult,2026-01-17
E007222,C004298,login,2025-06-16
E007223,C000588,login,2025-11-03
E007224,C000588,login,2025-12-29
E007225,C007803,consult,2025-06-19
E007226,C007803,consult,2025-10-28
E007227,C007803,login,2026-03-25
E007228,C007803,login,2025-07-10
E007229,C007803,login,2025-09-03
E007230,C007656,complaint,2025-12-21
E007231,C007656,login,2026-01-23
E007232,C007656,login,2025-08-14
E007233,C003195,login,2025-12-06
E007234,C002778,login,2025-07-31
E007235,C002854,consult,2025-08-12
E007236,C002854,login,2025-10-18
E007237,C002854,complaint,2025-06-20
E007238,C002854,login,2025-11-10
E007239,C002854,complaint,2025-07-22
E007240,C002962,consult,2026-01-14
E007241,C007317,login,2025-08-23
E007242,C007317,complaint,2026-03-24
E007243,C007317,login,2025-06-23
E007244,C007317,login,2025-11-24
E007245,C007317,consult,2025-08-22
E007246,C007881,complaint,2025-07-12
E007247,C007881,consult,2025-11-16
E007248,C007881,complaint,2025-10-23
E007249,C007881,login,2025-06-01
E007250,C007881,login,2025-07-30
E007251,C003941,login,2025-06-30
E007252,C003941,complaint,2025-09-29
E007253,C003941,login,2025-07-28
E007254,C003941,complaint,2025-08-11
E007255,C004699,consult,2025-08-04
E007256,C001765,login,2025-06-26
E007257,C001765,login,2026-01-10
E007258,C001765,login,2025-11-18
E007259,C001765,login,2026-02-09
E007260,C000714,complaint,2025-08-22
E007261,C000714,login,2025-07-11
E007262,C000714,login,2026-01-25
E007263,C003774,consult,2025-11-30
E007264,C003774,login,2025-08-19
E007265,C003774,login,2026-03-15
E007266,C003774,consult,2026-03-23
E007267,C003774,consult,2025-08-18
E007268,C000196,login,2025-07-10
E007269,C000196,login,2025-06-05
E007270,C001874,login,2025-10-22
E007271,C002017,login,2025-07-05
E007272,C002017,login,2026-02-12
E007273,C002017,login,2025-12-25
E007274,C002017,login,2025-06-05
E007275,C002017,consult,2025-07-21
E007276,C002593,login,2025-06-01
E007277,C002593,login,2025-12-02
E007278,C001091,login,2025-10-09
E007279,C001091,login,2026-01-15
E007280,C001091,login,2025-08-14
E007281,C001091,login,2025-08-09
E007282,C001091,consult,2025-07-09
E007283,C001448,login,2025-09-16
E007284,C001448,login,2025-11-02
E007285,C001448,login,2025-11-01
E007286,C001448,login,2025-11-18
E007287,C001448,consult,2025-09-28
E007288,C004634,login,2026-03-19
E007289,C007399,consult,2025-11-30
E007290,C007399,login,2025-07-06
E007291,C007059,login,2025-10-15
E007292,C007059,login,2025-12-20
E007293,C007059,complaint,2025-10-20
E007294,C007059,login,2025-06-04
E007295,C001645,login,2025-06-05
E007296,C004279,login,2025-08-27
E007297,C004279,login,2026-02-14
E007298,C004279,consult,2026-02-16
E007299,C004279,consult,2025-12-30
E007300,C003160,login,2026-03-22
E007301,C003160,login,2025-12-02
E007302,C003160,login,2025-11-28
E007303,C003160,login,2025-10-31
E007304,C005896,login,2025-09-01
E007305,C005896,login,2025-10-20
E007306,C005748,login,2025-11-22
E007307,C005748,complaint,2026-01-26
E007308,C005748,login,2026-01-15
E007309,C005748,login,2026-01-03
E007310,C005748,login,2025-08-18
E007311,C004139,login,2025-08-11
E007312,C004139,login,2026-02-10
E007313,C003463,consult,2026-03-16
E007314,C002946,login,2026-01-25
E007315,C002426,consult,2025-11-26
E007316,C002426,consult,2025-10-04
E007317,C002426,login,2026-01-28
E007318,C002426,consult,2025-11-01
E007319,C000475,login,2025-07-10
E007320,C000475,login,2025-09-09
E007321,C000475,login,2025-09-16
E007322,C000475,consult,2025-11-01
E007323,C000398,consult,2025-11-15
E007324,C000398,login,2025-10-13
E007325,C000398,consult,2025-11-29
E007326,C007215,consult,2025-07-05
E007327,C007215,login,2025-08-12
E007328,C007215,login,2025-06-07
E007329,C004160,login,2025-09-20
E007330,C004160,login,2026-03-19
E007331,C000370,login,2026-03-03
E007332,C000370,login,2025-11-28
E007333,C000370,login,2026-02-19
E007334,C000370,login,2025-12-03
E007335,C005815,login,2026-03-12
E007336,C005815,login,2025-10-11
E007337,C003113,login,2026-03-02
E007338,C003113,login,2025-08-11
E007339,C002237,consult,2025-09-05
E007340,C002237,complaint,2025-12-21
E007341,C002237,login,2026-02-18
E007342,C002237,login,2026-03-15
E007343,C007426,login,2025-09-10
E007344,C007426,login,2025-12-27
E007345,C007426,login,2025-09-30
E007346,C007426,login,2025-11-16
E007347,C007426,login,2025-08-15
E007348,C003978,complaint,2025-07-30
E007349,C003978,login,2026-02-24
E007350,C005305,login,2025-12-22
E007351,C005305,login,2025-12-30
E007352,C005305,login,2025-09-19
E007353,C005440,login,2026-02-15
E007354,C005440,complaint,2025-10-01
E007355,C005440,login,2026-02-02
E007356,C005440,login,2025-06-08
E007357,C005423,consult,2026-03-11
E007358,C005423,consult,2026-01-19
E007359,C005423,consult,2026-03-17
E007360,C005423,login,2025-11-18
E007361,C005423,login,2026-02-09
E007362,C006517,login,2025-12-23
E007363,C006517,login,2025-12-19
E007364,C006517,login,2025-11-03
E007365,C001766,login,2026-02-11
E007366,C001766,consult,2025-10-25
E007367,C000717,consult,2025-09-28
E007368,C000717,login,2025-11-05
E007369,C000717,login,2025-07-25
E007370,C000717,login,2026-02-01
E007371,C002377,login,2025-11-27
E007372,C002960,login,2025-07-05
E007373,C002960,login,2025-10-04
E007374,C002960,login,2025-08-12
E007375,C002960,login,2025-09-06
E007376,C002221,login,2026-03-02
E007377,C004006,login,2025-11-30
E007378,C004006,login,2025-09-04
E007379,C004006,login,2026-01-31
E007380,C004006,login,2025-09-22
E007381,C002747,login,2025-08-24
E007382,C002747,login,2025-06-08
E007383,C002747,login,2025-10-04
E007384,C002747,complaint,2025-09-27
E007385,C002747,login,2025-08-18
E007386,C006070,complaint,2025-07-02
E007387,C004508,login,2026-01-31
E007388,C004508,login,2026-01-29
E007389,C004508,login,2025-09-24
E007390,C004508,login,2025-08-14
E007391,C004930,login,2025-08-03
E007392,C004930,login,2025-08-01
E007393,C004930,login,2025-09-25
E007394,C007560,login,2025-10-01
E007395,C007560,login,2025-07-23
E007396,C007560,login,2025-11-27
E007397,C007144,consult,2025-10-11
E007398,C007144,login,2026-02-16
E007399,C007144,login,2025-07-19
E007400,C001239,login,2025-12-11
E007401,C001239,complaint,2025-06-24
E007402,C001239,login,2026-01-03
E007403,C001239,login,2025-06-05
E007404,C004022,login,2026-03-22
E007405,C004022,login,2025-08-20
E007406,C004022,login,2025-07-24
E007407,C004048,consult,2025-12-28
E007408,C004048,consult,2026-02-28
E007409,C004048,consult,2026-02-27
E007410,C004048,login,2025-06-29
E007411,C004048,login,2025-07-22
E007412,C006181,login,2025-09-13
E007413,C006181,consult,2025-06-28
E007414,C005969,consult,2025-07-26
E007415,C005969,login,2025-07-09
E007416,C005969,login,2025-12-10
E007417,C002463,login,2026-02-18
E007418,C005056,login,2025-08-05
E007419,C005056,consult,2026-01-11
E007420,C005056,login,2025-09-14
E007421,C006307,login,2025-11-05
E007422,C001837,login,2025-06-17
E007423,C001837,consult,2026-01-26
E007424,C001837,login,2026-03-06
E007425,C001837,consult,2025-08-04
E007426,C001837,login,2025-07-28
E007427,C001612,login,2025-09-25
E007428,C001612,login,2026-03-01
E007429,C001612,complaint,2025-12-09
E007430,C001612,login,2025-10-07
E007431,C001612,login,2025-07-06
E007432,C006132,consult,2026-01-04
E007433,C007040,consult,2025-09-30
E007434,C007040,login,2026-01-03
E007435,C007040,consult,2025-10-31
E007436,C007040,login,2025-11-08
E007437,C000161,login,2025-10-03
E007438,C000161,login,2026-03-18
E007439,C000161,login,2026-01-25
E007440,C000161,login,2025-06-26
E007441,C000161,login,2026-01-11
E007442,C005297,login,2025-10-06
E007443,C005297,login,2025-08-07
E007444,C005297,consult,2025-12-24
E007445,C001972,login,2025-09-28
E007446,C001972,login,2025-06-09
E007447,C001972,login,2025-10-04
E007448,C001972,complaint,2025-11-17
E007449,C007336,consult,2026-02-14
E007450,C007336,login,2025-10-01
E007451,C007336,consult,2026-03-11
E007452,C002652,consult,2025-12-24
E007453,C002652,consult,2026-01-16
E007454,C002652,login,2025-10-05
E007455,C002652,login,2025-07-21
E007456,C002088,login,2025-11-20
E007457,C000450,login,2025-12-07
E007458,C000450,complaint,2025-11-11
E007459,C001381,consult,2025-12-29
E007460,C001381,login,2026-01-09
E007461,C001381,login,2026-03-20
E007462,C006299,login,2025-07-25
E007463,C007890,login,2026-03-27
E007464,C006580,login,2026-03-07
E007465,C006580,login,2025-09-25
E007466,C006580,login,2025-09-10
E007467,C006580,complaint,2026-01-28
E007468,C003539,consult,2025-09-25
E007469,C003539,consult,2025-09-11
E007470,C003539,login,2025-09-27
E007471,C003539,login,2025-12-17
E007472,C003539,consult,2025-10-04
E007473,C005118,login,2025-08-24
E007474,C005118,login,2025-10-05
E007475,C005118,login,2025-06-07
E007476,C005118,consult,2026-02-12
E007477,C005118,login,2025-08-18
E007478,C003784,login,2026-02-21
E007479,C003784,login,2025-08-11
E007480,C003784,login,2025-12-29
E007481,C003784,login,2025-12-09
E007482,C001110,login,2026-01-05
E007483,C001110,complaint,2025-09-18
E007484,C001110,consult,2025-12-11
E007485,C001110,login,2026-02-05
E007486,C003839,login,2025-12-08
E007487,C003839,login,2026-03-09
E007488,C003839,login,2026-03-20
E007489,C005902,login,2025-08-07
E007490,C005902,complaint,2025-10-31
E007491,C003726,login,2026-01-23
E007492,C003726,consult,2025-12-04
E007493,C003726,complaint,2026-02-27
E007494,C003726,login,2025-06-01
E007495,C003753,login,2025-12-23
E007496,C003753,consult,2026-03-05
E007497,C003753,consult,2025-08-18
E007498,C003753,consult,2025-09-22
E007499,C003753,complaint,2025-08-02
E007500,C000164,login,2025-07-04
E007501,C000445,login,2025-08-26
E007502,C000445,consult,2025-07-31
E007503,C000445,login,2025-07-27
E007504,C000445,consult,2026-02-11
E007505,C000641,login,2025-11-23
E007506,C006644,login,2025-10-29
E007507,C006644,complaint,2026-01-26
E007508,C006644,login,2026-01-17
E007509,C006644,login,2026-02-08
E007510,C007288,login,2025-08-11
E007511,C007288,login,2025-06-12
E007512,C007288,login,2026-02-28
E007513,C007288,login,2025-12-27
E007514,C007288,login,2025-09-12
E007515,C001154,login,2025-12-30
E007516,C001154,consult,2025-08-12
E007517,C001154,login,2026-03-02
E007518,C001154,login,2025-07-16
E007519,C001154,login,2025-09-09
E007520,C007793,login,2025-08-09
E007521,C007793,login,2025-12-31
E007522,C007793,login,2025-08-15
E007523,C007793,consult,2025-07-01
E007524,C007793,login,2025-12-25
E007525,C005417,consult,2025-07-23
E007526,C005417,login,2025-12-10
E007527,C005417,login,2026-01-13
E007528,C005417,login,2025-09-21
E007529,C005417,login,2026-02-24
E007530,C001182,consult,2025-11-30
E007531,C001182,login,2025-06-12
E007532,C001182,login,2025-09-29
E007533,C001182,consult,2025-11-07
E007534,C001182,login,2025-12-02
E007535,C004252,login,2026-02-12
E007536,C004252,login,2025-11-20
E007537,C004252,login,2026-01-22
E007538,C004252,login,2025-11-25
E007539,C000736,complaint,2025-07-10
E007540,C000736,login,2025-09-13
E007541,C000736,complaint,2025-12-01
E007542,C001138,consult,2025-10-08
E007543,C001138,consult,2026-01-08
E007544,C007711,login,2026-01-30
E007545,C007711,login,2025-07-14
E007546,C007711,login,2025-11-03
E007547,C007711,login,2026-01-10
E007548,C007394,login,2025-08-04
E007549,C007394,login,2025-09-26
E007550,C007394,consult,2025-10-28
E007551,C005945,login,2025-06-24
E007552,C005945,login,2025-07-01
E007553,C005945,login,2026-02-06
E007554,C005945,consult,2025-07-31
E007555,C005482,login,2026-02-18
E007556,C005482,login,2025-07-31
E007557,C005482,login,2025-08-05
E007558,C005482,login,2025-09-23
E007559,C004096,login,2025-07-09
E007560,C004096,consult,2026-01-31
E007561,C004096,consult,2026-01-17
E007562,C004096,login,2026-02-05
E007563,C004096,login,2025-06-23
E007564,C004152,login,2026-02-15
E007565,C004152,complaint,2026-03-03
E007566,C004152,login,2025-10-18
E007567,C005392,complaint,2025-11-07
E007568,C005392,login,2026-03-12
E007569,C005392,login,2026-02-01
E007570,C005392,login,2025-07-27
E007571,C005392,login,2025-10-26
E007572,C004546,consult,2026-01-10
E007573,C004546,complaint,2025-09-13
E007574,C000637,login,2025-12-22
E007575,C000637,complaint,2025-08-01
E007576,C000637,consult,2025-08-23
E007577,C003465,login,2026-01-25
E007578,C007608,consult,2026-02-21
E007579,C007608,consult,2025-08-03
E007580,C000109,login,2026-01-28
E007581,C000109,login,2026-01-05
E007582,C000109,login,2026-01-20
E007583,C000109,login,2026-01-08
E007584,C000109,consult,2025-06-28
E007585,C005112,login,2025-12-09
E007586,C005112,login,2025-12-16
E007587,C005238,login,2025-08-16
E007588,C005238,login,2025-07-13
E007589,C005238,login,2026-03-24
E007590,C005238,login,2025-10-28
E007591,C005238,complaint,2026-03-20
E007592,C005874,consult,2026-01-01
E007593,C005874,login,2025-11-19
E007594,C005874,login,2025-11-08
E007595,C005874,login,2025-06-25
E007596,C000280,login,2025-09-19
E007597,C000280,consult,2025-08-25
E007598,C000280,login,2026-02-26
E007599,C000280,consult,2025-09-15
E007600,C007268,login,2026-01-01
E007601,C007268,complaint,2025-06-16
E007602,C007268,login,2025-09-13
E007603,C007268,login,2026-01-30
E007604,C004765,login,2025-12-21
E007605,C004765,login,2025-06-27
E007606,C002396,login,2025-09-26
E007607,C002396,login,2025-10-03
E007608,C002396,consult,2025-06-23
E007609,C002396,login,2025-12-14
E007610,C002396,login,2025-08-08
E007611,C005431,login,2025-09-29
E007612,C005431,consult,2025-08-09
E007613,C005431,login,2025-12-31
E007614,C001821,login,2025-09-14
E007615,C001821,consult,2026-03-08
E007616,C001821,login,2025-09-04
E007617,C001821,consult,2026-02-25
E007618,C004839,login,2025-09-03
E007619,C004839,consult,2025-11-24
E007620,C004839,login,2026-02-14
E007621,C004839,complaint,2025-12-03
E007622,C006985,login,2025-08-06
E007623,C006985,consult,2025-10-11
E007624,C006985,complaint,2025-07-15
E007625,C000139,consult,2025-08-27
E007626,C000139,login,2025-11-16
E007627,C006236,complaint,2026-03-19
E007628,C006236,login,2025-10-06
E007629,C006236,login,2025-11-02
E007630,C001855,complaint,2025-08-27
E007631,C001855,consult,2026-03-13
E007632,C001855,login,2025-07-20
E007633,C001855,complaint,2025-08-24
E007634,C001855,login,2026-01-15
E007635,C004455,login,2026-01-12
E007636,C001295,login,2026-01-22
E007637,C001295,consult,2025-10-01
E007638,C001295,login,2025-07-20
E007639,C001295,consult,2026-02-09
E007640,C007117,login,2026-02-22
E007641,C007117,login,2025-12-21
E007642,C007117,login,2025-08-02
E007643,C007117,login,2025-11-05
E007644,C007117,login,2025-07-19
E007645,C003318,consult,2025-08-07
E007646,C003318,login,2025-06-08
E007647,C003318,login,2026-02-02
E007648,C003318,consult,2026-01-10
E007649,C004011,login,2026-01-26
E007650,C004875,consult,2025-12-30
E007651,C002737,login,2026-03-27
E007652,C002737,login,2025-06-20
E007653,C000914,complaint,2026-03-10
E007654,C000914,login,2026-01-23
E007655,C002154,login,2025-06-22
E007656,C002154,login,2025-07-26
E007657,C002154,login,2026-01-17
E007658,C002154,login,2025-09-15
E007659,C002154,login,2025-06-06
E007660,C004354,login,2026-01-11
E007661,C004354,login,2025-06-20
E007662,C004354,login,2025-12-13
E007663,C004354,login,2025-06-30
E007664,C004354,login,2025-06-24
E007665,C007928,login,2025-12-16
E007666,C007928,login,2025-06-04
E007667,C000121,consult,2025-12-22
E007668,C000121,login,2025-06-25
E007669,C007051,login,2025-10-29
E007670,C007051,login,2025-09-10
E007671,C007051,consult,2025-07-11
E007672,C007051,login,2025-11-25
E007673,C001587,login,2025-10-18
E007674,C001587,consult,2025-08-18
E007675,C001587,consult,2026-01-13
E007676,C001587,consult,2025-12-28
E007677,C004172,complaint,2025-07-22
E007678,C004172,login,2026-01-04
E007679,C004172,consult,2026-03-25
E007680,C004172,login,2026-03-01
E007681,C004172,login,2026-02-04
E007682,C007136,login,2025-07-26
E007683,C007136,login,2025-08-22
E007684,C007136,login,2026-03-25
E007685,C007136,consult,2025-12-22
E007686,C003224,login,2025-07-31
E007687,C003224,login,2026-01-16
E007688,C003224,login,2025-06-17
E007689,C003224,login,2026-03-22
E007690,C003224,login,2026-01-28
E007691,C000038,login,2025-12-24
E007692,C006751,login,2025-09-30
E007693,C006751,login,2025-10-18
E007694,C006751,login,2025-12-11
E007695,C007762,login,2025-12-25
E007696,C005256,login,2025-12-19
E007697,C005256,login,2026-01-03
E007698,C001247,login,2025-08-30
E007699,C001247,login,2026-03-11
E007700,C001247,consult,2025-10-18
E007701,C002623,login,2025-07-27
E007702,C002623,login,2025-12-05
E007703,C006189,login,2025-12-10
E007704,C001245,consult,2025-09-28
E007705,C001245,login,2025-11-29
E007706,C001245,login,2026-03-18
E007707,C001245,consult,2025-10-22
E007708,C001245,login,2025-09-14
E007709,C004039,consult,2025-10-06
E007710,C000246,login,2025-07-17
E007711,C007981,consult,2025-06-13
E007712,C007981,login,2025-07-09
E007713,C007981,login,2025-10-07
E007714,C007227,login,2025-09-08
E007715,C007227,consult,2025-09-22
E007716,C007227,login,2025-08-08
E007717,C007227,complaint,2025-12-27
E007718,C002971,login,2025-10-17
E007719,C002971,login,2025-07-13
E007720,C002971,login,2025-11-23
E007721,C001848,login,2025-12-06
E007722,C001848,login,2025-08-12
E007723,C001848,login,2025-09-29
E007724,C007535,login,2026-02-08
E007725,C007535,login,2025-09-16
E007726,C007535,login,2025-07-15
E007727,C007535,login,2025-09-01
E007728,C007535,consult,2025-09-03
E007729,C007058,login,2025-12-03
E007730,C000241,complaint,2025-07-23
E007731,C000241,complaint,2026-03-17
E007732,C005372,login,2025-09-12
E007733,C005372,login,2025-12-01
E007734,C002196,login,2025-11-18
E007735,C002196,login,2026-01-01
E007736,C002196,login,2025-08-21
E007737,C002196,login,2025-12-07
E007738,C002196,login,2025-08-23
E007739,C003819,login,2025-11-12
E007740,C003819,login,2026-03-26
E007741,C003819,login,2025-09-24
E007742,C002030,complaint,2025-07-17
E007743,C006945,complaint,2026-03-12
E007744,C007206,login,2025-12-19
E007745,C007206,login,2025-12-04
E007746,C000194,login,2025-07-01
E007747,C005217,login,2026-01-28
E007748,C005217,complaint,2026-01-29
E007749,C005217,complaint,2026-01-26
E007750,C001727,login,2025-11-22
E007751,C001727,login,2026-01-11
E007752,C004584,consult,2026-01-22
E007753,C004584,login,2025-08-17
E007754,C004584,login,2025-07-14
E007755,C006760,login,2025-08-02
E007756,C006760,login,2025-09-30
E007757,C002080,consult,2026-02-17
E007758,C003688,login,2026-03-18
E007759,C000036,login,2025-09-09
E007760,C000036,login,2026-01-06
E007761,C000036,complaint,2025-10-29
E007762,C000036,consult,2026-02-13
E007763,C000036,login,2026-02-27
E007764,C000632,consult,2025-06-06
E007765,C000632,consult,2025-10-05
E007766,C000632,login,2025-09-08
E007767,C000632,login,2025-10-26
E007768,C000632,consult,2025-12-14
E007769,C001722,login,2025-12-28
E007770,C001722,consult,2025-10-07
E007771,C001722,login,2026-01-01
E007772,C001722,consult,2025-09-04
E007773,C001722,login,2026-02-26
E007774,C005660,login,2025-12-06
E007775,C005660,login,2025-10-25
E007776,C005660,login,2025-11-27
E007777,C005660,login,2025-11-28
E007778,C005660,consult,2025-08-22
E007779,C005879,login,2025-11-01
E007780,C005879,consult,2025-07-23
E007781,C005879,login,2026-02-27
E007782,C007032,login,2025-07-24
E007783,C002130,login,2025-09-05
E007784,C007967,login,2026-03-25
E007785,C007967,login,2025-09-02
E007786,C007967,login,2025-08-22
E007787,C007967,login,2025-09-09
E007788,C004233,consult,2025-09-03
E007789,C004233,consult,2025-07-31
E007790,C004233,login,2026-01-17
E007791,C003439,login,2026-01-19
E007792,C003439,login,2026-02-15
E007793,C003439,consult,2025-11-26
E007794,C003439,login,2025-08-08
E007795,C003439,consult,2025-07-18
E007796,C001395,login,2025-06-27
E007797,C001395,consult,2026-02-06
E007798,C001395,login,2025-12-16
E007799,C001395,consult,2025-11-18
E007800,C006703,login,2025-08-08
E007801,C006703,login,2025-11-04
E007802,C006703,complaint,2025-12-15
E007803,C006703,login,2025-10-13
E007804,C006541,login,2026-01-21
E007805,C006541,consult,2025-06-22
E007806,C002502,login,2026-03-18
E007807,C002502,login,2025-06-18
E007808,C002502,consult,2026-02-26
E007809,C001548,login,2025-09-15
E007810,C001548,login,2025-09-15
E007811,C001548,consult,2026-01-21
E007812,C001548,login,2025-11-17
E007813,C001548,consult,2025-06-30
E007814,C006860,login,2025-11-18
E007815,C001057,login,2026-03-07
E007816,C001057,login,2025-11-12
E007817,C001057,complaint,2025-08-26
E007818,C001057,consult,2025-08-03
E007819,C002662,login,2025-06-03
E007820,C002662,consult,2025-07-12
E007821,C002662,login,2025-10-20
E007822,C002662,login,2025-06-03
E007823,C002428,login,2025-11-18
E007824,C002428,login,2025-09-10
E007825,C002428,login,2025-10-18
E007826,C002428,login,2025-12-05
E007827,C002428,login,2025-08-01
E007828,C007836,login,2025-06-10
E007829,C007836,login,2026-02-05
E007830,C001543,login,2026-02-07
E007831,C001543,login,2025-08-19
E007832,C001543,consult,2025-09-17
E007833,C001543,consult,2026-02-19
E007834,C001543,login,2025-06-12
E007835,C001153,complaint,2025-08-24
E007836,C001153,complaint,2025-07-11
E007837,C004857,login,2026-03-02
E007838,C003803,login,2025-10-19
E007839,C003803,complaint,2025-09-09
E007840,C003803,login,2025-10-27
E007841,C003803,login,2025-11-04
E007842,C003803,login,2025-11-20
E007843,C001059,login,2025-09-05
E007844,C007995,complaint,2025-09-14
E007845,C007995,login,2025-08-18
E007846,C007995,consult,2025-09-30
E007847,C005442,login,2025-10-01
E007848,C004016,consult,2025-10-30
E007849,C006535,login,2025-10-09
E007850,C006535,consult,2025-08-30
E007851,C006535,consult,2025-12-27
E007852,C003605,login,2025-09-02
E007853,C003605,login,2025-06-29
E007854,C003605,login,2025-06-10
E007855,C003605,consult,2026-01-28
E007856,C003605,login,2025-06-27
E007857,C001285,consult,2025-09-24
E007858,C001285,login,2025-07-05
E007859,C001285,login,2025-12-03
E007860,C001285,login,2026-02-12
E007861,C001285,consult,2026-03-22
E007862,C007705,login,2025-07-30
E007863,C007060,login,2025-08-21
E007864,C007060,login,2025-08-12
E007865,C006364,login,2026-03-13
E007866,C002776,login,2025-06-07
E007867,C002776,login,2025-07-26
E007868,C002776,consult,2026-02-13
E007869,C002776,consult,2025-09-06
E007870,C004377,login,2025-07-14
E007871,C002686,consult,2025-06-16
E007872,C002686,complaint,2026-01-11
E007873,C003341,login,2026-01-16
E007874,C003341,consult,2025-11-18
E007875,C003341,login,2025-07-17
E007876,C000449,login,2025-06-22
E007877,C000449,consult,2025-09-07
E007878,C000449,consult,2025-12-17
E007879,C000449,login,2025-06-10
E007880,C000449,consult,2026-01-07
E007881,C000208,login,2025-06-03
E007882,C000208,login,2025-11-19
E007883,C000208,login,2026-02-21
E007884,C005083,consult,2025-06-28
E007885,C002605,login,2026-02-23
E007886,C002605,login,2025-10-12
E007887,C002605,login,2025-09-28
E007888,C004925,login,2025-06-15
E007889,C004925,login,2025-12-02
E007890,C004925,consult,2026-02-26
E007891,C000982,login,2025-06-13
E007892,C000982,login,2025-11-19
E007893,C000982,login,2025-06-20
E007894,C001577,login,2025-07-20
E007895,C001577,consult,2026-01-20
E007896,C001577,login,2025-08-09
E007897,C001577,login,2026-03-11
E007898,C001577,login,2026-03-15
E007899,C005416,login,2025-12-04
E007900,C005416,login,2026-01-19
E007901,C002811,login,2025-08-05
E007902,C002811,consult,2025-08-18
E007903,C002811,login,2026-02-13
E007904,C002811,login,2026-03-20
E007905,C002811,login,2025-06-01
E007906,C006958,consult,2025-10-20
E007907,C006958,consult,2025-06-15
E007908,C006958,login,2025-08-16
E007909,C006958,login,2026-03-04
E007910,C006958,consult,2025-08-28
E007911,C005539,login,2025-10-05
E007912,C005539,login,2025-10-30
E007913,C005539,login,2026-02-15
E007914,C002851,consult,2025-08-04
E007915,C002851,login,2025-09-17
E007916,C002851,login,2025-09-23
E007917,C002851,login,2025-09-25
E007918,C002851,login,2025-11-25
E007919,C007397,login,2025-09-04
E007920,C007397,login,2025-08-09
E007921,C006977,complaint,2025-06-28
E007922,C006977,login,2026-03-02
E007923,C006977,login,2025-10-21
E007924,C005151,login,2026-01-12
E007925,C005151,login,2025-08-18
E007926,C005151,login,2026-01-16
E007927,C005151,login,2026-02-14
E007928,C005151,login,2025-11-16
E007929,C007121,consult,2025-10-16
E007930,C007121,login,2025-06-06
E007931,C003126,login,2026-02-28
E007932,C003126,login,2025-09-24
E007933,C006569,login,2025-06-21
E007934,C006569,consult,2025-12-17
E007935,C006569,complaint,2025-08-07
E007936,C004385,complaint,2026-01-17
E007937,C004385,login,2026-03-04
E007938,C004385,login,2025-08-18
E007939,C004385,login,2025-09-21
E007940,C004385,login,2025-06-30
E007941,C000596,login,2025-08-15
E007942,C000596,login,2025-08-29
E007943,C000596,consult,2026-03-10
E007944,C000596,login,2025-12-28
E007945,C006298,login,2026-02-19
E007946,C006298,login,2026-03-08
E007947,C006298,login,2025-06-26
E007948,C004215,login,2026-02-24
E007949,C004215,login,2026-03-27
E007950,C006339,login,2025-12-28
E007951,C006339,login,2026-02-16
E007952,C006339,login,2025-10-20
E007953,C006339,login,2025-07-06
E007954,C007849,login,2025-07-29
E007955,C007849,consult,2025-07-21
E007956,C002555,login,2025-12-19
E007957,C002555,login,2026-01-10
E007958,C007577,consult,2025-08-20
E007959,C007577,consult,2025-06-16
E007960,C007577,login,2025-11-17
E007961,C007577,login,2026-03-08
E007962,C007577,consult,2026-03-20
E007963,C001771,login,2026-01-19
E007964,C002336,login,2025-08-21
E007965,C002336,login,2025-12-25
E007966,C002336,consult,2025-06-11
E007967,C005231,login,2025-08-04
E007968,C005231,login,2025-06-21
E007969,C005231,consult,2025-09-07
E007970,C005231,login,2025-10-20
E007971,C001605,login,2026-01-02
E007972,C001605,login,2025-08-04
E007973,C001605,login,2025-07-12
E007974,C001605,login,2025-06-04
E007975,C004950,complaint,2025-06-07
E007976,C004950,login,2026-02-01
E007977,C004950,complaint,2026-03-16
E007978,C004950,login,2026-02-15
E007979,C004950,login,2025-12-02
E007980,C006561,complaint,2025-09-05
E007981,C006561,consult,2026-02-11
E007982,C006561,login,2025-08-25
E007983,C006561,login,2025-06-06
E007984,C006378,login,2025-12-18
E007985,C002784,login,2025-11-21
E007986,C002784,login,2025-08-04
E007987,C001179,login,2025-10-23
E007988,C001179,login,2025-09-25
E007989,C001179,login,2026-02-09
E007990,C001179,login,2025-12-01
E007991,C001179,login,2026-02-19
E007992,C004937,login,2026-01-23
E007993,C004937,login,2026-01-19
E007994,C004937,login,2026-02-11
E007995,C004937,login,2025-09-08
E007996,C007370,login,2025-08-28
E007997,C007370,login,2025-12-05
E007998,C002558,consult,2026-02-10
E007999,C002558,consult,2025-07-19
E008000,C002558,consult,2026-02-02
E008001,C002558,login,2025-06-02
E008002,C002558,login,2026-02-05
E008003,C004282,consult,2026-02-25
E008004,C004282,consult,2026-02-27
E008005,C004282,complaint,2026-01-20
E008006,C004282,consult,2025-08-19
E008007,C001586,complaint,2025-07-14
E008008,C001586,consult,2025-10-01
E008009,C001586,consult,2025-08-12
E008010,C001586,login,2026-03-04
E008011,C007340,login,2025-09-17
E008012,C000724,login,2025-12-29
E008013,C000724,login,2025-06-20
E008014,C000724,consult,2025-09-21
E008015,C000724,login,2025-10-04
E008016,C000724,login,2025-12-18
E008017,C006721,consult,2025-10-24
E008018,C006721,consult,2025-12-03
E008019,C006721,consult,2026-03-08
E008020,C006721,login,2025-11-14
E008021,C005018,login,2025-10-17
E008022,C005018,consult,2025-08-06
E008023,C005018,login,2026-01-23
E008024,C002725,complaint,2025-10-16
E008025,C002725,login,2025-12-30
E008026,C002725,login,2025-08-25
E008027,C006817,login,2025-06-14
E008028,C006817,login,2025-08-08
E008029,C006817,login,2026-03-12
E008030,C006817,consult,2025-11-15
E008031,C006817,login,2025-08-10
E008032,C007228,login,2025-12-25
E008033,C007228,consult,2025-10-28
E008034,C007228,login,2026-03-23
E008035,C007228,login,2026-03-18
E008036,C007228,login,2026-01-20
E008037,C002774,consult,2026-01-27
E008038,C002774,login,2025-07-10
E008039,C004085,login,2025-08-21
E008040,C002826,login,2025-07-16
E008041,C004201,consult,2025-06-28
E008042,C004201,login,2026-03-26
E008043,C004681,login,2026-01-18
E008044,C006092,consult,2025-11-08
E008045,C006092,login,2025-07-28
E008046,C006092,login,2025-10-06
E008047,C006092,login,2026-02-23
E008048,C001936,consult,2026-01-26
E008049,C001936,login,2025-11-07
E008050,C007501,complaint,2025-12-16
E008051,C007501,login,2025-07-15
E008052,C007501,login,2025-09-04
E008053,C004491,consult,2025-08-06
E008054,C004491,consult,2025-09-02
E008055,C005032,consult,2026-01-16
E008056,C001336,complaint,2025-11-15
E008057,C001336,consult,2025-06-13
E008058,C001336,login,2025-08-11
E008059,C004599,login,2026-02-15
E008060,C002868,consult,2025-12-09
E008061,C005692,login,2025-06-04
E008062,C005551,consult,2026-01-28
E008063,C005551,login,2025-09-19
E008064,C005551,complaint,2025-09-02
E008065,C005551,login,2025-06-26
E008066,C005551,login,2025-10-23
E008067,C004071,login,2025-10-30
E008068,C004071,login,2025-07-29
E008069,C004071,login,2026-01-26
E008070,C002756,complaint,2025-11-13
E008071,C000767,login,2025-12-18
E008072,C000767,consult,2026-02-17
E008073,C001747,login,2025-07-04
E008074,C001747,consult,2025-09-27
E008075,C001747,login,2025-12-24
E008076,C001747,login,2025-07-23
E008077,C001747,login,2025-12-28
E008078,C002760,login,2026-02-04
E008079,C002760,consult,2025-12-17
E008080,C001009,login,2026-02-20
E008081,C002990,consult,2025-08-30
E008082,C000623,consult,2025-11-19
E008083,C000623,complaint,2026-03-18
E008084,C000623,login,2025-07-09
E008085,C000623,login,2025-09-03
E008086,C006871,login,2025-07-11
E008087,C006871,login,2025-08-16
E008088,C006871,login,2025-06-11
E008089,C002162,consult,2025-10-11
E008090,C004914,consult,2025-06-25
E008091,C004914,login,2025-07-22
E008092,C004914,consult,2025-06-01
E008093,C004914,complaint,2025-10-12
E008094,C002890,login,2026-02-05
E008095,C002890,consult,2025-07-27
E008096,C002890,login,2025-06-29
E008097,C002890,login,2025-08-22
E008098,C005967,login,2025-10-01
E008099,C005967,login,2025-12-02
E008100,C005967,login,2025-10-29
E008101,C005967,login,2025-10-27
E008102,C005967,login,2026-02-24
E008103,C004451,login,2025-09-09
E008104,C004451,login,2026-01-29
E008105,C004451,consult,2025-07-22
E008106,C003791,consult,2026-03-26
E008107,C003791,consult,2025-07-07
E008108,C003791,login,2025-08-21
E008109,C002767,consult,2025-10-30
E008110,C002767,consult,2025-09-18
E008111,C002767,login,2025-09-03
E008112,C002767,complaint,2025-12-14
E008113,C002767,login,2025-09-07
E008114,C003434,login,2025-12-02
E008115,C003434,consult,2025-10-23
E008116,C002733,login,2025-09-21
E008117,C003923,login,2025-10-19
E008118,C003923,consult,2025-08-12
E008119,C007421,consult,2025-06-08
E008120,C005970,login,2025-07-30
E008121,C007828,login,2026-01-08
E008122,C007828,login,2025-07-26
E008123,C007828,login,2026-02-08
E008124,C007828,complaint,2025-11-11
E008125,C007828,complaint,2026-02-27
E008126,C001719,login,2026-03-05
E008127,C001719,login,2025-11-06
E008128,C001719,login,2026-03-19
E008129,C001719,login,2026-02-12
E008130,C005082,login,2026-01-28
E008131,C005082,login,2025-07-28
E008132,C003751,login,2025-09-03
E008133,C003751,complaint,2026-01-14
E008134,C003751,login,2025-09-24
E008135,C002622,consult,2025-11-05
E008136,C002622,login,2025-09-03
E008137,C002171,complaint,2025-09-10
E008138,C002171,login,2026-03-14
E008139,C002171,login,2025-06-19
E008140,C002171,login,2025-08-16
E008141,C002171,login,2025-06-16
E008142,C004445,login,2026-03-09
E008143,C004445,login,2025-11-20
E008144,C004445,consult,2025-12-26
E008145,C004445,login,2026-01-04
E008146,C004348,login,2025-10-06
E008147,C004348,login,2025-10-01
E008148,C004348,login,2025-06-12
E008149,C007520,consult,2026-03-07
E008150,C007520,login,2026-03-17
E008151,C007520,login,2026-03-01
E008152,C004543,login,2026-02-09
E008153,C005916,login,2025-08-27
E008154,C000542,login,2025-07-25
E008155,C000542,complaint,2025-07-15
E008156,C000542,login,2025-08-30
E008157,C000542,login,2026-01-22
E008158,C004832,login,2025-11-24
E008159,C006033,complaint,2025-07-25
E008160,C006130,login,2026-02-23
E008161,C006130,consult,2025-09-30
E008162,C006130,consult,2025-08-17
E008163,C006130,consult,2025-09-30
E008164,C002432,consult,2025-11-03
E008165,C002432,login,2026-01-28
E008166,C002432,login,2026-03-13
E008167,C002432,consult,2025-11-09
E008168,C000513,complaint,2025-09-15
E008169,C000513,login,2025-08-21
E008170,C000513,complaint,2025-08-28
E008171,C007587,login,2025-10-23
E008172,C007587,login,2026-02-11
E008173,C007587,consult,2025-07-26
E008174,C003266,login,2025-08-30
E008175,C001086,login,2025-09-28
E008176,C001086,login,2025-07-30
E008177,C001086,login,2025-09-17
E008178,C007309,login,2026-01-14
E008179,C004263,login,2026-01-29
E008180,C000692,complaint,2026-03-26
E008181,C000692,complaint,2025-10-03
E008182,C000692,login,2025-11-07
E008183,C000692,login,2025-09-28
E008184,C003003,login,2025-08-08
E008185,C003003,consult,2025-10-24
E008186,C003003,login,2025-09-02
E008187,C006891,complaint,2025-07-18
E008188,C006891,login,2026-01-16
E008189,C006891,login,2026-02-03
E008190,C006891,login,2025-11-25
E008191,C006891,login,2025-09-08
E008192,C005670,complaint,2026-01-10
E008193,C005670,consult,2025-08-22
E008194,C005670,login,2026-02-06
E008195,C005670,login,2025-11-29
E008196,C001456,complaint,2025-09-01
E008197,C001456,login,2025-12-19
E008198,C001456,login,2025-07-08
E008199,C001456,login,2026-02-22
E008200,C001456,login,2025-10-24
E008201,C004284,login,2026-03-16
E008202,C004284,complaint,2026-01-04
E008203,C004284,login,2025-12-14
E008204,C004284,consult,2026-03-09
E008205,C002883,login,2025-09-21
E008206,C002883,consult,2025-12-03
E008207,C002883,login,2026-01-16
E008208,C000917,login,2025-10-26
E008209,C000917,login,2025-07-18
E008210,C000917,consult,2025-09-23
E008211,C002027,login,2026-02-09
E008212,C007919,login,2025-08-27
E008213,C007919,login,2025-10-26
E008214,C007919,consult,2025-07-29
E008215,C004002,login,2025-06-06
E008216,C004002,login,2025-08-18
E008217,C005559,login,2025-07-12
E008218,C005559,login,2025-09-18
E008219,C005559,consult,2026-03-25
E008220,C005559,login,2026-02-21
E008221,C004798,consult,2025-10-02
E008222,C004798,consult,2026-01-04
E008223,C004798,complaint,2025-10-20
E008224,C004798,login,2026-01-23
E008225,C006215,login,2025-10-10
E008226,C006500,login,2026-03-26
E008227,C006500,complaint,2025-06-09
E008228,C006500,login,2025-07-30
E008229,C006500,login,2025-12-17
E008230,C007173,consult,2026-03-20
E008231,C007173,login,2025-08-14
E008232,C007173,consult,2025-08-11
E008233,C007173,login,2026-03-22
E008234,C004095,consult,2025-12-09
E008235,C004095,login,2026-02-01
E008236,C005069,login,2025-06-13
E008237,C005069,login,2026-02-01
E008238,C001115,consult,2025-08-09
E008239,C001115,consult,2025-08-25
E008240,C002800,consult,2025-12-05
E008241,C000799,login,2025-11-19
E008242,C000799,login,2026-02-11
E008243,C000799,login,2025-08-27
E008244,C000799,login,2026-03-19
E008245,C003338,complaint,2026-01-25
E008246,C003338,login,2025-07-20
E008247,C003338,login,2025-12-17
E008248,C003338,login,2025-07-16
E008249,C003338,login,2025-12-04
E008250,C005335,login,2025-11-01
E008251,C005335,complaint,2026-03-22
E008252,C005335,login,2025-09-17
E008253,C005941,login,2025-11-21
E008254,C005941,login,2025-11-03
E008255,C005941,login,2025-07-08
E008256,C005941,consult,2026-01-26
E008257,C005200,complaint,2025-07-23
E008258,C006241,consult,2026-01-17
E008259,C006241,login,2026-01-10
E008260,C006241,login,2026-02-21
E008261,C006241,login,2026-03-26
E008262,C002729,complaint,2026-03-22
E008263,C007385,login,2025-09-10
E008264,C007385,login,2026-01-13
E008265,C007385,login,2025-10-10
E008266,C001756,login,2025-12-30
E008267,C001756,login,2026-02-26
E008268,C003020,login,2025-08-10
E008269,C005066,login,2025-12-09
E008270,C005066,complaint,2025-06-11
E008271,C005066,login,2025-07-26
E008272,C005066,login,2026-02-28
E008273,C003214,complaint,2026-01-06
E008274,C003214,complaint,2026-01-08
E008275,C003214,login,2025-10-23
E008276,C003214,complaint,2026-02-19
E008277,C003214,login,2025-09-21
E008278,C001413,consult,2025-12-18
E008279,C001413,login,2025-12-14
E008280,C001413,login,2026-01-16
E008281,C004713,login,2026-02-09
E008282,C004713,login,2025-11-20
E008283,C004713,login,2025-08-02
E008284,C004713,consult,2025-12-16
E008285,C002384,login,2026-01-07
E008286,C002384,login,2025-07-14
E008287,C002384,login,2026-02-02
E008288,C002384,login,2025-06-05
E008289,C007287,login,2025-11-24
E008290,C007287,login,2025-09-27
E008291,C003773,login,2025-07-11
E008292,C003773,login,2026-01-24
E008293,C005840,login,2025-09-25
E008294,C005840,login,2025-07-19
E008295,C005840,login,2025-12-03
E008296,C005840,login,2025-07-14
E008297,C006986,login,2026-02-26
E008298,C006986,login,2026-02-03
E008299,C007985,complaint,2025-08-31
E008300,C007985,login,2025-09-27
E008301,C007985,login,2025-12-10
E008302,C007985,login,2025-09-06
E008303,C007985,complaint,2025-07-05
E008304,C001311,login,2026-01-20
E008305,C001311,complaint,2026-02-13
E008306,C001311,login,2026-03-14
E008307,C001311,login,2025-09-22
E008308,C001675,consult,2026-01-06
E008309,C001675,login,2025-06-09
E008310,C001675,complaint,2025-07-16
E008311,C003229,login,2026-03-07
E008312,C003229,consult,2025-10-25
E008313,C003229,login,2025-07-10
E008314,C004186,consult,2025-07-19
E008315,C004186,consult,2025-10-07
E008316,C004186,login,2025-06-17
E008317,C005610,complaint,2026-02-12
E008318,C005610,login,2025-11-20
E008319,C004669,login,2025-07-09
E008320,C004669,login,2025-08-01
E008321,C004669,login,2025-07-02
E008322,C000228,consult,2025-11-21
E008323,C000228,complaint,2026-03-26
E008324,C000228,login,2026-02-24
E008325,C000228,consult,2025-06-23
E008326,C005979,complaint,2025-11-20
E008327,C005979,login,2026-02-21
E008328,C005979,consult,2026-03-08
E008329,C005979,login,2025-06-04
E008330,C005979,consult,2025-11-25
E008331,C004364,login,2025-07-05
E008332,C004364,login,2026-02-05
E008333,C004364,consult,2026-01-02
E008334,C004976,login,2025-06-25
E008335,C001298,login,2026-01-23
E008336,C001298,consult,2025-07-24
E008337,C001298,login,2025-06-16
E008338,C001298,consult,2025-07-21
E008339,C007277,login,2025-09-12
E008340,C007277,complaint,2025-08-31
E008341,C007277,login,2025-10-11
E008342,C007277,complaint,2026-01-23
E008343,C007277,login,2025-11-20
E008344,C007929,login,2025-06-26
E008345,C004917,login,2026-03-06
E008346,C004917,login,2025-07-15
E008347,C004917,login,2025-10-13
E008348,C002212,login,2025-10-11
E008349,C002212,consult,2026-03-20
E008350,C002212,login,2025-08-17
E008351,C002212,login,2025-10-10
E008352,C007335,consult,2025-06-28
E008353,C007335,login,2025-06-08
E008354,C007335,login,2025-09-25
E008355,C003369,complaint,2025-12-28
E008356,C003369,consult,2025-08-28
E008357,C003369,login,2025-08-27
E008358,C003522,consult,2025-08-29
E008359,C003522,login,2025-08-02
E008360,C003522,login,2025-10-11
E008361,C003522,complaint,2025-12-21
E008362,C002076,login,2025-12-02
E008363,C002076,complaint,2025-09-08
E008364,C002076,login,2025-10-18
E008365,C006087,login,2026-03-16
E008366,C004994,consult,2025-09-14
E008367,C004994,complaint,2026-01-21
E008368,C002864,login,2026-03-08
E008369,C002864,login,2025-12-01
E008370,C001398,complaint,2026-01-25
E008371,C001398,login,2025-12-23
E008372,C001398,login,2025-08-28
E008373,C001398,login,2025-11-27
E008374,C001398,consult,2025-08-13
E008375,C005233,login,2026-02-02
E008376,C005233,login,2025-09-02
E008377,C005542,login,2025-12-04
E008378,C005542,login,2025-07-14
E008379,C005542,login,2025-12-08
E008380,C005542,consult,2025-06-23
E008381,C007609,login,2025-11-16
E008382,C007609,login,2026-01-30
E008383,C007139,login,2026-02-17
E008384,C007139,login,2025-08-24
E008385,C007139,login,2026-02-11
E008386,C007139,login,2025-12-31
E008387,C004929,login,2025-12-19
E008388,C004929,login,2026-02-09
E008389,C004929,consult,2025-07-10
E008390,C004929,login,2025-11-18
E008391,C003775,login,2026-02-09
E008392,C003775,complaint,2025-11-24
E008393,C007834,login,2025-08-10
E008394,C001390,login,2026-03-05
E008395,C001390,login,2025-07-09
E008396,C001390,login,2026-03-02
E008397,C001390,complaint,2025-10-27
E008398,C004750,complaint,2025-06-25
E008399,C002498,consult,2025-12-06
E008400,C002498,complaint,2025-12-31
E008401,C002498,login,2025-07-14
E008402,C002498,login,2026-02-13
E008403,C002498,login,2025-10-29
E008404,C004099,consult,2025-06-17
E008405,C007515,consult,2025-08-06
E008406,C007515,login,2025-10-12
E008407,C007515,login,2025-08-20
E008408,C002327,login,2026-03-19
E008409,C002327,login,2025-07-19
E008410,C002327,login,2025-07-31
E008411,C002327,login,2025-12-25
E008412,C005740,login,2025-11-03
E008413,C005740,consult,2025-12-01
E008414,C005740,login,2026-02-24
E008415,C005740,complaint,2025-06-04
E008416,C004665,login,2025-11-25
E008417,C004665,complaint,2026-03-07
E008418,C000314,login,2025-06-26
E008419,C000314,login,2025-12-08
E008420,C000314,login,2025-08-30
E008421,C000314,complaint,2025-10-26
E008422,C000314,login,2026-02-19
E008423,C005418,login,2025-09-07
E008424,C005418,login,2025-10-18
E008425,C007626,login,2025-09-24
E008426,C007626,login,2025-06-12
E008427,C007626,login,2025-08-16
E008428,C007626,consult,2026-01-12
E008429,C002418,login,2025-06-20
E008430,C002418,login,2025-09-24
E008431,C002418,login,2025-07-17
E008432,C002418,login,2025-10-25
E008433,C002418,complaint,2025-11-14
E008434,C007986,complaint,2025-11-24
E008435,C007986,login,2025-06-25
E008436,C007986,login,2026-02-12
E008437,C000756,login,2025-09-09
E008438,C000756,login,2025-08-05
E008439,C000756,login,2025-11-08
E008440,C002713,complaint,2025-10-11
E008441,C002713,login,2025-10-31
E008442,C002713,login,2025-08-21
E008443,C002713,consult,2025-11-21
E008444,C002713,consult,2025-06-11
E008445,C006916,login,2025-06-18
E008446,C006916,login,2025-11-22
E008447,C006916,login,2025-07-18
E008448,C005317,login,2025-09-25
E008449,C005317,login,2025-12-07
E008450,C003581,login,2025-08-26
E008451,C003581,login,2026-01-31
E008452,C003581,login,2026-01-20
E008453,C003581,login,2025-12-04
E008454,C003581,login,2025-06-28
E008455,C007086,complaint,2025-08-02
E008456,C007086,consult,2025-10-26
E008457,C007086,login,2025-12-16
E008458,C002719,login,2025-10-16
E008459,C005866,login,2025-07-15
E008460,C005866,consult,2026-03-10
E008461,C005866,login,2025-06-29
E008462,C005866,login,2026-01-12
E008463,C005866,login,2026-01-01
E008464,C005630,login,2025-06-05
E008465,C005630,login,2025-07-17
E008466,C005630,login,2025-09-14
E008467,C005630,consult,2025-09-14
E008468,C005630,login,2025-07-26
E008469,C007223,complaint,2026-02-21
E008470,C007223,consult,2026-03-15
E008471,C007223,login,2025-08-08
E008472,C007223,login,2025-06-16
E008473,C005850,consult,2025-06-02
E008474,C005850,login,2025-09-15
E008475,C005850,login,2026-02-17
E008476,C005850,login,2025-12-19
E008477,C005751,consult,2025-10-21
E008478,C007959,login,2026-02-02
E008479,C007959,login,2025-06-29
E008480,C007959,consult,2026-03-21
E008481,C007959,login,2026-02-16
E008482,C007959,login,2025-09-13
E008483,C000127,login,2025-10-14
E008484,C000127,complaint,2025-06-26
E008485,C000127,complaint,2025-12-28
E008486,C000127,login,2025-08-14
E008487,C000127,login,2026-01-02
E008488,C005679,login,2026-02-28
E008489,C005679,login,2026-03-20
E008490,C005679,complaint,2025-07-30
E008491,C005727,complaint,2026-03-26
E008492,C005727,login,2025-06-21
E008493,C005727,complaint,2025-11-09
E008494,C005727,login,2025-06-09
E008495,C002970,login,2025-08-02
E008496,C002970,consult,2025-12-21
E008497,C002970,login,2025-12-30
E008498,C002970,login,2025-08-31
E008499,C004981,login,2026-03-03
E008500,C004981,login,2025-07-31
E008501,C004981,login,2025-10-06
E008502,C004981,complaint,2026-03-20
E008503,C004567,login,2026-02-06
E008504,C004567,complaint,2025-08-16
E008505,C004567,complaint,2026-01-01
E008506,C002223,login,2026-03-19
E008507,C002223,login,2025-07-03
E008508,C002223,complaint,2025-12-06
E008509,C002223,login,2026-01-27
E008510,C002223,login,2025-11-17
E008511,C007987,login,2025-09-29
E008512,C007103,complaint,2025-06-21
E008513,C007103,login,2025-06-04
E008514,C007103,login,2025-09-21
E008515,C007103,login,2026-01-28
E008516,C007103,login,2025-07-23
E008517,C005972,login,2026-01-07
E008518,C005972,consult,2025-06-17
E008519,C005972,complaint,2025-09-10
E008520,C005972,login,2025-07-04
E008521,C001273,login,2025-07-05
E008522,C001273,login,2025-07-09
E008523,C000286,login,2025-07-31
E008524,C002144,login,2025-06-20
E008525,C002144,login,2025-10-30
E008526,C002144,login,2026-01-31
E008527,C006279,login,2026-03-17
E008528,C003816,login,2025-08-13
E008529,C001229,login,2025-12-10
E008530,C005126,login,2025-07-09
E008531,C005126,login,2026-02-23
E008532,C005895,login,2025-11-12
E008533,C005895,login,2025-10-15
E008534,C005895,login,2025-12-01
E008535,C005895,login,2025-12-25
E008536,C005895,login,2025-12-06
E008537,C004087,login,2025-10-04
E008538,C004087,login,2025-06-03
E008539,C004087,login,2026-01-16
E008540,C004087,consult,2025-11-09
E008541,C005195,login,2025-07-11
E008542,C002013,login,2025-11-29
E008543,C002013,consult,2025-09-22
E008544,C002013,login,2025-08-31
E008545,C002884,login,2026-03-01
E008546,C003358,login,2025-11-04
E008547,C003358,login,2025-07-08
E008548,C003358,login,2026-03-26
E008549,C000172,login,2026-02-04
E008550,C000172,consult,2025-08-26
E008551,C000172,login,2025-07-17
E008552,C004206,login,2025-06-05
E008553,C004206,login,2025-10-13
E008554,C004206,complaint,2025-06-09
E008555,C004206,login,2025-07-10
E008556,C007313,login,2025-08-12
E008557,C007313,login,2025-10-18
E008558,C006074,login,2026-01-15
E008559,C006074,login,2026-01-14
E008560,C006296,login,2025-07-09
E008561,C006296,login,2025-09-01
E008562,C006296,login,2025-12-31
E008563,C002054,login,2025-10-08
E008564,C002054,consult,2025-08-02
E008565,C002054,login,2025-08-05
E008566,C002054,login,2025-09-15
E008567,C002054,login,2026-02-18
E008568,C002944,login,2025-10-03
E008569,C005937,login,2025-11-22
E008570,C005937,login,2025-12-20
E008571,C005937,login,2025-11-06
E008572,C005937,login,2025-08-08
E008573,C005937,login,2025-07-15
E008574,C004677,login,2025-10-23
E008575,C004677,login,2025-09-08
E008576,C004677,consult,2025-09-18
E008577,C004677,login,2025-06-11
E008578,C002504,login,2025-11-23
E008579,C002504,login,2026-01-18
E008580,C002504,complaint,2025-07-20
E008581,C000251,login,2026-02-27
E008582,C000251,login,2025-12-25
E008583,C000251,login,2026-01-24
E008584,C001668,login,2026-01-14
E008585,C001668,login,2025-12-25
E008586,C001668,login,2025-06-24
E008587,C001668,login,2025-12-01
E008588,C004117,consult,2025-10-13
E008589,C004117,login,2026-01-31
E008590,C002090,login,2025-10-02
E008591,C002090,consult,2025-06-24
E008592,C002090,login,2025-07-29
E008593,C002090,login,2026-02-17
E008594,C000049,consult,2026-01-05
E008595,C000049,login,2026-03-04
E008596,C000049,complaint,2025-12-15
E008597,C000049,consult,2025-06-26
E008598,C000049,login,2026-03-06
E008599,C000112,consult,2025-09-21
E008600,C000112,login,2025-09-03
E008601,C000459,consult,2025-08-26
E008602,C006272,login,2025-08-31
E008603,C006272,login,2026-02-20
E008604,C006272,login,2025-10-27
E008605,C004957,login,2026-02-10
E008606,C001465,login,2025-09-02
E008607,C006445,consult,2025-07-19
E008608,C000613,login,2025-11-01
E008609,C000613,login,2026-03-17
E008610,C004368,login,2025-08-06
E008611,C004368,consult,2026-03-19
E008612,C004368,login,2025-07-23
E008613,C004368,login,2026-01-30
E008614,C004368,consult,2025-10-17
E008615,C002115,login,2025-06-06
E008616,C004749,login,2025-08-27
E008617,C004749,login,2025-10-02
E008618,C006004,login,2026-01-16
E008619,C006004,login,2026-02-24
E008620,C006004,login,2026-01-19
E008621,C006004,login,2025-10-03
E008622,C006004,login,2025-10-14
E008623,C002752,consult,2026-02-11
E008624,C000673,consult,2025-08-13
E008625,C000673,login,2025-08-08
E008626,C000673,login,2025-06-03
E008627,C000673,login,2025-10-22
E008628,C000673,login,2026-03-02
E008629,C000882,login,2025-06-03
E008630,C006811,consult,2025-12-26
E008631,C005260,consult,2026-02-11
E008632,C003648,login,2025-09-04
E008633,C003648,login,2025-08-03
E008634,C003648,login,2025-11-14
E008635,C003648,login,2025-12-11
E008636,C001233,complaint,2025-08-01
E008637,C001159,login,2025-09-24
E008638,C001159,login,2025-09-13
E008639,C001159,login,2025-06-03
E008640,C004661,login,2025-07-29
E008641,C004661,consult,2025-06-15
E008642,C004661,login,2026-03-16
E008643,C004661,login,2025-11-08
E008644,C004661,complaint,2026-03-14
E008645,C004818,complaint,2026-01-11
E008646,C004818,login,2025-06-24
E008647,C002754,login,2025-11-10
E008648,C002754,consult,2025-11-27
E008649,C006335,login,2025-06-11
E008650,C006335,login,2025-12-11
E008651,C006335,login,2026-01-09
E008652,C002085,login,2026-02-14
E008653,C002085,login,2025-11-04
E008654,C002085,login,2025-08-13
E008655,C002085,login,2025-11-20
E008656,C002085,login,2026-01-25
E008657,C001309,consult,2025-08-05
E008658,C001309,login,2026-02-19
E008659,C001309,login,2026-02-05
E008660,C001309,login,2025-11-27
E008661,C001603,consult,2025-10-14
E008662,C001603,login,2026-03-09
E008663,C005120,login,2026-03-07
E008664,C005120,login,2026-01-11
E008665,C005120,login,2025-11-21
E008666,C005120,login,2026-01-22
E008667,C005787,login,2026-03-10
E008668,C005787,login,2025-12-24
E008669,C005787,login,2025-12-17
E008670,C005787,login,2026-02-20
E008671,C005787,login,2026-01-29
E008672,C005795,login,2026-03-13
E008673,C006288,login,2025-07-27
E008674,C006288,complaint,2026-02-09
E008675,C006288,complaint,2026-02-02
E008676,C004155,login,2026-03-09
E008677,C004568,consult,2026-02-21
E008678,C004850,login,2025-08-30
E008679,C004850,login,2025-09-08
E008680,C004850,login,2025-08-20
E008681,C003793,login,2026-01-24
E008682,C003793,login,2025-12-06
E008683,C003793,consult,2026-03-10
E008684,C003793,login,2025-10-28
E008685,C003793,login,2025-07-11
E008686,C002289,login,2025-12-24
E008687,C001441,login,2025-10-14
E008688,C001441,login,2025-06-10
E008689,C001441,login,2025-08-22
E008690,C001441,login,2025-10-27
E008691,C001338,login,2025-09-15
E008692,C001338,login,2025-09-30
E008693,C001338,login,2025-08-23
E008694,C006873,login,2025-11-29
E008695,C006873,complaint,2026-01-17
E008696,C000960,login,2025-12-01
E008697,C000960,login,2025-07-11
E008698,C003802,consult,2025-12-14
E008699,C003802,complaint,2026-02-10
E008700,C003802,consult,2025-07-04
E008701,C003802,login,2025-09-24
E008702,C003802,login,2026-03-01
E008703,C007269,login,2025-08-08
E008704,C007269,consult,2026-02-06
E008705,C007269,login,2025-07-25
E008706,C004933,login,2025-11-13
E008707,C004933,login,2025-12-24
E008708,C004933,consult,2026-02-12
E008709,C003667,login,2025-06-05
E008710,C003667,login,2026-03-12
E008711,C004604,consult,2025-07-11
E008712,C004604,consult,2025-09-30
E008713,C000883,login,2025-11-04
E008714,C000883,consult,2025-09-13
E008715,C000883,consult,2025-11-25
E008716,C002887,login,2026-03-25
E008717,C002887,login,2025-07-30
E008718,C000568,login,2025-08-18
E008719,C000568,login,2025-11-23
E008720,C000568,login,2025-10-23
E008721,C000568,login,2025-11-02
E008722,C000568,consult,2025-09-28
E008723,C004904,consult,2025-08-27
E008724,C004904,login,2025-08-23
E008725,C004904,login,2025-12-21
E008726,C004904,consult,2025-08-17
E008727,C004842,login,2025-06-04
E008728,C004842,consult,2026-02-07
E008729,C004842,consult,2025-11-15
E008730,C006976,login,2025-07-31
E008731,C006976,consult,2025-06-28
E008732,C007820,login,2025-08-13
E008733,C004659,login,2026-02-01
E008734,C004659,login,2025-07-15
E008735,C004659,login,2025-08-24
E008736,C002583,login,2025-10-08
E008737,C000503,login,2025-11-18
E008738,C000503,login,2025-09-01
E008739,C000503,login,2025-11-03
E008740,C000503,login,2025-12-20
E008741,C000345,complaint,2025-12-08
E008742,C006041,consult,2025-09-20
E008743,C006041,login,2025-09-11
E008744,C006041,login,2025-09-09
E008745,C006041,login,2026-01-11
E008746,C006041,login,2026-02-14
E008747,C005449,login,2025-06-05
E008748,C005449,login,2026-01-15
E008749,C005449,login,2025-12-03
E008750,C005449,consult,2025-09-21
E008751,C005882,consult,2025-12-17
E008752,C005882,login,2026-02-24
E008753,C000573,login,2025-07-08
E008754,C000573,consult,2025-11-10
E008755,C002972,login,2025-12-12
E008756,C002972,login,2025-09-05
E008757,C002972,login,2026-03-18
E008758,C002972,login,2025-08-13
E008759,C004167,login,2025-08-12
E008760,C004167,login,2025-07-21
E008761,C004167,login,2025-12-04
E008762,C004167,login,2025-11-22
E008763,C006309,consult,2025-08-02
E008764,C006309,consult,2025-10-17
E008765,C007823,complaint,2026-03-10
E008766,C007823,login,2025-08-29
E008767,C007823,consult,2025-08-25
E008768,C007823,complaint,2025-08-01
E008769,C002467,login,2025-08-13
E008770,C003156,login,2025-10-06
E008771,C003156,login,2025-09-05
E008772,C003156,login,2026-01-15
E008773,C001988,login,2025-09-06
E008774,C001988,login,2025-06-22
E008775,C001988,login,2025-10-20
E008776,C001988,consult,2026-03-07
E008777,C001988,login,2025-06-06
E008778,C006807,login,2025-10-25
E008779,C006160,login,2025-08-21
E008780,C006160,login,2026-02-21
E008781,C006160,consult,2025-10-13
E008782,C006160,consult,2025-07-13
E008783,C005555,login,2026-02-07
E008784,C005555,login,2025-09-27
E008785,C007856,login,2025-06-27
E008786,C007856,complaint,2025-10-20
E008787,C004317,login,2026-02-11
E008788,C004317,consult,2025-08-15
E008789,C004317,consult,2026-02-28
E008790,C004317,login,2026-01-17
E008791,C004317,login,2026-01-03
E008792,C004739,complaint,2025-10-16
E008793,C007854,login,2025-06-26
E008794,C007854,login,2025-07-27
E008795,C007854,complaint,2026-01-09
E008796,C007854,consult,2025-10-15
E008797,C007854,login,2025-11-14
E008798,C003912,consult,2025-06-10
E008799,C003912,consult,2026-03-13
E008800,C003912,complaint,2025-10-24
E008801,C004197,login,2025-12-04
E008802,C004197,login,2025-07-08
E008803,C000930,login,2026-01-15
E008804,C000930,login,2025-06-03
E008805,C000930,consult,2026-02-23
E008806,C000930,login,2026-02-11
E008807,C007760,login,2025-10-03
E008808,C007760,login,2025-08-23
E008809,C007760,login,2026-01-31
E008810,C007760,login,2026-02-17
E008811,C000749,login,2026-02-07
E008812,C001789,consult,2025-08-26
E008813,C001789,login,2025-08-29
E008814,C001789,consult,2025-07-29
E008815,C002672,login,2025-06-07
E008816,C002672,login,2025-06-05
E008817,C002672,complaint,2025-08-21
E008818,C002672,login,2025-06-01
E008819,C007591,login,2025-07-08
E008820,C007591,login,2026-01-29
E008821,C007591,login,2026-01-09
E008822,C007591,login,2025-09-17
E008823,C007591,login,2025-11-20
E008824,C007677,login,2025-11-13
E008825,C004178,login,2026-03-24
E008826,C004895,complaint,2025-07-24
E008827,C004895,login,2026-01-27
E008828,C004895,complaint,2025-09-09
E008829,C002703,login,2026-03-05
E008830,C002216,login,2025-06-14
E008831,C001065,consult,2026-03-09
E008832,C001065,login,2025-11-10
E008833,C001065,login,2025-06-08
E008834,C001065,login,2025-08-17
E008835,C001065,login,2025-09-24
E008836,C001382,consult,2026-01-27
E008837,C001382,login,2025-07-09
E008838,C001382,login,2025-07-12
E008839,C001382,login,2025-10-24
E008840,C004489,login,2025-12-19
E008841,C004489,login,2026-02-17
E008842,C004489,consult,2025-10-08
E008843,C004489,login,2025-10-04
E008844,C000518,complaint,2025-06-17
E008845,C000518,login,2026-03-14
E008846,C000518,consult,2025-08-19
E008847,C000518,login,2025-11-19
E008848,C000518,login,2025-08-06
E008849,C007028,login,2025-10-13
E008850,C007028,consult,2026-01-20
E008851,C007028,login,2025-08-29
E008852,C007028,consult,2025-11-13
E008853,C004301,consult,2025-06-01
E008854,C004301,login,2025-11-26
E008855,C004301,login,2025-12-23
E008856,C004301,complaint,2026-01-21
E008857,C004301,login,2026-03-22
E008858,C003127,login,2025-11-23
E008859,C003127,complaint,2026-03-01
E008860,C003127,login,2026-03-18
E008861,C003127,login,2026-02-12
E008862,C003127,consult,2025-12-06
E008863,C000230,login,2026-03-07
E008864,C000230,login,2025-10-15
E008865,C000230,login,2025-10-31
E008866,C000230,login,2025-12-27
E008867,C002576,login,2025-08-28
E008868,C002576,consult,2025-12-25
E008869,C002576,login,2026-03-27
E008870,C002576,complaint,2025-09-25
E008871,C002576,consult,2025-07-16
E008872,C003911,login,2026-01-16
E008873,C003911,complaint,2025-08-11
E008874,C003911,login,2025-10-24
E008875,C003911,consult,2025-06-13
E008876,C002176,login,2025-06-12
E008877,C002176,login,2026-01-15
E008878,C004469,consult,2025-11-25
E008879,C004469,login,2025-07-15
E008880,C003869,complaint,2025-10-15
E008881,C003869,login,2025-10-28
E008882,C003869,complaint,2026-01-29
E008883,C003869,login,2026-02-14
E008884,C000802,login,2026-01-09
E008885,C000802,complaint,2025-11-12
E008886,C007579,login,2026-02-06
E008887,C007579,complaint,2025-06-13
E008888,C007579,complaint,2025-10-17
E008889,C007579,login,2026-03-14
E008890,C004251,login,2026-02-25
E008891,C004251,login,2025-06-02
E008892,C004251,consult,2026-02-25
E008893,C004251,consult,2025-06-15
E008894,C002078,login,2026-03-07
E008895,C002078,login,2025-06-08
E008896,C002078,login,2026-02-01
E008897,C002078,login,2025-11-19
E008898,C002078,login,2025-11-06
E008899,C004636,login,2025-08-26
E008900,C004636,login,2025-11-01
E008901,C004636,login,2025-06-09
E008902,C005422,login,2025-09-30
E008903,C005422,login,2025-09-17
E008904,C005422,login,2025-11-11
E008905,C005422,login,2025-10-08
E008906,C007423,consult,2025-10-31
E008907,C007423,login,2025-09-18
E008908,C007423,login,2025-07-11
E008909,C007423,login,2025-10-07
E008910,C007423,login,2026-03-25
E008911,C007970,login,2026-03-04
E008912,C007970,login,2025-08-14
E008913,C007970,login,2025-06-27
E008914,C007970,login,2025-06-29
E008915,C002643,login,2025-11-25
E008916,C002643,complaint,2026-01-09
E008917,C005451,login,2025-10-15
E008918,C005451,login,2026-02-27
E008919,C005451,consult,2025-08-19
E008920,C005451,login,2025-08-02
E008921,C005451,consult,2025-10-01
E008922,C004113,login,2025-10-11
E008923,C004113,login,2026-03-01
E008924,C004113,login,2025-06-05
E008925,C006385,login,2025-06-01
E008926,C006385,complaint,2025-08-28
E008927,C006385,login,2025-11-29
E008928,C006385,login,2025-11-15
E008929,C006385,login,2025-09-29
E008930,C006752,consult,2025-08-31
E008931,C001363,login,2025-11-09
E008932,C001363,login,2026-02-04
E008933,C001363,complaint,2025-08-06
E008934,C001363,complaint,2025-07-15
E008935,C004788,complaint,2026-03-06
E008936,C004788,login,2025-09-23
E008937,C001255,consult,2025-09-04
E008938,C001255,consult,2025-11-01
E008939,C003018,login,2025-11-03
E008940,C003018,login,2026-02-25
E008941,C003018,login,2026-02-24
E008942,C006838,consult,2025-10-16
E008943,C006838,consult,2025-11-05
E008944,C004446,login,2025-11-24
E008945,C004446,consult,2025-07-03
E008946,C000007,login,2025-11-12
E008947,C007341,consult,2025-09-30
E008948,C007341,login,2025-12-27
E008949,C007341,login,2025-12-17
E008950,C007341,login,2025-11-29
E008951,C005286,login,2026-03-13
E008952,C005286,consult,2025-10-30
E008953,C005286,login,2026-02-03
E008954,C007299,login,2025-10-22
E008955,C007299,complaint,2025-09-16
E008956,C002858,login,2025-12-07
E008957,C002858,consult,2025-07-18
E008958,C002858,login,2026-03-11
E008959,C002858,login,2025-11-28
E008960,C001581,login,2025-08-30
E008961,C001581,login,2025-11-12
E008962,C005419,login,2026-01-29
E008963,C005848,login,2026-02-08
E008964,C005848,consult,2025-09-09
E008965,C005848,login,2026-02-20
E008966,C005848,consult,2025-06-17
E008967,C005848,login,2025-08-05
E008968,C003656,complaint,2025-11-25
E008969,C003656,login,2025-10-28
E008970,C002923,complaint,2026-03-14
E008971,C006640,consult,2025-09-08
E008972,C006640,consult,2026-03-17
E008973,C000281,login,2025-08-08
E008974,C004457,complaint,2026-03-02
E008975,C004457,login,2026-02-19
E008976,C004457,login,2025-12-12
E008977,C002780,consult,2025-11-22
E008978,C004267,login,2025-08-22
E008979,C005718,complaint,2025-09-22
E008980,C005718,login,2025-06-19
E008981,C005718,login,2025-08-21
E008982,C005718,login,2026-02-20
E008983,C005718,complaint,2026-03-13
E008984,C007523,login,2025-12-07
E008985,C007523,login,2025-06-14
E008986,C007879,consult,2025-07-14
E008987,C007879,login,2025-10-25
E008988,C001130,login,2026-02-11
E008989,C001130,login,2026-03-20
E008990,C005160,consult,2025-07-18
E008991,C005160,complaint,2025-12-15
E008992,C005160,login,2026-03-25
E008993,C007562,login,2025-09-19
E008994,C007562,login,2025-09-19
E008995,C004024,login,2025-10-13
E008996,C004024,login,2025-08-02
E008997,C004024,login,2026-03-14
E008998,C002218,login,2026-03-27
E008999,C002514,consult,2025-08-01
E009000,C002514,login,2025-12-04
E009001,C002514,consult,2025-11-25
E009002,C002514,consult,2025-07-02
E009003,C002514,login,2026-02-15
E009004,C001703,login,2025-12-04
E009005,C004311,consult,2025-09-18
E009006,C004311,login,2026-02-28
E009007,C004311,complaint,2025-07-26
E009008,C004311,login,2026-03-04
E009009,C003977,login,2026-01-13
E009010,C003977,consult,2025-10-21
E009011,C003977,consult,2025-10-01
E009012,C003977,login,2025-07-25
E009013,C003977,login,2025-09-13
E009014,C000181,login,2025-08-25
E009015,C000181,login,2025-11-17
E009016,C000181,login,2025-12-31
E009017,C000181,login,2025-12-03
E009018,C006421,login,2026-03-22
E009019,C006421,login,2025-06-12
E009020,C006421,login,2026-03-14
E009021,C004579,consult,2025-11-16
E009022,C004579,login,2025-08-23
E009023,C004579,login,2026-02-17
E009024,C004579,consult,2025-09-07
E009025,C005225,consult,2026-02-04
E009026,C005225,login,2025-11-10
E009027,C004689,login,2025-12-12
E009028,C004689,login,2025-11-13
E009029,C004689,consult,2025-12-16
E009030,C004440,consult,2025-07-29
E009031,C004440,consult,2025-11-09
E009032,C004440,login,2026-02-25
E009033,C001783,login,2026-03-16
E009034,C001783,consult,2025-07-01
E009035,C001783,consult,2025-10-07
E009036,C000432,complaint,2025-09-11
E009037,C000432,login,2026-02-16
E009038,C000432,login,2025-11-07
E009039,C000432,login,2025-06-17
E009040,C003693,login,2026-01-30
E009041,C003693,login,2025-11-25
E009042,C003693,login,2025-06-15
E009043,C003693,login,2025-11-25
E009044,C003693,login,2026-03-09
E009045,C000570,login,2025-11-29
E009046,C000570,login,2026-01-01
E009047,C000570,consult,2025-06-06
E009048,C000570,login,2026-03-08
E009049,C000570,login,2025-10-23
E009050,C007409,login,2025-06-15
E009051,C000088,login,2025-06-10
E009052,C000088,login,2026-02-11
E009053,C004883,consult,2025-09-08
E009054,C004883,login,2025-07-22
E009055,C004883,login,2025-06-07
E009056,C003469,login,2025-08-19
E009057,C003469,consult,2025-06-05
E009058,C003469,complaint,2026-01-26
E009059,C003227,login,2025-09-05
E009060,C003227,login,2025-11-07
E009061,C003227,login,2025-10-17
E009062,C005380,consult,2025-11-26
E009063,C005380,complaint,2025-11-09
E009064,C007297,login,2026-02-04
E009065,C007297,consult,2025-07-09
E009066,C007297,login,2025-10-30
E009067,C006675,login,2026-01-21
E009068,C004372,consult,2025-08-27
E009069,C004372,login,2025-06-19
E009070,C004372,consult,2025-12-30
E009071,C004372,login,2025-12-28
E009072,C001950,login,2025-09-03
E009073,C001950,login,2025-08-09
E009074,C001950,consult,2026-02-15
E009075,C001950,login,2025-10-28
E009076,C001826,login,2025-12-31
E009077,C001826,complaint,2025-08-11
E009078,C001826,consult,2026-02-15
E009079,C001826,login,2025-07-31
E009080,C006000,login,2026-01-30
E009081,C006000,login,2025-08-14
E009082,C006000,complaint,2025-09-16
E009083,C004438,login,2025-07-31
E009084,C003355,consult,2025-08-23
E009085,C006737,login,2026-01-21
E009086,C006737,login,2026-02-02
E009087,C006737,login,2025-12-21
E009088,C006737,login,2025-11-15
E009089,C004729,login,2026-01-17
E009090,C004729,login,2025-06-05
E009091,C003641,login,2025-06-10
E009092,C003641,login,2025-09-20
E009093,C003641,login,2026-02-18
E009094,C007771,login,2025-06-26
E009095,C007771,consult,2025-06-10
E009096,C006363,login,2025-06-08
E009097,C001700,login,2026-03-06
E009098,C001700,login,2025-08-30
E009099,C004244,login,2026-03-18
E009100,C004244,login,2025-07-26
E009101,C003873,login,2026-02-06
E009102,C003873,login,2025-08-23
E009103,C003873,login,2025-06-07
E009104,C003873,consult,2025-10-08
E009105,C007969,consult,2025-12-16
E009106,C004671,login,2025-06-13
E009107,C004975,login,2026-01-08
E009108,C004975,login,2025-11-08
E009109,C004975,login,2025-06-03
E009110,C005354,complaint,2025-07-23
E009111,C005354,login,2025-12-22
E009112,C003204,login,2026-03-01
E009113,C003204,consult,2025-10-31
E009114,C007363,login,2025-08-20
E009115,C001784,consult,2026-03-06
E009116,C005228,consult,2025-08-08
E009117,C005228,login,2026-02-14
E009118,C005228,login,2025-09-06
E009119,C005228,complaint,2025-10-06
E009120,C005228,login,2025-08-18
E009121,C000856,login,2025-12-15
E009122,C000856,login,2025-09-17
E009123,C000856,login,2025-09-05
E009124,C000856,login,2025-11-14
E009125,C000856,login,2025-07-05
E009126,C000265,login,2025-09-01
E009127,C000265,login,2026-01-29
E009128,C000265,login,2025-11-16
E009129,C000265,login,2025-11-11
E009130,C000265,login,2026-01-16
E009131,C006388,login,2026-02-15
E009132,C006388,complaint,2025-08-14
E009133,C006388,login,2025-10-12
E009134,C006388,login,2025-08-12
E009135,C006388,consult,2025-06-13
E009136,C003273,login,2025-09-01
E009137,C003273,consult,2025-09-28
E009138,C003273,login,2025-06-29
E009139,C003273,login,2025-11-23
E009140,C003273,complaint,2025-10-20
E009141,C004595,consult,2025-09-14
E009142,C004595,login,2025-07-16
E009143,C006521,login,2025-10-17
E009144,C006521,login,2026-02-20
E009145,C006521,login,2025-09-09
E009146,C000487,complaint,2025-08-29
E009147,C000487,login,2025-12-12
E009148,C000487,complaint,2026-02-21
E009149,C000487,login,2026-02-25
E009150,C000487,login,2026-01-19
E009151,C004517,login,2025-12-14
E009152,C004517,login,2025-12-05
E009153,C007663,login,2025-08-18
E009154,C007663,login,2025-07-03
E009155,C007663,consult,2025-12-24
E009156,C007663,login,2025-09-10
E009157,C007663,login,2025-09-29
E009158,C004945,complaint,2025-09-26
E009159,C001585,login,2026-02-04
E009160,C001585,login,2025-11-03
E009161,C001585,login,2025-11-02
E009162,C001585,login,2025-09-03
E009163,C001585,login,2025-09-30
E009164,C001375,login,2025-10-02
E009165,C001375,complaint,2026-02-24
E009166,C001375,consult,2025-07-14
E009167,C001375,login,2025-09-27
E009168,C003384,consult,2026-01-16
E009169,C003384,login,2025-09-02
E009170,C003384,complaint,2025-11-01
E009171,C003384,login,2025-08-12
E009172,C002475,login,2025-10-16
E009173,C002429,login,2025-09-11
E009174,C002429,consult,2025-08-27
E009175,C002429,complaint,2025-06-21
E009176,C002429,login,2025-12-23
E009177,C002429,consult,2026-02-03
E009178,C006788,consult,2025-11-04
E009179,C006788,login,2025-06-04
E009180,C006788,consult,2026-02-19
E009181,C006788,login,2025-07-15
E009182,C006788,consult,2025-12-10
E009183,C005634,login,2026-03-26
E009184,C005634,login,2025-12-22
E009185,C005634,login,2025-09-08
E009186,C005634,login,2025-08-24
E009187,C007146,login,2025-12-02
E009188,C007146,complaint,2025-12-29
E009189,C007146,login,2026-02-03
E009190,C007146,consult,2025-08-20
E009191,C007283,consult,2026-03-16
E009192,C007283,login,2025-11-19
E009193,C005374,consult,2025-07-28
E009194,C005374,login,2025-11-28
E009195,C005374,login,2025-09-21
E009196,C004208,consult,2025-10-17
E009197,C004208,login,2025-06-10
E009198,C002355,consult,2026-01-25
E009199,C002865,login,2025-06-05
E009200,C002865,login,2025-11-11
E009201,C002865,login,2026-02-02
E009202,C002865,login,2026-03-18
E009203,C006971,login,2026-01-16
E009204,C006971,consult,2026-01-11
E009205,C006971,login,2025-06-29
E009206,C000842,login,2026-02-12
E009207,C000842,login,2025-12-02
E009208,C000842,consult,2025-11-23
E009209,C007904,complaint,2026-02-21
E009210,C007904,login,2025-07-09
E009211,C007904,login,2025-06-06
E009212,C007904,login,2026-03-18
E009213,C001904,consult,2025-06-07
E009214,C001904,login,2025-10-10
E009215,C001904,login,2025-07-27
E009216,C001904,consult,2025-07-16
E009217,C004951,login,2025-09-14
E009218,C004951,login,2025-06-15
E009219,C004951,login,2025-08-24
E009220,C002841,login,2026-01-17
E009221,C002841,complaint,2026-01-24
E009222,C003504,consult,2025-06-26
E009223,C003504,login,2025-10-22
E009224,C003504,login,2025-10-23
E009225,C003504,complaint,2025-09-23
E009226,C002180,complaint,2025-08-29
E009227,C002180,consult,2025-12-30
E009228,C004000,login,2025-09-11
E009229,C004000,consult,2025-09-28
E009230,C004000,login,2026-03-02
E009231,C006235,login,2025-10-01
E009232,C006235,consult,2025-12-24
E009233,C006235,consult,2026-01-11
E009234,C006235,login,2025-06-04
E009235,C003198,consult,2025-10-19
E009236,C001638,login,2025-11-30
E009237,C002294,login,2025-07-11
E009238,C002294,consult,2025-12-26
E009239,C002294,login,2025-09-01
E009240,C002225,complaint,2026-03-14
E009241,C002225,login,2025-09-29
E009242,C002225,login,2025-06-21
E009243,C002225,login,2025-06-18
E009244,C005345,login,2025-10-17
E009245,C005345,login,2025-09-19
E009246,C002895,login,2025-12-08
E009247,C002895,login,2025-08-29
E009248,C002895,login,2026-01-07
E009249,C002895,consult,2025-06-24
E009250,C002895,login,2025-06-12
E009251,C003175,login,2025-09-06
E009252,C003175,consult,2025-12-02
E009253,C003175,login,2025-10-01
E009254,C002361,consult,2025-08-13
E009255,C002361,login,2026-01-08
E009256,C002361,login,2025-07-17
E009257,C002361,login,2026-03-04
E009258,C006823,consult,2025-12-05
E009259,C001768,login,2025-07-22
E009260,C001768,login,2025-11-30
E009261,C001768,login,2026-03-19
E009262,C001292,login,2026-02-13
E009263,C001292,consult,2026-01-28
E009264,C001292,login,2026-01-10
E009265,C001292,login,2025-08-17
E009266,C003637,login,2025-10-28
E009267,C005724,consult,2025-10-22
E009268,C001991,login,2025-06-17
E009269,C001991,login,2026-03-03
E009270,C001991,complaint,2025-10-12
E009271,C000566,login,2025-07-15
E009272,C004548,login,2025-10-30
E009273,C004548,login,2025-11-10
E009274,C004548,complaint,2025-10-01
E009275,C004548,login,2025-06-17
E009276,C004548,login,2025-12-06
E009277,C006887,login,2025-06-04
E009278,C006887,consult,2025-06-07
E009279,C006887,login,2025-10-11
E009280,C006887,consult,2025-09-18
E009281,C006887,login,2025-12-23
E009282,C001678,login,2025-09-11
E009283,C001678,login,2026-01-03
E009284,C001678,login,2026-03-11
E009285,C001678,login,2026-01-04
E009286,C001459,login,2025-07-31
E009287,C001459,login,2026-01-10
E009288,C001459,consult,2026-01-29
E009289,C001459,login,2026-02-11
E009290,C001459,login,2025-11-16
E009291,C000119,login,2025-09-11
E009292,C000119,login,2026-02-08
E009293,C000119,login,2026-02-16
E009294,C000119,complaint,2026-03-10
E009295,C000119,consult,2025-09-28
E009296,C003749,login,2025-07-12
E009297,C006291,login,2025-11-19
E009298,C006291,login,2026-03-06
E009299,C006291,login,2026-02-27
E009300,C006463,login,2026-02-26
E009301,C006463,consult,2026-01-27
E009302,C006463,login,2025-07-12
E009303,C004687,complaint,2025-12-16
E009304,C005398,login,2025-08-31
E009305,C005398,consult,2025-06-05
E009306,C005398,consult,2025-09-14
E009307,C005398,login,2025-10-14
E009308,C005398,consult,2025-06-14
E009309,C004238,login,2025-06-07
E009310,C004238,login,2025-09-21
E009311,C004238,login,2025-12-08
E009312,C004238,login,2025-08-05
E009313,C004238,login,2026-02-15
E009314,C007533,login,2025-08-02
E009315,C007533,login,2025-08-10
E009316,C007533,consult,2026-01-07
E009317,C007533,complaint,2025-09-05
E009318,C007533,consult,2026-02-04
E009319,C005923,login,2025-07-16
E009320,C005923,login,2025-11-18
E009321,C005923,login,2026-01-10
E009322,C005923,complaint,2025-06-24
E009323,C004493,login,2025-09-25
E009324,C004493,login,2026-01-24
E009325,C004493,login,2025-09-14
E009326,C001852,login,2025-06-02
E009327,C001852,login,2025-12-29
E009328,C002932,login,2025-06-01
E009329,C002932,login,2026-02-15
E009330,C002932,login,2025-10-17
E009331,C000589,complaint,2025-09-20
E009332,C005263,login,2026-02-22
E009333,C004864,login,2025-09-02
E009334,C004864,login,2025-12-31
E009335,C002531,login,2026-01-14
E009336,C002531,login,2026-03-11
E009337,C002531,login,2026-01-01
E009338,C002531,login,2025-12-09
E009339,C001611,consult,2025-10-06
E009340,C001611,login,2025-10-19
E009341,C001611,consult,2025-11-21
E009342,C001611,login,2025-12-15
E009343,C001611,login,2025-12-30
E009344,C001630,login,2025-09-22
E009345,C001630,login,2025-07-17
E009346,C001630,login,2025-12-28
E009347,C001630,login,2025-10-27
E009348,C007844,login,2025-10-17
E009349,C007844,login,2025-12-06
E009350,C007844,login,2025-06-20
E009351,C000682,login,2026-03-11
E009352,C000682,login,2025-08-12
E009353,C000682,login,2026-02-22
E009354,C000709,consult,2025-11-14
E009355,C000709,consult,2026-01-16
E009356,C007312,login,2026-01-30
E009357,C007312,login,2025-09-01
E009358,C007312,consult,2025-10-07
E009359,C003151,consult,2025-06-04
E009360,C003151,consult,2025-07-10
E009361,C003151,login,2025-11-18
E009362,C003151,login,2026-02-10
E009363,C003151,login,2025-08-31
E009364,C007747,login,2025-09-21
E009365,C007747,login,2025-11-14
E009366,C002461,login,2025-09-01
E009367,C002461,consult,2026-01-29
E009368,C002461,login,2025-10-14
E009369,C002503,complaint,2025-10-25
E009370,C002503,login,2025-09-10
E009371,C002503,login,2025-07-09
E009372,C002503,complaint,2025-09-10
E009373,C002503,consult,2026-02-13
E009374,C001707,login,2026-02-20
E009375,C001400,login,2025-09-03
E009376,C007939,login,2025-08-08
E009377,C007939,login,2025-06-12
E009378,C007939,login,2025-07-19
E009379,C007939,login,2025-08-13
E009380,C000978,complaint,2025-07-21
E009381,C003284,login,2025-12-06
E009382,C001547,login,2026-01-10
E009383,C001547,login,2025-11-03
E009384,C005409,login,2026-01-09
E009385,C005409,complaint,2025-07-24
E009386,C005409,login,2025-06-30
E009387,C005409,login,2026-02-25
E009388,C005409,login,2026-03-18
E009389,C005645,login,2025-06-12
E009390,C005645,login,2025-11-13
E009391,C005645,login,2025-11-13
E009392,C004541,consult,2025-11-11
E009393,C004541,login,2026-03-20
E009394,C004541,complaint,2026-03-13
E009395,C007937,login,2025-07-30
E009396,C007937,login,2025-12-02
E009397,C007937,complaint,2026-02-10
E009398,C005277,complaint,2025-09-06
E009399,C005277,login,2025-08-11
E009400,C005277,consult,2025-08-16
E009401,C005277,consult,2026-02-14
E009402,C005277,login,2025-10-25
E009403,C005845,login,2025-06-30
E009404,C005845,login,2025-10-01
E009405,C006044,login,2026-03-25
E009406,C006044,login,2025-06-07
E009407,C006044,complaint,2025-12-19
E009408,C006044,login,2026-03-19
E009409,C004413,login,2025-09-16
E009410,C004413,login,2025-07-24
E009411,C004413,consult,2025-06-20
E009412,C004413,login,2026-02-14
E009413,C007502,login,2026-01-31
E009414,C004814,consult,2025-06-08
E009415,C004814,consult,2026-03-13
E009416,C004814,login,2025-10-09
E009417,C004814,login,2025-08-04
E009418,C007952,consult,2026-03-18
E009419,C007952,complaint,2025-06-27
E009420,C001144,consult,2026-02-21
E009421,C001144,consult,2025-10-05
E009422,C001144,login,2025-10-15
E009423,C002537,login,2025-07-24
E009424,C003683,login,2025-11-30
E009425,C003683,complaint,2025-12-07
E009426,C003683,login,2025-08-28
E009427,C003683,consult,2025-12-05
E009428,C003683,login,2025-07-26
E009429,C002666,login,2026-01-05
E009430,C002666,login,2026-01-31
E009431,C002666,login,2025-09-26
E009432,C006035,login,2026-02-24
E009433,C000357,complaint,2026-01-19
E009434,C000357,login,2025-11-28
E009435,C005020,consult,2025-06-29
E009436,C005020,consult,2025-12-26
E009437,C001324,complaint,2026-02-20
E009438,C006458,complaint,2025-09-21
E009439,C006458,login,2025-08-15
E009440,C004426,login,2026-03-17
E009441,C004426,consult,2025-06-14
E009442,C004426,login,2026-03-07
E009443,C001833,login,2025-08-12
E009444,C001833,consult,2026-03-09
E009445,C001833,complaint,2025-07-30
E009446,C001833,login,2025-12-28
E009447,C003426,login,2025-10-26
E009448,C003426,login,2025-06-12
E009449,C003426,complaint,2025-09-10
E009450,C003426,consult,2025-08-08
E009451,C003426,login,2025-11-07
E009452,C001460,complaint,2025-11-06
E009453,C001460,login,2026-02-01
E009454,C006001,consult,2026-01-03
E009455,C006001,login,2025-11-03
E009456,C001470,login,2025-10-11
E009457,C001470,login,2026-01-17
E009458,C001470,login,2025-12-08
E009459,C001470,login,2026-02-04
E009460,C001816,login,2025-07-31
E009461,C001816,login,2026-02-19
E009462,C001816,consult,2025-09-26
E009463,C001816,login,2025-12-05
E009464,C001816,login,2025-12-25
E009465,C004614,login,2025-08-11
E009466,C004646,login,2026-03-11
E009467,C004646,login,2025-10-22
E009468,C004646,complaint,2025-07-24
E009469,C006568,complaint,2025-10-13
E009470,C006568,consult,2026-03-09
E009471,C006568,login,2025-07-14
E009472,C006568,login,2026-02-08
E009473,C006568,login,2025-11-05
E009474,C004784,login,2025-10-09
E009475,C004784,login,2025-11-23
E009476,C004784,consult,2025-10-06
E009477,C004784,consult,2025-12-09
E009478,C004365,login,2025-12-17
E009479,C004365,login,2025-09-11
E009480,C004365,login,2026-03-27
E009481,C006972,login,2025-11-04
E009482,C006972,login,2025-07-10
E009483,C006972,login,2026-01-12
E009484,C006972,complaint,2025-07-17
E009485,C006972,consult,2025-10-22
E009486,C004534,consult,2025-08-02
E009487,C004534,login,2025-10-17
E009488,C004534,login,2025-10-05
E009489,C004534,consult,2026-02-16
E009490,C004534,login,2026-02-21
E009491,C000400,login,2025-12-20
E009492,C000400,login,2026-03-19
E009493,C000400,login,2026-01-06
E009494,C000400,login,2025-11-01
E009495,C000639,login,2025-07-20
E009496,C000639,consult,2026-02-28
E009497,C000639,login,2025-12-20
E009498,C000639,login,2025-11-04
E009499,C000639,login,2026-02-01
E009500,C002119,consult,2025-08-11
E009501,C002119,login,2025-12-29
E009502,C002119,consult,2026-01-14
E009503,C002119,consult,2025-09-22
E009504,C006468,login,2025-12-31
E009505,C005027,login,2025-12-19
E009506,C001262,login,2025-09-07
E009507,C001262,login,2026-02-08
E009508,C001262,consult,2025-12-04
E009509,C001262,login,2025-08-17
E009510,C000581,login,2025-10-28
E009511,C000581,complaint,2025-11-14
E009512,C002633,login,2025-06-11
E009513,C002633,login,2025-09-01
E009514,C002633,login,2025-07-22
E009515,C002633,login,2025-08-09
E009516,C002646,login,2025-09-10
E009517,C002646,login,2025-06-11
E009518,C002646,consult,2025-09-01
E009519,C002646,login,2025-06-17
E009520,C000918,login,2025-07-21
E009521,C000918,consult,2025-12-27
E009522,C000918,consult,2025-10-31
E009523,C006153,complaint,2025-09-21
E009524,C006153,login,2025-08-21
E009525,C006153,consult,2025-06-07
E009526,C006153,complaint,2025-11-06
E009527,C007134,login,2026-01-26
E009528,C007134,login,2025-08-30
E009529,C007134,login,2025-07-24
E009530,C005684,login,2025-07-17
E009531,C005684,login,2025-06-12
E009532,C005684,login,2026-02-21
E009533,C003724,login,2025-07-13
E009534,C003724,login,2025-12-18
E009535,C003724,login,2025-08-29
E009536,C003724,consult,2026-03-06
E009537,C003724,consult,2026-02-15
E009538,C005584,login,2025-09-10
E009539,C005584,login,2026-01-20
E009540,C005584,login,2026-02-01
E009541,C005584,login,2026-01-21
E009542,C000888,login,2025-09-28
E009543,C000888,login,2025-08-13
E009544,C000888,login,2025-08-20
E009545,C003140,consult,2026-02-10
E009546,C003140,login,2025-12-24
E009547,C003140,consult,2026-03-25
E009548,C003140,consult,2025-11-26
E009549,C003140,login,2025-08-31
E009550,C002055,login,2026-02-01
E009551,C002055,login,2025-09-21
E009552,C006742,consult,2025-10-12
E009553,C006742,login,2026-01-09
E009554,C006742,consult,2025-06-24
E009555,C003274,complaint,2025-08-19
E009556,C003274,login,2025-07-11
E009557,C003274,consult,2026-02-13
E009558,C003274,consult,2025-10-21
E009559,C003274,login,2026-03-02
E009560,C000268,login,2025-08-05
E009561,C002882,consult,2025-11-21
E009562,C001500,complaint,2025-08-05
E009563,C001314,login,2025-09-01
E009564,C001314,complaint,2026-02-08
E009565,C002372,login,2025-10-19
E009566,C002372,login,2026-02-24
E009567,C002372,login,2025-11-09
E009568,C002372,login,2026-01-29
E009569,C002372,login,2026-02-12
E009570,C000301,consult,2025-09-28
E009571,C004408,login,2025-12-08
E009572,C004408,login,2026-03-02
E009573,C004408,consult,2025-09-18
E009574,C004408,login,2026-02-06
E009575,C004379,login,2025-12-19
E009576,C004537,login,2026-03-18
E009577,C004537,consult,2025-08-05
E009578,C004537,complaint,2025-12-25
E009579,C004537,login,2025-06-16
E009580,C006182,login,2025-07-19
E009581,C006182,login,2025-09-10
E009582,C006182,login,2025-06-04
E009583,C006532,login,2025-08-30
E009584,C001748,login,2025-08-14
E009585,C001748,login,2025-11-07
E009586,C002701,login,2025-06-26
E009587,C002701,login,2025-08-07
E009588,C002701,consult,2026-01-03
E009589,C002701,login,2025-10-19
E009590,C002701,login,2025-10-05
E009591,C002567,login,2025-10-30
E009592,C002567,login,2026-03-03
E009593,C002567,login,2025-09-07
E009594,C006587,login,2025-12-09
E009595,C006587,consult,2025-11-29
E009596,C006587,consult,2025-11-02
E009597,C006587,login,2025-10-26
E009598,C007924,consult,2025-11-24
E009599,C007924,login,2025-09-25
E009600,C000793,login,2026-02-06
E009601,C002566,login,2026-01-14
E009602,C007555,login,2025-06-10
E009603,C007555,login,2025-11-30
E009604,C004030,login,2025-07-10
E009605,C004030,login,2026-02-05
E009606,C004030,consult,2025-08-02
E009607,C004030,login,2025-12-26
E009608,C001374,login,2025-08-12
E009609,C001374,login,2025-12-28
E009610,C004716,login,2025-07-30
E009611,C004716,login,2026-03-18
E009612,C004716,login,2025-10-07
E009613,C005948,consult,2025-11-24
E009614,C005948,consult,2025-06-29
E009615,C005948,login,2025-09-27
E009616,C002863,login,2026-03-13
E009617,C002863,login,2026-02-13
E009618,C002863,login,2025-11-21
E009619,C002863,login,2025-11-29
E009620,C002863,consult,2025-08-22
E009621,C000645,login,2025-10-16
E009622,C007572,login,2025-07-22
E009623,C007572,consult,2025-12-18
E009624,C007572,login,2026-03-17
E009625,C007008,login,2025-09-10
E009626,C007008,login,2026-01-16
E009627,C002282,login,2026-02-05
E009628,C002282,consult,2026-03-07
E009629,C002282,login,2025-10-01
E009630,C002282,login,2025-09-10
E009631,C003813,login,2025-11-19
E009632,C000052,consult,2025-10-29
E009633,C000052,complaint,2025-06-28
E009634,C000052,login,2025-09-28
E009635,C007983,consult,2026-02-15
E009636,C007983,login,2026-02-24
E009637,C007983,login,2025-06-11
E009638,C007983,login,2025-07-09
E009639,C007983,login,2025-06-07
E009640,C002411,login,2026-02-28
E009641,C002411,consult,2025-08-12
E009642,C002411,login,2026-01-09
E009643,C007553,login,2026-01-26
E009644,C007553,login,2025-10-25
E009645,C007553,login,2025-06-18
E009646,C001896,login,2025-12-29
E009647,C002560,login,2025-12-23
E009648,C002560,login,2026-02-12
E009649,C002560,login,2025-12-29
E009650,C006680,login,2025-10-01
E009651,C006727,login,2026-01-14
E009652,C006727,consult,2026-01-15
E009653,C006727,login,2025-09-09
E009654,C001779,complaint,2026-02-02
E009655,C001779,consult,2026-03-11
E009656,C001779,login,2026-01-25
E009657,C001779,login,2026-02-11
E009658,C001779,login,2025-09-08
E009659,C002056,complaint,2026-02-04
E009660,C000675,consult,2025-06-22
E009661,C005549,login,2026-01-01
E009662,C005549,consult,2025-08-03
E009663,C005549,login,2026-03-23
E009664,C005549,login,2026-01-20
E009665,C006076,consult,2025-11-24
E009666,C006076,login,2025-12-24
E009667,C002699,consult,2025-09-22
E009668,C003699,complaint,2025-07-01
E009669,C003699,login,2025-12-15
E009670,C003699,login,2025-11-19
E009671,C003699,consult,2025-06-16
E009672,C003699,login,2025-07-09
E009673,C000213,login,2025-11-04
E009674,C007876,login,2025-07-20
E009675,C007876,login,2025-08-02
E009676,C007876,login,2026-01-27
E009677,C007876,complaint,2026-02-16
E009678,C004703,login,2025-09-30
E009679,C004703,consult,2025-07-01
E009680,C003188,consult,2025-12-25
E009681,C001628,login,2025-09-26
E009682,C001628,login,2025-12-19
E009683,C001628,login,2025-09-20
E009684,C001628,login,2026-01-23
E009685,C001628,consult,2025-06-24
E009686,C003660,consult,2025-11-05
E009687,C003660,login,2025-06-02
E009688,C003660,consult,2025-12-02
E009689,C003660,login,2025-08-29
E009690,C003660,complaint,2025-07-12
E009691,C002227,complaint,2025-07-16
E009692,C002227,login,2025-12-19
E009693,C002227,consult,2025-12-07
E009694,C002227,consult,2026-03-07
E009695,C002227,login,2026-01-21
E009696,C002109,login,2026-03-05
E009697,C002109,login,2025-10-13
E009698,C002109,consult,2026-02-27
E009699,C005000,login,2025-12-03
E009700,C006840,consult,2026-02-05
E009701,C006840,login,2025-08-28
E009702,C006840,consult,2025-08-13
E009703,C006840,consult,2025-08-25
E009704,C007200,login,2025-06-13
E009705,C006310,consult,2025-06-21
E009706,C006310,login,2025-08-31
E009707,C006310,login,2025-11-15
E009708,C006310,consult,2026-01-20
E009709,C000397,consult,2025-07-21
E009710,C000397,login,2025-08-03
E009711,C000397,complaint,2025-11-04
E009712,C000279,login,2026-02-14
E009713,C000279,consult,2025-07-19
E009714,C000279,login,2025-08-18
E009715,C005261,login,2025-09-23
E009716,C005159,login,2025-11-14
E009717,C005159,login,2025-12-03
E009718,C003993,login,2025-06-23
E009719,C006455,login,2025-10-14
E009720,C006455,login,2025-06-03
E009721,C006455,login,2025-11-05
E009722,C005399,login,2025-11-02
E009723,C003907,complaint,2025-10-11
E009724,C003907,complaint,2025-09-18
E009725,C000423,complaint,2026-01-03
E009726,C000423,consult,2025-09-25
E009727,C000423,login,2026-01-31
E009728,C000423,login,2025-08-14
E009729,C001061,login,2026-02-01
E009730,C001061,login,2025-11-22
E009731,C001061,login,2025-07-20
E009732,C001061,consult,2026-01-10
E009733,C007944,consult,2025-09-24
E009734,C007944,login,2026-02-12
E009735,C000662,login,2026-02-26
E009736,C000662,login,2025-06-16
E009737,C002967,login,2026-01-25
E009738,C002967,login,2025-12-16
E009739,C002967,consult,2025-06-30
E009740,C002967,login,2026-03-07
E009741,C006435,login,2026-01-13
E009742,C006435,login,2025-07-24
E009743,C006435,complaint,2025-09-06
E009744,C006435,consult,2025-07-06
E009745,C006101,login,2025-12-29
E009746,C006101,consult,2026-03-07
E009747,C005116,login,2025-09-09
E009748,C000063,login,2026-03-01
E009749,C007557,login,2025-07-27
E009750,C007557,login,2026-01-25
E009751,C007557,login,2026-01-22
E009752,C002658,login,2025-06-25
E009753,C002658,complaint,2026-03-20
E009754,C002658,login,2025-11-12
E009755,C002658,login,2025-11-13
E009756,C001272,complaint,2025-06-25
E009757,C005290,login,2025-09-02
E009758,C005290,complaint,2025-07-27
E009759,C005290,login,2025-08-02
E009760,C005290,login,2026-01-14
E009761,C005290,consult,2025-08-19
E009762,C000078,login,2025-11-05
E009763,C000540,complaint,2025-12-25
E009764,C000540,consult,2025-08-17
E009765,C001257,consult,2025-09-16
E009766,C001047,consult,2026-01-30
E009767,C001047,complaint,2026-03-13
E009768,C001047,login,2026-01-15
E009769,C000824,login,2026-01-14
E009770,C000824,login,2026-02-05
E009771,C000824,login,2025-06-17
E009772,C000824,complaint,2026-02-17
E009773,C003039,login,2026-02-12
E009774,C003039,login,2025-12-15
E009775,C003039,login,2025-11-27
E009776,C003039,login,2026-02-22
E009777,C002939,login,2026-02-14
E009778,C002744,consult,2026-02-02
E009779,C002744,login,2025-07-02
E009780,C002744,login,2025-09-12
E009781,C002744,consult,2025-11-02
E009782,C000805,login,2026-03-11
E009783,C000805,login,2025-11-02
E009784,C000805,login,2026-03-04
E009785,C006955,login,2025-12-31
E009786,C006955,login,2026-01-04
E009787,C006955,login,2025-09-24
E009788,C006955,login,2026-02-17
E009789,C006955,login,2025-11-15
E009790,C002235,login,2025-09-17
E009791,C002235,login,2026-03-23
E009792,C002235,login,2025-12-28
E009793,C002235,consult,2025-08-09
E009794,C002235,complaint,2026-01-28
E009795,C003675,consult,2025-07-03
E009796,C003675,login,2025-08-01
E009797,C003675,login,2025-10-01
E009798,C003675,login,2025-12-13
E009799,C003694,login,2026-02-16
E009800,C003694,login,2025-09-04
E009801,C003694,login,2025-07-15
E009802,C000547,consult,2025-11-20
E009803,C000547,consult,2026-01-19
E009804,C000547,login,2025-06-09
E009805,C000547,login,2025-09-17
E009806,C000547,login,2025-12-11
E009807,C007729,login,2025-11-22
E009808,C007729,login,2025-06-18
E009809,C007729,consult,2026-01-04
E009810,C007729,complaint,2026-02-16
E009811,C007729,consult,2025-09-04
E009812,C004356,login,2025-10-01
E009813,C004356,login,2025-12-24
E009814,C004356,consult,2026-01-16
E009815,C004356,login,2025-06-09
E009816,C004415,login,2025-08-28
E009817,C002736,login,2026-02-22
E009818,C002736,login,2025-09-11
E009819,C002736,complaint,2025-09-03
E009820,C002736,login,2025-08-23
E009821,C002736,complaint,2025-07-28
E009822,C007432,login,2026-01-10
E009823,C007432,login,2025-12-17
E009824,C002929,complaint,2026-03-02
E009825,C002929,login,2026-01-25
E009826,C002929,consult,2026-02-23
E009827,C002929,login,2026-02-09
E009828,C004817,login,2026-03-06
E009829,C004817,login,2025-10-01
E009830,C000768,login,2025-08-05
E009831,C000768,login,2026-02-10
E009832,C000768,login,2025-08-27
E009833,C000768,login,2026-03-20
E009834,C000768,consult,2025-07-18
E009835,C007353,login,2025-10-31
E009836,C007353,consult,2026-03-23
E009837,C007353,login,2026-01-09
E009838,C007353,login,2025-11-12
E009839,C007353,login,2025-10-13
E009840,C006282,consult,2025-10-23
E009841,C006282,complaint,2025-11-27
E009842,C006282,login,2026-02-13
E009843,C007166,consult,2026-03-14
E009844,C007166,login,2025-08-03
E009845,C006128,consult,2026-02-03
E009846,C006128,login,2025-10-10
E009847,C006128,login,2026-02-20
E009848,C006128,login,2025-09-18
E009849,C006128,login,2025-06-04
E009850,C006506,login,2025-10-07
E009851,C000263,login,2025-06-02
E009852,C000263,complaint,2025-10-24
E009853,C004008,login,2025-09-15
E009854,C004008,login,2026-02-26
E009855,C004008,consult,2026-02-16
E009856,C004008,login,2025-11-15
E009857,C004008,login,2025-08-10
E009858,C000952,login,2025-11-06
E009859,C002766,consult,2025-12-11
E009860,C002766,login,2025-11-27
E009861,C002766,login,2026-03-23
E009862,C007565,complaint,2025-12-11
E009863,C007565,login,2026-03-09
E009864,C007565,login,2025-12-07
E009865,C007565,login,2025-10-04
E009866,C001013,login,2025-10-02
E009867,C001013,login,2025-07-15
E009868,C001013,login,2026-02-04
E009869,C004184,login,2025-07-09
E009870,C004184,login,2026-02-06
E009871,C004184,complaint,2025-07-23
E009872,C004184,login,2025-12-17
E009873,C005137,login,2026-03-18
E009874,C005137,login,2026-02-02
E009875,C005137,consult,2025-07-14
E009876,C000737,login,2025-08-02
E009877,C000737,complaint,2026-01-18
E009878,C006923,consult,2025-07-21
E009879,C006923,login,2026-02-10
E009880,C006923,consult,2025-06-18
E009881,C006923,login,2026-01-03
E009882,C006923,consult,2026-02-02
E009883,C004470,login,2025-12-04
E009884,C004470,login,2025-10-14
E009885,C004470,login,2025-07-23
E009886,C004470,login,2025-11-14
E009887,C003574,login,2026-03-21
E009888,C003574,login,2025-08-18
E009889,C003574,complaint,2026-01-08
E009890,C003574,login,2025-08-14
E009891,C000361,login,2025-07-01
E009892,C007218,login,2025-06-07
E009893,C007218,login,2026-01-24
E009894,C001558,login,2025-09-15
E009895,C007410,consult,2025-07-08
E009896,C007410,login,2025-07-31
E009897,C007410,consult,2026-02-16
E009898,C007410,login,2026-01-05
E009899,C003007,login,2026-01-31
E009900,C000585,login,2025-07-27
E009901,C000585,login,2026-03-17
E009902,C001906,consult,2025-11-27
E009903,C001906,login,2025-09-20
E009904,C001906,login,2025-09-27
E009905,C001906,login,2026-03-17
E009906,C007076,consult,2025-06-20
E009907,C007076,login,2025-08-02
E009908,C007076,login,2025-08-02
E009909,C002911,complaint,2026-02-19
E009910,C002911,consult,2025-07-19
E009911,C002911,login,2025-09-05
E009912,C002911,login,2026-03-08
E009913,C005390,consult,2025-11-13
E009914,C004034,consult,2025-09-08
E009915,C004034,consult,2026-02-19
E009916,C004034,login,2025-06-20
E009917,C004034,login,2025-06-15
E009918,C006806,login,2025-08-18
E009919,C006806,login,2025-08-21
E009920,C006806,complaint,2025-07-19
E009921,C003783,login,2026-01-26
E009922,C003783,login,2026-03-23
E009923,C003783,login,2026-01-05
E009924,C003783,complaint,2025-08-28
E009925,C003783,consult,2026-03-16
E009926,C007133,consult,2025-09-02
E009927,C007133,login,2026-02-21
E009928,C007133,login,2025-11-06
E009929,C007133,login,2025-08-25
E009930,C007133,consult,2025-08-23
E009931,C006138,login,2025-12-02
E009932,C006138,login,2025-08-08
E009933,C006138,login,2025-09-01
E009934,C000668,login,2025-09-18
E009935,C000668,login,2025-07-25
E009936,C000668,consult,2025-10-29
E009937,C000668,complaint,2026-02-03
E009938,C002928,login,2025-10-27
E009939,C002928,login,2025-09-12
E009940,C003476,login,2025-06-21
E009941,C003476,login,2025-12-05
E009942,C003476,login,2025-09-13
E009943,C003476,login,2025-06-18
E009944,C003476,login,2025-10-10
E009945,C005677,login,2026-03-06
E009946,C005677,login,2025-06-26
E009947,C005677,login,2025-10-11
E009948,C005677,login,2026-01-25
E009949,C004974,consult,2026-02-27
E009950,C004974,login,2025-12-14
E009951,C004403,login,2026-01-06
E009952,C004403,consult,2025-08-11
E009953,C004403,login,2025-07-02
E009954,C004403,login,2025-09-05
E009955,C004403,complaint,2026-02-26
E009956,C003542,login,2025-10-07
E009957,C003542,login,2025-08-24
E009958,C003542,login,2025-08-15
E009959,C003846,consult,2026-02-06
E009960,C003846,consult,2026-01-08
E009961,C003846,login,2025-06-01
E009962,C003846,login,2026-01-06
E009963,C003450,login,2025-07-28
E009964,C003450,login,2025-06-11
E009965,C003450,complaint,2025-09-02
E009966,C003450,login,2025-10-02
E009967,C003450,login,2025-07-05
E009968,C004345,consult,2025-07-10
E009969,C005813,login,2025-12-15
E009970,C005813,login,2026-01-27
E009971,C005813,login,2025-09-10
E009972,C003241,login,2025-08-28
E009973,C003241,consult,2025-09-12
E009974,C005990,login,2026-02-08
E009975,C005990,login,2025-09-06
E009976,C005990,consult,2025-08-03
E009977,C005990,login,2026-01-03
E009978,C000424,login,2026-02-19
E009979,C000424,login,2025-07-26
E009980,C000424,login,2025-07-10
E009981,C000424,login,2025-10-20
E009982,C000424,login,2026-03-21
E009983,C007619,login,2025-07-18
E009984,C007619,complaint,2025-06-18
E009985,C000140,login,2025-07-28
E009986,C000140,login,2025-07-18
E009987,C000140,login,2025-11-30
E009988,C003468,login,2025-09-16
E009989,C003468,login,2026-02-03
E009990,C003468,login,2025-08-27
E009991,C000415,login,2025-12-19
E009992,C005732,complaint,2025-11-06
E009993,C005732,login,2025-07-15
E009994,C005732,login,2026-02-11
E009995,C001424,login,2025-10-20
E009996,C001424,login,2025-12-08
E009997,C007745,login,2026-01-08
E009998,C003788,login,2025-11-22
E009999,C006108,consult,2025-12-12
E010000,C006108,login,2026-02-28
E010001,C006108,login,2025-07-29
E010002,C006108,login,2025-10-31
E010003,C006108,complaint,2025-07-14
E010004,C007892,consult,2025-10-12
E010005,C007892,login,2026-03-22
E010006,C007892,consult,2026-01-29
E010007,C007258,consult,2025-09-23
E010008,C007258,login,2026-01-06
E010009,C007258,login,2025-08-31
E010010,C007258,login,2026-03-25
E010011,C007258,login,2025-07-20
E010012,C003939,login,2025-06-21
E010013,C003939,login,2025-12-29
E010014,C003939,login,2025-06-21
E010015,C003939,login,2025-09-24
E010016,C007386,login,2025-12-01
E010017,C007386,login,2025-08-24
E010018,C007386,login,2025-12-14
E010019,C007386,login,2025-08-03
E010020,C002300,login,2025-06-07
E010021,C002300,login,2026-01-05
E010022,C006577,complaint,2025-08-23
E010023,C006577,login,2025-10-19
E010024,C006577,login,2026-02-28
E010025,C006577,login,2025-09-26
E010026,C003453,complaint,2025-12-02
E010027,C003453,complaint,2025-10-12
E010028,C003453,complaint,2025-08-01
E010029,C003453,login,2025-08-09
E010030,C003453,consult,2026-01-11
E010031,C007922,login,2025-08-02
E010032,C007922,login,2025-06-08
E010033,C007922,login,2026-02-22
E010034,C003121,login,2026-01-04
E010035,C003121,login,2025-10-14
E010036,C007735,consult,2025-10-24
E010037,C007735,login,2025-07-19
E010038,C007735,login,2025-06-28
E010039,C002509,consult,2026-02-09
E010040,C000157,consult,2025-08-16
E010041,C005306,login,2025-09-13
E010042,C005306,login,2025-11-30
E010043,C005306,complaint,2025-09-14
E010044,C005306,login,2026-01-25
E010045,C007780,login,2026-03-27
E010046,C007780,login,2025-06-14
E010047,C004333,login,2025-12-20
E010048,C002541,login,2025-06-29
E010049,C002541,login,2025-12-20
E010050,C002541,complaint,2025-06-14
E010051,C004061,login,2026-01-16
E010052,C004061,login,2025-12-10
E010053,C004061,login,2025-12-06
E010054,C004061,login,2025-10-05
E010055,C003951,complaint,2025-09-20
E010056,C003951,complaint,2025-10-21
E010057,C003951,login,2025-09-04
E010058,C003951,complaint,2025-08-24
E010059,C003508,login,2025-12-06
E010060,C003508,login,2025-09-16
E010061,C003508,login,2025-11-13
E010062,C003508,consult,2025-06-10
E010063,C003508,complaint,2025-09-15
E010064,C002770,login,2026-02-23
E010065,C002770,login,2026-01-04
E010066,C002770,login,2025-12-14
E010067,C002770,consult,2025-10-31
E010068,C002770,login,2025-08-09
E010069,C004130,complaint,2025-12-20
E010070,C004130,login,2025-11-08
E010071,C004130,consult,2026-02-09
E010072,C001125,login,2025-12-05
E010073,C001125,consult,2025-08-08
E010074,C001125,login,2025-12-31
E010075,C001125,complaint,2025-12-02
E010076,C001125,login,2025-11-13
E010077,C006901,login,2025-10-08
E010078,C006901,login,2025-07-12
E010079,C006901,login,2026-02-02
E010080,C006901,login,2025-11-05
E010081,C006901,login,2025-10-16
E010082,C002321,login,2025-06-13
E010083,C002321,complaint,2026-02-19
E010084,C002321,login,2025-08-02
E010085,C002321,login,2025-12-09
E010086,C002321,login,2025-07-30
E010087,C002117,login,2026-01-29
E010088,C002117,login,2026-02-21
E010089,C002117,login,2025-06-11
E010090,C000941,complaint,2025-07-15
E010091,C000941,login,2025-06-10
E010092,C000941,consult,2025-06-11
E010093,C000941,login,2025-06-02
E010094,C000941,login,2026-02-28
E010095,C007768,consult,2025-08-14
E010096,C000884,login,2025-10-03
E010097,C006557,complaint,2025-06-26
E010098,C006557,consult,2026-01-03
E010099,C006557,login,2025-11-30
E010100,C006557,login,2025-12-07
E010101,C006557,login,2025-09-20
E010102,C006137,login,2025-08-12
E010103,C006137,login,2025-12-07
E010104,C006137,login,2026-02-04
E010105,C006137,login,2025-11-28
E010106,C006137,login,2025-08-18
E010107,C002562,login,2025-12-01
E010108,C002562,login,2025-10-15
E010109,C002562,login,2025-09-27
E010110,C007750,login,2026-01-17
E010111,C007750,consult,2025-11-17
E010112,C007750,consult,2025-08-15
E010113,C007750,login,2026-02-19
E010114,C007750,login,2026-01-29
E010115,C003602,login,2025-08-19
E010116,C003602,login,2025-11-12
E010117,C003602,login,2026-01-27
E010118,C003602,consult,2026-02-16
E010119,C003602,login,2026-02-26
E010120,C000669,consult,2025-11-16
E010121,C000669,login,2026-03-07
E010122,C000669,login,2025-11-28
E010123,C000669,login,2026-01-08
E010124,C000669,login,2025-07-09
E010125,C007147,login,2025-11-25
E010126,C007147,complaint,2025-12-29
E010127,C002609,consult,2025-11-09
E010128,C004516,complaint,2025-10-10
E010129,C004516,consult,2025-08-16
E010130,C004516,login,2025-09-12
E010131,C004516,login,2025-09-03
E010132,C001910,login,2025-11-16
E010133,C001910,login,2025-08-20
E010134,C001910,login,2025-07-27
E010135,C001910,login,2025-11-11
E010136,C001112,login,2025-07-17
E010137,C007244,login,2025-07-06
E010138,C007244,complaint,2025-07-21
E010139,C007244,login,2025-08-23
E010140,C007244,login,2026-02-07
E010141,C001877,login,2025-07-12
E010142,C001877,login,2025-09-30
E010143,C001877,login,2025-07-12
E010144,C001877,login,2025-11-21
E010145,C001877,login,2025-06-11
E010146,C003346,login,2025-11-24
E010147,C007825,complaint,2025-11-12
E010148,C007825,complaint,2025-11-11
E010149,C007825,login,2026-02-08
E010150,C005441,login,2025-09-08
E010151,C005441,consult,2025-08-31
E010152,C005441,login,2025-09-27
E010153,C005441,login,2026-02-12
E010154,C005441,login,2026-01-18
E010155,C002452,login,2026-02-07
E010156,C002452,login,2025-10-31
E010157,C002452,login,2025-06-07
E010158,C002452,login,2025-11-03
E010159,C006207,login,2025-08-31
E010160,C006207,login,2025-11-17
E010161,C006207,login,2025-10-02
E010162,C006207,consult,2026-01-14
E010163,C005472,consult,2025-10-22
E010164,C005472,login,2025-08-22
E010165,C005472,login,2026-02-26
E010166,C000076,login,2025-07-17
E010167,C000076,login,2025-06-22
E010168,C000076,login,2026-01-25
E010169,C000076,complaint,2026-01-31
E010170,C000076,login,2025-09-18
E010171,C002450,login,2025-07-20
E010172,C002450,login,2026-02-05
E010173,C002450,login,2026-03-16
E010174,C003055,login,2025-08-29
E010175,C003055,login,2026-01-19
E010176,C003055,login,2026-01-06
E010177,C003055,consult,2025-11-04
E010178,C006085,complaint,2025-10-09
E010179,C006085,login,2025-12-17
E010180,C006085,login,2025-10-30
E010181,C006085,login,2026-01-07
E010182,C006085,consult,2025-10-23
E010183,C006890,consult,2025-06-12
E010184,C006890,login,2025-12-15
E010185,C006890,login,2025-08-14
E010186,C001494,login,2025-08-29
E010187,C005614,login,2025-12-14
E010188,C005614,login,2025-09-10
E010189,C005614,login,2025-07-04
E010190,C007566,consult,2025-10-13
E010191,C007566,consult,2025-08-31
E010192,C007566,login,2026-01-31
E010193,C007566,login,2025-07-20
E010194,C007566,login,2025-12-20
E010195,C007561,login,2026-01-05
E010196,C007561,login,2026-01-25
E010197,C007561,login,2026-01-25
E010198,C007561,consult,2025-12-11
E010199,C001646,consult,2025-08-02
E010200,C001646,consult,2025-10-26
E010201,C001646,consult,2025-07-22
E010202,C001737,login,2025-08-08
E010203,C001737,complaint,2026-03-07
E010204,C001737,login,2025-06-23
E010205,C001737,login,2025-12-26
E010206,C001737,complaint,2025-12-06
E010207,C001880,login,2025-09-28
E010208,C001880,login,2026-01-03
E010209,C001880,consult,2026-02-08
E010210,C001880,login,2026-02-23
E010211,C000599,login,2026-03-07
E010212,C000599,login,2025-09-25
E010213,C003960,login,2025-09-13
E010214,C003960,login,2026-02-13
E010215,C001259,consult,2026-03-07
E010216,C001259,consult,2025-11-01
E010217,C001259,login,2025-07-31
E010218,C001259,login,2025-07-02
E010219,C006262,login,2025-07-18
E010220,C006262,login,2025-11-09
E010221,C006262,login,2025-07-26
E010222,C006262,login,2026-03-16
E010223,C006262,complaint,2025-06-01
E010224,C004763,login,2025-06-30
E010225,C004763,consult,2025-09-11
E010226,C004763,login,2025-08-06
E010227,C003316,login,2025-11-18
E010228,C003316,login,2026-03-27
E010229,C006931,login,2025-11-20
E010230,C006931,consult,2025-12-07
E010231,C003624,login,2025-11-02
E010232,C003624,login,2026-02-19
E010233,C003624,login,2025-11-06
E010234,C003624,consult,2025-09-06
E010235,C003624,login,2026-02-26
E010236,C003999,consult,2025-12-17
E010237,C003999,login,2026-03-05
E010238,C003999,complaint,2025-11-20
E010239,C003306,login,2026-01-13
E010240,C003306,login,2025-11-13
E010241,C007089,consult,2025-10-12
E010242,C007089,login,2025-10-09
E010243,C002020,complaint,2025-12-16
E010244,C002020,login,2025-09-24
E010245,C002020,consult,2025-07-11
E010246,C002020,login,2025-11-24
E010247,C005276,consult,2026-02-10
E010248,C005276,consult,2026-01-10
E010249,C007884,consult,2025-12-19
E010250,C007884,login,2026-02-17
E010251,C007884,login,2025-07-18
E010252,C007884,login,2025-09-17
E010253,C004885,consult,2025-12-03
E010254,C000790,login,2026-03-18
E010255,C000790,consult,2025-09-22
E010256,C000790,login,2026-01-18
E010257,C002881,complaint,2025-12-12
E010258,C006615,login,2025-09-21
E010259,C007669,login,2025-12-04
E010260,C000295,consult,2025-12-11
E010261,C000295,login,2025-11-29
E010262,C000295,login,2026-02-19
E010263,C000295,login,2025-07-06
E010264,C002958,complaint,2025-12-29
E010265,C002958,login,2025-06-04
E010266,C002958,login,2025-08-29
E010267,C002958,login,2025-07-28
E010268,C002958,login,2025-06-05
E010269,C005869,complaint,2026-03-11
E010270,C005869,login,2026-02-16
E010271,C005869,login,2025-10-18
E010272,C001633,login,2025-08-31
E010273,C001633,login,2026-01-09
E010274,C001633,login,2025-07-18
E010275,C002676,login,2026-03-03
E010276,C005262,login,2025-11-13
E010277,C005262,login,2025-09-22
E010278,C002474,login,2025-12-24
E010279,C002474,login,2025-07-29
E010280,C002474,login,2025-08-25
E010281,C004809,login,2025-08-14
E010282,C006274,login,2025-09-21
E010283,C006274,login,2025-09-05
E010284,C000937,login,2025-09-03
E010285,C000937,login,2025-12-13
E010286,C000937,login,2026-01-29
E010287,C000937,login,2025-07-15
E010288,C001352,login,2025-07-23
E010289,C003174,complaint,2026-03-19
E010290,C003174,login,2025-08-31
E010291,C003174,login,2025-09-07
E010292,C003174,login,2025-10-07
E010293,C006088,login,2026-01-27
E010294,C005648,consult,2026-03-13
E010295,C005778,consult,2025-07-01
E010296,C005778,login,2025-09-17
E010297,C005778,login,2025-09-06
E010298,C005778,login,2025-09-11
E010299,C005778,login,2026-03-13
E010300,C003466,login,2026-03-12
E010301,C003466,login,2025-06-24
E010302,C003466,consult,2025-08-14
E010303,C003085,login,2026-03-14
E010304,C003085,login,2025-08-13
E010305,C003085,login,2026-02-25
E010306,C007513,login,2026-01-17
E010307,C007513,login,2025-12-28
E010308,C007513,login,2025-12-06
E010309,C007513,login,2025-07-25
E010310,C007513,login,2025-08-07
E010311,C002121,consult,2025-07-12
E010312,C002121,complaint,2025-11-04
E010313,C002121,login,2025-07-12
E010314,C005346,consult,2025-08-25
E010315,C005346,consult,2025-06-29
E010316,C005346,login,2025-07-16
E010317,C005102,consult,2026-01-25
E010318,C005102,login,2025-12-04
E010319,C005102,login,2025-10-30
E010320,C005102,consult,2025-10-22
E010321,C005102,consult,2025-09-02
E010322,C004065,complaint,2025-12-18
E010323,C004065,login,2026-01-24
E010324,C004065,login,2025-09-25
E010325,C001146,complaint,2025-08-17
E010326,C001146,login,2025-12-16
E010327,C001961,login,2025-11-10
E010328,C001961,login,2025-10-31
E010329,C001961,consult,2025-11-11
E010330,C001961,login,2025-10-06
E010331,C007016,login,2025-11-08
E010332,C004956,login,2025-06-27
E010333,C004956,login,2025-07-25
E010334,C004956,complaint,2025-09-04
E010335,C004956,login,2026-01-17
E010336,C004956,login,2025-08-19
E010337,C000003,login,2025-06-14
E010338,C000003,consult,2025-10-31
E010339,C003979,login,2025-09-18
E010340,C003979,login,2026-03-18
E010341,C003979,consult,2026-03-01
E010342,C003979,login,2025-09-18
E010343,C003919,login,2025-07-14
E010344,C003919,login,2025-06-24
E010345,C006690,login,2025-06-09
E010346,C006690,login,2025-07-18
E010347,C000965,complaint,2025-10-30
E010348,C000965,login,2026-01-31
E010349,C000965,login,2025-06-22
E010350,C006989,login,2025-07-29
E010351,C006989,login,2025-06-01
E010352,C006989,login,2025-09-19
E010353,C007274,login,2025-07-01
E010354,C007274,login,2025-09-20
E010355,C007274,consult,2025-09-14
E010356,C007274,login,2025-07-30
E010357,C007274,login,2025-06-06
E010358,C003703,login,2026-02-23
E010359,C003703,login,2025-10-18
E010360,C003703,complaint,2026-02-06
E010361,C003703,login,2025-06-05
E010362,C003703,login,2026-01-23
E010363,C000654,login,2025-09-21
E010364,C000654,login,2026-02-10
E010365,C007773,login,2025-08-23
E010366,C007773,login,2025-12-10
E010367,C003351,login,2025-09-11
E010368,C003351,login,2025-08-27
E010369,C003351,login,2025-10-11
E010370,C003351,login,2025-09-13
E010371,C006876,login,2026-01-09
E010372,C006876,login,2025-08-10
E010373,C006876,login,2025-08-09
E010374,C006876,login,2025-06-26
E010375,C003303,complaint,2025-07-29
E010376,C003303,consult,2026-01-29
E010377,C002380,complaint,2025-06-02
E010378,C002380,login,2026-01-03
E010379,C007463,login,2026-03-20
E010380,C004797,login,2025-11-05
E010381,C004797,complaint,2025-08-10
E010382,C004797,login,2026-02-18
E010383,C004797,consult,2026-01-12
E010384,C002888,login,2025-12-11
E010385,C002888,login,2026-01-16
E010386,C007157,login,2026-01-17
E010387,C007157,login,2025-06-20
E010388,C007157,login,2026-02-18
E010389,C007157,login,2025-12-10
E010390,C006014,complaint,2026-03-25
E010391,C006014,login,2025-09-19
E010392,C006014,login,2026-03-18
E010393,C006014,login,2025-07-04
E010394,C006014,login,2026-03-24
E010395,C003747,login,2026-02-09
E010396,C003747,login,2025-11-05
E010397,C004380,login,2025-07-23
E010398,C004380,consult,2026-03-08
E010399,C004380,complaint,2025-11-12
E010400,C004380,login,2025-06-02
E010401,C000745,login,2025-11-04
E010402,C000745,complaint,2026-01-30
E010403,C000745,login,2025-06-19
E010404,C000745,consult,2026-01-20
E010405,C000745,login,2025-06-24
E010406,C003623,consult,2025-11-29
E010407,C003623,login,2025-07-02
E010408,C003623,login,2025-07-27
E010409,C000260,login,2025-09-03
E010410,C000260,login,2025-07-22
E010411,C007807,complaint,2025-07-31
E010412,C002590,login,2025-09-24
E010413,C002590,login,2025-06-20
E010414,C002590,login,2025-11-20
E010415,C007648,login,2025-11-15
E010416,C007648,login,2025-07-22
E010417,C007648,login,2025-10-10
E010418,C002937,login,2025-09-14
E010419,C002937,consult,2026-02-09
E010420,C002937,consult,2026-03-24
E010421,C000534,login,2025-10-13
E010422,C000534,login,2026-01-20
E010423,C000534,login,2025-07-14
E010424,C000534,login,2025-07-26
E010425,C002617,consult,2026-03-14
E010426,C002617,login,2025-10-06
E010427,C002617,login,2025-06-09
E010428,C000634,complaint,2025-06-08
E010429,C000634,login,2025-07-19
E010430,C000557,login,2025-10-25
E010431,C000557,login,2026-02-07
E010432,C000557,consult,2025-08-10
E010433,C000557,complaint,2025-11-22
E010434,C000557,login,2025-08-16
E010435,C002969,complaint,2025-06-11
E010436,C002969,login,2025-09-16
E010437,C002969,login,2026-01-18
E010438,C002969,login,2026-03-14
E010439,C007769,login,2025-07-02
E010440,C007769,consult,2026-01-26
E010441,C007769,login,2026-02-01
E010442,C007769,consult,2026-01-16
E010443,C007769,login,2026-01-30
E010444,C000591,login,2025-10-11
E010445,C006095,login,2026-03-12
E010446,C006095,login,2025-07-27
E010447,C007261,login,2026-01-03
E010448,C007261,consult,2025-11-16
E010449,C007261,login,2026-01-30
E010450,C007261,login,2025-11-26
E010451,C007261,consult,2025-06-28
E010452,C000887,login,2025-07-15
E010453,C000887,login,2025-09-11
E010454,C005413,login,2025-07-25
E010455,C005413,consult,2025-09-02
E010456,C005413,login,2025-11-09
E010457,C003220,consult,2025-09-17
E010458,C005834,consult,2026-02-11
E010459,C005834,login,2026-02-14
E010460,C000496,login,2026-01-08
E010461,C003619,login,2025-08-25
E010462,C004453,login,2025-09-13
E010463,C004453,login,2026-02-02
E010464,C004453,login,2025-07-14
E010465,C004453,login,2025-11-21
E010466,C000363,login,2025-10-07
E010467,C000363,complaint,2025-12-21
E010468,C000363,login,2025-12-23
E010469,C002028,login,2025-06-08
E010470,C005607,login,2025-12-27
E010471,C005607,login,2026-02-11
E010472,C001151,login,2025-09-29
E010473,C000829,complaint,2026-01-25
E010474,C000829,login,2026-01-21
E010475,C000829,login,2025-09-28
E010476,C006708,login,2025-10-17
E010477,C006708,consult,2026-03-20
E010478,C006708,consult,2025-08-14
E010479,C006708,complaint,2026-01-07
E010480,C003086,consult,2026-01-30
E010481,C003086,login,2025-07-22
E010482,C000644,login,2026-03-23
E010483,C000644,login,2025-11-08
E010484,C000644,login,2025-08-22
E010485,C000644,complaint,2025-08-24
E010486,C006819,login,2025-10-31
E010487,C006819,complaint,2025-08-31
E010488,C006819,login,2026-02-09
E010489,C007210,login,2025-07-12
E010490,C007210,login,2026-03-05
E010491,C007210,login,2026-02-24
E010492,C007210,login,2025-07-27
E010493,C000318,login,2026-01-16
E010494,C000318,complaint,2025-08-18
E010495,C000318,login,2026-02-21
E010496,C000318,login,2025-07-09
E010497,C001017,consult,2026-01-26
E010498,C000663,login,2025-10-30
E010499,C000663,login,2025-09-18
E010500,C000994,login,2026-01-09
E010501,C000994,login,2025-12-02
E010502,C000649,login,2025-08-14
E010503,C000649,login,2025-11-19
E010504,C000649,login,2025-11-06
E010505,C002083,login,2025-10-26
E010506,C002083,login,2026-02-24
E010507,C002083,consult,2025-07-05
E010508,C002083,consult,2026-03-20
E010509,C002083,login,2025-06-10
E010510,C002168,consult,2025-12-29
E010511,C002168,login,2025-11-08
E010512,C002168,login,2025-09-25
E010513,C002168,complaint,2026-01-17
E010514,C002168,login,2026-01-13
E010515,C001713,login,2026-02-22
E010516,C001713,login,2025-10-12
E010517,C001713,login,2025-09-15
E010518,C001713,login,2025-12-29
E010519,C001713,consult,2025-07-31
E010520,C000071,login,2026-01-17
E010521,C000071,login,2025-10-22
E010522,C000071,complaint,2025-11-30
E010523,C006415,consult,2025-12-10
E010524,C007091,login,2026-01-12
E010525,C007091,login,2026-01-24
E010526,C007091,login,2025-09-15
E010527,C007091,login,2025-06-03
E010528,C005368,login,2025-12-06
E010529,C005368,login,2025-09-27
E010530,C005368,login,2026-03-23
E010531,C005368,login,2025-06-05
E010532,C003409,login,2025-10-27
E010533,C003409,login,2025-06-03
E010534,C002627,complaint,2026-01-29
E010535,C002627,complaint,2025-12-01
E010536,C001597,login,2025-08-25
E010537,C001597,login,2025-06-15
E010538,C001597,login,2025-10-12
E010539,C007104,login,2025-09-25
E010540,C007104,complaint,2026-01-18
E010541,C007104,login,2025-07-05
E010542,C001687,login,2025-09-21
E010543,C001687,login,2025-09-03
E010544,C001687,login,2025-10-07
E010545,C001687,login,2025-09-05
E010546,C004524,consult,2025-11-30
E010547,C004524,login,2025-11-18
E010548,C003307,login,2025-09-12
E010549,C003307,login,2025-11-26
E010550,C003154,login,2025-06-16
E010551,C003154,login,2026-03-14
E010552,C003154,login,2025-08-28
E010553,C003154,complaint,2025-10-06
E010554,C003154,login,2025-08-07
E010555,C003748,login,2025-12-02
E010556,C003748,login,2025-09-15
E010557,C003748,complaint,2025-10-04
E010558,C003748,login,2025-07-29
E010559,C003748,consult,2025-09-16
E010560,C003197,login,2026-03-16
E010561,C003197,login,2025-09-11
E010562,C003197,consult,2025-06-30
E010563,C001313,login,2025-09-04
E010564,C001313,login,2025-10-26
E010565,C001313,login,2025-12-10
E010566,C001313,login,2026-01-18
E010567,C004505,consult,2025-08-07
E010568,C004505,login,2025-12-30
E010569,C004505,login,2025-08-28
E010570,C004505,login,2025-08-03
E010571,C006914,complaint,2025-06-27
E010572,C006914,consult,2025-07-31
E010573,C006914,login,2025-11-02
E010574,C006914,login,2025-12-19
E010575,C006914,consult,2025-12-17
E010576,C006802,login,2026-01-27
E010577,C006802,login,2025-11-15
E010578,C006802,login,2026-02-07
E010579,C006802,login,2025-09-28
E010580,C002222,login,2025-08-18
E010581,C002222,consult,2025-10-02
E010582,C004254,login,2025-07-07
E010583,C004254,login,2025-12-25
E010584,C004254,login,2026-01-29
E010585,C004254,login,2026-01-28
E010586,C000907,complaint,2025-09-26
E010587,C000907,login,2026-01-06
E010588,C004529,login,2025-08-05
E010589,C004529,login,2025-09-21
E010590,C004529,login,2025-11-20
E010591,C004529,complaint,2025-12-04
E010592,C002290,login,2025-07-12
E010593,C004151,consult,2025-07-21
E010594,C004151,login,2026-03-06
E010595,C005175,consult,2025-08-03
E010596,C005175,consult,2025-07-08
E010597,C005175,login,2025-12-22
E010598,C005175,login,2025-07-25
E010599,C007731,login,2026-02-22
E010600,C007731,login,2025-06-03
E010601,C007731,login,2025-09-01
E010602,C007731,login,2026-02-20
E010603,C005067,complaint,2025-12-21
E010604,C004748,consult,2025-07-05
E010605,C004748,login,2025-11-20
E010606,C003645,consult,2025-10-01
E010607,C003645,login,2025-08-13
E010608,C003645,login,2025-12-09
E010609,C003645,complaint,2025-08-27
E010610,C003645,consult,2026-03-06
E010611,C007822,login,2026-01-25
E010612,C007822,login,2026-01-18
E010613,C007822,login,2025-10-06
E010614,C007822,consult,2025-09-19
E010615,C007822,complaint,2026-01-24
E010616,C003895,login,2026-03-27
E010617,C003895,login,2025-12-15
E010618,C003895,consult,2025-10-10
E010619,C007839,login,2025-10-12
E010620,C007839,login,2025-10-23
E010621,C005644,consult,2025-11-07
E010622,C005644,login,2025-10-15
E010623,C005644,login,2026-01-27
E010624,C005509,login,2026-02-28
E010625,C005509,login,2025-10-24
E010626,C005509,login,2025-11-23
E010627,C005509,consult,2026-03-06
E010628,C005730,login,2025-11-17
E010629,C005730,login,2025-10-21
E010630,C005730,consult,2025-07-27
E010631,C005730,login,2025-07-10
E010632,C005730,login,2025-08-08
E010633,C005968,login,2025-11-24
E010634,C005968,consult,2025-12-06
E010635,C005968,login,2025-10-27
E010636,C005968,login,2025-06-26
E010637,C005968,login,2026-02-26
E010638,C002444,login,2025-12-16
E010639,C002444,login,2025-08-07
E010640,C002444,complaint,2025-06-24
E010641,C003413,consult,2025-07-17
E010642,C003413,login,2025-11-16
E010643,C003413,consult,2025-12-02
E010644,C003413,consult,2025-06-11
E010645,C006259,consult,2026-03-08
E010646,C006259,complaint,2025-12-11
E010647,C006259,consult,2025-10-21
E010648,C000010,consult,2025-12-25
E010649,C000010,login,2025-08-20
E010650,C000010,consult,2025-06-01
E010651,C006935,login,2025-11-10
E010652,C006935,login,2026-03-09
E010653,C006935,login,2025-07-17
E010654,C006935,complaint,2026-03-01
E010655,C006935,complaint,2025-11-08
E010656,C002454,login,2025-07-30
E010657,C002454,login,2026-03-24
E010658,C002454,login,2026-02-02
E010659,C000874,login,2025-10-12
E010660,C000874,consult,2025-08-19
E010661,C000874,login,2025-10-12
E010662,C004962,login,2025-06-27
E010663,C004962,login,2025-09-15
E010664,C004962,complaint,2025-09-06
E010665,C004962,login,2025-07-19
E010666,C005329,login,2026-02-16
E010667,C005329,consult,2025-08-20
E010668,C003066,consult,2025-07-25
E010669,C003066,consult,2026-03-14
E010670,C003066,login,2025-12-28
E010671,C003066,login,2025-11-09
E010672,C003066,login,2025-12-12
E010673,C007252,complaint,2025-06-04
E010674,C007252,consult,2026-01-02
E010675,C007252,login,2025-06-10
E010676,C006175,consult,2025-11-29
E010677,C005526,login,2025-12-04
E010678,C005526,login,2025-12-14
E010679,C005526,login,2025-10-31
E010680,C005526,login,2025-12-14
E010681,C007996,login,2026-01-11
E010682,C007996,login,2025-09-27
E010683,C007996,login,2025-07-26
E010684,C007996,login,2026-02-01
E010685,C007996,login,2025-06-28
E010686,C007534,login,2025-10-29
E010687,C007534,login,2025-11-21
E010688,C007534,consult,2025-08-20
E010689,C005876,consult,2026-03-22
E010690,C005876,login,2025-12-07
E010691,C005876,consult,2026-02-28
E010692,C005876,login,2025-08-27
E010693,C005876,login,2025-08-03
E010694,C007588,login,2026-01-24
E010695,C007588,complaint,2025-07-02
E010696,C007588,complaint,2025-12-02
E010697,C007588,login,2025-09-15
E010698,C007588,login,2026-01-25
E010699,C007270,login,2025-06-25
E010700,C007270,login,2025-11-18
E010701,C007270,consult,2025-08-03
E010702,C007270,login,2026-03-12
E010703,C007270,login,2025-07-11
E010704,C006290,login,2026-03-15
E010705,C006290,login,2025-06-25
E010706,C006290,consult,2026-03-22
E010707,C006907,consult,2026-02-24
E010708,C006907,login,2025-07-31
E010709,C005506,consult,2025-11-03
E010710,C002731,login,2026-01-22
E010711,C002731,login,2025-11-30
E010712,C002731,complaint,2025-12-12
E010713,C002731,login,2025-09-01
E010714,C002731,login,2025-09-18
E010715,C004900,login,2026-03-20
E010716,C004900,consult,2026-02-16
E010717,C006278,login,2026-02-01
E010718,C006278,login,2025-12-19
E010719,C006278,login,2025-12-24
E010720,C004121,complaint,2025-12-15
E010721,C006689,login,2025-12-11
E010722,C006689,consult,2025-06-11
E010723,C006689,consult,2026-03-27
E010724,C006689,complaint,2025-10-22
E010725,C004627,complaint,2025-08-07
E010726,C004627,login,2025-06-30
E010727,C000285,login,2025-06-06
E010728,C000285,login,2025-06-27
E010729,C003418,login,2025-10-19
E010730,C003418,login,2025-10-09
E010731,C003418,consult,2026-03-07
E010732,C003418,complaint,2025-08-09
E010733,C002037,login,2025-12-18
E010734,C002037,complaint,2025-08-23
E010735,C002037,login,2025-11-20
E010736,C002037,consult,2025-09-19
E010737,C000821,login,2026-02-10
E010738,C000821,login,2025-08-04
E010739,C007371,login,2025-11-09
E010740,C007371,consult,2026-02-21
E010741,C007371,login,2025-10-28
E010742,C007371,login,2025-07-13
E010743,C007371,consult,2025-11-25
E010744,C007749,login,2025-12-23
E010745,C007749,login,2025-11-01
E010746,C007749,complaint,2025-10-26
E010747,C007749,login,2025-08-29
E010748,C005798,login,2025-10-18
E010749,C005798,consult,2025-12-31
E010750,C005798,login,2025-12-11
E010751,C005798,login,2025-09-24
E010752,C005798,login,2025-11-07
E010753,C005758,login,2026-02-28
E010754,C000525,login,2026-02-16
E010755,C000525,login,2025-10-06
E010756,C000525,login,2025-11-21
E010757,C000525,login,2025-07-29
E010758,C000525,complaint,2025-12-20
E010759,C001898,login,2025-07-26
E010760,C001898,login,2025-06-01
E010761,C001898,login,2025-06-02
E010762,C001898,login,2025-06-05
E010763,C001898,login,2025-08-19
E010764,C005520,complaint,2026-02-23
E010765,C005520,login,2025-06-28
E010766,C005520,complaint,2025-06-25
E010767,C005520,login,2025-08-19
E010768,C005659,login,2026-02-02
E010769,C005659,complaint,2026-03-15
E010770,C005659,complaint,2025-08-25
E010771,C000327,consult,2025-06-08
E010772,C000327,login,2025-07-31
E010773,C000327,login,2025-09-11
E010774,C000327,login,2025-10-28
E010775,C004073,complaint,2026-02-17
E010776,C004073,login,2026-01-28
E010777,C004456,consult,2025-11-15
E010778,C004456,login,2025-10-22
E010779,C004456,consult,2025-12-14
E010780,C005510,consult,2026-02-12
E010781,C006124,login,2025-11-16
E010782,C002197,complaint,2025-09-17
E010783,C002197,login,2026-01-30
E010784,C005303,login,2025-07-15
E010785,C005303,login,2025-09-26
E010786,C003193,login,2026-02-12
E010787,C003193,login,2026-01-18
E010788,C003193,consult,2025-11-07
E010789,C003193,consult,2026-01-05
E010790,C003193,login,2025-11-28
E010791,C002943,login,2025-08-22
E010792,C002957,login,2025-11-25
E010793,C002957,login,2025-07-17
E010794,C002957,login,2025-09-18
E010795,C002957,login,2026-02-19
E010796,C002311,login,2025-07-17
E010797,C002311,login,2025-06-26
E010798,C002311,login,2025-06-11
E010799,C002311,login,2026-01-26
E010800,C000499,login,2025-11-18
E010801,C000499,login,2026-01-23
E010802,C006892,login,2025-08-07
E010803,C006892,complaint,2025-11-15
E010804,C006892,login,2025-06-07
E010805,C006892,login,2025-12-09
E010806,C002547,login,2025-12-04
E010807,C002547,consult,2026-01-25
E010808,C002783,login,2025-09-20
E010809,C002783,login,2025-11-16
E010810,C002406,consult,2025-08-06
E010811,C002406,login,2025-07-03
E010812,C002406,login,2025-12-20
E010813,C002406,login,2026-02-04
E010814,C007886,complaint,2025-07-05
E010815,C007886,login,2025-10-19
E010816,C007886,login,2025-10-27
E010817,C003706,consult,2026-03-14
E010818,C003706,login,2025-08-15
E010819,C003706,login,2026-01-15
E010820,C003655,consult,2025-09-08
E010821,C000380,login,2025-09-20
E010822,C000380,login,2025-06-09
E010823,C000380,consult,2025-12-10
E010824,C000380,login,2025-08-29
E010825,C003049,consult,2025-11-08
E010826,C007100,login,2025-08-14
E010827,C007100,login,2025-10-26
E010828,C007100,login,2025-06-09
E010829,C007100,login,2025-07-20
E010830,C005729,consult,2025-11-23
E010831,C005729,complaint,2025-07-02
E010832,C005729,consult,2025-07-14
E010833,C005729,login,2025-09-02
E010834,C004025,login,2026-03-13
E010835,C004025,login,2026-01-12
E010836,C004025,consult,2025-10-21
E010837,C007784,login,2026-01-26
E010838,C007784,login,2025-11-04
E010839,C007784,consult,2025-06-20
E010840,C007784,consult,2025-07-05
E010841,C007784,complaint,2026-03-22
E010842,C005962,login,2025-11-30
E010843,C005962,login,2026-03-24
E010844,C005962,login,2026-03-08
E010845,C005962,consult,2025-07-26
E010846,C005761,login,2025-09-20
E010847,C005761,login,2026-03-13
E010848,C005761,login,2025-08-27
E010849,C005761,login,2025-11-05
E010850,C005761,login,2026-01-12
E010851,C001053,login,2026-01-24
E010852,C001053,login,2026-03-04
E010853,C001053,login,2025-06-16
E010854,C001053,login,2026-01-07
E010855,C000191,login,2026-01-21
E010856,C000191,login,2025-07-14
E010857,C000191,login,2025-10-14
E010858,C000191,login,2025-06-16
E010859,C002789,login,2026-03-14
E010860,C002789,complaint,2026-02-15
E010861,C004757,login,2026-01-05
E010862,C004757,login,2025-09-07
E010863,C004757,login,2025-06-21
E010864,C004757,login,2025-08-28
E010865,C002388,consult,2025-09-22
E010866,C002388,login,2025-11-09
E010867,C002388,login,2026-02-26
E010868,C001721,login,2026-03-01
E010869,C001721,login,2025-07-13
E010870,C001721,consult,2026-01-19
E010871,C001721,complaint,2026-02-04
E010872,C004383,login,2025-09-28
E010873,C004383,consult,2025-09-27
E010874,C004383,complaint,2026-02-17
E010875,C004383,login,2025-10-02
E010876,C004383,login,2026-02-11
E010877,C005696,login,2026-01-30
E010878,C005696,login,2025-06-29
E010879,C005696,login,2025-08-28
E010880,C005696,complaint,2026-01-06
E010881,C000021,login,2025-07-12
E010882,C000021,login,2025-09-03
E010883,C000021,login,2025-07-01
E010884,C000021,login,2025-08-28
E010885,C000021,consult,2026-02-03
E010886,C003446,login,2025-11-04
E010887,C003446,login,2025-12-20
E010888,C003446,login,2025-07-01
E010889,C003446,complaint,2026-02-26
E010890,C003446,login,2025-11-17
E010891,C006845,login,2026-01-13
E010892,C006845,consult,2026-03-06
E010893,C004547,login,2025-12-21
E010894,C004547,consult,2025-09-20
E010895,C004547,login,2025-12-24
E010896,C004547,login,2026-03-10
E010897,C004547,login,2026-03-25
E010898,C005600,login,2025-12-13
E010899,C002535,consult,2025-09-17
E010900,C002535,login,2025-10-08
E010901,C002867,login,2026-01-02
E010902,C002867,login,2025-08-16
E010903,C002867,consult,2026-01-29
E010904,C002867,login,2025-10-15
E010905,C002867,login,2025-08-16
E010906,C006982,login,2025-06-06
E010907,C006982,complaint,2026-01-27
E010908,C006982,login,2025-10-13
E010909,C006982,login,2025-08-08
E010910,C006982,login,2025-12-02
E010911,C007734,login,2025-07-10
E010912,C004873,login,2026-01-29
E010913,C004873,login,2025-09-10
E010914,C002021,login,2025-12-10
E010915,C007744,consult,2025-10-07
E010916,C006501,consult,2025-12-28
E010917,C006501,login,2026-03-02
E010918,C006501,login,2025-12-11
E010919,C004080,login,2025-06-25
E010920,C004080,login,2025-08-28
E010921,C005944,consult,2026-01-06
E010922,C005944,login,2025-11-05
E010923,C005944,login,2026-02-18
E010924,C005944,login,2025-07-27
E010925,C005944,complaint,2025-07-31
E010926,C000209,login,2025-11-17
E010927,C006376,consult,2025-09-18
E010928,C006376,consult,2025-09-29
E010929,C004078,consult,2025-10-23
E010930,C000190,login,2025-11-24
E010931,C000190,consult,2025-12-17
E010932,C005575,consult,2026-03-01
E010933,C005575,login,2025-10-26
E010934,C005668,consult,2025-12-01
E010935,C005668,login,2025-11-03
E010936,C000151,login,2025-07-22
E010937,C000151,consult,2025-12-31
E010938,C000151,consult,2025-08-15
E010939,C000151,login,2025-06-21
E010940,C000023,login,2026-02-19
E010941,C006202,login,2025-08-24
E010942,C006202,login,2026-02-03
E010943,C007806,login,2026-02-28
E010944,C007806,login,2025-11-06
E010945,C007806,login,2025-09-23
E010946,C004221,login,2025-08-21
E010947,C004221,login,2025-07-16
E010948,C004221,login,2025-11-14
E010949,C004221,login,2026-01-23
E010950,C004221,complaint,2025-06-01
E010951,C001332,login,2025-10-29
E010952,C001332,login,2026-02-16
E010953,C001332,login,2025-12-28
E010954,C001332,login,2026-03-12
E010955,C004228,complaint,2026-02-01
E010956,C004228,login,2025-11-22
E010957,C000443,login,2026-01-24
E010958,C000443,login,2025-08-11
E010959,C000443,login,2025-11-24
E010960,C000443,login,2025-10-15
E010961,C000443,login,2025-07-08
E010962,C000658,login,2025-12-05
E010963,C000658,consult,2025-10-30
E010964,C002356,login,2025-10-10
E010965,C002356,complaint,2026-02-23
E010966,C004737,complaint,2026-02-05
E010967,C004737,login,2026-03-18
E010968,C004737,login,2026-01-25
E010969,C004737,login,2025-09-06
E010970,C001383,consult,2026-02-22
E010971,C001808,login,2025-12-01
E010972,C007918,complaint,2025-09-13
E010973,C007918,login,2026-01-01
E010974,C006165,login,2025-09-05
E010975,C006165,login,2026-03-20
E010976,C006165,login,2026-03-18
E010977,C002799,login,2025-07-09
E010978,C002799,login,2025-08-13
E010979,C001963,consult,2025-09-17
E010980,C001963,login,2026-01-13
E010981,C001963,complaint,2025-09-29
E010982,C001963,login,2025-08-19
E010983,C007811,login,2025-10-11
E010984,C007811,login,2025-09-09
E010985,C003998,login,2025-11-04
E010986,C000551,consult,2026-03-14
E010987,C000551,complaint,2025-11-19
E010988,C004554,login,2025-09-22
E010989,C004554,login,2026-03-16
E010990,C004554,login,2026-01-26
E010991,C004554,login,2025-12-29
E010992,C004554,login,2025-07-30
E010993,C007424,complaint,2025-07-09
E010994,C007424,complaint,2025-06-05
E010995,C007424,login,2026-01-10
E010996,C007424,login,2025-10-08
E010997,C005913,login,2025-08-04
E010998,C003814,login,2025-06-07
E010999,C005824,complaint,2025-07-17
E011000,C007171,login,2026-01-26
E011001,C007171,consult,2026-02-25
E011002,C007249,consult,2025-07-18
E011003,C007249,login,2025-08-01
E011004,C007249,login,2025-08-12
E011005,C000940,login,2025-12-21
E011006,C002470,login,2025-07-10
E011007,C006170,login,2025-06-07
E011008,C006170,complaint,2026-03-14
E011009,C006170,consult,2025-09-13
E011010,C006170,consult,2025-06-11
E011011,C006170,consult,2025-10-26
E011012,C002818,complaint,2025-12-03
E011013,C002818,login,2025-08-28
E011014,C002818,login,2025-06-20
E011015,C006096,complaint,2025-09-25
E011016,C005040,login,2026-02-25
E011017,C006870,login,2025-08-07
E011018,C006870,login,2025-09-13
E011019,C006870,login,2025-09-03
E011020,C006929,login,2026-03-01
E011021,C006929,consult,2025-07-01
E011022,C006929,login,2025-07-11
E011023,C006929,login,2025-11-15
E011024,C006929,consult,2026-01-15
E011025,C005189,login,2025-07-08
E011026,C006920,login,2025-10-16
E011027,C006920,login,2025-08-06
E011028,C006920,login,2025-06-12
E011029,C002899,login,2026-02-14
E011030,C002104,login,2026-01-29
E011031,C002104,consult,2026-02-23
E011032,C001528,consult,2025-07-10
E011033,C001528,login,2025-10-19
E011034,C001528,login,2025-06-08
E011035,C001528,login,2025-09-17
E011036,C000341,login,2025-07-31
E011037,C000341,login,2025-10-14
E011038,C000341,login,2026-02-11
E011039,C000341,login,2025-07-07
E011040,C000341,login,2026-03-14
E011041,C002415,complaint,2025-08-05
E011042,C002415,login,2025-06-15
E011043,C004300,login,2026-03-20
E011044,C006706,login,2025-07-10
E011045,C006706,login,2025-10-31
E011046,C006209,login,2025-08-19
E011047,C006209,login,2025-10-24
E011048,C003943,login,2025-12-18
E011049,C003943,complaint,2025-11-02
E011050,C003943,login,2025-11-05
E011051,C003943,login,2025-07-12
E011052,C000421,login,2025-10-13
E011053,C000421,login,2025-06-24
E011054,C000421,login,2025-12-25
E011055,C000421,consult,2025-07-21
E011056,C000421,complaint,2025-06-30
E011057,C000762,complaint,2025-07-25
E011058,C000762,login,2025-12-21
E011059,C000762,consult,2025-09-29
E011060,C000762,login,2025-12-09
E011061,C003516,login,2026-01-16
E011062,C003516,login,2026-03-19
E011063,C002390,login,2025-10-22
E011064,C002390,consult,2025-10-27
E011065,C006097,login,2025-07-18
E011066,C005790,login,2025-08-28
E011067,C005790,login,2025-11-05
E011068,C005790,login,2025-12-23
E011069,C000865,login,2025-08-09
E011070,C000865,complaint,2026-03-05
E011071,C000865,login,2025-09-24
E011072,C000865,login,2026-02-23
E011073,C000865,login,2025-09-04
E011074,C001869,login,2026-02-17
E011075,C001869,login,2026-02-19
E011076,C001869,consult,2026-01-19
E011077,C001869,login,2026-02-12
E011078,C001869,login,2025-12-24
E011079,C002389,login,2026-03-26
E011080,C002389,login,2025-07-13
E011081,C002389,login,2025-09-22
E011082,C002389,login,2025-12-21
E011083,C000504,consult,2026-02-25
E011084,C000504,login,2025-12-23
E011085,C000504,login,2025-06-30
E011086,C000504,login,2025-10-02
E011087,C000504,consult,2026-02-17
E011088,C003442,login,2026-02-14
E011089,C003442,login,2025-09-18
E011090,C003442,consult,2025-10-06
E011091,C003442,login,2025-06-12
E011092,C003442,login,2025-06-16
E011093,C007934,consult,2025-10-21
E011094,C005178,login,2025-12-09
E011095,C004092,login,2025-12-24
E011096,C004092,login,2026-01-20
E011097,C004092,login,2026-03-26
E011098,C004092,consult,2025-09-17
E011099,C000770,login,2026-02-03
E011100,C000770,login,2025-12-30
E011101,C000770,login,2026-01-27
E011102,C000885,login,2026-03-16
E011103,C000885,complaint,2026-03-22
E011104,C000885,login,2025-07-22
E011105,C000885,login,2026-02-07
E011106,C000885,login,2026-02-13
E011107,C007441,consult,2026-03-18
E011108,C007441,login,2025-10-11
E011109,C006800,login,2025-07-15
E011110,C006800,login,2025-12-03
E011111,C006800,login,2025-09-03
E011112,C006800,login,2025-11-15
E011113,C006800,login,2025-07-01
E011114,C004304,login,2025-10-22
E011115,C004304,consult,2026-02-21
E011116,C004304,login,2026-03-09
E011117,C004304,consult,2025-06-14
E011118,C004304,complaint,2026-03-27
E011119,C006686,login,2025-10-08
E011120,C006686,login,2025-12-18
E011121,C006686,consult,2025-11-18
E011122,C006686,consult,2025-11-11
E011123,C006686,login,2026-02-09
E011124,C004296,login,2025-12-31
E011125,C004296,consult,2026-02-06
E011126,C004296,consult,2025-08-14
E011127,C002527,login,2025-08-23
E011128,C002527,complaint,2025-09-18
E011129,C002527,login,2026-02-09
E011130,C002527,login,2025-08-13
E011131,C002527,consult,2025-07-08
E011132,C005688,login,2025-11-16
E011133,C005688,login,2026-01-14
E011134,C005688,login,2025-08-29
E011135,C005688,login,2025-12-11
E011136,C005688,login,2026-02-12
E011137,C007887,login,2025-12-06
E011138,C007887,login,2025-09-09
E011139,C007887,login,2026-03-17
E011140,C001287,consult,2025-11-25
E011141,C004680,login,2026-01-18
E011142,C004680,login,2025-12-07
E011143,C005777,login,2025-06-01
E011144,C005777,consult,2025-11-07
E011145,C005777,consult,2025-08-22
E011146,C005777,login,2025-10-13
E011147,C005777,login,2025-06-11
E011148,C002980,complaint,2025-11-27
E011149,C002980,complaint,2025-11-21
E011150,C002980,login,2025-06-21
E011151,C002980,login,2025-08-04
E011152,C002980,consult,2025-10-29
E011153,C003594,consult,2025-06-06
E011154,C003594,consult,2025-07-29
E011155,C003594,consult,2025-11-12
E011156,C000711,consult,2025-08-28
E011157,C000711,consult,2025-09-29
E011158,C000711,login,2026-03-26
E011159,C000711,consult,2026-03-05
E011160,C000711,login,2026-02-12
E011161,C007382,login,2025-09-25
E011162,C007382,login,2025-08-18
E011163,C007382,login,2025-09-10
E011164,C007382,consult,2026-03-09
E011165,C007382,login,2026-01-01
E011166,C007447,login,2025-09-26
E011167,C000099,login,2025-06-16
E011168,C000099,complaint,2025-10-01
E011169,C000099,login,2025-10-12
E011170,C000099,login,2026-01-23
E011171,C000099,login,2025-06-15
E011172,C003530,login,2026-02-11
E011173,C003530,complaint,2026-02-01
E011174,C000891,login,2025-11-03
E011175,C000891,consult,2026-02-22
E011176,C000891,login,2025-11-12
E011177,C000891,login,2025-08-12
E011178,C000891,consult,2025-10-12
E011179,C003416,login,2025-10-03
E011180,C003416,login,2025-07-06
E011181,C003219,login,2025-12-26
E011182,C003219,login,2025-08-31
E011183,C003219,login,2025-11-05
E011184,C003219,login,2025-08-29
E011185,C005617,consult,2025-10-13
E011186,C005617,complaint,2025-12-18
E011187,C005617,login,2025-07-02
E011188,C001983,login,2025-10-06
E011189,C003807,login,2025-12-04
E011190,C003807,login,2025-11-30
E011191,C003807,login,2026-03-07
E011192,C005608,login,2026-01-22
E011193,C005608,consult,2025-10-17
E011194,C005608,login,2025-08-22
E011195,C005608,login,2025-12-30
E011196,C005608,consult,2025-08-23
E011197,C004240,consult,2026-03-27
E011198,C004240,consult,2025-11-04
E011199,C001040,consult,2026-03-20
E011200,C001040,login,2026-01-13
E011201,C001040,complaint,2025-09-07
E011202,C001040,login,2025-08-20
E011203,C001040,login,2025-07-01
E011204,C007945,consult,2026-02-28
E011205,C007945,login,2025-10-08
E011206,C007945,login,2025-12-17
E011207,C007384,login,2025-10-02
E011208,C002596,login,2025-09-04
E011209,C002596,login,2025-08-22
E011210,C004764,complaint,2025-11-13
E011211,C004764,login,2025-11-19
E011212,C004764,login,2025-11-20
E011213,C006487,login,2026-01-16
E011214,C001063,login,2026-03-02
E011215,C001063,login,2025-08-24
E011216,C001063,login,2025-12-25
E011217,C003334,login,2025-06-09
E011218,C003334,login,2025-08-05
E011219,C004245,login,2026-03-08
E011220,C004245,login,2025-10-01
E011221,C004245,login,2025-12-05
E011222,C004129,login,2026-01-19
E011223,C004129,login,2025-06-29
E011224,C004129,login,2025-06-01
E011225,C001251,login,2026-01-30
E011226,C001251,login,2025-10-24
E011227,C006645,login,2025-09-04
E011228,C006645,login,2025-08-04
E011229,C006645,login,2025-11-09
E011230,C006645,consult,2025-07-30
E011231,C006645,login,2025-08-06
E011232,C001466,login,2025-08-05
E011233,C001466,consult,2025-09-07
E011234,C005254,login,2026-01-18
E011235,C005254,complaint,2025-06-20
E011236,C005254,consult,2025-09-03
E011237,C005254,login,2025-06-25
E011238,C004905,login,2025-10-24
E011239,C004905,consult,2025-08-24
E011240,C004905,complaint,2025-12-14
E011241,C004905,login,2025-09-13
E011242,C001992,login,2025-12-28
E011243,C001992,consult,2026-02-23
E011244,C006734,login,2025-11-01
E011245,C006734,login,2025-07-30
E011246,C006734,login,2026-01-02
E011247,C006273,login,2025-12-19
E011248,C001399,consult,2025-11-09
E011249,C001399,consult,2025-06-21
E011250,C001399,consult,2025-10-21
E011251,C001399,login,2026-02-14
E011252,C001399,consult,2025-12-06
E011253,C000671,login,2026-02-22
E011254,C000671,consult,2025-11-01
E011255,C000671,login,2025-08-05
E011256,C000671,login,2026-02-26
E011257,C001263,login,2025-09-18
E011258,C001263,login,2025-09-01
E011259,C001263,login,2025-08-17
E011260,C001263,complaint,2025-06-27
E011261,C001263,login,2026-01-09
E011262,C007683,login,2025-08-14
E011263,C007683,login,2025-12-08
E011264,C007683,consult,2025-11-02
E011265,C007683,consult,2025-06-28
E011266,C002762,login,2025-08-13
E011267,C002762,login,2026-03-24
E011268,C002762,login,2025-06-30
E011269,C007695,login,2025-07-04
E011270,C007695,login,2025-08-23
E011271,C007695,consult,2025-12-28
E011272,C007695,login,2026-02-19
E011273,C007695,login,2025-12-31
E011274,C004045,consult,2025-08-07
E011275,C004045,login,2025-12-19
E011276,C004045,login,2025-09-13
E011277,C004045,consult,2025-11-20
E011278,C006728,login,2026-03-26
E011279,C002023,login,2025-07-06
E011280,C001197,consult,2025-09-18
E011281,C001197,login,2025-12-18
E011282,C001197,login,2025-11-26
E011283,C001197,login,2025-07-27
E011284,C001197,login,2026-03-15
E011285,C000417,consult,2025-06-15
E011286,C000417,complaint,2025-12-25
E011287,C005553,complaint,2025-07-29
E011288,C005553,login,2025-11-03
E011289,C005553,login,2026-01-16
E011290,C005450,login,2025-12-31
E011291,C005450,login,2026-03-18
E011292,C004995,login,2025-11-08
E011293,C004995,login,2025-12-26
E011294,C004995,login,2025-12-11
E011295,C006183,login,2026-03-25
E011296,C006183,consult,2025-12-09
E011297,C006183,login,2025-09-22
E011298,C000849,login,2025-12-07
E011299,C000849,login,2025-12-11
E011300,C007055,login,2025-11-29
E011301,C007055,login,2025-10-31
E011302,C007055,login,2025-07-05
E011303,C007055,complaint,2025-07-01
E011304,C007055,login,2025-09-04
E011305,C006906,complaint,2025-12-16
E011306,C006906,login,2025-11-15
E011307,C006906,login,2025-08-03
E011308,C005667,complaint,2026-01-26
E011309,C005667,login,2025-09-06
E011310,C006905,login,2026-03-09
E011311,C006905,login,2026-02-21
E011312,C006905,consult,2025-09-15
E011313,C006905,login,2026-01-19
E011314,C005146,login,2025-11-27
E011315,C005146,login,2026-03-04
E011316,C003452,login,2025-08-16
E011317,C004573,login,2025-12-04
E011318,C004573,login,2025-06-16
E011319,C001012,login,2025-07-23
E011320,C001012,login,2025-10-24
E011321,C001012,login,2025-08-31
E011322,C001012,login,2026-03-08
E011323,C001012,login,2025-09-13
E011324,C004732,login,2026-01-12
E011325,C004732,login,2026-01-28
E011326,C004732,login,2025-08-14
E011327,C004732,login,2026-03-13
E011328,C002644,complaint,2025-12-04
E011329,C002644,login,2026-01-22
E011330,C002644,login,2025-06-22
E011331,C005255,consult,2025-10-27
E011332,C005255,complaint,2025-09-04
E011333,C005255,login,2025-12-03
E011334,C005255,login,2025-07-29
E011335,C004674,consult,2026-03-23
E011336,C004674,consult,2025-11-03
E011337,C007413,consult,2026-01-26
E011338,C007413,consult,2025-06-26
E011339,C004745,login,2026-01-01
E011340,C007120,login,2025-08-26
E011341,C007120,consult,2026-02-15
E011342,C007120,consult,2026-03-24
E011343,C007120,login,2025-11-05
E011344,C007120,consult,2025-09-27
E011345,C001237,consult,2025-06-20
E011346,C001237,login,2025-08-14
E011347,C001237,consult,2025-12-12
E011348,C003723,complaint,2025-06-01
E011349,C002412,login,2025-09-13
E011350,C002412,login,2025-08-08
E011351,C002412,login,2025-12-12
E011352,C002412,complaint,2025-09-27
E011353,C002412,login,2025-09-03
E011354,C001704,consult,2025-10-24
E011355,C001704,login,2026-03-03
E011356,C001704,complaint,2025-09-08
E011357,C004326,complaint,2025-07-23
E011358,C000899,consult,2025-11-28
E011359,C000899,complaint,2025-12-22
E011360,C007186,login,2026-03-18
E011361,C007186,consult,2025-07-07
E011362,C007186,login,2025-07-26
E011363,C007186,login,2025-10-31
E011364,C007186,consult,2025-06-18
E011365,C004663,consult,2025-08-19
E011366,C004663,login,2026-03-21
E011367,C004663,login,2026-02-23
E011368,C004663,complaint,2025-06-22
E011369,C004663,login,2025-11-12
E011370,C005424,login,2026-01-12
E011371,C005424,login,2026-01-29
E011372,C003447,complaint,2025-11-21
E011373,C003447,login,2025-08-27
E011374,C003447,login,2025-07-21
E011375,C003447,login,2025-07-09
E011376,C000201,login,2025-06-29
E011377,C000201,login,2025-11-10
E011378,C001728,login,2026-02-22
E011379,C007874,login,2025-11-06
E011380,C006692,login,2025-07-08
E011381,C006692,login,2025-11-18
E011382,C006692,complaint,2025-08-16
E011383,C006692,consult,2025-10-14
E011384,C006013,login,2026-03-21
E011385,C006013,consult,2026-03-02
E011386,C006013,login,2026-03-22
E011387,C006013,login,2025-12-04
E011388,C006013,login,2025-12-02
E011389,C001843,login,2025-11-26
E011390,C004980,consult,2025-07-31
E011391,C004980,consult,2025-08-11
E011392,C004980,login,2025-11-14
E011393,C004980,login,2026-03-17
E011394,C004980,login,2025-11-23
E011395,C000735,login,2026-02-23
E011396,C000735,complaint,2025-08-05
E011397,C005706,login,2025-12-24
E011398,C005706,login,2025-10-26
E011399,C005706,login,2025-06-25
E011400,C005706,login,2025-12-28
E011401,C002740,login,2026-01-04
E011402,C002740,login,2025-11-16
E011403,C002740,login,2025-07-15
E011404,C002740,consult,2025-11-17
E011405,C002740,login,2026-02-28
E011406,C001207,login,2026-02-20
E011407,C001696,login,2025-12-29
E011408,C002320,login,2025-09-06
E011409,C003666,login,2026-01-07
E011410,C003278,login,2025-11-11
E011411,C003278,login,2025-06-24
E011412,C003278,login,2025-06-20
E011413,C003278,complaint,2025-09-14
E011414,C003278,login,2026-03-27
E011415,C003065,login,2025-07-03
E011416,C003065,login,2026-01-15
E011417,C000600,consult,2025-07-04
E011418,C005404,login,2026-02-08
E011419,C005404,login,2026-03-14
E011420,C005404,consult,2025-12-15
E011421,C005404,complaint,2025-11-25
E011422,C003352,login,2025-10-07
E011423,C003352,login,2025-10-24
E011424,C003352,login,2026-02-06
E011425,C007521,login,2025-06-17
E011426,C007521,login,2026-03-10
E011427,C007521,login,2025-08-13
E011428,C007521,consult,2025-06-02
E011429,C003545,consult,2026-01-05
E011430,C003512,login,2026-01-02
E011431,C003512,consult,2025-08-18
E011432,C000401,login,2025-06-25
E011433,C000401,login,2026-03-11
E011434,C004005,login,2025-07-19
E011435,C004005,login,2025-07-08
E011436,C004005,consult,2025-10-08
E011437,C004005,login,2025-09-10
E011438,C006121,login,2025-10-02
E011439,C006121,complaint,2025-11-13
E011440,C001777,login,2025-08-07
E011441,C006995,login,2025-12-06
E011442,C006995,consult,2025-10-13
E011443,C000515,login,2025-08-17
E011444,C000515,complaint,2025-10-19
E011445,C006188,login,2025-10-14
E011446,C006188,login,2025-09-02
E011447,C005219,login,2025-07-29
E011448,C005219,login,2026-03-21
E011449,C005219,complaint,2025-11-02
E011450,C005219,login,2025-10-17
E011451,C005219,login,2025-11-12
E011452,C004597,consult,2025-12-03
E011453,C004597,consult,2026-02-09
E011454,C004303,consult,2025-08-06
E011455,C004303,login,2026-01-25
E011456,C005781,login,2025-06-14
E011457,C002545,login,2026-03-13
E011458,C004938,consult,2025-12-17
E011459,C004938,login,2025-09-18
E011460,C004938,login,2025-12-01
E011461,C004938,login,2025-07-14
E011462,C005307,login,2026-01-02
E011463,C005307,login,2026-03-27
E011464,C005307,login,2025-07-10
E011465,C006512,consult,2025-10-16
E011466,C000815,login,2025-10-02
E011467,C000815,login,2025-12-28
E011468,C000815,login,2025-11-12
E011469,C000815,login,2025-12-10
E011470,C000815,consult,2026-02-18
E011471,C006953,complaint,2025-12-16
E011472,C006953,consult,2025-11-22
E011473,C006953,consult,2026-03-23
E011474,C006099,login,2026-03-06
E011475,C006099,login,2025-09-26
E011476,C002207,login,2025-12-18
E011477,C002207,login,2025-09-04
E011478,C002207,login,2025-07-23
E011479,C002207,login,2026-01-11
E011480,C002207,login,2026-01-11
E011481,C002753,complaint,2025-11-14
E011482,C000892,login,2025-10-16
E011483,C005868,complaint,2025-11-06
E011484,C005868,complaint,2025-09-16
E011485,C001506,login,2025-07-22
E011486,C001506,login,2025-09-07
E011487,C006785,consult,2025-06-06
E011488,C005974,login,2025-11-23
E011489,C005974,login,2025-08-23
E011490,C005974,login,2026-01-14
E011491,C004821,complaint,2025-08-09
E011492,C004234,login,2025-09-18
E011493,C004234,login,2025-06-03
E011494,C004234,login,2025-10-25
E011495,C001036,login,2026-03-12
E011496,C004942,login,2025-10-28
E011497,C004942,complaint,2025-12-12
E011498,C004942,login,2025-11-27
E011499,C000220,login,2025-09-30
E011500,C000220,consult,2025-11-06
E011501,C000220,consult,2025-10-31
E011502,C002266,login,2026-02-22
E011503,C002266,login,2026-02-19
E011504,C002266,login,2025-12-27
E011505,C006017,consult,2025-12-02
E011506,C003549,consult,2025-08-04
E011507,C003549,consult,2025-11-28
E011508,C003549,consult,2026-02-27
E011509,C003549,login,2026-02-14
E011510,C005681,login,2025-06-19
E011511,C005681,login,2025-11-16
E011512,C005681,login,2025-07-26
E011513,C005681,complaint,2025-07-06
E011514,C005681,complaint,2025-08-30
E011515,C004628,login,2026-02-20
E011516,C004628,login,2025-06-12
E011517,C004628,login,2026-01-27
E011518,C004628,login,2025-06-24
E011519,C005298,login,2026-03-23
E011520,C005298,consult,2025-06-14
E011521,C007115,login,2025-06-26
E011522,C007115,login,2026-02-07
E011523,C007115,consult,2025-10-30
E011524,C007115,login,2025-08-30
E011525,C005081,login,2026-01-23
E011526,C005081,login,2026-02-14
E011527,C005081,login,2025-07-02
E011528,C005081,login,2026-01-08
E011529,C005081,login,2025-06-24
E011530,C004145,login,2025-12-10
E011531,C004145,complaint,2026-03-21
E011532,C004145,login,2025-07-21
E011533,C004145,login,2025-10-27
E011534,C004145,consult,2025-06-18
E011535,C000134,login,2025-07-12
E011536,C000134,login,2026-01-06
E011537,C000134,consult,2026-01-13
E011538,C000134,login,2026-02-08
E011539,C000134,consult,2025-11-18
E011540,C007808,consult,2025-06-21
E011541,C007808,login,2025-11-10
E011542,C007808,login,2025-08-06
E011543,C007033,login,2025-09-18
E011544,C007033,complaint,2026-03-13
E011545,C003644,login,2025-10-18
E011546,C003644,complaint,2025-08-17
E011547,C003644,complaint,2025-08-12
E011548,C002322,login,2025-10-23
E011549,C002322,consult,2025-07-31
E011550,C002322,consult,2026-03-07
E011551,C002322,consult,2025-10-20
E011552,C002322,login,2025-07-03
E011553,C002787,login,2026-02-14
E011554,C002787,login,2025-09-02
E011555,C002787,login,2026-01-04
E011556,C002787,login,2025-08-10
E011557,C002787,complaint,2026-01-11
E011558,C007880,login,2026-03-13
E011559,C000822,login,2025-11-12
E011560,C000822,login,2025-11-20
E011561,C003889,login,2025-11-04
E011562,C003889,login,2026-03-22
E011563,C003889,consult,2025-06-21
E011564,C006918,complaint,2025-08-16
E011565,C006918,consult,2026-01-04
E011566,C006918,login,2025-10-14
E011567,C006918,complaint,2025-09-25
E011568,C006918,login,2025-11-02
E011569,C007774,login,2025-06-22
E011570,C007774,login,2025-07-22
E011571,C007774,consult,2025-11-11
E011572,C001510,login,2025-07-20
E011573,C001510,login,2025-10-09
E011574,C001510,consult,2025-07-01
E011575,C001510,login,2025-07-14
E011576,C001415,login,2025-10-10
E011577,C001415,login,2025-09-19
E011578,C001415,login,2025-08-31
E011579,C001415,login,2025-06-17
E011580,C001415,complaint,2025-11-02
E011581,C000517,login,2026-01-29
E011582,C000517,login,2025-12-13
E011583,C000517,login,2026-02-16
E011584,C004359,login,2025-12-29
E011585,C006149,complaint,2025-08-15
E011586,C006149,consult,2025-07-27
E011587,C006149,login,2025-09-27
E011588,C007868,login,2025-10-17
E011589,C007868,consult,2025-12-27
E011590,C003672,complaint,2025-12-08
E011591,C003672,login,2025-06-25
E011592,C003672,login,2025-07-24
E011593,C003672,complaint,2025-12-02
E011594,C002049,consult,2026-02-04
E011595,C002049,complaint,2025-07-21
E011596,C002049,login,2026-01-09
E011597,C002049,login,2026-01-04
E011598,C005264,login,2025-06-09
E011599,C005264,login,2026-03-09
E011600,C004544,login,2025-10-28
E011601,C004544,consult,2025-11-21
E011602,C004544,login,2025-12-13
E011603,C004544,login,2025-08-07
E011604,C007537,login,2025-12-31
E011605,C007263,complaint,2025-07-08
E011606,C007263,login,2025-12-15
E011607,C006519,login,2025-11-04
E011608,C006519,consult,2026-03-08
E011609,C006519,login,2025-11-21
E011610,C006519,consult,2025-11-12
E011611,C000601,login,2025-10-15
E011612,C000601,complaint,2025-06-25
E011613,C000601,login,2025-11-16
E011614,C002750,complaint,2025-11-16
E011615,C002750,login,2025-10-24
E011616,C002750,login,2025-07-09
E011617,C002750,login,2025-08-09
E011618,C006277,login,2025-11-13
E011619,C006277,login,2025-09-10
E011620,C006277,login,2025-12-17
E011621,C003256,login,2026-02-26
E011622,C000218,login,2025-06-23
E011623,C000218,consult,2026-01-17
E011624,C000218,login,2025-11-12
E011625,C000218,login,2025-07-14
E011626,C004666,login,2025-12-08
E011627,C004666,login,2025-08-21
E011628,C002840,complaint,2025-10-14
E011629,C002840,login,2025-09-02
E011630,C002840,login,2026-03-21
E011631,C002840,login,2025-12-31
E011632,C004477,login,2025-12-18
E011633,C004477,login,2026-02-13
E011634,C004477,consult,2025-09-26
E011635,C004477,consult,2025-11-20
E011636,C003236,consult,2026-03-14
E011637,C003236,login,2025-07-19
E011638,C003236,login,2026-03-10
E011639,C006220,login,2025-10-19
E011640,C006492,login,2025-10-30
E011641,C006492,consult,2025-10-16
E011642,C003840,complaint,2025-09-05
E011643,C006192,login,2026-02-23
E011644,C006192,login,2026-03-06
E011645,C004610,login,2025-08-28
E011646,C004610,login,2026-02-12
E011647,C004693,login,2025-09-29
E011648,C003037,login,2025-09-19
E011649,C003037,login,2026-01-15
E011650,C003037,consult,2025-09-16
E011651,C003037,login,2025-09-18
E011652,C000855,login,2026-02-16
E011653,C000855,consult,2025-09-10
E011654,C000855,login,2026-02-08
E011655,C000855,login,2026-02-05
E011656,C000855,login,2025-06-28
E011657,C000488,login,2025-11-17
E011658,C000488,login,2025-10-25
E011659,C000488,login,2025-11-23
E011660,C000488,login,2025-07-15
E011661,C000488,login,2026-02-15
E011662,C005725,login,2026-01-05
E011663,C003509,complaint,2025-06-26
E011664,C003509,login,2025-09-15
E011665,C006406,login,2025-12-08
E011666,C006406,consult,2025-10-26
E011667,C006406,consult,2026-02-22
E011668,C000593,consult,2025-10-07
E011669,C000593,login,2025-11-02
E011670,C000593,login,2025-08-07
E011671,C007461,consult,2026-02-21
E011672,C007461,login,2025-06-07
E011673,C007461,login,2025-07-06
E011674,C001609,login,2026-02-22
E011675,C001609,complaint,2026-03-19
E011676,C001609,consult,2025-10-24
E011677,C001609,login,2025-10-16
E011678,C001609,login,2025-07-31
E011679,C006709,login,2025-08-20
E011680,C006709,login,2025-08-13
E011681,C007276,consult,2025-09-30
E011682,C007276,complaint,2025-06-10
E011683,C007276,login,2025-11-05
E011684,C007276,login,2025-09-10
E011685,C001735,login,2026-01-12
E011686,C001735,login,2025-07-03
E011687,C001735,consult,2025-06-26
E011688,C001735,login,2026-01-01
E011689,C001735,complaint,2025-09-10
E011690,C000100,login,2025-10-22
E011691,C000100,login,2026-01-09
E011692,C000100,consult,2025-09-10
E011693,C004621,login,2025-07-25
E011694,C004621,login,2025-08-10
E011695,C007401,complaint,2026-01-02
E011696,C007401,login,2025-09-05
E011697,C007401,consult,2025-10-24
E011698,C007401,consult,2025-10-05
E011699,C007401,login,2025-12-15
E011700,C002133,login,2025-11-16
E011701,C002133,login,2026-03-18
E011702,C002133,login,2025-07-17
E011703,C002133,login,2025-12-30
E011704,C002075,login,2025-11-11
E011705,C005613,login,2025-07-03
E011706,C005613,consult,2025-09-08
E011707,C005613,login,2025-06-22
E011708,C000414,login,2026-03-13
E011709,C000358,login,2026-01-08
E011710,C000358,consult,2026-02-27
E011711,C000358,login,2026-03-08
E011712,C000358,consult,2025-09-14
E011713,C007082,login,2026-03-24
E011714,C007082,consult,2025-09-08
E011715,C007082,login,2025-10-10
E011716,C007082,login,2025-11-26
E011717,C007082,login,2026-03-26
E011718,C005070,login,2025-11-24
E011719,C005070,complaint,2025-08-05
E011720,C005070,login,2026-03-22
E011721,C003366,consult,2025-09-29
E011722,C003366,login,2026-02-26
E011723,C004069,login,2026-02-03
E011724,C004069,login,2025-07-29
E011725,C004069,consult,2025-07-04
E011726,C004069,complaint,2025-11-08
E011727,C006011,login,2025-11-16
E011728,C003315,login,2025-09-17
E011729,C003237,login,2025-10-16
E011730,C003237,login,2025-09-05
E011731,C003237,login,2025-10-24
E011732,C003237,login,2025-12-29
E011733,C003131,login,2026-02-27
E011734,C000254,login,2025-06-20
E011735,C000254,consult,2025-12-24
E011736,C000254,login,2026-02-23
E011737,C000016,login,2025-06-18
E011738,C000016,login,2025-06-01
E011739,C000016,consult,2026-01-09
E011740,C000016,login,2026-02-25
E011741,C001962,login,2025-10-12
E011742,C000204,login,2026-02-22
E011743,C000037,consult,2025-12-14
E011744,C000037,login,2025-09-24
E011745,C000037,login,2025-08-05
E011746,C000037,consult,2025-08-22
E011747,C000037,login,2025-08-26
E011748,C003405,login,2025-06-28
E011749,C003405,login,2025-08-30
E011750,C003405,complaint,2025-09-08
E011751,C003405,login,2025-09-27
E011752,C000436,login,2025-08-15
E011753,C000436,consult,2026-03-12
E011754,C000590,login,2026-01-05
E011755,C000590,login,2025-08-18
E011756,C000590,login,2025-12-30
E011757,C000590,login,2026-01-07
E011758,C001966,consult,2025-06-29
E011759,C001966,login,2026-03-23
E011760,C001966,login,2025-07-08
E011761,C001966,login,2025-07-31
E011762,C001966,login,2026-03-15
E011763,C003123,complaint,2025-11-10
E011764,C003123,consult,2025-06-09
E011765,C003123,login,2025-07-14
E011766,C003123,login,2025-11-13
E011767,C000271,consult,2025-08-31
E011768,C000271,login,2026-03-03
E011769,C000271,login,2026-02-06
E011770,C000271,login,2026-02-08
E011771,C005655,login,2025-06-30
E011772,C005655,login,2025-06-08
E011773,C005655,consult,2025-10-08
E011774,C005655,login,2025-12-03
E011775,C002707,login,2025-11-05
E011776,C002707,login,2025-08-27
E011777,C002707,login,2025-06-26
E011778,C004576,login,2025-08-18
E011779,C004576,login,2025-10-05
E011780,C004576,consult,2025-11-17
E011781,C005794,login,2025-08-20
E011782,C005794,login,2025-09-13
E011783,C005794,login,2025-06-23
E011784,C005794,consult,2025-06-04
E011785,C005094,login,2026-01-09
E011786,C005094,login,2025-08-28
E011787,C005094,login,2025-09-08
E011788,C005094,login,2026-02-26
E011789,C005094,complaint,2025-07-21
E011790,C000013,login,2025-10-14
E011791,C000013,login,2025-09-10
E011792,C006629,login,2025-12-11
E011793,C006629,login,2026-01-30
E011794,C006629,login,2026-03-16
E011795,C006629,login,2025-11-18
E011796,C006629,login,2025-12-01
E011797,C001449,login,2026-01-16
E011798,C003804,login,2025-08-10
E011799,C003804,login,2025-12-02
E011800,C003804,login,2026-01-08
E011801,C003804,login,2026-03-22
E011802,C005461,login,2026-02-23
E011803,C005461,login,2026-03-03
E011804,C001023,complaint,2025-06-09
E011805,C001023,consult,2025-10-03
E011806,C001023,login,2025-11-24
E011807,C007375,login,2026-03-17
E011808,C001531,login,2026-01-01
E011809,C001531,login,2025-08-16
E011810,C001531,login,2025-07-10
E011811,C000541,login,2025-06-04
E011812,C000541,consult,2025-12-21
E011813,C000541,login,2026-01-25
E011814,C003263,login,2025-09-29
E011815,C004212,complaint,2025-09-30
E011816,C004212,login,2026-01-07
E011817,C004212,consult,2025-10-12
E011818,C007802,login,2025-11-03
E011819,C007802,login,2025-06-29
E011820,C006397,login,2025-11-29
E011821,C006397,login,2026-02-24
E011822,C006397,login,2025-12-20
E011823,C006397,login,2026-02-06
E011824,C003580,login,2025-09-03
E011825,C007999,login,2025-11-04
E011826,C006454,login,2025-11-21
E011827,C006454,login,2025-10-16
E011828,C006454,complaint,2025-09-07
E011829,C005487,login,2025-08-29
E011830,C006575,login,2026-02-28
E011831,C006575,login,2025-12-09
E011832,C004084,consult,2025-10-10
E011833,C004084,complaint,2025-10-09
E011834,C001496,complaint,2025-09-21
E011835,C001496,login,2025-07-15
E011836,C001496,login,2026-03-27
E011837,C001496,login,2026-01-30
E011838,C005218,consult,2026-01-09
E011839,C005218,consult,2025-07-01
E011840,C005218,login,2025-09-22
E011841,C007355,login,2025-06-23
E011842,C007355,login,2025-07-27
E011843,C004609,login,2025-06-10
E011844,C004609,complaint,2025-12-26
E011845,C004609,login,2025-06-01
E011846,C004609,login,2026-03-03
E011847,C004609,login,2025-08-06
E011848,C006191,login,2025-12-07
E011849,C006191,login,2026-03-12
E011850,C006191,login,2025-07-20
E011851,C006809,login,2025-10-31
E011852,C006809,login,2025-08-16
E011853,C006809,complaint,2025-07-18
E011854,C007700,consult,2026-02-11
E011855,C007700,consult,2025-11-07
E011856,C007700,login,2026-03-11
E011857,C007700,complaint,2025-06-01
E011858,C002528,login,2026-03-25
E011859,C002528,consult,2025-11-17
E011860,C002528,consult,2026-03-08
E011861,C007434,login,2025-10-28
E011862,C007434,login,2025-12-19
E011863,C007434,consult,2026-02-11
E011864,C005686,login,2025-12-07
E011865,C005686,login,2025-06-24
E011866,C005686,login,2025-07-20
E011867,C000288,login,2025-06-06
E011868,C005361,login,2025-07-02
E011869,C005361,consult,2025-10-28
E011870,C005361,login,2026-01-03
E011871,C001388,login,2025-10-16
E011872,C006427,login,2025-10-15
E011873,C006427,consult,2026-01-12
E011874,C007474,login,2025-08-21
E011875,C007474,login,2026-03-12
E011876,C007474,complaint,2025-12-16
E011877,C002202,complaint,2025-11-30
E011878,C002202,login,2025-12-22
E011879,C002202,login,2025-06-27
E011880,C006349,consult,2025-09-01
E011881,C006349,login,2026-03-23
E011882,C006753,login,2025-12-03
E011883,C006753,consult,2026-01-11
E011884,C006753,login,2025-06-01
E011885,C003149,login,2026-03-26
E011886,C003149,login,2026-01-23
E011887,C003149,login,2025-09-17
E011888,C003149,login,2026-03-26
E011889,C003149,login,2025-09-28
E011890,C004192,complaint,2025-06-05
E011891,C004192,login,2025-07-25
E011892,C006275,login,2025-12-10
E011893,C006275,login,2025-07-12
E011894,C006275,complaint,2025-10-30
E011895,C004175,consult,2026-01-16
E011896,C004175,login,2026-03-08
E011897,C004175,login,2025-10-02
E011898,C004175,login,2025-06-06
E011899,C003170,complaint,2025-07-28
E011900,C003170,consult,2025-12-22
E011901,C003170,login,2025-11-14
E011902,C002308,complaint,2026-01-26
E011903,C002308,login,2026-02-12
E011904,C002308,login,2025-10-23
E011905,C002308,login,2025-12-23
E011906,C001969,consult,2025-11-29
E011907,C001969,login,2026-01-19
E011908,C001969,consult,2025-08-30
E011909,C000706,complaint,2025-12-04
E011910,C000706,complaint,2026-01-14
E011911,C001845,login,2025-11-25
E011912,C006430,login,2025-12-14
E011913,C007043,login,2026-01-04
E011914,C007043,consult,2025-12-16
E011915,C007043,login,2025-12-23
E011916,C007043,login,2025-09-12
E011917,C001981,consult,2025-07-07
E011918,C001981,consult,2025-07-29
E011919,C001981,login,2026-01-22
E011920,C000440,login,2025-09-02
E011921,C000440,complaint,2026-01-09
E011922,C000440,login,2025-11-06
E011923,C000440,login,2026-01-17
E011924,C000440,consult,2025-08-20
E011925,C004536,consult,2025-11-07
E011926,C004536,login,2025-10-29
E011927,C004536,login,2025-10-20
E011928,C004237,consult,2026-02-05
E011929,C004237,login,2026-01-30
E011930,C002118,login,2026-03-01
E011931,C002118,login,2025-06-01
E011932,C002118,complaint,2025-09-02
E011933,C002118,login,2025-08-07
E011934,C002640,login,2026-02-23
E011935,C002640,consult,2025-09-22
E011936,C002640,complaint,2025-10-24
E011937,C004907,login,2025-12-03
E011938,C000925,login,2025-06-20
E011939,C006040,login,2025-09-18
E011940,C006040,login,2026-03-09
E011941,C006040,login,2026-03-18
E011942,C006040,consult,2026-01-24
E011943,C006040,login,2025-09-11
E011944,C003715,login,2025-08-19
E011945,C003715,complaint,2025-08-25
E011946,C003715,login,2025-07-12
E011947,C003715,login,2025-10-30
E011948,C001689,login,2025-08-27
E011949,C001689,login,2025-07-17
E011950,C003322,login,2025-09-09
E011951,C003322,login,2025-12-10
E011952,C001690,login,2025-10-25
E011953,C001690,login,2025-07-03
E011954,C001690,complaint,2025-09-09
E011955,C001690,consult,2025-09-27
E011956,C001690,login,2025-08-06
E011957,C003649,consult,2026-02-12
E011958,C007603,complaint,2025-08-05
E011959,C005192,consult,2025-09-24
E011960,C005192,consult,2025-07-11
E011961,C005192,complaint,2025-07-15
E011962,C005192,consult,2025-06-16
E011963,C005192,consult,2025-07-01
E011964,C005935,login,2026-03-03
E011965,C000903,login,2025-12-07
E011966,C000903,complaint,2025-08-31
E011967,C000903,login,2026-03-04
E011968,C000903,complaint,2025-07-20
E011969,C000903,login,2025-08-08
E011970,C001135,consult,2025-09-20
E011971,C001135,login,2025-06-03
E011972,C001135,login,2025-09-17
E011973,C001135,login,2026-02-23
E011974,C004195,login,2026-01-29
E011975,C004195,login,2025-08-16
E011976,C004195,complaint,2026-02-19
E011977,C004195,consult,2026-01-18
E011978,C004195,login,2026-02-23
E011979,C001109,login,2025-12-30
E011980,C001109,complaint,2025-08-23
E011981,C001109,login,2025-06-17
E011982,C005301,login,2025-09-09
E011983,C005301,consult,2025-06-06
E011984,C005301,login,2025-07-24
E011985,C005301,login,2025-11-10
E011986,C003060,login,2026-02-26
E011987,C003060,complaint,2025-07-15
E011988,C003060,login,2025-12-17
E011989,C003060,login,2026-01-11
E011990,C003060,login,2026-01-05
E011991,C003048,login,2025-10-19
E011992,C003048,consult,2025-06-07
E011993,C003048,login,2026-01-12
E011994,C003048,login,2025-12-20
E011995,C003048,login,2025-12-20
E011996,C007057,login,2026-02-09
E011997,C007057,login,2025-11-11
E011998,C007057,consult,2025-08-23
E011999,C007057,consult,2025-11-13
E012000,C004629,login,2025-06-17
E012001,C007315,login,2026-01-17
E012002,C007315,login,2025-11-21
E012003,C007315,consult,2026-03-03
E012004,C004247,login,2025-10-17
E012005,C004247,consult,2025-12-07
E012006,C005084,login,2025-08-25
E012007,C005084,login,2025-11-23
E012008,C002636,consult,2025-08-20
E012009,C002636,login,2025-09-16
E012010,C002636,login,2025-11-06
E012011,C002636,login,2025-12-20
E012012,C002636,login,2025-07-20
E012013,C005671,login,2026-01-08
E012014,C005671,login,2025-08-25
E012015,C000769,complaint,2025-12-24
E012016,C000769,login,2026-03-27
E012017,C000769,login,2025-08-23
E012018,C000769,login,2025-11-23
E012019,C004530,consult,2026-01-22
E012020,C004530,login,2026-03-08
E012021,C005117,login,2026-01-09
E012022,C005117,login,2025-07-12
E012023,C005117,consult,2025-12-27
E012024,C005117,consult,2026-02-28
E012025,C005117,consult,2025-06-26
E012026,C007722,consult,2025-06-27
E012027,C007722,consult,2026-02-06
E012028,C004640,login,2026-02-24
E012029,C004640,login,2025-11-14
E012030,C000618,login,2025-09-30
E012031,C000618,login,2025-06-17
E012032,C001920,login,2025-06-26
E012033,C001920,login,2025-07-23
E012034,C001920,consult,2026-02-14
E012035,C001920,login,2025-12-15
E012036,C001920,login,2025-09-05
E012037,C002139,complaint,2025-10-17
E012038,C002139,login,2025-09-19
E012039,C002139,login,2026-02-23
E012040,C002139,login,2026-02-10
E012041,C002139,login,2025-07-29
E012042,C006347,login,2025-11-17
E012043,C006347,login,2025-09-18
E012044,C006347,login,2026-02-23
E012045,C006347,complaint,2026-03-02
E012046,C006347,login,2025-10-29
E012047,C003964,consult,2025-12-17
E012048,C000796,login,2026-03-11
E012049,C000796,login,2025-08-31
E012050,C000796,login,2025-09-22
E012051,C006759,consult,2025-06-05
E012052,C006759,login,2025-10-04
E012053,C006759,consult,2025-12-14
E012054,C003838,consult,2025-09-11
E012055,C003838,login,2025-07-05
E012056,C003838,consult,2025-08-10
E012057,C006352,consult,2025-07-30
E012058,C006352,login,2025-07-01
E012059,C006352,login,2025-06-23
E012060,C006352,login,2026-02-09
E012061,C006352,login,2025-12-07
E012062,C006607,complaint,2026-03-25
E012063,C005771,login,2025-08-31
E012064,C005771,login,2025-12-06
E012065,C005771,login,2025-11-11
E012066,C005771,login,2025-07-10
E012067,C007417,login,2025-10-27
E012068,C007417,login,2025-08-12
E012069,C000638,login,2025-10-24
E012070,C000638,login,2025-10-31
E012071,C000638,login,2025-09-15
E012072,C005690,login,2025-08-30
E012073,C005690,login,2026-01-04
E012074,C005690,consult,2025-11-18
E012075,C005690,login,2025-11-22
E012076,C005755,consult,2026-01-08
E012077,C000385,login,2025-08-29
E012078,C000385,login,2025-06-14
E012079,C003841,login,2025-08-04
E012080,C003841,consult,2025-11-22
E012081,C003841,login,2025-06-27
E012082,C003841,login,2026-03-18
E012083,C003841,login,2026-02-11
E012084,C005999,complaint,2025-08-05
E012085,C005999,consult,2025-12-23
E012086,C005999,login,2025-09-17
E012087,C005999,consult,2026-01-31
E012088,C001326,login,2025-08-11
E012089,C001326,login,2025-06-07
E012090,C006795,consult,2026-02-10
E012091,C002165,complaint,2025-08-29
E012092,C002165,complaint,2025-12-29
E012093,C002165,login,2025-09-02
E012094,C002165,consult,2026-02-10
E012095,C004370,login,2026-02-28
E012096,C003757,consult,2026-02-23
E012097,C003757,consult,2025-06-14
E012098,C003757,consult,2025-07-26
E012099,C003757,login,2025-08-08
E012100,C006646,login,2026-03-21
E012101,C006646,login,2026-02-05
E012102,C006143,login,2025-06-17
E012103,C006143,login,2025-10-21
E012104,C003956,consult,2025-08-04
E012105,C003956,login,2025-08-23
E012106,C003956,login,2025-09-30
E012107,C003956,login,2025-09-26
E012108,C003956,login,2025-10-02
E012109,C001178,complaint,2025-07-22
E012110,C001178,complaint,2025-11-16
E012111,C001178,login,2026-01-18
E012112,C001178,login,2025-12-16
E012113,C001178,login,2025-11-06
E012114,C000158,consult,2025-07-30
E012115,C000158,login,2026-01-20
E012116,C000158,consult,2025-07-04
E012117,C000158,consult,2025-11-28
E012118,C000158,login,2025-12-22
E012119,C000439,login,2025-06-09
E012120,C000439,login,2025-09-17
E012121,C000439,login,2025-07-07
E012122,C004843,login,2025-08-25
E012123,C004843,consult,2026-01-25
E012124,C004843,login,2026-03-02
E012125,C004843,login,2025-07-19
E012126,C004843,login,2025-06-19
E012127,C004360,consult,2025-06-06
E012128,C004360,login,2025-07-15
E012129,C004360,login,2025-12-29
E012130,C000670,complaint,2026-01-23
E012131,C001570,login,2025-12-30
E012132,C001570,login,2025-08-05
E012133,C001570,login,2025-09-11
E012134,C001570,login,2026-01-11
E012135,C001570,login,2026-03-03
E012136,C007893,login,2025-12-28
E012137,C007893,consult,2025-10-21
E012138,C001238,complaint,2025-11-08
E012139,C001238,login,2026-02-09
E012140,C001238,login,2025-07-22
E012141,C001238,login,2025-10-10
E012142,C006643,login,2025-06-20
E012143,C006643,complaint,2025-10-04
E012144,C006643,login,2025-09-18
E012145,C002921,login,2025-10-22
E012146,C002921,complaint,2026-02-15
E012147,C002921,login,2025-06-29
E012148,C002921,consult,2026-01-07
E012149,C002921,login,2026-02-16
E012150,C002305,login,2026-01-29
E012151,C002305,complaint,2025-08-14
E012152,C007647,complaint,2025-10-22
E012153,C007647,consult,2025-10-21
E012154,C007647,complaint,2026-02-15
E012155,C007647,login,2025-07-14
E012156,C001604,login,2025-09-10
E012157,C001604,login,2025-10-22
E012158,C001604,consult,2026-03-18
E012159,C001604,login,2025-07-26
E012160,C001604,login,2026-03-22
E012161,C005839,login,2026-02-03
E012162,C005839,login,2025-06-22
E012163,C004948,login,2025-10-21
E012164,C004948,login,2025-11-08
E012165,C004948,complaint,2025-08-16
E012166,C006641,login,2025-07-23
E012167,C006641,login,2025-07-31
E012168,C006641,complaint,2026-03-16
E012169,C005572,consult,2025-07-06
E012170,C006968,login,2025-06-04
E012171,C006968,login,2025-12-03
E012172,C006968,login,2025-12-05
E012173,C006968,login,2025-09-27
E012174,C006968,login,2025-07-16
E012175,C007911,consult,2025-09-27
E012176,C004656,login,2026-01-24
E012177,C004656,consult,2025-12-18
E012178,C004656,login,2025-08-10
E012179,C004656,login,2026-02-10
E012180,C006848,login,2025-11-02
E012181,C006848,login,2025-09-12
E012182,C006848,login,2025-06-07
E012183,C006848,login,2025-11-19
E012184,C004374,login,2025-08-19
E012185,C004374,login,2026-01-09
E012186,C004374,login,2025-07-12
E012187,C004374,login,2025-11-23
E012188,C001540,complaint,2025-09-16
E012189,C001540,login,2025-09-24
E012190,C001540,consult,2025-11-03
E012191,C005544,complaint,2025-08-17
E012192,C005544,login,2025-07-31
E012193,C005544,login,2025-06-04
E012194,C007607,login,2026-01-09
E012195,C007607,login,2025-06-20
E012196,C007607,login,2025-10-27
E012197,C007607,login,2026-02-03
E012198,C007607,login,2025-11-09
E012199,C000848,consult,2025-09-25
E012200,C000848,login,2025-10-19
E012201,C000848,login,2026-01-02
E012202,C000848,consult,2025-12-14
E012203,C003025,login,2026-02-19
E012204,C003025,login,2025-08-30
E012205,C003025,login,2026-02-03
E012206,C003025,consult,2025-07-07
E012207,C003025,login,2026-03-23
E012208,C000462,login,2025-08-07
E012209,C004715,complaint,2025-10-01
E012210,C004715,complaint,2025-06-21
E012211,C004715,consult,2025-08-29
E012212,C000814,login,2025-09-21
E012213,C000814,consult,2025-07-09
E012214,C000814,consult,2025-07-07
E012215,C002032,login,2025-08-16
E012216,C001523,login,2025-08-05
E012217,C007989,login,2026-02-27
E012218,C001794,login,2026-01-04
E012219,C001794,consult,2025-06-14
E012220,C001794,login,2025-09-07
E012221,C001794,login,2026-03-09
E012222,C001794,consult,2025-07-30
E012223,C001055,login,2025-11-06
E012224,C001055,complaint,2026-03-24
E012225,C004371,login,2025-09-20
E012226,C004371,login,2025-09-17
E012227,C005172,login,2025-08-17
E012228,C005172,login,2025-10-27
E012229,C005172,login,2025-07-02
E012230,C005172,login,2026-02-15
E012231,C005172,login,2025-12-14
E012232,C002219,consult,2025-10-28
E012233,C002219,login,2025-09-03
E012234,C002219,login,2026-03-11
E012235,C002219,complaint,2025-06-11
E012236,C001807,login,2025-08-07
E012237,C004908,login,2025-08-01
E012238,C004908,consult,2025-06-24
E012239,C004908,complaint,2025-08-15
E012240,C004908,login,2025-11-25
E012241,C004908,consult,2025-06-14
E012242,C005669,login,2025-11-02
E012243,C005669,consult,2025-06-16
E012244,C005669,login,2025-10-25
E012245,C005669,consult,2025-08-01
E012246,C005669,login,2025-11-25
E012247,C006502,consult,2025-08-22
E012248,C003261,login,2025-10-28
E012249,C002158,login,2025-11-08
E012250,C002158,login,2025-08-19
E012251,C002158,consult,2026-01-23
E012252,C007095,login,2026-02-27
E012253,C007095,login,2026-03-02
E012254,C005523,complaint,2025-08-02
E012255,C005785,login,2025-10-07
E012256,C005785,login,2026-01-01
E012257,C005785,login,2026-03-14
E012258,C005785,login,2025-12-18
E012259,C005184,login,2025-09-13
E012260,C005184,consult,2025-06-28
E012261,C005184,login,2025-09-22
E012262,C004511,complaint,2025-09-24
E012263,C004511,login,2026-02-03
E012264,C004511,login,2025-11-05
E012265,C004511,login,2025-06-23
E012266,C004511,login,2025-11-02
E012267,C003599,login,2025-10-29
E012268,C003599,consult,2025-06-07
E012269,C003599,login,2025-08-20
E012270,C001534,login,2025-10-12
E012271,C001534,login,2025-07-12
E012272,C001534,consult,2026-03-11
E012273,C001534,login,2025-10-31
E012274,C002274,login,2025-09-17
E012275,C002274,complaint,2026-01-07
E012276,C003344,login,2026-03-21
E012277,C003344,consult,2025-06-16
E012278,C001943,complaint,2025-06-10
E012279,C001733,login,2025-07-27
E012280,C006902,login,2026-01-31
E012281,C005936,consult,2025-08-05
E012282,C005500,login,2025-12-18
E012283,C005500,login,2025-09-25
E012284,C005500,login,2026-02-18
E012285,C005500,consult,2025-07-20
E012286,C002166,login,2025-09-22
E012287,C007920,login,2026-02-26
E012288,C007920,login,2025-10-19
E012289,C000820,login,2025-07-12
E012290,C000820,login,2025-10-08
E012291,C000820,login,2025-06-03
E012292,C000820,login,2026-01-15
E012293,C004580,login,2025-10-16
E012294,C004580,complaint,2025-10-14
E012295,C004580,consult,2026-02-08
E012296,C005314,login,2025-10-01
E012297,C005314,consult,2025-11-24
E012298,C005314,login,2025-11-25
E012299,C005314,complaint,2025-06-26
E012300,C005830,consult,2025-12-05
E012301,C005830,login,2025-06-03
E012302,C000031,login,2026-02-25
E012303,C000031,login,2025-11-01
E012304,C000031,complaint,2025-12-26
E012305,C000031,login,2025-11-02
E012306,C000031,login,2025-08-18
E012307,C007842,login,2025-07-21
E012308,C007842,login,2025-11-21
E012309,C007842,login,2025-12-02
E012310,C004014,login,2026-01-22
E012311,C004014,consult,2025-11-20
E012312,C004014,login,2025-06-08
E012313,C007391,login,2025-06-30
E012314,C007391,login,2025-11-10
E012315,C007378,login,2025-08-01
E012316,C007378,login,2025-06-11
E012317,C007378,login,2025-06-18
E012318,C007378,login,2025-10-14
E012319,C007378,login,2025-06-06
E012320,C007412,login,2025-07-31
E012321,C007412,login,2025-06-17
E012322,C007835,login,2025-06-23
E012323,C007835,login,2025-12-31
E012324,C007835,login,2026-03-27
E012325,C007835,login,2026-02-11
E012326,C007835,login,2025-11-16
E012327,C001227,login,2025-12-31
E012328,C001227,login,2025-10-08
E012329,C001227,complaint,2025-11-12
E012330,C001227,login,2025-09-29
E012331,C003279,complaint,2025-07-29
E012332,C003563,login,2025-09-15
E012333,C003563,login,2025-06-03
E012334,C003563,login,2025-11-27
E012335,C003563,login,2025-07-22
E012336,C003800,login,2026-01-05
E012337,C003800,consult,2026-02-01
E012338,C003800,login,2025-11-01
E012339,C006453,login,2025-11-16
E012340,C006453,consult,2025-07-09
E012341,C006453,login,2026-02-16
E012342,C006453,login,2026-02-20
E012343,C005073,login,2025-09-20
E012344,C000863,complaint,2025-10-13
E012345,C000863,login,2026-02-10
E012346,C000863,consult,2025-09-24
E012347,C000863,login,2026-02-02
E012348,C006868,login,2025-10-13
E012349,C006868,login,2025-08-22
E012350,C006868,login,2025-08-28
E012351,C006868,complaint,2025-11-24
E012352,C007694,login,2025-10-15
E012353,C007694,login,2026-01-17
E012354,C000451,login,2025-07-15
E012355,C000451,login,2026-01-31
E012356,C000451,complaint,2025-11-09
E012357,C007314,complaint,2025-06-17
E012358,C007314,login,2026-03-25
E012359,C007314,login,2025-10-10
E012360,C007314,consult,2026-01-19
E012361,C004466,login,2026-02-23
E012362,C004466,consult,2025-07-19
E012363,C004466,login,2025-12-29
E012364,C001120,login,2025-11-23
E012365,C001120,login,2026-02-13
E012366,C001120,login,2026-01-11
E012367,C001914,login,2026-02-20
E012368,C001914,complaint,2026-03-17
E012369,C001787,consult,2025-11-04
E012370,C001787,login,2026-03-26
E012371,C001787,login,2025-07-06
E012372,C001787,login,2025-11-13
E012373,C001787,login,2025-09-25
E012374,C007604,login,2025-08-10
E012375,C007604,login,2025-11-12
E012376,C007604,login,2025-06-18
E012377,C007604,login,2025-12-14
E012378,C007604,login,2025-10-31
E012379,C005275,consult,2025-06-30
E012380,C005275,consult,2025-10-23
E012381,C005275,login,2025-08-22
E012382,C005275,complaint,2025-11-23
E012383,C007062,login,2026-03-16
E012384,C007062,login,2025-07-15
E012385,C007062,login,2025-09-16
E012386,C007062,login,2025-09-24
E012387,C007062,consult,2025-12-05
E012388,C001354,consult,2026-02-14
E012389,C001354,login,2025-07-18
E012390,C001354,login,2025-07-13
E012391,C005954,login,2025-06-17
E012392,C005954,login,2025-07-29
E012393,C005954,login,2025-11-28
E012394,C005954,login,2025-12-25
E012395,C005954,login,2025-10-31
E012396,C007712,login,2026-03-14
E012397,C000431,login,2026-03-18
E012398,C000431,login,2025-09-11
E012399,C000431,login,2025-12-23
E012400,C000431,login,2026-01-14
E012401,C003155,login,2025-12-03
E012402,C003155,login,2025-08-13
E012403,C007374,login,2025-10-12
E012404,C007374,login,2025-08-21
E012405,C007374,login,2025-08-06
E012406,C007374,login,2025-07-18
E012407,C005236,login,2025-08-26
E012408,C007305,consult,2026-03-23
E012409,C007305,consult,2026-01-15
E012410,C007305,login,2025-10-07
E012411,C004944,consult,2025-08-25
E012412,C004944,login,2026-01-18
E012413,C004944,consult,2025-09-17
E012414,C004944,login,2026-03-21
E012415,C002063,login,2025-11-05
E012416,C000410,login,2026-02-26
E012417,C000410,login,2025-08-16
E012418,C000410,login,2025-10-03
E012419,C000137,login,2025-09-10
E012420,C003678,login,2025-11-28
E012421,C003678,login,2026-02-08
E012422,C003678,consult,2025-09-29
E012423,C003678,login,2025-07-22
E012424,C002926,consult,2025-08-09
E012425,C002926,login,2025-09-11
E012426,C002926,login,2026-01-29
E012427,C004425,login,2026-03-09
E012428,C004425,login,2025-11-24
E012429,C004425,login,2025-09-01
E012430,C007859,login,2025-09-08
E012431,C007859,login,2025-08-20
E012432,C007859,complaint,2025-09-04
E012433,C007859,login,2025-09-14
E012434,C007859,login,2025-11-03
E012435,C006696,consult,2026-02-18
E012436,C006696,login,2025-11-24
E012437,C006185,login,2025-06-29
E012438,C006185,consult,2026-03-23
E012439,C006185,login,2026-03-23
E012440,C006185,login,2026-02-11
E012441,C002901,login,2025-07-29
E012442,C002901,login,2025-12-08
E012443,C002901,consult,2025-11-25
E012444,C002901,complaint,2026-03-05
E012445,C002901,login,2025-09-09
E012446,C000533,login,2026-03-11
E012447,C002281,complaint,2025-09-01
E012448,C002281,complaint,2026-02-18
E012449,C002281,login,2025-09-25
E012450,C002281,login,2025-06-19
E012451,C002281,login,2026-02-28
E012452,C004675,login,2026-02-09
E012453,C004675,login,2025-10-06
E012454,C005052,consult,2026-01-26
E012455,C005052,consult,2025-06-13
E012456,C005052,consult,2025-10-16
E012457,C005052,login,2025-06-22
E012458,C005052,complaint,2026-03-08
E012459,C003892,login,2025-11-08
E012460,C003892,login,2025-06-23
E012461,C003892,login,2025-07-12
E012462,C000340,login,2026-03-22
E012463,C000340,login,2025-08-16
E012464,C000340,login,2025-12-07
E012465,C003598,login,2025-11-11
E012466,C003598,consult,2025-07-12
E012467,C003598,login,2026-02-13
E012468,C005820,consult,2026-01-17
E012469,C005820,login,2025-12-08
E012470,C005820,login,2026-02-03
E012471,C007960,login,2025-10-01
E012472,C005662,consult,2026-01-01
E012473,C005662,login,2025-06-19
E012474,C005662,login,2026-02-06
E012475,C005662,login,2026-03-21
E012476,C000035,login,2025-06-25
E012477,C000035,complaint,2026-03-11
E012478,C000035,login,2025-09-09
E012479,C000035,complaint,2025-10-25
E012480,C006022,login,2025-07-29
E012481,C006022,login,2025-11-11
E012482,C006022,consult,2026-01-14
E012483,C006022,login,2025-12-24
E012484,C004565,login,2026-02-01
E012485,C004565,login,2025-07-02
E012486,C004565,login,2025-08-17
E012487,C004565,login,2025-09-08
E012488,C004565,login,2026-03-24
E012489,C001917,login,2026-01-19
E012490,C001917,consult,2025-11-27
E012491,C004849,login,2025-12-26
E012492,C004849,login,2025-09-16
E012493,C004849,login,2026-03-24
E012494,C007212,login,2025-06-16
E012495,C007212,login,2025-07-13
E012496,C007212,login,2025-11-20
E012497,C004291,login,2025-12-09
E012498,C004291,consult,2025-11-12
E012499,C002838,login,2025-08-14
E012500,C002838,login,2025-06-09
E012501,C003769,consult,2026-01-09
E012502,C006932,consult,2025-07-06
E012503,C006932,login,2025-11-02
E012504,C006932,login,2025-07-08
E012505,C006932,complaint,2025-12-28
E012506,C006932,login,2025-11-18
E012507,C000498,login,2025-08-20
E012508,C001860,complaint,2026-02-26
E012509,C002479,login,2025-10-28
E012510,C002479,login,2025-12-21
E012511,C002479,consult,2025-11-02
E012512,C002479,consult,2025-09-11
E012513,C005604,login,2025-06-27
E012514,C005604,login,2025-12-26
E012515,C005604,login,2025-06-12
E012516,C004991,login,2025-11-06
E012517,C004991,login,2026-01-21
E012518,C004991,login,2025-08-29
E012519,C003080,login,2025-09-01
E012520,C003080,consult,2026-03-03
E012521,C003080,consult,2025-09-03
E012522,C003080,consult,2025-07-19
E012523,C003080,complaint,2026-03-23
E012524,C000998,consult,2026-01-25
E012525,C003684,login,2025-12-13
E012526,C003684,complaint,2025-07-12
E012527,C003684,login,2025-07-11
E012528,C003684,login,2026-02-18
E012529,C003684,login,2025-07-07
E012530,C001663,login,2025-11-02
E012531,C003717,login,2026-01-29
E012532,C003717,consult,2025-11-13
E012533,C003717,complaint,2025-06-25
E012534,C006431,login,2025-12-15
E012535,C006431,login,2026-03-19
E012536,C000235,login,2026-02-20
E012537,C003524,login,2025-10-11
E012538,C002082,complaint,2026-02-08
E012539,C002082,complaint,2026-01-16
E012540,C002082,login,2025-06-02
E012541,C002082,login,2025-12-24
E012542,C001118,login,2025-07-21
E012543,C001118,login,2025-11-05
E012544,C001118,login,2026-03-10
E012545,C001118,login,2025-08-01
E012546,C001118,login,2025-12-09
E012547,C004047,login,2026-03-01
E012548,C004047,login,2025-12-08
E012549,C004047,login,2025-10-14
E012550,C004047,login,2026-03-21
E012551,C004047,login,2025-12-22
E012552,C000199,login,2025-12-07
E012553,C000199,consult,2025-11-07
E012554,C000199,login,2025-10-26
E012555,C006221,consult,2025-08-04
E012556,C006221,complaint,2025-09-22
E012557,C006221,login,2026-02-11
E012558,C005693,login,2025-06-07
E012559,C005693,login,2025-07-27
E012560,C005750,complaint,2026-02-17
E012561,C005750,login,2025-09-07
E012562,C005750,login,2026-03-08
E012563,C003669,login,2025-06-20
E012564,C003669,login,2026-01-26
E012565,C003669,complaint,2026-01-26
E012566,C000548,login,2025-10-21
E012567,C000548,login,2025-10-08
E012568,C005468,consult,2026-03-22
E012569,C004038,login,2025-10-17
E012570,C004602,login,2026-02-18
E012571,C004602,login,2026-01-15
E012572,C004602,consult,2025-06-05
E012573,C005336,login,2025-10-14
E012574,C005336,login,2026-01-07
E012575,C005336,login,2026-03-21
E012576,C005336,consult,2026-02-27
E012577,C005336,consult,2025-12-05
E012578,C007187,login,2025-10-10
E012579,C007187,login,2026-01-15
E012580,C007187,login,2026-01-11
E012581,C007187,consult,2026-03-14
E012582,C007187,consult,2026-02-12
E012583,C000565,login,2025-10-13
E012584,C005910,login,2025-10-21
E012585,C005910,login,2026-01-06
E012586,C005910,login,2025-09-04
E012587,C005910,login,2026-02-12
E012588,C003162,login,2025-06-25
E012589,C003162,login,2025-09-17
E012590,C003162,consult,2025-10-10
E012591,C003162,complaint,2025-09-05
E012592,C003162,login,2025-09-06
E012593,C002797,consult,2026-01-27
E012594,C002797,login,2025-07-24
E012595,C002797,login,2026-01-25
E012596,C000238,login,2025-09-28
E012597,C000238,login,2025-09-08
E012598,C000238,complaint,2025-08-10
E012599,C000238,login,2025-06-28
E012600,C000238,login,2025-07-26
E012601,C001051,login,2025-10-04
E012602,C001051,login,2025-06-30
E012603,C001051,consult,2025-09-08
E012604,C001051,login,2025-09-07
E012605,C007660,consult,2025-06-22
E012606,C007660,login,2025-11-26
E012607,C003396,login,2025-08-05
E012608,C003396,complaint,2025-09-21
E012609,C006687,login,2025-12-20
E012610,C006687,complaint,2026-03-22
E012611,C006687,login,2025-11-18
E012612,C003848,login,2025-09-15
E012613,C003848,consult,2025-10-26
E012614,C000299,login,2025-06-19
E012615,C000299,login,2025-06-11
E012616,C000299,complaint,2025-06-30
E012617,C000299,login,2025-09-09
E012618,C000299,login,2026-02-13
E012619,C003558,login,2025-10-06
E012620,C003558,login,2025-11-17
E012621,C003558,login,2025-11-01
E012622,C003558,consult,2025-08-18
E012623,C003558,login,2025-08-03
E012624,C001117,complaint,2026-01-06
E012625,C001117,complaint,2025-11-29
E012626,C001117,login,2025-12-17
E012627,C001804,login,2025-08-05
E012628,C006423,login,2025-11-19
E012629,C006423,login,2026-03-26
E012630,C006423,login,2025-10-17
E012631,C006423,consult,2025-07-06
E012632,C006423,consult,2026-02-24
E012633,C001439,login,2026-03-20
E012634,C001439,consult,2025-10-13
E012635,C001439,login,2025-10-20
E012636,C001439,consult,2025-06-28
E012637,C002979,login,2025-09-23
E012638,C006444,login,2025-10-14
E012639,C006086,login,2025-06-22
E012640,C006086,consult,2025-07-06
E012641,C006086,login,2025-06-20
E012642,C006086,login,2025-12-24
E012643,C006086,login,2026-02-19
E012644,C000456,login,2025-11-06
E012645,C000456,login,2025-10-24
E012646,C000456,complaint,2025-11-23
E012647,C000456,login,2025-09-07
E012648,C006393,login,2025-08-08
E012649,C004417,login,2025-06-21
E012650,C004417,consult,2026-01-22
E012651,C004417,login,2025-09-10
E012652,C004417,login,2026-03-09
E012653,C004571,login,2025-09-24
E012654,C004571,login,2026-03-26
E012655,C004571,login,2026-01-02
E012656,C000106,complaint,2025-06-12
E012657,C000106,consult,2025-08-12
E012658,C001894,login,2026-03-11
E012659,C003379,login,2025-09-02
E012660,C004728,login,2025-11-19
E012661,C004728,complaint,2025-07-16
E012662,C005858,consult,2025-07-04
E012663,C005075,consult,2025-09-01
E012664,C000823,consult,2025-06-17
E012665,C000823,login,2025-08-25
E012666,C000823,login,2026-02-15
E012667,C000823,login,2025-12-29
E012668,C000823,consult,2025-07-11
E012669,C001006,consult,2025-10-28
E012670,C001006,login,2025-06-21
E012671,C006980,login,2025-09-06
E012672,C006980,login,2025-09-04
E012673,C006980,login,2025-06-28
E012674,C006980,login,2025-09-05
E012675,C006980,complaint,2025-10-28
E012676,C002654,login,2025-12-10
E012677,C002654,consult,2025-07-07
E012678,C002654,login,2026-01-20
E012679,C002654,login,2025-08-01
E012680,C004362,consult,2026-03-16
E012681,C004362,login,2025-06-28
E012682,C004362,complaint,2026-01-15
E012683,C004362,login,2025-09-07
E012684,C005511,login,2025-07-25
E012685,C005511,login,2026-01-23
E012686,C005511,login,2025-06-23
E012687,C005511,login,2026-03-13
E012688,C004984,login,2026-03-04
E012689,C007589,login,2026-01-28
E012690,C007589,login,2026-03-25
E012691,C007589,login,2025-08-12
E012692,C007589,login,2025-08-02
E012693,C006345,consult,2026-01-04
E012694,C006345,consult,2025-11-05
E012695,C006345,consult,2025-06-17
E012696,C006345,login,2026-03-22
E012697,C006345,login,2026-03-14
E012698,C000627,complaint,2025-12-06
E012699,C000627,login,2025-12-27
E012700,C000627,login,2025-06-10
E012701,C000627,login,2025-12-28
E012702,C001365,login,2026-02-12
E012703,C001365,login,2026-02-05
E012704,C001365,consult,2025-07-11
E012705,C003830,login,2025-07-04
E012706,C003830,login,2026-03-17
E012707,C000024,consult,2025-10-02
E012708,C000024,login,2025-06-29
E012709,C007668,login,2025-09-21
E012710,C007668,consult,2025-09-05
E012711,C007668,login,2025-09-26
E012712,C007339,login,2026-01-18
E012713,C006303,login,2026-03-08
E012714,C006303,login,2025-07-29
E012715,C000721,login,2025-09-23
E012716,C000721,login,2026-03-01
E012717,C002844,login,2025-08-18
E012718,C002844,login,2026-02-18
E012719,C002844,consult,2025-06-08
E012720,C002844,consult,2026-01-01
E012721,C002844,login,2026-01-05
E012722,C007699,login,2026-02-22
E012723,C007891,consult,2025-12-01
E012724,C002878,consult,2026-02-15
E012725,C002878,login,2025-12-26
E012726,C002878,login,2025-07-10
E012727,C004168,login,2025-10-14
E012728,C004168,consult,2026-01-09
E012729,C003910,login,2026-03-17
E012730,C003910,login,2025-07-15
E012731,C003910,complaint,2025-10-25
E012732,C001211,login,2026-02-21
E012733,C000179,login,2025-07-29
E012734,C006592,login,2026-03-11
E012735,C000620,consult,2026-03-03
E012736,C000620,complaint,2025-06-02
E012737,C000620,login,2025-11-10
E012738,C000620,login,2025-06-03
E012739,C005199,login,2026-01-29
E012740,C005199,consult,2026-03-17
E012741,C005199,login,2025-06-08
E012742,C005199,login,2025-08-04
E012743,C005199,login,2025-10-17
E012744,C002624,complaint,2025-10-18
E012745,C002624,login,2025-07-10
E012746,C007338,consult,2025-10-22
E012747,C006062,login,2025-07-30
E012748,C006062,login,2026-01-11
E012749,C006062,consult,2025-06-12
E012750,C005993,login,2026-03-13
E012751,C004190,login,2025-11-25
E012752,C004190,login,2025-11-13
E012753,C004190,login,2025-07-20
E012754,C006975,login,2025-07-31
E012755,C004239,login,2025-11-26
E012756,C004239,complaint,2025-06-24
E012757,C004239,complaint,2026-02-11
E012758,C004239,login,2025-08-10
E012759,C006287,login,2026-02-09
E012760,C006287,login,2025-07-22
E012761,C006653,consult,2025-12-20
E012762,C006653,login,2025-06-02
E012763,C006653,login,2025-06-30
E012764,C006653,login,2025-06-23
E012765,C004299,login,2025-07-16
E012766,C006064,login,2025-06-11
E012767,C001933,login,2026-02-03
E012768,C001933,login,2025-07-28
E012769,C007547,login,2025-12-10
E012770,C007547,login,2025-09-13
E012771,C007547,login,2025-08-03
E012772,C006356,consult,2026-01-27
E012773,C006356,login,2025-12-05
E012774,C006356,login,2025-11-10
E012775,C006356,login,2025-11-27
E012776,C004886,login,2025-08-19
E012777,C004886,login,2025-08-21
E012778,C004886,consult,2025-09-04
E012779,C004886,login,2025-11-05
E012780,C005344,complaint,2025-12-02
E012781,C005344,complaint,2025-12-15
E012782,C005344,login,2025-10-20
E012783,C007360,login,2025-09-01
E012784,C007360,complaint,2025-06-19
E012785,C007360,login,2025-09-17
E012786,C000041,login,2025-12-30
E012787,C000041,complaint,2025-07-12
E012788,C007310,consult,2025-09-20
E012789,C003133,login,2025-08-03
E012790,C005139,login,2026-02-03
E012791,C005139,complaint,2026-02-27
E012792,C005139,login,2026-01-23
E012793,C005942,consult,2025-12-18
E012794,C005942,complaint,2026-02-07
E012795,C005997,consult,2026-03-17
E012796,C005997,login,2025-08-27
E012797,C005552,login,2025-12-04
E012798,C005552,login,2025-09-24
E012799,C005552,login,2025-10-29
E012800,C005552,consult,2025-11-23
E012801,C005552,login,2025-12-18
E012802,C006452,login,2025-10-10
E012803,C006452,login,2025-07-02
E012804,C006452,consult,2026-03-16
E012805,C006452,login,2026-02-09
E012806,C006452,login,2025-09-22
E012807,C007798,consult,2026-03-03
E012808,C007798,login,2025-09-03
E012809,C007798,consult,2025-08-24
E012810,C007798,login,2025-11-12
E012811,C000528,login,2025-12-07
E012812,C000528,consult,2025-12-22
E012813,C000528,login,2025-08-01
E012814,C000528,login,2026-01-14
E012815,C000528,consult,2025-08-23
E012816,C003490,login,2025-08-29
E012817,C003296,complaint,2025-09-15
E012818,C002319,complaint,2025-07-08
E012819,C002319,login,2026-01-12
E012820,C002319,complaint,2025-11-08
E012821,C002319,complaint,2025-08-18
E012822,C002692,login,2025-07-15
E012823,C002692,consult,2026-01-19
E012824,C002692,consult,2025-12-03
E012825,C006740,login,2025-11-24
E012826,C003972,login,2026-01-27
E012827,C003972,login,2025-10-21
E012828,C000911,login,2025-12-07
E012829,C002542,login,2025-09-02
E012830,C002542,login,2025-12-11
E012831,C002542,login,2025-08-12
E012832,C002542,login,2025-09-27
E012833,C002542,login,2026-02-04
E012834,C002006,login,2025-06-28
E012835,C002006,login,2026-01-10
E012836,C000559,login,2025-12-02
E012837,C000559,login,2025-07-05
E012838,C000559,consult,2026-02-02
E012839,C000559,login,2026-01-16
E012840,C000125,complaint,2025-06-21
E012841,C000125,login,2026-01-29
E012842,C000125,login,2025-10-14
E012843,C000125,login,2025-11-12
E012844,C000125,login,2026-01-08
E012845,C001471,login,2026-01-21
E012846,C001471,login,2026-01-04
E012847,C001471,login,2026-02-07
E012848,C004869,login,2026-03-16
E012849,C004869,complaint,2025-06-07
E012850,C004834,consult,2025-10-14
E012851,C004834,consult,2025-11-23
E012852,C004834,consult,2025-12-26
E012853,C004834,login,2025-07-02
E012854,C004834,login,2026-01-08
E012855,C006055,consult,2026-01-16
E012856,C001775,login,2025-09-07
E012857,C001775,login,2026-01-31
E012858,C001775,login,2025-08-29
E012859,C001775,login,2025-08-19
E012860,C001775,complaint,2025-10-22
E012861,C001213,login,2025-11-19
E012862,C001213,login,2025-06-12
E012863,C001184,login,2025-07-03
E012864,C001184,login,2025-08-28
E012865,C001184,consult,2025-07-08
E012866,C001184,login,2025-08-14
E012867,C000225,consult,2025-07-04
E012868,C000225,login,2026-02-12
E012869,C001952,login,2025-09-23
E012870,C006110,login,2025-07-31
E012871,C006110,complaint,2025-09-30
E012872,C006110,login,2025-08-29
E012873,C000429,login,2025-07-15
E012874,C000429,login,2026-03-10
E012875,C007838,complaint,2025-06-18
E012876,C001372,consult,2026-03-15
E012877,C001372,login,2025-12-27
E012878,C007623,login,2025-08-22
E012879,C007623,login,2025-09-28
E012880,C003252,consult,2025-10-16
E012881,C003252,login,2026-03-07
E012882,C003252,login,2025-12-26
E012883,C003252,login,2025-11-25
E012884,C000828,login,2025-09-21
E012885,C000828,login,2025-10-19
E012886,C000828,complaint,2025-11-09
E012887,C000828,login,2025-11-21
E012888,C000828,login,2025-11-06
E012889,C003310,login,2025-08-21
E012890,C003310,login,2025-08-13
E012891,C003310,login,2025-11-13
E012892,C003310,login,2025-07-16
E012893,C003745,login,2026-03-01
E012894,C003745,login,2025-11-14
E012895,C003745,consult,2025-07-26
E012896,C003745,login,2025-06-30
E012897,C003745,consult,2025-12-05
E012898,C002526,login,2025-10-18
E012899,C002526,consult,2025-07-03
E012900,C002526,login,2025-07-20
E012901,C002526,login,2026-01-27
E012902,C001672,login,2026-01-08
E012903,C001672,login,2025-09-12
E012904,C001672,login,2026-01-24
E012905,C002859,consult,2026-01-07
E012906,C002859,login,2026-01-20
E012907,C002859,login,2025-12-20
E012908,C002859,login,2025-10-07
E012909,C002859,login,2025-07-22
E012910,C001278,login,2025-06-30
E012911,C000746,login,2025-07-08
E012912,C000746,login,2025-09-01
E012913,C000746,complaint,2025-06-06
E012914,C000746,complaint,2026-03-26
E012915,C000746,complaint,2026-03-11
E012916,C007364,login,2025-10-19
E012917,C007364,complaint,2025-08-01
E012918,C007364,login,2025-06-24
E012919,C007364,login,2026-01-01
E012920,C000142,consult,2025-06-12
E012921,C000142,consult,2025-09-27
E012922,C000142,consult,2026-02-15
E012923,C006136,complaint,2025-07-23
E012924,C006136,complaint,2026-03-19
E012925,C006136,login,2025-11-30
E012926,C006136,complaint,2026-03-17
E012927,C005106,login,2025-11-23
E012928,C005106,login,2026-01-21
E012929,C005106,consult,2026-01-01
E012930,C005106,login,2025-07-17
E012931,C002249,login,2026-02-19
E012932,C002249,login,2026-01-17
E012933,C002249,consult,2025-08-17
E012934,C000455,login,2025-09-26
E012935,C000455,login,2025-12-03
E012936,C000507,login,2025-08-04
E012937,C000507,consult,2026-02-16
E012938,C000507,complaint,2025-07-17
E012939,C007897,consult,2025-07-26
E012940,C007897,login,2025-07-01
E012941,C007897,login,2025-07-04
E012942,C000441,login,2025-12-30
E012943,C000441,login,2025-09-26
E012944,C003251,consult,2025-10-24
E012945,C003251,login,2025-09-09
E012946,C003251,login,2025-08-09
E012947,C003251,login,2026-03-25
E012948,C001828,login,2025-08-22
E012949,C001828,login,2026-03-19
E012950,C000111,login,2026-03-07
E012951,C000111,login,2025-11-06
E012952,C000111,consult,2025-11-24
E012953,C000111,login,2025-06-24
E012954,C000111,consult,2025-08-29
E012955,C004741,login,2026-02-09
E012956,C004741,complaint,2025-10-16
E012957,C004741,login,2026-03-04
E012958,C004741,login,2026-02-25
E012959,C004741,consult,2026-01-21
E012960,C002997,login,2025-09-06
E012961,C004608,login,2025-10-11
E012962,C004608,login,2025-09-03
E012963,C005490,consult,2025-08-06
E012964,C005490,login,2026-03-18
E012965,C005490,login,2025-11-21
E012966,C005490,consult,2025-06-06
E012967,C005490,consult,2025-06-24
E012968,C006792,login,2025-06-17
E012969,C006792,login,2025-09-30
E012970,C000985,consult,2025-10-18
E012971,C000985,login,2026-03-21
E012972,C000985,login,2025-08-26
E012973,C006358,login,2025-08-13
E012974,C006358,login,2025-10-02
E012975,C006358,login,2025-12-03
E012976,C006358,login,2026-02-08
E012977,C001746,consult,2025-10-03
E012978,C001746,login,2025-08-29
E012979,C001746,consult,2025-11-22
E012980,C001746,consult,2025-11-19
E012981,C001583,consult,2025-07-13
E012982,C001583,consult,2025-08-28
E012983,C002448,login,2025-10-03
E012984,C002448,login,2025-11-11
E012985,C002448,login,2025-11-07
E012986,C002448,login,2026-02-05
E012987,C006161,login,2025-08-21
E012988,C003099,login,2025-11-15
E012989,C003099,login,2026-01-27
E012990,C003099,login,2026-02-07
E012991,C003099,login,2026-01-19
E012992,C003099,login,2025-10-16
E012993,C005862,consult,2025-06-17
E012994,C005862,complaint,2025-10-29
E012995,C005862,complaint,2025-11-22
E012996,C005862,login,2025-09-09
E012997,C005862,consult,2025-06-23
E012998,C000377,login,2025-08-20
E012999,C007465,login,2025-09-04
E013000,C007465,consult,2025-09-28
E013001,C007465,login,2025-10-27
E013002,C000206,complaint,2025-12-05
E013003,C000206,login,2026-02-27
E013004,C000206,login,2025-12-25
E013005,C002195,complaint,2025-08-24
E013006,C004909,complaint,2025-06-13
E013007,C004909,login,2025-07-07
E013008,C004909,login,2025-12-30
E013009,C007594,consult,2026-02-19
E013010,C007594,login,2026-01-16
E013011,C005932,login,2025-11-15
E013012,C005932,complaint,2025-10-16
E013013,C005932,complaint,2025-06-05
E013014,C005932,login,2025-10-26
E013015,C002179,login,2026-01-01
E013016,C002179,login,2025-07-08
E013017,C002179,login,2025-10-21
E013018,C002179,login,2025-12-21
E013019,C002179,login,2025-06-27
E013020,C003702,login,2025-06-23
E013021,C003702,login,2025-08-01
E013022,C003702,consult,2026-03-26
E013023,C003529,login,2025-10-30
E013024,C003529,consult,2025-10-23
E013025,C003529,complaint,2025-09-02
E013026,C003529,login,2026-01-09
E013027,C003529,login,2025-08-31
E013028,C000419,login,2025-12-29
E013029,C000419,login,2025-09-08
E013030,C000419,login,2026-03-23
E013031,C000419,login,2025-09-27
E013032,C000419,login,2025-10-08
E013033,C000284,consult,2025-12-05
E013034,C000284,login,2026-02-19
E013035,C000284,login,2025-11-16
E013036,C000284,login,2025-08-01
E013037,C003551,login,2026-01-21
E013038,C003551,consult,2026-01-29
E013039,C003551,login,2025-09-01
E013040,C003551,login,2026-01-27
E013041,C003551,login,2026-02-07
E013042,C004075,consult,2025-10-01
E013043,C004075,login,2026-03-13
E013044,C004075,login,2025-08-22
E013045,C004075,login,2026-03-16
E013046,C004075,complaint,2025-12-30
E013047,C000872,consult,2025-11-05
E013048,C000872,login,2025-08-16
E013049,C000872,login,2025-08-05
E013050,C000872,login,2026-01-19
E013051,C002146,login,2025-06-20
E013052,C005533,complaint,2025-08-31
E013053,C005533,login,2026-03-25
E013054,C000355,consult,2025-07-25
E013055,C000355,login,2025-09-01
E013056,C000355,login,2025-08-23
E013057,C005593,login,2025-06-06
E013058,C006940,consult,2025-06-14
E013059,C006940,complaint,2025-08-29
E013060,C006940,login,2025-06-16
E013061,C006940,login,2025-12-17
E013062,C005210,login,2025-10-18
E013063,C005210,login,2025-08-10
E013064,C005210,consult,2026-02-11
E013065,C006812,login,2025-06-19
E013066,C006812,login,2025-09-09
E013067,C006812,login,2025-07-26
E013068,C007072,login,2025-06-28
E013069,C007072,login,2025-08-07
E013070,C007072,login,2026-02-02
E013071,C007072,login,2026-01-05
E013072,C001141,consult,2025-07-20
E013073,C001141,login,2025-12-05
E013074,C001141,login,2025-12-13
E013075,C001141,login,2025-07-08
E013076,C001141,consult,2025-06-06
E013077,C007643,login,2026-03-10
E013078,C007643,complaint,2025-07-20
E013079,C007643,login,2025-06-07
E013080,C007643,login,2025-09-19
E013081,C007643,login,2025-11-08
E013082,C004187,login,2025-06-08
E013083,C004187,login,2026-01-13
E013084,C002024,login,2025-09-04
E013085,C007813,consult,2025-11-08
E013086,C007813,login,2025-12-08
E013087,C007813,complaint,2026-01-09
E013088,C007813,login,2025-12-08
E013089,C007813,consult,2025-08-31
E013090,C001639,login,2025-09-04
E013091,C001639,login,2026-03-01
E013092,C001639,login,2026-01-08
E013093,C000779,consult,2026-03-12
E013094,C000779,login,2025-09-06
E013095,C000779,complaint,2026-02-02
E013096,C005827,consult,2026-01-30
E013097,C005827,login,2026-03-25
E013098,C005827,login,2025-07-13
E013099,C000376,login,2025-08-20
E013100,C000376,login,2025-06-02
E013101,C002423,login,2025-09-15
E013102,C002423,consult,2026-02-27
E013103,C006171,login,2026-02-10
E013104,C006171,login,2025-08-22
E013105,C006171,login,2025-07-22
E013106,C006171,login,2025-11-18
E013107,C007101,login,2025-11-05
E013108,C007101,consult,2025-07-24
E013109,C004512,login,2026-03-12
E013110,C004512,login,2026-02-04
E013111,C004512,login,2026-01-09
E013112,C004512,login,2026-02-18
E013113,C003347,login,2025-08-09
E013114,C003347,consult,2026-01-01
E013115,C001169,login,2025-10-12
E013116,C001169,login,2025-10-01
E013117,C001169,consult,2025-07-13
E013118,C001169,consult,2025-06-29
E013119,C005674,consult,2025-12-20
E013120,C005674,login,2026-02-21
E013121,C005674,login,2026-01-09
E013122,C005674,complaint,2025-11-06
E013123,C005674,consult,2025-06-25
E013124,C001903,consult,2025-11-26
E013125,C000631,complaint,2026-02-02
E013126,C004330,login,2025-07-27
E013127,C004330,consult,2025-08-31
E013128,C004330,login,2025-12-24
E013129,C003209,login,2026-02-05
E013130,C003209,login,2025-07-27
E013131,C003209,login,2025-09-04
E013132,C002595,consult,2026-01-05
E013133,C002595,login,2025-12-03
E013134,C007707,complaint,2025-09-20
E013135,C007707,login,2025-08-05
E013136,C007707,consult,2026-02-23
E013137,C007707,login,2025-07-17
E013138,C007707,consult,2025-06-02
E013139,C005900,login,2025-08-04
E013140,C005900,consult,2025-07-18
E013141,C005900,login,2025-12-05
