holding_id,customer_id,product_id,amount,buy_date
H000000,C002216,P029,55926.41,2025-10-18
H000001,C002583,P012,20259.03,2025-08-24
H000002,C002583,P018,42550.1,2024-07-04
H000003,C003028,P027,100000.0,2025-09-12
H000004,C003028,P008,122918.76,2025-03-10
H000005,C004344,P004,113072.93,2025-01-31
H000006,C002681,P013,50122.06,2025-10-27
H000007,C001766,P027,100000.0,2025-10-15
H000008,C001124,P007,81639.96,2025-06-28
H000009,C004055,P014,57652.51,2025-11-29
H000010,C004055,P019,95825.45,2025-12-11
H000011,C004055,P020,12955.49,2025-06-23
H000012,C004055,P028,100000.0,2025-05-11
H000013,C003762,P020,10000.0,2025-03-14
H000014,C003762,P029,31836.34,2025-06-15
H000015,C001536,P005,100000.0,2024-07-23
H000016,C001536,P006,54200.42,2025-10-25
H000017,C001536,P022,34768.56,2025-01-14
H000018,C002945,P009,50000.0,2024-12-04
H000019,C002945,P020,69645.4,2025-10-14
H000020,C002988,P012,24369.07,2025-10-18
H000021,C002988,P022,25783.72,2024-09-25
H000022,C002988,P014,44233.47,2025-06-05
H000023,C004292,P003,50000.0,2025-11-19
H000024,C004292,P016,100000.0,2025-02-03
H000025,C004292,P010,50000.0,2025-12-07
H000026,C004343,P007,50000.0,2024-08-03
H000027,C004425,P004,9561.61,2024-09-25
H000028,C007942,P023,23207.81,2025-01-26
H000029,C007942,P019,53073.03,2024-07-12
H000030,C007942,P022,11059.62,2024-06-29
H000031,C004998,P012,14292.28,2025-06-15
H000032,C002749,P012,29335.68,2025-12-27
H000033,C002749,P020,22055.45,2024-10-25
H000034,C002303,P009,50000.0,2024-07-21
H000035,C002303,P011,67346.56,2025-05-06
H000036,C003933,P006,63496.74,2025-09-12
H000037,C003933,P012,15084.56,2025-06-07
H000038,C006132,P003,50000.0,2025-10-08
H000039,C007597,P015,50000.0,2025-07-20
H000040,C007597,P023,10023.88,2026-01-02
H000041,C000795,P001,50000.0,2025-01-29
H000042,C000795,P002,49428.14,2025-01-12
H000043,C003164,P008,33026.49,2025-05-17
H000044,C003164,P015,50000.0,2025-08-23
H000045,C007941,P027,100000.0,2025-06-16
H000046,C003182,P025,42476.72,2025-02-05
H000047,C000764,P018,10000.0,2024-10-28
H000048,C000812,P022,36745.93,2025-03-09
H000049,C000812,P016,100000.0,2025-10-11
H000050,C000812,P016,100000.0,2024-07-29
H000051,C007260,P029,15926.6,2025-04-26
H000052,C007260,P025,55281.59,2025-05-09
H000053,C006932,P019,20053.93,2024-11-08
H000054,C006932,P030,5447.13,2024-10-22
H000055,C001619,P029,42782.77,2026-01-05
H000056,C001619,P004,92586.58,2025-08-28
H000057,C006827,P005,100000.0,2024-07-25
H000058,C006827,P011,26471.73,2025-10-16
H000059,C001043,P029,26423.02,2025-01-20
H000060,C001043,P022,10000.0,2024-07-21
H000061,C001043,P006,117697.13,2026-01-03
H000062,C005319,P030,20728.1,2024-08-18
H000063,C004795,P002,11059.65,2025-10-18
H000064,C000488,P008,11324.22,2025-02-13
H000065,C000488,P025,31535.34,2025-12-22
H000066,C001018,P001,101794.33,2024-07-25
H000067,C002816,P017,11483.78,2025-07-28
H000068,C002717,P021,100000.0,2025-03-23
H000069,C002717,P014,58751.92,2025-04-18
H000070,C005364,P008,62126.7,2025-12-04
H000071,C005364,P007,50000.0,2024-10-13
H000072,C005364,P010,50000.0,2025-04-06
H000073,C005364,P015,50000.0,2025-07-31
H000074,C003363,P024,44462.33,2025-07-16
H000075,C005166,P004,83715.19,2025-04-04
H000076,C005166,P004,10977.54,2024-10-19
H000077,C001076,P002,23030.41,2024-12-21
H000078,C004982,P018,10000.0,2025-05-13
H000079,C004982,P026,23450.7,2024-10-31
H000080,C006229,P021,100000.0,2024-11-04
H000081,C006229,P026,62778.62,2025-07-14
H000082,C006229,P024,29447.15,2025-11-22
H000083,C002922,P008,29242.09,2025-03-06
H000084,C002922,P015,74897.16,2025-04-01
H000085,C004020,P019,13708.86,2025-02-14
H000086,C004332,P007,93476.49,2024-11-28
H000087,C004332,P002,7328.92,2025-03-01
H000088,C007000,P026,164612.34,2025-05-30
H000089,C007000,P030,33086.42,2025-11-17
H000090,C007000,P017,89839.68,2025-04-06
H000091,C001323,P002,35737.93,2024-08-28
H000092,C007732,P012,55991.58,2025-11-14
H000093,C002253,P015,51281.12,2025-06-15
H000094,C002253,P006,73724.21,2025-06-28
H000095,C002253,P023,51756.72,2025-08-14
H000096,C006655,P025,14165.4,2025-05-17
H000097,C006655,P019,30211.95,2025-06-13
H000098,C006655,P002,21157.25,2024-10-13
H000099,C007245,P030,28916.39,2025-12-17
H000100,C007245,P020,10000.0,2024-07-22
H000101,C000867,P007,53334.58,2024-12-19
H000102,C000867,P007,58609.02,2025-09-14
H000103,C005592,P021,100000.0,2025-06-18
H000104,C002466,P019,75989.45,2025-01-05
H000105,C002466,P003,135034.1,2026-01-04
H000106,C002466,P008,123968.04,2025-07-25
H000107,C002466,P025,25414.6,2025-08-13
H000108,C002883,P014,41329.46,2025-11-02
H000109,C002883,P007,50000.0,2025-09-18
H000110,C002883,P008,96373.88,2025-07-01
H000111,C007043,P012,12883.7,2025-05-18
H000112,C006241,P023,23724.92,2025-10-25
H000113,C006241,P008,11244.46,2025-09-28
H000114,C005448,P008,31539.75,2026-01-06
H000115,C001503,P026,99029.15,2025-05-05
H000116,C001503,P024,7894.2,2025-09-09
H000117,C003916,P029,18252.63,2025-02-28
H000118,C003916,P009,50000.0,2025-10-19
H000119,C003916,P028,100000.0,2024-06-22
H000120,C003263,P004,110027.76,2025-04-23
H000121,C003263,P029,42439.44,2025-06-23
H000122,C003263,P012,17447.92,2025-12-05
H000123,C000264,P002,120542.55,2025-10-20
H000124,C000264,P026,18161.48,2024-08-01
H000125,C000264,P025,53239.24,2025-02-11
H000126,C003807,P024,57194.08,2025-07-01
H000127,C004085,P024,43827.07,2024-10-13
H000128,C004085,P029,48837.61,2025-08-18
H000129,C007840,P012,38191.09,2025-08-20
H000130,C007840,P011,13022.62,2025-08-17
H000131,C001812,P013,39154.37,2025-09-28
H000132,C001145,P011,41728.38,2025-08-06
H000133,C005828,P029,43867.84,2025-04-08
H000134,C002150,P009,69938.77,2025-06-24
H000135,C002150,P010,50000.0,2025-02-16
H000136,C003930,P026,39913.16,2024-12-18
H000137,C006320,P028,100000.0,2025-12-01
H000138,C006320,P025,34774.23,2025-01-08
H000139,C003291,P007,50000.0,2025-10-13
H000140,C000683,P004,31526.12,2025-07-05
H000141,C002841,P011,52140.0,2024-10-09
H000142,C001003,P008,45869.85,2025-06-02
H000143,C006756,P006,50000.0,2025-11-08
H000144,C005130,P004,34579.11,2024-08-02
H000145,C004291,P023,39015.5,2025-05-29
H000146,C004291,P029,70339.81,2025-06-15
H000147,C004291,P013,32369.07,2025-09-24
H000148,C000484,P019,27608.52,2025-05-09
H000149,C003814,P009,53479.26,2025-01-03
H000150,C003814,P015,50000.0,2025-08-08
H000151,C003814,P027,100000.0,2025-05-16
H000152,C003814,P027,100000.0,2025-04-05
H000153,C004415,P018,39371.67,2025-11-06
H000154,C004415,P021,100000.0,2026-01-07
H000155,C004415,P019,71981.76,2025-03-29
H000156,C000519,P028,100000.0,2025-06-15
H000157,C006989,P024,60092.92,2025-05-22
H000158,C001346,P002,87286.38,2025-04-21
H000159,C000697,P020,36820.45,2025-12-07
H000160,C001010,P030,60000.47,2025-11-04
H000161,C006318,P016,100000.0,2025-05-26
H000162,C006318,P023,38629.63,2025-02-28
H000163,C006596,P028,100000.0,2024-10-16
H000164,C006596,P024,30557.6,2025-08-28
H000165,C001075,P014,27243.79,2024-12-17
H000166,C001340,P030,29262.77,2025-05-19
H000167,C001340,P030,37153.98,2024-12-26
H000168,C001340,P006,50000.0,2025-07-09
H000169,C007710,P024,35160.57,2025-01-21
H000170,C006748,P027,100000.0,2025-02-16
H000171,C006748,P006,50000.0,2025-05-18
H000172,C004422,P017,24983.42,2025-04-25
H000173,C003393,P009,50000.0,2024-12-20
H000174,C003393,P016,100000.0,2025-05-23
H000175,C001484,P014,32185.64,2025-05-27
H000176,C001484,P007,57600.62,2025-07-17
H000177,C004862,P026,65321.07,2024-06-26
H000178,C004862,P015,57842.33,2025-10-05
H000179,C004862,P013,10000.0,2025-09-30
H000180,C004862,P022,24299.68,2024-07-24
H000181,C001935,P015,50000.0,2025-08-19
H000182,C001935,P021,100000.0,2024-09-26
H000183,C001935,P022,12005.53,2024-10-15
H000184,C001035,P013,22730.22,2025-09-17
H000185,C005485,P018,65235.89,2025-10-22
H000186,C005485,P013,82909.41,2025-08-11
H000187,C002479,P020,26585.74,2024-09-12
H000188,C000350,P030,10094.47,2025-10-19
H000189,C004394,P029,26456.43,2025-02-16
H000190,C004394,P026,23922.99,2024-11-10
H000191,C004353,P015,50000.0,2025-04-25
H000192,C004353,P004,47052.86,2025-01-14
H000193,C004353,P019,47032.86,2024-12-10
H000194,C007558,P026,73929.83,2025-05-11
H000195,C001062,P002,35798.58,2025-12-13
H000196,C001062,P018,59479.88,2025-12-29
H000197,C000880,P015,50000.0,2025-08-28
H000198,C000880,P003,50000.0,2025-12-28
H000199,C005603,P020,26134.78,2024-07-11
H000200,C005603,P026,35922.65,2024-09-04
H000201,C002543,P013,13518.63,2025-12-31
H000202,C006424,P024,12120.12,2025-11-23
H000203,C006745,P014,47058.59,2025-12-21
H000204,C006745,P029,17793.49,2025-07-15
H000205,C006745,P007,214434.9,2025-10-23
H000206,C006745,P027,100000.0,2025-11-04
H000207,C001851,P026,28990.39,2025-03-03
H000208,C005403,P009,156353.79,2025-07-25
H000209,C001678,P008,157263.09,2025-03-15
H000210,C001678,P009,50000.0,2024-09-15
H000211,C001678,P024,1923.11,2025-09-05
H000212,C001836,P023,19741.96,2025-07-06
H000213,C007112,P007,50000.0,2025-04-19
H000214,C007112,P012,36781.29,2025-08-15
H000215,C004953,P017,39686.68,2024-10-26
H000216,C004705,P003,50000.0,2025-08-12
H000217,C004705,P004,17271.19,2024-06-16
H000218,C004705,P026,26161.28,2025-04-21
H000219,C005200,P029,41458.03,2025-07-22
H000220,C005200,P007,116039.83,2025-01-19
H000221,C000458,P020,44191.09,2025-02-09
H000222,C000458,P028,100000.0,2025-11-07
H000223,C000458,P025,8767.04,2025-06-16
H000224,C004648,P007,50000.0,2025-06-30
H000225,C004648,P016,100000.0,2024-06-10
H000226,C004648,P004,13299.64,2024-12-27
H000227,C006508,P022,12251.66,2026-01-19
H000228,C003183,P014,29536.69,2025-11-20
H000229,C003183,P009,51412.35,2025-09-25
H000230,C003183,P011,116083.12,2025-04-06
H000231,C005338,P019,56996.01,2024-11-27
H000232,C005338,P026,106094.38,2025-08-08
H000233,C006125,P019,16309.98,2025-11-06
H000234,C006125,P019,12061.52,2025-04-14
H000235,C003264,P011,33783.1,2024-08-25
H000236,C006523,P019,21280.6,2024-09-01
H000237,C006522,P012,22110.24,2025-06-18
H000238,C006703,P011,10000.0,2025-10-30
H000239,C006703,P023,49735.21,2025-10-04
H000240,C002989,P004,59714.64,2025-04-10
H000241,C007021,P015,50000.0,2025-08-28
H000242,C007021,P026,65706.0,2024-08-21
H000243,C001551,P027,100000.0,2025-10-10
H000244,C001551,P028,100000.0,2025-12-25
H000245,C001551,P009,50000.0,2025-01-07
H000246,C002165,P022,40550.43,2025-10-14
H000247,C000587,P014,22594.39,2026-01-19
H000248,C002406,P007,50668.98,2024-11-11
H000249,C006801,P026,10241.96,2024-12-03
H000250,C003429,P004,44337.09,2025-12-31
H000251,C003429,P029,70785.83,2025-10-28
H000252,C002610,P016,100000.0,2024-06-18
H000253,C002610,P009,50000.0,2024-07-18
H000254,C003657,P030,95649.89,2026-01-08
H000255,C003657,P006,50000.0,2025-06-26
H000256,C003657,P017,41077.76,2025-02-22
H000257,C003657,P007,50000.0,2025-05-17
H000258,C003215,P009,60920.92,2024-11-11
H000259,C003535,P011,32784.9,2025-11-22
H000260,C003287,P019,20410.22,2024-11-07
H000261,C003287,P012,51362.89,2025-09-23
H000262,C003287,P030,122426.34,2024-09-11
H000263,C003287,P026,15486.53,2025-06-30
H000264,C002081,P025,14542.91,2025-06-11
H000265,C006956,P003,50000.0,2025-08-21
H000266,C006488,P029,53472.34,2026-01-10
H000267,C006488,P028,100000.0,2025-07-01
H000268,C000648,P022,41067.88,2024-08-05
H000269,C000223,P001,50000.0,2025-09-17
H000270,C006890,P018,55153.83,2026-01-02
H000271,C006890,P017,21209.28,2024-07-11
H000272,C007679,P008,19468.23,2026-01-17
H000273,C007679,P025,13695.9,2025-11-01
H000274,C007679,P013,111153.5,2025-06-15
H000275,C007679,P019,113222.56,2025-10-10
H000276,C000024,P020,52104.22,2024-08-04
H000277,C001906,P022,32200.5,2025-09-10
H000278,C001906,P015,52070.6,2025-09-02
H000279,C001906,P026,25718.35,2024-10-10
H000280,C001906,P024,83583.56,2025-07-01
H000281,C004079,P024,23688.18,2024-10-15
H000282,C001555,P017,53715.57,2024-09-06
H000283,C005724,P009,50000.0,2024-10-09
H000284,C005724,P015,66351.44,2025-02-27
H000285,C005724,P021,100000.0,2025-07-17
H000286,C005205,P007,54506.67,2024-06-29
H000287,C005205,P010,50000.0,2025-02-22
H000288,C005205,P019,59151.05,2025-12-19
H000289,C007701,P002,6897.15,2024-09-15
H000290,C007701,P008,36064.29,2025-06-16
H000291,C007701,P026,78272.94,2024-07-24
H000292,C007701,P029,10000.0,2025-04-29
H000293,C004946,P020,40005.33,2025-09-09
H000294,C004946,P018,34058.43,2024-11-17
H000295,C001408,P022,29678.08,2025-03-23
H000296,C000066,P004,18994.27,2024-07-26
H000297,C000066,P026,28475.36,2025-07-05
H000298,C006341,P019,9850.12,2024-09-26
H000299,C006341,P019,53994.6,2025-04-25
H000300,C006341,P014,17996.26,2025-08-03
H000301,C006341,P014,10000.0,2025-12-29
H000302,C001045,P002,7505.88,2024-11-30
H000303,C001045,P022,50097.61,2024-09-08
H000304,C006689,P017,173641.85,2025-07-22
H000305,C006689,P013,59091.34,2025-12-19
H000306,C007925,P018,42054.65,2025-09-28
H000307,C007925,P011,10000.0,2025-04-11
H000308,C004744,P023,14313.96,2025-11-08
H000309,C002032,P008,20820.57,2025-05-24
H000310,C002032,P016,100000.0,2026-01-19
H000311,C005825,P011,13555.2,2025-09-23
H000312,C005037,P014,100207.19,2025-02-10
H000313,C000555,P024,19535.58,2024-10-15
H000314,C000555,P024,42107.92,2025-11-14
H000315,C000555,P020,74197.66,2025-03-07
H000316,C007312,P005,100000.0,2024-08-21
H000317,C007312,P001,50000.0,2025-08-08
H000318,C004395,P008,43242.23,2025-02-23
H000319,C005395,P014,27548.15,2026-01-18
H000320,C003536,P022,29302.65,2025-12-12
H000321,C006727,P023,70072.93,2025-05-07
H000322,C001056,P028,100000.0,2025-03-25
H000323,C001056,P027,100000.0,2025-04-01
H000324,C001056,P029,23843.51,2026-01-16
H000325,C001056,P020,10000.0,2025-08-26
H000326,C001407,P007,50000.0,2024-08-20
H000327,C003768,P024,34098.96,2025-08-16
H000328,C000602,P019,17193.57,2026-01-16
H000329,C001384,P002,45566.81,2024-07-10
H000330,C001384,P001,50000.0,2025-10-30
H000331,C001384,P030,74625.89,2024-10-11
H000332,C001384,P018,58308.58,2024-07-19
H000333,C003333,P010,50000.0,2025-06-25
H000334,C003333,P017,34756.84,2025-06-03
H000335,C003333,P011,78649.16,2025-09-11
H000336,C002119,P013,10000.0,2025-06-11
H000337,C002119,P017,16747.36,2025-02-27
H000338,C004320,P012,41942.78,2025-07-21
H000339,C004320,P018,38048.41,2025-02-12
H000340,C001913,P009,50000.0,2024-07-24
H000341,C003685,P030,44428.23,2024-12-06
H000342,C007583,P011,12324.99,2024-12-17
H000343,C001741,P029,23777.91,2025-07-17
H000344,C001741,P029,14485.81,2025-04-16
H000345,C001741,P005,100000.0,2025-08-18
H000346,C005040,P017,42763.5,2025-06-16
H000347,C005040,P008,23777.08,2025-07-06
H000348,C005040,P003,50382.49,2025-09-14
H000349,C000928,P022,24385.61,2025-08-29
H000350,C000928,P028,103536.62,2024-08-08
H000351,C000928,P023,36389.43,2025-05-17
H000352,C000928,P017,13410.73,2025-04-22
H000353,C005139,P030,21829.91,2025-08-15
H000354,C003579,P025,53823.53,2025-05-28
H000355,C003579,P022,71780.7,2025-09-26
H000356,C003579,P003,109952.73,2025-05-03
H000357,C003579,P022,24589.35,2025-01-06
H000358,C004443,P024,23361.08,2025-06-04
H000359,C004443,P020,72778.83,2025-05-26
H000360,C007473,P005,100000.0,2025-02-12
H000361,C007473,P018,58028.17,2025-03-22
H000362,C007473,P030,18483.5,2025-10-15
H000363,C007129,P017,15587.76,2025-01-26
H000364,C000240,P025,15802.53,2025-03-31
H000365,C000240,P002,49199.93,2025-11-18
H000366,C002967,P013,48688.47,2025-06-06
H000367,C003543,P014,14366.47,2025-06-30
H000368,C003543,P024,11008.36,2024-11-17
H000369,C003543,P008,33073.28,2025-09-20
H000370,C006207,P005,100000.0,2025-12-30
H000371,C006207,P002,54128.96,2025-12-11
H000372,C006207,P004,26526.75,2024-08-03
H000373,C003211,P009,50000.0,2025-04-16
H000374,C003211,P007,50000.0,2025-08-23
H000375,C003211,P013,230074.76,2025-07-31
H000376,C000102,P029,40596.97,2025-08-25
H000377,C000319,P014,59229.35,2026-01-21
H000378,C000319,P004,66567.6,2026-01-15
H000379,C000319,P026,20118.68,2025-05-17
H000380,C000319,P005,100000.0,2024-11-01
H000381,C004582,P020,15112.8,2025-12-20
H000382,C003188,P027,100000.0,2025-07-14
H000383,C000534,P010,50000.0,2025-07-25
H000384,C000534,P012,20246.97,2025-12-31
H000385,C000534,P016,100000.0,2024-09-09
H000386,C000738,P026,84877.45,2025-12-13
H000387,C001245,P008,56127.19,2025-07-13
H000388,C001245,P013,52322.52,2025-09-29
H000389,C001143,P023,49379.82,2025-04-03
H000390,C001143,P002,1895.51,2024-07-14
H000391,C004348,P008,32826.59,2025-08-11
H000392,C004348,P025,53060.83,2025-06-24
H000393,C007288,P022,41469.34,2025-01-16
H000394,C006527,P019,15267.75,2025-10-05
H000395,C006527,P003,50000.0,2025-07-02
H000396,C001329,P026,30757.17,2024-06-18
H000397,C007098,P009,50000.0,2025-06-06
H000398,C007098,P022,27136.71,2025-05-06
H000399,C007098,P006,83322.72,2025-07-10
H000400,C006614,P030,23266.54,2025-08-10
H000401,C001929,P025,72696.23,2025-01-11
H000402,C001929,P028,100000.0,2025-11-28
H000403,C001929,P017,13256.75,2026-01-04
H000404,C005005,P015,54021.14,2025-08-28
H000405,C005005,P024,36156.29,2025-08-01
H000406,C007545,P005,100000.0,2025-05-08
H000407,C007545,P030,68590.67,2024-09-06
H000408,C007545,P003,63855.43,2025-05-08
H000409,C007545,P025,56002.42,2025-05-12
H000410,C002772,P003,50000.0,2025-11-02
H000411,C002772,P010,112019.05,2025-09-03
H000412,C000473,P022,10000.0,2025-08-31
H000413,C000473,P018,10675.65,2026-01-18
H000414,C000473,P030,44795.58,2024-10-04
H000415,C005051,P017,17610.54,2025-12-21
H000416,C004077,P013,86551.76,2025-06-17
H000417,C003917,P020,113535.57,2025-04-14
H000418,C003917,P030,8681.01,2025-11-09
H000419,C003917,P015,63919.09,2026-01-08
H000420,C003917,P019,85523.82,2024-12-03
H000421,C000545,P018,22338.91,2025-03-18
H000422,C000545,P014,10000.0,2025-08-28
H000423,C007331,P023,24131.8,2025-02-02
H000424,C007331,P001,109687.32,2025-03-23
H000425,C005539,P029,52407.79,2025-01-27
H000426,C000335,P026,8684.03,2024-06-12
H000427,C007133,P025,75480.91,2025-05-03
H000428,C001316,P030,47847.64,2025-03-29
H000429,C001920,P014,108518.23,2025-10-08
H000430,C001920,P022,29412.95,2024-10-22
H000431,C001920,P025,17376.41,2025-06-05
H000432,C002185,P019,27755.82,2025-12-22
H000433,C003862,P007,50000.0,2024-12-01
H000434,C003862,P010,50000.0,2025-04-27
H000435,C003862,P008,32775.93,2025-12-06
H000436,C007410,P002,20833.31,2025-04-10
H000437,C004646,P028,140233.93,2024-12-30
H000438,C004646,P028,100000.0,2025-11-23
H000439,C004646,P012,21760.34,2025-05-18
H000440,C004646,P014,44968.6,2025-01-26
H000441,C000133,P016,100000.0,2025-09-09
H000442,C000133,P026,41293.97,2024-07-05
H000443,C003961,P006,50000.0,2025-05-15
H000444,C003961,P029,19551.24,2025-03-20
H000445,C006352,P026,46214.71,2025-02-28
H000446,C006352,P017,16728.51,2024-10-04
H000447,C006352,P027,100000.0,2025-04-23
H000448,C002246,P011,133810.89,2025-05-22
H000449,C002246,P019,27567.21,2024-07-02
H000450,C006147,P022,18102.86,2025-08-01
H000451,C006147,P003,53957.56,2025-05-21
H000452,C006147,P029,74340.16,2025-09-14
H000453,C002030,P014,66020.09,2025-05-06
H000454,C002030,P017,30538.9,2024-09-25
H000455,C002030,P008,12173.18,2025-06-23
H000456,C002030,P019,36372.22,2025-11-22
H000457,C000038,P012,56230.12,2025-07-07
H000458,C007637,P007,135723.62,2024-10-08
H000459,C007574,P006,50000.0,2026-01-19
H000460,C007574,P002,49994.58,2025-07-26
H000461,C002019,P014,16275.11,2025-08-07
H000462,C002112,P030,24429.39,2025-02-21
H000463,C002403,P004,81132.54,2024-07-27
H000464,C000749,P019,26708.21,2024-12-28
H000465,C000749,P020,11907.69,2025-09-17
H000466,C000749,P027,100000.0,2025-10-23
H000467,C007568,P001,50092.81,2026-01-19
H000468,C007568,P017,41612.84,2025-02-24
H000469,C002457,P014,23969.6,2025-10-14
H000470,C007513,P009,50000.0,2024-07-28
H000471,C007513,P011,68306.14,2025-08-11
H000472,C007513,P022,26189.92,2024-07-05
H000473,C007513,P022,13144.38,2024-12-09
H000474,C002345,P018,21061.24,2024-12-10
H000475,C000096,P013,111567.54,2025-06-18
H000476,C000096,P020,72410.62,2025-07-09
H000477,C006252,P018,28671.07,2024-10-02
H000478,C007865,P013,55068.36,2025-08-28
H000479,C007865,P008,42540.79,2025-03-01
H000480,C007865,P025,5597.38,2025-10-27
H000481,C005224,P014,13343.01,2025-10-04
H000482,C005224,P014,32382.77,2025-02-10
H000483,C002115,P030,23667.73,2024-09-30
H000484,C002587,P019,31753.55,2025-12-16
H000485,C005199,P017,21732.37,2026-01-15
H000486,C003440,P011,18325.6,2025-10-04
H000487,C003440,P009,50000.0,2025-01-02
H000488,C003440,P014,13961.03,2025-02-13
H000489,C003440,P019,12131.78,2025-09-03
H000490,C003555,P024,17528.49,2025-04-18
H000491,C003555,P009,50000.0,2025-04-27
H000492,C003555,P006,93095.93,2024-10-31
H000493,C000454,P008,26617.76,2025-08-14
H000494,C006585,P004,150222.54,2024-07-17
H000495,C002813,P007,50000.0,2024-08-15
H000496,C002813,P030,15195.14,2025-07-05
H000497,C002837,P027,100000.0,2025-12-04
H000498,C002837,P019,16310.99,2024-11-04
H000499,C002837,P022,68564.4,2024-12-02
H000500,C000252,P019,37861.5,2024-12-21
H000501,C006636,P027,135285.4,2025-07-25
H000502,C001023,P017,31100.97,2024-06-12
H000503,C001023,P009,50000.0,2024-12-19
H000504,C007648,P006,50000.0,2025-02-13
H000505,C007648,P007,50000.0,2024-12-10
H000506,C001011,P017,39143.83,2025-11-29
H000507,C001011,P009,50000.0,2024-09-17
H000508,C001011,P024,10988.58,2024-10-21
H000509,C001011,P006,50000.0,2026-01-21
H000510,C004650,P007,50000.0,2024-11-16
H000511,C006002,P021,100000.0,2025-11-30
H000512,C006002,P010,50000.0,2025-12-04
H000513,C006002,P021,100000.0,2024-09-26
H000514,C001673,P023,113040.63,2025-05-12
H000515,C001673,P005,100000.0,2025-12-02
H000516,C000626,P026,23182.21,2025-02-22
H000517,C007794,P011,16201.97,2025-06-04
H000518,C002111,P015,54941.34,2025-08-12
H000519,C001466,P013,16231.8,2025-06-03
H000520,C001466,P023,9980.52,2025-03-02
H000521,C007530,P020,18097.27,2025-11-26
H000522,C004735,P012,31734.46,2025-10-08
H000523,C004735,P007,60499.29,2025-03-21
H000524,C004735,P025,23412.83,2025-07-11
H000525,C004267,P019,51943.21,2024-09-03
H000526,C004267,P023,5043.69,2025-05-07
H000527,C003092,P018,18011.49,2024-12-31
H000528,C006973,P030,124918.22,2025-02-23
H000529,C001889,P014,23071.45,2026-01-02
H000530,C001609,P006,50000.0,2024-09-26
H000531,C001609,P025,49217.98,2025-02-16
H000532,C001609,P029,24932.94,2025-02-10
H000533,C001609,P016,100000.0,2025-11-15
H000534,C001745,P020,53755.58,2024-12-02
H000535,C001745,P026,28930.53,2025-07-22
H000536,C000158,P024,36402.22,2025-03-29
H000537,C002440,P017,15064.72,2024-12-13
H000538,C002440,P017,41149.28,2024-10-18
H000539,C002200,P016,100000.0,2025-09-10
H000540,C002200,P011,34790.53,2024-10-27
H000541,C003095,P013,22497.82,2025-06-28
H000542,C006214,P026,32575.92,2025-07-23
H000543,C000504,P003,50000.0,2025-12-07
H000544,C006187,P003,50000.0,2025-10-03
H000545,C006187,P022,47241.42,2025-12-07
H000546,C000316,P012,14625.42,2026-01-01
H000547,C000316,P005,110604.83,2025-09-11
H000548,C000711,P011,72735.57,2025-01-15
H000549,C000711,P023,46374.36,2025-09-06
H000550,C000711,P002,103638.78,2025-10-23
H000551,C003969,P023,63218.18,2025-09-04
H000552,C004175,P001,50000.0,2025-06-06
H000553,C004175,P004,21799.4,2025-01-04
H000554,C004175,P013,113442.9,2025-07-05
H000555,C003718,P008,10000.0,2025-08-08
H000556,C007083,P018,46930.4,2025-12-11
H000557,C007083,P030,1626.36,2024-11-10
H000558,C000857,P005,100000.0,2025-07-22
H000559,C000857,P010,50000.0,2025-06-06
H000560,C000857,P008,27105.89,2025-04-03
H000561,C003323,P016,100000.0,2024-12-01
H000562,C005003,P013,37017.45,2025-12-17
H000563,C005003,P001,50000.0,2025-03-03
H000564,C005003,P024,34359.92,2024-09-15
H000565,C005003,P030,47350.17,2025-08-23
H000566,C002657,P012,20521.22,2025-05-18
H000567,C002657,P014,10000.0,2025-04-24
H000568,C002657,P001,52714.19,2025-07-03
H000569,C000320,P028,100000.0,2024-12-12
H000570,C000430,P010,118072.59,2025-08-01
H000571,C001019,P020,32389.37,2025-07-30
H000572,C001019,P017,48996.59,2024-06-17
H000573,C001019,P028,100000.0,2025-02-04
H000574,C001427,P030,26843.57,2025-08-12
H000575,C003704,P020,98434.43,2025-10-28
H000576,C003704,P012,22306.17,2025-06-21
H000577,C006544,P015,50000.0,2025-05-04
H000578,C006544,P018,46895.26,2025-08-03
H000579,C002108,P003,61311.5,2025-06-19
H000580,C002108,P009,67115.62,2025-07-15
H000581,C007146,P030,34606.33,2025-11-12
H000582,C006606,P020,13990.72,2026-01-02
H000583,C007531,P030,66551.83,2025-09-12
H000584,C007531,P011,32596.17,2025-06-08
H000585,C007531,P027,100000.0,2025-04-06
H000586,C007531,P009,50000.0,2025-03-20
H000587,C007979,P004,21056.78,2024-12-30
H000588,C007945,P018,44093.57,2025-07-24
H000589,C001194,P002,53136.04,2024-10-22
H000590,C006358,P001,50000.0,2024-07-13
H000591,C005741,P027,121251.88,2025-09-12
H000592,C005741,P020,23516.84,2024-08-02
H000593,C001841,P004,75770.21,2025-01-20
H000594,C001863,P014,19783.26,2024-12-31
H000595,C001863,P023,6565.25,2026-01-13
H000596,C005837,P007,66945.57,2024-10-09
H000597,C005837,P022,41581.88,2024-10-09
H000598,C005837,P018,45241.61,2026-01-06
H000599,C005837,P016,100000.0,2025-04-05
H000600,C007774,P025,21716.62,2025-07-06
H000601,C006700,P007,53859.22,2025-03-23
H000602,C003046,P016,100000.0,2025-08-10
H000603,C003046,P013,83420.53,2025-10-26
H000604,C003046,P026,40804.94,2024-07-20
H000605,C003046,P014,19046.42,2025-03-03
H000606,C002629,P029,94952.55,2025-09-28
H000607,C002629,P011,10000.0,2024-07-04
H000608,C002629,P003,50000.0,2025-05-20
H000609,C004229,P010,50000.0,2025-09-26
H000610,C004229,P029,55526.57,2025-02-04
H000611,C004229,P029,12379.32,2025-11-04
H000612,C006061,P012,17722.25,2025-07-25
H000613,C004230,P015,50000.0,2025-08-04
H000614,C004230,P017,7922.95,2025-01-20
H000615,C001282,P024,49381.23,2025-03-28
H000616,C001282,P008,76895.9,2025-03-02
H000617,C001282,P020,58842.68,2024-08-04
H000618,C001282,P001,50000.0,2025-09-05
H000619,C007741,P009,66643.45,2025-07-07
H000620,C007741,P025,34013.02,2025-02-04
H000621,C007741,P019,10264.07,2024-06-25
H000622,C007741,P017,4906.65,2025-04-29
H000623,C007289,P030,216025.34,2026-01-15
H000624,C007289,P025,43611.13,2025-10-04
H000625,C005503,P012,32690.01,2025-06-08
H000626,C005503,P002,27638.79,2024-10-03
H000627,C004221,P008,28649.74,2025-03-25
H000628,C004546,P012,148493.38,2025-10-30
H000629,C004546,P013,10000.0,2025-10-16
H000630,C004546,P009,50000.0,2025-05-17
H000631,C007699,P025,40204.27,2025-02-05
H000632,C007699,P008,32502.59,2025-10-26
H000633,C000744,P004,75042.57,2024-10-21
H000634,C000744,P001,50000.0,2025-11-06
H000635,C000744,P025,42129.01,2025-05-17
H000636,C000744,P006,50000.0,2025-09-21
H000637,C005529,P019,9419.65,2025-02-06
H000638,C005529,P013,50645.01,2026-01-01
H000639,C005529,P001,50000.0,2025-11-04
H000640,C002234,P009,50000.0,2025-09-20
H000641,C002234,P024,27098.04,2025-12-16
H000642,C004505,P019,15587.48,2024-12-29
H000643,C004505,P003,50000.0,2025-04-27
H000644,C004505,P014,27913.23,2025-01-29
H000645,C006247,P007,97484.58,2025-01-13
H000646,C006097,P003,50000.0,2025-09-14
H000647,C006097,P005,100000.0,2024-10-07
H000648,C006097,P027,123534.34,2025-06-21
H000649,C006097,P018,35674.95,2025-12-17
H000650,C007771,P006,50000.0,2024-06-25
H000651,C007771,P020,45098.56,2024-08-28
H000652,C007771,P011,34084.18,2024-10-13
H000653,C005278,P025,4715.25,2025-08-17
H000654,C005278,P020,22110.8,2025-12-12
H000655,C005278,P014,52218.34,2025-09-20
H000656,C003616,P025,62648.7,2025-03-23
H000657,C004790,P004,33500.12,2025-12-28
H000658,C007497,P018,109221.44,2025-11-09
H000659,C007497,P012,33224.61,2025-06-30
H000660,C002698,P018,33248.04,2024-07-25
H000661,C002698,P030,28765.38,2024-06-15
H000662,C002698,P016,100000.0,2025-02-28
H000663,C001702,P019,60197.3,2025-05-07
H000664,C000997,P022,68728.55,2025-06-04
H000665,C000997,P029,29443.68,2025-07-03
H000666,C000997,P017,14716.16,2025-07-16
H000667,C004039,P014,66976.11,2025-02-22
H000668,C004039,P016,100000.0,2025-06-14
H000669,C004039,P008,10000.0,2025-04-03
H000670,C004039,P002,29906.31,2025-02-22
H000671,C004658,P021,100000.0,2024-10-07
H000672,C004658,P028,100000.0,2025-07-14
H000673,C004658,P023,23886.54,2025-02-10
H000674,C004658,P024,8887.13,2025-08-10
H000675,C007907,P011,64388.8,2024-06-07
H000676,C007907,P029,20156.0,2025-02-04
H000677,C004718,P018,60660.51,2024-10-31
H000678,C004716,P012,23154.87,2025-09-25
H000679,C004716,P002,9250.84,2025-08-19
H000680,C003483,P023,17530.31,2025-03-02
H000681,C006370,P021,100000.0,2024-12-26
H000682,C006370,P029,23303.7,2025-02-02
H000683,C006370,P018,59990.57,2024-08-04
H000684,C006370,P016,100000.0,2025-08-12
H000685,C005894,P004,18189.88,2024-11-04
H000686,C005894,P015,50000.0,2025-08-23
H000687,C005894,P005,100000.0,2025-07-15
H000688,C005147,P020,29040.06,2024-09-15
H000689,C005147,P011,42223.54,2025-05-24
H000690,C005147,P030,40835.19,2024-12-15
H000691,C001085,P030,14586.39,2025-06-30
H000692,C002267,P006,57352.19,2025-04-30
H000693,C002267,P014,68495.66,2024-12-22
H000694,C001923,P021,100000.0,2025-10-03
H000695,C001923,P007,50000.0,2025-06-23
H000696,C007224,P029,10000.0,2025-10-07
H000697,C007224,P008,81286.15,2025-04-18
H000698,C007224,P002,30565.05,2025-05-08
H000699,C001047,P022,35604.87,2024-11-20
H000700,C001347,P021,100000.0,2025-07-22
H000701,C001347,P010,50000.0,2025-07-23
H000702,C005923,P023,54423.05,2025-11-03
H000703,C005923,P010,50000.0,2025-04-08
H000704,C005923,P021,100000.0,2024-09-17
H000705,C001177,P013,111865.41,2025-12-27
H000706,C001177,P002,26912.93,2024-10-25
H000707,C006283,P007,58454.17,2024-10-05
H000708,C006283,P021,100000.0,2025-12-26
H000709,C006283,P026,29016.62,2025-06-02
H000710,C006283,P028,100000.0,2024-12-30
H000711,C007037,P027,173167.74,2025-04-01
H000712,C007037,P019,31764.68,2025-06-12
H000713,C007037,P023,23904.35,2025-08-03
H000714,C006084,P020,30733.97,2024-11-28
H000715,C005915,P007,84709.05,2025-05-16
H000716,C005915,P026,54189.85,2025-05-01
H000717,C004839,P015,50000.0,2025-03-06
H000718,C004839,P029,46913.07,2024-11-22
H000719,C001422,P004,19856.17,2024-09-24
H000720,C006076,P002,92988.66,2025-11-08
H000721,C006076,P011,21140.24,2025-11-15
H000722,C006076,P026,56064.61,2024-11-16
H000723,C004150,P006,63488.98,2024-07-29
H000724,C004150,P018,44253.26,2025-12-01
H000725,C004150,P018,99811.67,2024-12-13
H000726,C005776,P010,50000.0,2024-12-23
H000727,C005776,P029,36852.71,2025-08-13
H000728,C005776,P009,50000.0,2025-02-07
H000729,C005776,P012,12515.51,2025-10-19
H000730,C000909,P021,100000.0,2025-10-16
H000731,C000909,P030,65330.44,2026-01-11
H000732,C002914,P001,50000.0,2025-12-25
H000733,C002914,P004,10714.35,2024-12-13
H000734,C002914,P026,27216.15,2025-01-22
H000735,C002914,P018,11487.86,2024-09-21
H000736,C006852,P029,36396.55,2025-08-15
H000737,C006852,P017,8847.2,2024-07-29
H000738,C006852,P009,122910.78,2024-09-12
H000739,C001973,P011,23926.09,2025-11-02
H000740,C001973,P002,23644.03,2025-01-20
H000741,C001973,P030,55891.73,2025-10-22
H000742,C001973,P028,100000.0,2025-07-27
H000743,C006528,P020,16786.61,2024-09-12
H000744,C007919,P030,18545.93,2025-02-13
H000745,C007919,P017,11281.74,2024-11-29
H000746,C003734,P018,13613.31,2025-04-20
H000747,C000394,P023,42273.32,2026-01-18
H000748,C000394,P016,100000.0,2025-01-06
H000749,C000394,P012,41647.1,2025-09-08
H000750,C000684,P006,50000.0,2025-07-11
H000751,C000684,P010,50000.0,2025-12-22
H000752,C000684,P003,50000.0,2025-09-09
H000753,C000684,P012,33383.9,2025-07-09
H000754,C007948,P017,22307.43,2025-03-15
H000755,C007948,P030,1134.62,2026-01-15
H000756,C001431,P029,46900.44,2025-10-26
H000757,C001431,P009,50000.0,2024-11-25
H000758,C001431,P019,3492.97,2024-12-05
H000759,C000677,P001,50000.0,2025-03-24
H000760,C006464,P002,13441.84,2025-05-21
H000761,C002139,P008,18615.23,2025-12-03
H000762,C002139,P007,50000.0,2024-08-12
H000763,C002139,P018,12969.06,2024-09-17
H000764,C006927,P016,100000.0,2024-06-19
H000765,C006927,P015,103019.31,2025-10-05
H000766,C000034,P026,41001.5,2025-06-19
H000767,C000034,P010,70922.93,2025-01-08
H000768,C000034,P013,68493.54,2025-06-08
H000769,C000034,P023,41022.87,2025-05-29
H000770,C002808,P004,27983.58,2024-12-19
H000771,C000958,P003,50000.0,2025-04-26
H000772,C000958,P023,37925.37,2025-09-16
H000773,C007872,P014,69504.76,2025-09-25
H000774,C007872,P028,100000.0,2024-10-28
H000775,C007872,P006,106537.63,2026-01-16
H000776,C007872,P017,382535.63,2025-07-29
H000777,C006343,P027,100000.0,2025-06-24
H000778,C001633,P029,19788.75,2025-06-17
H000779,C001633,P022,19665.94,2025-03-10
H000780,C007418,P013,33625.68,2025-06-23
H000781,C007418,P015,50000.0,2025-08-20
H000782,C007418,P024,39902.12,2025-11-14
H000783,C004263,P014,43474.54,2024-11-05
H000784,C002224,P001,58764.5,2025-02-23
H000785,C003379,P001,108041.19,2024-08-14
H000786,C007160,P008,22958.73,2025-07-30
H000787,C000062,P012,14152.66,2025-05-21
H000788,C000062,P018,42371.01,2024-08-05
H000789,C004571,P015,50000.0,2025-07-02
H000790,C004571,P003,50000.0,2025-11-08
H000791,C001808,P012,31502.62,2025-10-30
H000792,C001278,P004,14877.58,2024-09-19
H000793,C007535,P001,54879.34,2025-05-28
H000794,C007535,P029,42169.85,2025-04-17
H000795,C007535,P010,75533.62,2025-07-13
H000796,C003516,P025,54422.24,2025-01-07
H000797,C000333,P024,24636.57,2025-10-20
H000798,C006073,P002,30264.03,2025-12-01
H000799,C002376,P024,63258.99,2025-05-26
H000800,C007172,P015,90859.79,2025-11-02
H000801,C001262,P013,34606.78,2025-06-29
H000802,C005608,P005,100000.0,2025-12-13
H000803,C005608,P014,52284.6,2025-03-23
H000804,C005304,P025,25584.32,2025-04-07
H000805,C005304,P016,100000.0,2024-10-05
H000806,C005628,P007,50000.0,2025-07-28
H000807,C000737,P026,19571.76,2024-11-29
H000808,C006416,P015,57463.5,2025-04-14
H000809,C006416,P008,43008.14,2025-06-30
H000810,C006089,P022,45088.72,2024-11-20
H000811,C002898,P016,100000.0,2024-06-21
H000812,C002898,P007,56721.49,2025-09-02
H000813,C002898,P006,50000.0,2025-01-26
H000814,C002898,P009,50000.0,2024-07-26
H000815,C003245,P005,100000.0,2024-08-16
H000816,C003245,P014,10000.0,2024-12-02
H000817,C005365,P023,18472.43,2025-08-09
H000818,C003289,P008,116307.49,2025-05-06
H000819,C006460,P001,60440.52,2025-08-04
H000820,C006460,P003,62368.88,2025-07-25
H000821,C007285,P022,20603.57,2024-06-06
H000822,C006450,P009,50000.0,2025-06-13
H000823,C006450,P015,50000.0,2025-07-30
H000824,C006450,P021,100000.0,2024-08-15
H000825,C003300,P028,100000.0,2025-10-16
H000826,C003300,P024,5812.14,2025-12-25
H000827,C002474,P004,19499.59,2025-09-09
H000828,C002474,P010,50000.0,2025-03-18
H000829,C002307,P021,100000.0,2024-12-27
H000830,C001375,P002,34632.06,2025-12-03
H000831,C001375,P011,28754.78,2025-08-14
H000832,C006172,P018,38848.44,2025-01-02
H000833,C007742,P017,73865.81,2024-09-09
H000834,C007894,P017,164982.74,2024-10-17
H000835,C007894,P029,13562.53,2025-01-08
H000836,C002599,P008,30140.15,2025-07-13
H000837,C003430,P022,23944.33,2024-07-18
H000838,C002604,P018,110916.8,2024-06-24
H000839,C002604,P014,37676.35,2026-01-01
H000840,C002604,P010,93484.56,2026-01-11
H000841,C002604,P023,46439.94,2025-02-27
H000842,C007864,P023,16868.58,2025-07-27
H000843,C007864,P006,50000.0,2024-11-29
H000844,C007864,P029,14093.76,2025-11-15
H000845,C006576,P008,47017.17,2025-03-15
H000846,C007118,P010,50000.0,2025-11-17
H000847,C001079,P012,14800.99,2025-07-03
H000848,C003521,P011,44785.19,2025-06-02
H000849,C003521,P022,18716.0,2025-07-31
H000850,C001164,P012,62948.96,2025-09-07
H000851,C001164,P026,133926.02,2025-08-14
H000852,C006578,P022,16187.23,2025-01-14
H000853,C003833,P003,55583.5,2025-08-14
H000854,C005442,P008,27967.89,2025-06-19
H000855,C000080,P005,100000.0,2024-09-21
H000856,C002586,P014,70262.7,2025-06-27
H000857,C002586,P019,11250.0,2024-08-25
H000858,C006907,P028,100000.0,2025-03-13
H000859,C006907,P027,100000.0,2025-08-23
H000860,C006817,P027,100000.0,2025-08-13
H000861,C006817,P008,42882.9,2025-05-31
H000862,C006817,P028,100000.0,2024-08-25
H000863,C004510,P001,50000.0,2024-09-09
H000864,C004510,P026,29083.52,2024-09-18
H000865,C007166,P017,14482.12,2024-08-29
H000866,C005926,P008,15866.37,2025-05-07
H000867,C005926,P019,62706.21,2025-08-01
H000868,C005926,P023,51404.63,2025-06-18
H000869,C005926,P008,18865.1,2025-04-21
H000870,C004596,P001,50000.0,2024-12-31
H000871,C001791,P014,25108.3,2025-08-17
H000872,C001787,P020,51454.34,2025-03-13
H000873,C001787,P002,7737.66,2025-07-31
H000874,C001570,P014,14743.34,2024-12-06
H000875,C001570,P012,26706.75,2025-05-14
H000876,C001570,P017,46984.91,2026-01-05
H000877,C001570,P014,13965.87,2025-12-10
H000878,C002252,P023,63787.78,2025-05-15
H000879,C004889,P022,22428.25,2024-11-06
H000880,C004889,P011,49594.25,2025-01-31
H000881,C001026,P018,68335.22,2024-11-29
H000882,C001955,P010,50000.0,2025-09-04
H000883,C001955,P012,39601.13,2025-10-30
H000884,C001955,P027,100000.0,2025-04-12
H000885,C001955,P017,36964.25,2025-12-22
H000886,C003613,P030,4941.09,2024-11-03
H000887,C005778,P030,18477.6,2025-11-02
H000888,C005778,P028,100000.0,2024-12-28
H000889,C006290,P002,36846.99,2024-10-29
H000890,C007467,P015,81786.77,2025-04-08
H000891,C007467,P003,50000.0,2025-10-07
H000892,C007467,P025,33173.7,2025-06-27
H000893,C001331,P020,83468.32,2025-02-11
H000894,C006763,P027,100000.0,2025-09-07
H000895,C007879,P006,50000.0,2024-10-01
H000896,C007879,P022,12554.32,2025-03-16
H000897,C005723,P023,53206.91,2025-05-27
H000898,C005723,P008,10000.0,2025-05-01
H000899,C002021,P002,39681.55,2025-03-06
H000900,C000150,P029,30110.26,2025-04-24
H000901,C005328,P020,29211.37,2024-06-13
H000902,C005156,P016,100000.0,2024-06-27
H000903,C005156,P005,100000.0,2025-06-17
H000904,C007786,P020,39367.05,2024-08-13
H000905,C001733,P005,100000.0,2025-12-16
H000906,C000971,P010,73300.53,2024-12-31
H000907,C000971,P015,50000.0,2025-03-08
H000908,C000971,P027,100000.0,2025-11-16
H000909,C002339,P009,50000.0,2024-06-12
H000910,C002339,P016,100000.0,2024-06-28
H000911,C002339,P029,15098.83,2025-11-21
H000912,C001264,P030,32517.72,2024-12-23
H000913,C001264,P009,50000.0,2025-05-24
H000914,C001264,P025,53638.58,2025-07-07
H000915,C001264,P011,22827.23,2025-02-24
H000916,C000170,P028,114424.39,2026-01-08
H000917,C004551,P024,75568.37,2025-04-23
H000918,C001516,P009,50000.0,2024-07-25
H000919,C001516,P014,18397.09,2026-01-10
H000920,C001516,P030,28075.31,2024-10-21
H000921,C001516,P017,16257.62,2025-06-08
H000922,C002860,P020,51772.09,2025-11-24
H000923,C002860,P012,42994.17,2025-12-13
H000924,C002860,P024,133058.26,2025-09-09
H000925,C001480,P002,40059.38,2024-10-11
H000926,C001616,P029,44314.63,2025-06-01
H000927,C001616,P015,50000.0,2025-10-11
H000928,C001616,P005,100000.0,2024-06-13
H000929,C002575,P014,22626.93,2026-01-07
H000930,C002575,P005,100000.0,2025-10-24
H000931,C005803,P008,35003.31,2025-08-31
H000932,C004906,P003,50000.0,2025-10-08
H000933,C004906,P002,30223.18,2025-05-11
H000934,C002580,P025,12539.72,2025-05-17
H000935,C004249,P028,100000.0,2025-06-25
H000936,C003439,P005,100000.0,2025-04-15
H000937,C003439,P030,97318.98,2025-04-03
H000938,C003439,P009,50000.0,2026-01-21
H000939,C003439,P024,65064.71,2025-07-22
H000940,C000234,P013,63055.9,2025-06-20
H000941,C002230,P013,32914.84,2025-06-27
H000942,C004634,P018,20218.06,2025-01-25
H000943,C004634,P006,64327.43,2025-07-29
H000944,C004514,P016,100000.0,2025-02-26
H000945,C004514,P026,66655.09,2024-10-17
H000946,C002878,P028,100000.0,2025-03-13
H000947,C002878,P002,6777.82,2024-07-07
H000948,C005811,P014,13817.29,2025-02-16
H000949,C003275,P019,36456.63,2025-06-29
H000950,C003827,P015,145134.41,2025-11-26
H000951,C003827,P030,53390.43,2025-09-13
H000952,C004921,P013,18576.66,2025-07-01
H000953,C004921,P029,17474.05,2026-01-14
H000954,C004921,P013,21197.12,2025-10-11
H000955,C001222,P006,50000.0,2025-01-23
H000956,C001222,P027,100000.0,2026-01-02
H000957,C001222,P029,11727.88,2026-01-07
H000958,C004690,P025,37850.78,2025-09-07
H000959,C004690,P025,60409.98,2026-01-02
H000960,C000510,P009,69987.44,2024-11-06
H000961,C000998,P004,56652.8,2024-07-10
H000962,C000998,P025,33712.08,2025-06-17
H000963,C000998,P006,50000.0,2025-09-26
H000964,C005565,P004,172219.49,2024-07-22
H000965,C004512,P019,12754.97,2025-08-24
H000966,C007101,P008,56579.04,2025-10-16
H000967,C007101,P011,67245.93,2025-10-23
H000968,C007101,P008,21335.89,2025-04-29
H000969,C006926,P025,13175.18,2025-05-20
H000970,C006926,P005,100000.0,2024-08-27
H000971,C006926,P002,36091.22,2024-08-27
H000972,C004687,P004,36090.62,2024-10-10
H000973,C004687,P016,100000.0,2025-06-11
H000974,C006791,P025,120306.8,2025-08-12
H000975,C006791,P006,50000.0,2026-01-10
H000976,C006791,P017,50546.01,2024-07-18
H000977,C005307,P030,8026.77,2024-06-18
H000978,C005307,P010,105367.39,2025-03-02
H000979,C005307,P030,51798.38,2025-04-09
H000980,C005307,P007,50000.0,2024-07-09
H000981,C000539,P020,17705.79,2024-12-06
H000982,C007875,P020,193304.99,2024-11-16
H000983,C007875,P010,50000.0,2025-03-21
H000984,C003871,P014,41301.5,2025-01-06
H000985,C005455,P019,64616.15,2024-08-10
H000986,C007374,P019,106577.52,2025-01-17
H000987,C001840,P014,24379.82,2024-12-18
H000988,C001704,P026,15101.95,2024-07-22
H000989,C001704,P025,5028.96,2025-08-12
H000990,C006873,P022,44706.06,2024-12-02
H000991,C006873,P027,100000.0,2025-03-04
H000992,C004739,P028,100000.0,2025-10-01
H000993,C004739,P010,50000.0,2025-01-07
H000994,C006675,P012,68973.18,2025-06-03
H000995,C007951,P006,50000.0,2025-10-22
H000996,C007951,P010,59306.78,2025-08-25
H000997,C002654,P013,10000.0,2025-11-10
H000998,C004951,P005,113736.97,2025-03-17
H000999,C003423,P022,37631.03,2025-06-09
H001000,C003423,P017,14089.4,2025-10-02
H001001,C003423,P004,14643.38,2025-08-20
H001002,C002971,P025,23760.78,2025-11-08
H001003,C002971,P004,24923.16,2024-09-28
H001004,C004185,P014,18616.29,2025-08-27
H001005,C006305,P027,100000.0,2025-09-28
H001006,C006305,P005,100000.0,2024-09-25
H001007,C002023,P006,50000.0,2025-07-11
H001008,C007609,P019,34476.47,2025-11-14
H001009,C005770,P023,78958.62,2025-03-18
H001010,C001006,P020,28192.55,2025-12-08
H001011,C001006,P017,37386.56,2025-12-10
H001012,C001006,P020,91397.82,2025-04-28
H001013,C006077,P020,23424.86,2024-10-02
H001014,C001321,P019,118024.24,2024-07-03
H001015,C001321,P029,102568.83,2025-03-03
H001016,C005762,P015,50000.0,2025-08-20
H001017,C005762,P017,127221.45,2025-01-04
H001018,C005762,P014,33547.16,2025-06-10
H001019,C005892,P005,100000.0,2024-06-26
H001020,C005892,P014,61077.37,2024-12-13
H001021,C005892,P008,63262.01,2025-03-09
H001022,C002756,P008,54898.63,2025-03-30
H001023,C002756,P028,100000.0,2025-12-28
H001024,C002756,P030,53712.75,2026-01-11
H001025,C007459,P021,100000.0,2025-01-09
H001026,C007459,P023,3630.12,2025-06-02
H001027,C000409,P008,67427.1,2025-10-15
H001028,C000409,P010,50000.0,2025-11-27
H001029,C000409,P002,15312.46,2024-08-14
H001030,C001198,P012,12021.86,2025-10-31
H001031,C001198,P012,38265.04,2025-09-09
H001032,C007871,P025,23537.84,2025-01-18
H001033,C007871,P020,14089.58,2025-07-23
H001034,C007711,P001,72044.18,2025-12-07
H001035,C007711,P024,9390.8,2025-05-22
H001036,C007711,P024,49515.87,2024-09-15
H001037,C001324,P027,100000.0,2025-08-05
H001038,C001324,P025,24820.08,2025-04-13
H001039,C001057,P007,50000.0,2024-06-16
H001040,C004670,P018,37566.26,2025-09-18
H001041,C004670,P022,30298.7,2025-03-13
H001042,C004670,P014,24338.58,2025-03-28
H001043,C003800,P023,38050.58,2025-06-12
H001044,C003013,P024,42651.07,2025-03-09
H001045,C001671,P002,14830.32,2024-10-24
H001046,C000941,P013,36468.93,2025-06-04
H001047,C003306,P015,91315.9,2025-02-27
H001048,C003306,P024,33990.33,2025-10-31
H001049,C007174,P007,50000.0,2024-06-25
H001050,C005492,P026,15595.62,2024-07-16
H001051,C002777,P007,50000.0,2025-06-25
H001052,C000577,P029,19648.82,2025-08-28
H001053,C003419,P002,11919.68,2024-10-30
H001054,C003419,P015,50000.0,2025-02-07
H001055,C003419,P012,52102.7,2025-09-14
H001056,C001742,P001,50000.0,2025-09-06
H001057,C001742,P021,100000.0,2025-01-06
H001058,C001670,P002,17912.65,2025-07-07
H001059,C001670,P004,31890.01,2025-03-13
H001060,C001670,P003,50000.0,2025-07-18
H001061,C005357,P030,27135.98,2024-12-15
H001062,C002923,P005,100000.0,2025-07-27
H001063,C002923,P021,100000.0,2025-11-20
H001064,C002923,P015,50000.0,2025-09-23
H001065,C005047,P026,57513.43,2025-09-03
H001066,C005047,P015,50000.0,2025-06-11
H001067,C000178,P020,32794.47,2025-06-14
H001068,C000178,P001,50000.0,2024-08-06
H001069,C000178,P024,36596.31,2024-09-20
H001070,C000178,P014,34053.61,2025-05-17
H001071,C007221,P017,25262.45,2025-07-03
H001072,C001818,P002,27220.59,2025-05-28
H001073,C006621,P006,50000.0,2024-08-08
H001074,C006621,P010,50000.0,2025-05-08
H001075,C001729,P014,42611.86,2025-02-15
H001076,C001729,P012,34380.38,2025-08-23
H001077,C005924,P016,100000.0,2025-03-21
H001078,C005547,P012,184836.23,2025-09-06
H001079,C005547,P014,98648.7,2025-03-14
H001080,C003935,P022,28461.31,2024-08-04
H001081,C003935,P029,109047.21,2024-11-26
H001082,C000329,P006,50000.0,2024-07-16
H001083,C000329,P010,62296.59,2025-01-17
H001084,C000329,P008,53152.59,2025-09-20
H001085,C000329,P028,100000.0,2025-01-09
H001086,C002555,P009,50000.0,2025-04-01
H001087,C002555,P022,175616.46,2026-01-03
H001088,C002125,P004,37328.28,2025-12-15
H001089,C005783,P007,50000.0,2024-08-18
H001090,C006386,P012,19761.47,2025-10-18
H001091,C006386,P019,97082.54,2024-10-30
H001092,C007342,P022,27472.66,2025-04-25
H001093,C002893,P020,18432.72,2026-01-19
H001094,C006063,P003,50000.0,2025-04-13
H001095,C006063,P017,44397.21,2024-07-29
H001096,C006063,P010,50000.0,2025-06-15
H001097,C004418,P017,26911.53,2024-10-14
H001098,C003258,P006,84883.44,2025-08-05
H001099,C005665,P007,52571.94,2025-12-13
H001100,C004002,P027,100000.0,2025-09-29
H001101,C004002,P029,10000.0,2025-12-12
H001102,C004002,P024,5682.14,2024-12-15
H001103,C007163,P015,50215.83,2025-08-29
H001104,C001298,P002,48507.74,2024-08-19
H001105,C001298,P017,27062.63,2025-04-18
H001106,C001298,P020,20882.82,2025-12-16
H001107,C001298,P018,10000.0,2024-06-10
H001108,C004533,P009,50000.0,2025-01-30
H001109,C004533,P023,32118.13,2025-10-15
H001110,C004519,P023,16630.2,2025-11-21
H001111,C005191,P004,28805.49,2025-09-25
H001112,C006660,P026,18761.39,2024-12-04
H001113,C007790,P006,50000.0,2025-04-05
H001114,C007790,P030,27753.52,2025-09-15
H001115,C007642,P021,102168.63,2025-07-06
H001116,C007642,P025,16755.25,2025-05-25
H001117,C000182,P005,100000.0,2024-11-08
H001118,C000182,P015,72756.22,2025-03-21
H001119,C000182,P014,27398.67,2024-11-11
H001120,C004297,P012,17086.35,2025-06-02
H001121,C004297,P015,50000.0,2025-04-04
H001122,C004297,P028,100000.0,2024-09-14
H001123,C004297,P022,14204.57,2024-06-03
H001124,C004536,P024,13873.82,2024-09-26
H001125,C004536,P004,84742.47,2024-12-09
H001126,C004536,P014,19594.87,2025-01-05
H001127,C004536,P002,65438.86,2025-10-23
H001128,C007443,P028,100000.0,2024-07-29
H001129,C001296,P020,10000.0,2024-08-11
H001130,C004961,P017,8924.16,2024-11-30
H001131,C005827,P007,60907.65,2025-08-18
H001132,C005827,P026,5790.68,2025-04-14
H001133,C005827,P023,17862.83,2025-09-16
H001134,C005827,P030,57326.11,2025-09-16
H001135,C000743,P024,21538.79,2024-11-20
H001136,C002209,P004,24094.03,2024-12-25
H001137,C006790,P004,57776.22,2025-02-19
H001138,C001184,P028,100000.0,2025-09-18
H001139,C001184,P016,100000.0,2024-11-01
H001140,C001184,P001,50000.0,2025-02-28
H001141,C001184,P002,58153.17,2025-09-13
H001142,C007988,P029,31554.78,2024-12-27
H001143,C007988,P010,50000.0,2025-09-16
H001144,C007988,P008,20490.27,2025-06-20
H001145,C003397,P026,15511.95,2024-11-17
H001146,C003397,P028,100000.0,2025-10-18
H001147,C003397,P016,100000.0,2025-04-29
H001148,C003397,P005,100000.0,2025-12-08
H001149,C003124,P011,82460.3,2025-06-07
H001150,C000042,P020,20951.2,2025-05-08
H001151,C000042,P012,34120.51,2025-07-26
H001152,C006426,P003,50000.0,2025-12-28
H001153,C004367,P022,93163.72,2025-11-18
H001154,C004367,P001,50000.0,2025-12-05
H001155,C003911,P026,15069.92,2025-01-27
H001156,C006858,P002,32577.53,2024-12-14
H001157,C000218,P024,34950.76,2024-09-30
H001158,C000186,P002,17610.55,2025-10-03
H001159,C003140,P025,34366.04,2025-02-27
H001160,C005465,P005,100000.0,2025-09-19
H001161,C005465,P025,2498.87,2025-07-08
H001162,C003568,P006,50000.0,2025-12-22
H001163,C003568,P025,36793.35,2025-04-14
H001164,C003568,P001,93013.88,2024-07-02
H001165,C006986,P015,129157.72,2025-09-17
H001166,C006986,P010,50000.0,2024-12-11
H001167,C004439,P028,100000.0,2025-06-09
H001168,C000713,P002,48443.29,2025-10-14
H001169,C000713,P008,10000.0,2025-08-13
H001170,C001415,P018,30511.52,2025-02-03
H001171,C002803,P023,116966.82,2025-06-25
H001172,C000088,P026,37359.18,2025-08-05
H001173,C005881,P006,60354.32,2025-09-28
H001174,C006563,P026,32627.28,2025-07-04
H001175,C006563,P013,167754.24,2025-07-20
H001176,C007018,P012,36839.49,2025-09-09
H001177,C007018,P019,33556.94,2025-09-28
H001178,C006607,P020,14469.82,2025-05-27
H001179,C001028,P010,87716.29,2026-01-10
H001180,C002551,P022,24000.16,2024-06-22
H001181,C002113,P014,79691.97,2025-12-06
H001182,C002113,P019,39367.53,2024-08-14
H001183,C000258,P007,50000.0,2025-11-07
H001184,C007793,P010,50000.0,2025-12-07
H001185,C003247,P007,50000.0,2024-10-17
H001186,C007687,P027,100000.0,2025-10-12
H001187,C007687,P002,36618.32,2025-10-29
H001188,C004672,P014,93047.21,2025-04-21
H001189,C004672,P028,100000.0,2025-08-29
H001190,C004672,P023,49940.72,2025-10-24
H001191,C003783,P006,113602.23,2025-01-12
H001192,C000707,P022,29534.15,2024-08-21
H001193,C001657,P015,50000.0,2025-03-15
H001194,C004846,P011,35722.47,2024-10-01
H001195,C004846,P001,50000.0,2025-02-14
H001196,C005868,P016,100000.0,2025-07-21
H001197,C003476,P023,55106.73,2025-06-25
H001198,C000544,P024,139267.86,2024-12-25
H001199,C002352,P029,95067.09,2025-02-09
H001200,C002796,P004,104700.15,2024-08-05
H001201,C002796,P012,28473.99,2025-06-15
H001202,C004696,P018,17526.54,2024-10-18
H001203,C004696,P011,10000.0,2024-08-05
H001204,C004696,P003,50000.0,2025-12-03
H001205,C005445,P004,19469.0,2024-07-01
H001206,C007040,P025,94065.4,2025-06-30
H001207,C002288,P017,23309.58,2025-04-06
H001208,C002288,P018,57779.51,2025-09-07
H001209,C002288,P021,100000.0,2024-08-26
H001210,C001054,P021,100000.0,2025-04-03
H001211,C001054,P028,100000.0,2025-01-31
H001212,C001054,P022,106319.76,2024-08-28
H001213,C005563,P023,30730.4,2025-01-08
H001214,C005563,P021,101383.5,2025-09-12
H001215,C005563,P025,70361.2,2025-10-01
H001216,C006054,P028,100000.0,2025-04-30
H001217,C000382,P018,32872.37,2025-07-25
H001218,C000382,P020,24549.73,2025-12-01
H001219,C000382,P025,14958.89,2025-05-31
H001220,C000382,P003,50000.0,2025-05-07
H001221,C000057,P026,19507.99,2024-10-17
H001222,C000057,P002,36758.78,2025-06-10
H001223,C000070,P004,57698.88,2025-06-29
H001224,C000070,P009,50847.1,2025-11-06
H001225,C000070,P012,36624.73,2025-07-13
H001226,C000070,P004,46451.99,2025-10-04
H001227,C003208,P017,44602.09,2025-12-07
H001228,C002752,P011,33863.44,2024-07-25
H001229,C001430,P029,109260.85,2025-11-08
H001230,C001546,P008,51336.06,2025-06-20
H001231,C001128,P018,10000.0,2024-07-23
H001232,C001128,P024,78610.93,2025-01-05
H001233,C003321,P006,50000.0,2025-07-10
H001234,C003321,P030,37420.84,2025-03-05
H001235,C003321,P022,49810.24,2025-04-17
H001236,C006612,P007,93639.35,2024-09-20
H001237,C002488,P026,11777.44,2025-10-21
H001238,C007783,P011,37321.58,2025-10-05
H001239,C007783,P015,97373.67,2025-07-14
H001240,C007783,P020,28102.85,2024-08-01
H001241,C003008,P019,38735.5,2025-06-15
H001242,C000446,P017,16475.5,2025-02-13
H001243,C007565,P002,93437.86,2025-01-04
H001244,C006512,P015,82552.71,2026-01-18
H001245,C006512,P021,100000.0,2025-12-13
H001246,C004882,P004,22316.19,2025-10-09
H001247,C000801,P017,52324.43,2025-12-08
H001248,C003559,P025,90954.94,2025-04-09
H001249,C003207,P014,27665.06,2025-07-26
H001250,C003207,P026,29777.92,2025-07-17
H001251,C006665,P017,21486.59,2025-04-15
H001252,C007588,P013,10000.0,2025-10-03
H001253,C007588,P012,13734.45,2025-11-07
H001254,C002346,P005,100000.0,2025-07-19
H001255,C002346,P023,53453.43,2025-04-12
H001256,C002346,P025,27135.18,2025-03-05
H001257,C002346,P002,76606.95,2025-12-25
H001258,C007399,P008,98792.41,2025-09-24
H001259,C007399,P015,50000.0,2025-04-22
H001260,C007399,P021,100000.0,2025-12-22
H001261,C006475,P022,20270.2,2025-04-06
H001262,C006475,P004,21558.87,2025-08-24
H001263,C006475,P023,66801.83,2025-05-16
H001264,C000020,P029,66176.16,2025-05-19
H001265,C007384,P016,100000.0,2025-03-16
H001266,C005334,P009,50000.0,2025-02-26
H001267,C005334,P013,32235.13,2025-09-04
H001268,C005334,P008,10196.47,2025-10-01
H001269,C006533,P008,67133.19,2025-05-09
H001270,C001512,P007,50000.0,2025-01-14
H001271,C001512,P007,50000.0,2025-03-02
H001272,C000829,P002,35828.07,2024-08-24
H001273,C007432,P004,30964.43,2025-03-20
H001274,C007432,P001,58828.54,2025-05-19
H001275,C007432,P013,71621.26,2025-09-15
H001276,C007154,P025,43718.29,2025-02-16
H001277,C004673,P030,19051.95,2025-02-27
H001278,C006537,P018,32624.89,2024-06-06
H001279,C000477,P019,11388.48,2025-03-30
H001280,C005669,P015,50000.0,2025-07-31
H001281,C006574,P018,14041.29,2024-10-02
H001282,C002677,P020,73081.76,2025-02-28
H001283,C002677,P022,13941.1,2024-07-19
H001284,C000469,P008,34226.09,2025-12-01
H001285,C000469,P012,75931.46,2025-09-27
H001286,C007417,P002,43488.78,2025-03-29
H001287,C007417,P030,64025.83,2024-12-27
H001288,C007417,P022,20420.23,2025-09-22
H001289,C000309,P014,11501.04,2025-12-15
H001290,C002926,P026,15965.64,2026-01-08
H001291,C001651,P014,32174.0,2025-07-22
H001292,C004086,P003,70811.78,2025-10-13
H001293,C004086,P016,100000.0,2024-11-13
H001294,C004086,P015,59013.55,2025-04-03
H001295,C005326,P001,50000.0,2024-08-27
H001296,C005326,P010,56719.1,2025-09-22
H001297,C005429,P023,32586.09,2025-07-21
H001298,C001967,P029,23865.14,2024-12-31
H001299,C001967,P025,52761.8,2025-11-16
H001300,C001967,P020,21404.91,2025-07-18
H001301,C005846,P025,18201.14,2025-12-02
H001302,C005775,P013,113179.0,2025-07-13
H001303,C005775,P022,10000.0,2025-07-03
H001304,C005775,P007,50000.0,2024-12-18
H001305,C007283,P019,60123.36,2025-12-25
H001306,C006045,P009,94720.34,2024-09-04
H001307,C004627,P018,14163.07,2025-06-01
H001308,C004627,P011,43326.75,2025-11-14
H001309,C000081,P013,21395.78,2025-09-09
H001310,C002133,P002,54887.72,2024-09-30
H001311,C002133,P028,100000.0,2025-06-07
H001312,C002133,P005,100000.0,2026-01-17
H001313,C002133,P019,28457.97,2024-11-24
H001314,C000642,P030,15422.93,2024-07-15
H001315,C000642,P004,82798.5,2024-11-28
H001316,C000642,P023,32693.07,2025-01-13
H001317,C002895,P022,21475.29,2024-08-24
H001318,C002437,P012,11354.76,2025-06-22
H001319,C003890,P018,21248.37,2025-11-10
H001320,C003667,P008,63508.21,2025-11-26
H001321,C003667,P023,54295.63,2025-02-19
H001322,C003667,P026,38690.58,2025-01-06
H001323,C001510,P020,11667.84,2025-01-10
H001324,C007727,P013,40623.96,2025-09-12
H001325,C007727,P009,50000.0,2026-01-14
H001326,C007727,P019,35727.7,2025-03-03
H001327,C001169,P014,26012.37,2025-04-06
H001328,C004199,P010,50000.0,2024-12-15
H001329,C001406,P030,26543.24,2024-07-20
H001330,C001406,P005,100000.0,2024-09-17
H001331,C001406,P007,51214.55,2024-07-14
H001332,C001406,P019,41731.17,2025-04-28
H001333,C004732,P029,25667.31,2025-11-01
H001334,C002222,P008,13019.51,2025-04-22
H001335,C002974,P028,100000.0,2024-06-15
H001336,C002974,P007,50000.0,2024-06-25
H001337,C006023,P021,100000.0,2025-10-25
H001338,C006023,P012,32846.95,2025-05-30
H001339,C006023,P008,42845.13,2025-05-10
H001340,C004928,P025,42026.33,2025-10-19
H001341,C006684,P019,48908.99,2024-07-22
H001342,C005153,P014,38374.58,2024-11-03
H001343,C000119,P004,158437.57,2025-04-17
H001344,C003146,P028,100000.0,2025-08-08
H001345,C003146,P001,71022.28,2025-04-28
H001346,C003026,P020,71051.81,2025-09-02
H001347,C003026,P010,50000.0,2024-12-17
H001348,C004669,P018,11751.4,2025-02-24
H001349,C004669,P025,57453.01,2025-06-28
H001350,C005934,P027,100000.0,2025-06-18
H001351,C005934,P005,100000.0,2025-08-06
H001352,C004621,P026,68264.05,2024-11-12
H001353,C004621,P002,138680.28,2025-03-03
H001354,C004111,P022,30520.71,2024-09-03
H001355,C004111,P009,53447.23,2024-06-11
H001356,C004111,P013,11394.82,2025-08-15
H001357,C004936,P012,56551.92,2025-08-27
H001358,C004268,P023,8578.92,2025-05-08
H001359,C004527,P005,188308.66,2024-10-25
H001360,C004527,P024,12798.06,2025-02-22
H001361,C004527,P007,117563.66,2025-01-27
H001362,C003785,P006,71125.32,2024-09-22
H001363,C003785,P014,35032.78,2025-08-07
H001364,C007829,P020,10947.09,2024-06-26
H001365,C007829,P019,17715.27,2024-09-21
H001366,C007688,P020,67844.98,2025-11-07
H001367,C007688,P007,50000.0,2025-06-28
H001368,C007688,P030,11003.38,2025-02-28
H001369,C007688,P022,17933.3,2025-10-16
H001370,C001730,P015,50000.0,2025-03-15
H001371,C001730,P029,36147.86,2025-08-12
H001372,C002665,P020,35590.41,2026-01-02
H001373,C002099,P015,50208.07,2025-12-18
H001374,C002099,P008,16852.76,2025-09-04
H001375,C002885,P005,100000.0,2026-01-20
H001376,C002885,P009,50000.0,2025-01-31
H001377,C002885,P026,24995.64,2024-09-23
H001378,C002885,P026,8826.51,2025-09-15
H001379,C002992,P006,50000.0,2024-11-11
H001380,C002992,P011,64358.74,2024-06-17
H001381,C002992,P012,32792.61,2025-05-30
H001382,C006315,P026,65467.82,2024-11-11
H001383,C006315,P020,27598.92,2025-05-23
H001384,C006315,P001,50000.0,2025-03-11
H001385,C007599,P001,50000.0,2025-03-25
H001386,C002573,P004,37939.15,2025-03-12
H001387,C001058,P015,50000.0,2025-04-19
H001388,C003806,P018,45780.4,2024-09-12
H001389,C005834,P028,100000.0,2024-06-21
H001390,C005635,P008,35886.91,2025-02-22
H001391,C005635,P013,11779.41,2025-10-09
H001392,C005635,P015,66505.01,2025-08-23
H001393,C006246,P006,74705.16,2025-06-22
H001394,C006246,P003,50000.0,2025-11-23
H001395,C007900,P003,50000.0,2025-05-31
H001396,C003313,P005,100000.0,2025-07-13
H001397,C002472,P025,163081.01,2025-04-29
H001398,C005081,P024,24169.01,2025-01-02
H001399,C005081,P024,18970.3,2025-01-31
H001400,C005081,P025,49586.3,2026-01-01
H001401,C003986,P016,104821.71,2024-06-21
H001402,C007987,P027,132746.86,2025-12-28
H001403,C007987,P012,26556.32,2026-01-07
H001404,C006401,P030,25183.07,2025-05-08
H001405,C007480,P019,30477.35,2025-05-27
H001406,C007480,P004,17466.31,2024-11-24
H001407,C007480,P026,4189.69,2025-04-07
H001408,C000774,P019,70051.96,2024-06-09
H001409,C000774,P005,100000.0,2025-12-26
H001410,C000774,P019,10212.86,2025-08-11
H001411,C007993,P011,23779.5,2024-09-03
H001412,C007249,P030,26523.61,2025-09-20
H001413,C003902,P009,50000.0,2024-06-12
H001414,C003902,P020,37273.4,2025-06-30
H001415,C003902,P009,58438.31,2025-01-04
H001416,C000051,P010,88427.11,2025-02-07
H001417,C000051,P009,74865.81,2025-07-25
H001418,C005500,P016,101306.52,2025-02-12
H001419,C000734,P012,10000.0,2025-12-04
H001420,C000246,P026,28194.64,2024-11-24
H001421,C005851,P002,29290.0,2025-05-27
H001422,C000018,P004,10526.1,2025-09-07
H001423,C000018,P021,100000.0,2025-01-24
H001424,C000018,P002,13028.9,2025-07-23
H001425,C000018,P030,7593.39,2024-08-18
H001426,C002183,P024,10972.16,2025-10-26
H001427,C005931,P008,20791.23,2025-07-05
H001428,C003928,P021,100000.0,2025-01-13
H001429,C003928,P026,28930.51,2024-12-09
H001430,C003928,P029,35214.16,2025-07-04
H001431,C007809,P013,20100.35,2025-07-06
H001432,C006217,P018,22810.88,2025-01-28
H001433,C004271,P005,100000.0,2024-08-26
H001434,C004271,P013,14220.35,2025-11-17
H001435,C004271,P012,39049.54,2025-09-12
H001436,C004271,P005,100000.0,2024-09-30
H001437,C004609,P007,50000.0,2025-06-22
H001438,C002940,P023,116978.52,2025-01-31
H001439,C002940,P015,50000.0,2025-08-08
H001440,C002940,P007,61250.42,2024-08-07
H001441,C002940,P003,112377.44,2025-10-22
H001442,C004337,P025,29372.27,2025-12-24
H001443,C003659,P002,13858.39,2025-04-21
H001444,C001374,P021,100000.0,2024-08-04
H001445,C001374,P010,50000.0,2025-05-22
H001446,C001374,P006,50000.0,2025-01-18
H001447,C001374,P009,50000.0,2025-03-05
H001448,C001088,P006,50000.0,2024-08-06
H001449,C001088,P020,67240.02,2024-12-10
H001450,C001088,P020,61838.74,2024-07-03
H001451,C001088,P012,28997.37,2025-07-18
H001452,C000322,P026,22181.09,2025-05-14
H001453,C000322,P020,63666.54,2024-06-06
H001454,C002128,P018,47596.14,2025-06-24
H001455,C002128,P013,46785.62,2026-01-16
H001456,C002128,P023,11303.68,2025-04-02
H001457,C004661,P020,12472.76,2024-07-27
H001458,C004661,P003,50000.0,2025-05-16
H001459,C004661,P021,100000.0,2024-06-07
H001460,C001488,P016,100000.0,2025-12-31
H001461,C004369,P016,100000.0,2025-04-12
H001462,C004872,P007,50000.0,2024-07-26
H001463,C004872,P023,9774.7,2025-05-24
H001464,C005096,P023,26428.66,2025-07-29
H001465,C006826,P002,34397.15,2025-01-05
H001466,C007874,P017,142285.47,2024-11-28
H001467,C007874,P029,42366.4,2025-02-22
H001468,C007874,P004,8547.66,2026-01-01
H001469,C007136,P014,11650.86,2025-03-06
H001470,C007136,P018,39642.36,2024-08-10
H001471,C006038,P021,100000.0,2025-02-03
H001472,C006038,P014,27694.62,2025-08-31
H001473,C006038,P001,50000.0,2025-05-31
H001474,C006072,P023,88326.83,2025-05-29
H001475,C001666,P011,50944.76,2025-06-21
H001476,C004520,P025,8585.4,2025-03-09
H001477,C001794,P017,40468.86,2025-10-12
H001478,C005474,P009,50000.0,2024-10-05
H001479,C005474,P025,8374.43,2025-01-30
H001480,C004032,P006,50000.0,2025-09-14
H001481,C004032,P008,10846.33,2025-03-12
H001482,C004317,P026,30682.1,2024-06-23
H001483,C004317,P029,10000.0,2025-02-02
H001484,C004317,P001,61174.09,2025-05-01
H001485,C006373,P009,50558.57,2026-01-11
H001486,C005650,P023,80449.83,2025-06-12
H001487,C005650,P019,1707.1,2025-05-16
H001488,C002182,P003,50000.0,2026-01-02
H001489,C005787,P024,33348.97,2025-09-18
H001490,C004797,P030,4993.45,2026-01-15
H001491,C004797,P011,25094.66,2025-06-09
H001492,C004797,P026,38763.54,2025-12-12
H001493,C004450,P006,50000.0,2024-07-01
H001494,C005822,P008,42601.93,2025-03-21
H001495,C002523,P030,23955.01,2025-11-24
H001496,C002523,P023,7016.49,2025-06-17
H001497,C005138,P002,9291.67,2025-09-22
H001498,C004025,P018,11503.74,2024-09-14
H001499,C001173,P002,41478.49,2025-02-10
H001500,C006419,P030,8918.24,2024-08-08
H001501,C006419,P014,17912.38,2025-05-27
H001502,C003459,P029,25071.21,2025-09-11
H001503,C003459,P020,23665.57,2025-10-11
H001504,C003459,P026,29868.29,2025-03-02
H001505,C006671,P027,100000.0,2025-02-06
H001506,C006671,P014,49746.38,2024-11-07
H001507,C006671,P011,41750.3,2024-10-19
H001508,C006671,P026,12841.78,2025-01-13
H001509,C002938,P029,46322.37,2024-12-18
H001510,C002938,P030,42698.89,2025-03-22
H001511,C000436,P015,58928.32,2025-06-21
H001512,C000436,P021,100000.0,2025-07-08
H001513,C000436,P030,58954.41,2024-12-19
H001514,C003514,P012,22124.97,2025-12-23
H001515,C003514,P025,18080.71,2025-04-07
H001516,C001490,P008,10000.0,2025-07-06
H001517,C003471,P025,30772.22,2025-03-26
H001518,C003471,P006,130723.68,2024-06-02
H001519,C003471,P024,48632.24,2025-10-14
H001520,C005663,P020,110468.51,2025-06-05
H001521,C005663,P012,20832.5,2025-05-14
H001522,C001558,P026,9391.35,2024-08-13
H001523,C001558,P029,29734.74,2025-07-26
H001524,C000995,P029,62326.81,2025-06-11
H001525,C000859,P025,27244.96,2025-06-10
H001526,C002759,P003,50000.0,2025-08-24
H001527,C002759,P012,39623.36,2025-06-28
H001528,C001534,P022,121757.33,2024-06-17
H001529,C004018,P010,50000.0,2025-03-14
H001530,C004018,P004,52620.5,2024-06-27
H001531,C004018,P029,31959.35,2025-02-21
H001532,C004018,P011,39627.04,2024-11-18
H001533,C003232,P009,59492.93,2025-07-01
H001534,C003232,P001,74866.42,2026-01-18
H001535,C003232,P004,88972.79,2025-08-15
H001536,C003232,P018,128739.94,2024-07-23
H001537,C005104,P026,47032.87,2025-07-28
H001538,C006762,P011,136615.21,2024-11-18
H001539,C005495,P017,77007.88,2024-11-04
H001540,C005495,P014,22131.84,2024-11-19
H001541,C007504,P022,48155.8,2025-10-29
H001542,C007504,P013,54833.37,2025-12-02
H001543,C007504,P014,54580.44,2025-04-07
H001544,C007504,P020,44080.11,2025-02-04
H001545,C003438,P014,24445.0,2024-12-05
H001546,C003438,P030,7624.51,2025-12-16
H001547,C000487,P023,9437.48,2025-07-19
H001548,C000487,P022,52305.21,2026-01-18
H001549,C003096,P006,77844.4,2025-12-24
H001550,C003096,P028,100000.0,2025-09-16
H001551,C003096,P012,132497.0,2026-01-18
H001552,C000200,P004,17709.63,2025-03-20
H001553,C006276,P003,80821.39,2025-10-24
H001554,C006276,P013,57969.79,2025-10-26
H001555,C006276,P014,11993.72,2026-01-18
H001556,C002058,P029,10000.0,2026-01-14
H001557,C002058,P020,29383.69,2025-06-12
H001558,C002058,P013,26364.68,2025-07-14
H001559,C005636,P018,30315.17,2025-01-08
H001560,C005636,P024,9489.3,2025-06-28
H001561,C007817,P011,19187.28,2024-12-27
H001562,C007817,P007,50000.0,2025-04-21
H001563,C002459,P028,100000.0,2025-11-15
H001564,C002459,P023,8506.48,2025-01-06
H001565,C000983,P022,29577.56,2025-02-14
H001566,C000983,P027,100000.0,2025-03-18
H001567,C000983,P001,50000.0,2025-04-10
H001568,C007665,P018,41652.76,2025-07-13
H001569,C003435,P018,33971.12,2025-02-05
H001570,C003435,P019,21626.0,2025-12-16
H001571,C007561,P022,21705.85,2025-10-15
H001572,C002593,P010,77044.85,2025-12-17
H001573,C005472,P010,62242.29,2025-12-09
H001574,C005472,P019,55300.71,2024-09-08
H001575,C005472,P019,46615.07,2025-01-12
H001576,C005163,P012,87166.99,2025-11-13
H001577,C004356,P011,24997.95,2025-06-05
H001578,C004356,P019,46005.37,2024-09-21
H001579,C004356,P013,36103.64,2025-09-21
H001580,C005082,P013,43563.92,2025-11-28
H001581,C005082,P014,13243.18,2025-03-02
H001582,C005082,P003,61328.63,2025-10-15
H001583,C006536,P023,77577.58,2025-08-24
H001584,C006536,P019,15547.53,2025-11-27
H001585,C006429,P008,24979.95,2025-05-07
H001586,C002227,P008,26275.23,2025-02-17
H001587,C004081,P028,100000.0,2025-01-14
H001588,C004081,P028,323358.74,2025-06-17
H001589,C004978,P011,128121.07,2025-09-17
H001590,C004978,P011,63444.77,2025-09-06
H001591,C001502,P006,50000.0,2024-10-28
H001592,C001502,P013,23422.03,2025-08-13
H001593,C000712,P024,34843.76,2024-11-25
H001594,C000355,P029,63107.64,2025-01-26
H001595,C000355,P025,42377.18,2025-02-06
H001596,C002797,P023,12175.4,2025-02-24
H001597,C004060,P018,10000.0,2025-03-07
H001598,C004060,P007,50000.0,2025-02-28
H001599,C000049,P015,50000.0,2025-07-09
H001600,C000049,P008,46110.78,2025-10-29
H001601,C000049,P009,92292.3,2024-11-04
H001602,C003033,P013,57408.72,2025-12-20
H001603,C000643,P023,49467.69,2025-02-24
H001604,C004127,P020,21388.61,2025-06-08
H001605,C006799,P027,186639.99,2025-08-28
H001606,C000177,P017,80816.28,2024-08-23
H001607,C001872,P004,25459.54,2024-12-20
H001608,C001872,P022,53146.39,2025-05-23
H001609,C001872,P011,87330.57,2025-08-05
H001610,C002317,P023,144158.82,2025-04-08
H001611,C000787,P003,50000.0,2025-05-18
H001612,C004794,P025,19539.37,2025-03-05
H001613,C003255,P022,38817.16,2025-03-28
H001614,C003255,P025,36843.77,2025-04-21
H001615,C003255,P010,50000.0,2025-02-11
H001616,C007489,P024,85310.97,2025-11-22
H001617,C007489,P014,74260.65,2025-03-06
H001618,C001804,P023,108722.2,2026-01-01
H001619,C004217,P012,27104.97,2025-08-03
H001620,C004217,P013,44237.12,2025-07-07
H001621,C000933,P030,18605.65,2025-04-05
H001622,C000092,P026,28842.77,2026-01-13
H001623,C001303,P004,10788.93,2024-11-20
H001624,C001401,P029,28916.55,2025-02-13
H001625,C001401,P029,10000.0,2025-02-10
H001626,C001401,P024,159807.5,2025-11-16
H001627,C005863,P025,17021.23,2025-07-28
H001628,C005863,P026,31545.48,2024-10-17
H001629,C007682,P014,42267.96,2025-03-24
H001630,C005839,P007,50000.0,2024-08-30
H001631,C005839,P025,9223.02,2025-10-17
H001632,C000531,P005,100000.0,2025-10-11
H001633,C000531,P014,11419.71,2025-10-31
H001634,C003572,P006,50000.0,2025-09-28
H001635,C006553,P002,91010.5,2024-07-12
H001636,C006553,P009,87447.1,2024-11-12
H001637,C004954,P008,58220.41,2025-11-15
H001638,C004954,P001,50000.0,2024-10-18
H001639,C001941,P029,164671.44,2026-01-15
H001640,C001941,P015,50000.0,2025-01-27
H001641,C003200,P023,11419.1,2025-12-20
H001642,C005412,P020,24607.83,2025-04-04
H001643,C003993,P009,50000.0,2024-12-15
H001644,C000107,P014,35083.94,2025-09-02
H001645,C005687,P028,100000.0,2025-11-30
H001646,C005687,P005,100000.0,2025-10-31
H001647,C003593,P006,50000.0,2025-06-23
H001648,C003593,P011,63953.71,2024-09-18
H001649,C002919,P005,100000.0,2025-10-10
H001650,C002919,P028,100000.0,2025-04-07
H001651,C002919,P013,14767.73,2025-09-02
H001652,C005754,P022,47812.9,2026-01-13
H001653,C003405,P014,32873.65,2025-01-12
H001654,C003405,P022,25389.97,2025-04-17
H001655,C000132,P027,100000.0,2025-06-21
H001656,C000132,P010,50000.0,2025-06-15
H001657,C000132,P012,91715.16,2025-11-12
H001658,C000132,P027,100000.0,2025-12-14
H001659,C006142,P024,24028.71,2025-07-06
H001660,C001727,P002,31731.65,2025-06-17
H001661,C007300,P018,33864.2,2024-10-24
H001662,C006271,P021,100000.0,2025-08-18
H001663,C006271,P030,58318.55,2024-06-17
H001664,C004490,P008,39094.08,2025-02-15
H001665,C004490,P024,90265.9,2025-08-11
H001666,C003127,P008,144578.77,2025-06-23
H001667,C003127,P014,16354.89,2025-01-10
H001668,C005186,P012,43850.85,2026-01-12
H001669,C007222,P029,93098.73,2025-02-22
H001670,C007222,P012,50741.78,2025-06-23
H001671,C002419,P004,18837.72,2025-12-07
H001672,C002419,P015,57632.66,2025-04-13
H001673,C001618,P030,49532.55,2025-06-12
H001674,C007464,P026,12679.9,2025-01-27
H001675,C007847,P029,10000.0,2025-09-12
H001676,C005232,P012,49242.46,2025-08-18
H001677,C005232,P019,35807.51,2024-12-15
H001678,C002723,P002,19261.86,2024-08-02
H001679,C000695,P010,50000.0,2025-07-14
H001680,C000695,P008,39178.89,2025-11-27
H001681,C000695,P006,50000.0,2025-09-16
H001682,C005963,P029,45993.89,2025-04-24
H001683,C005963,P029,22105.38,2025-01-12
H001684,C005963,P008,60932.36,2025-04-24
H001685,C005963,P002,48578.36,2025-02-21
H001686,C002489,P012,32819.07,2025-12-24
H001687,C002489,P015,50000.0,2025-06-03
H001688,C002489,P004,32993.77,2025-07-01
H001689,C002489,P027,100000.0,2025-03-17
H001690,C001104,P029,124956.95,2025-09-18
H001691,C001104,P025,47727.88,2025-03-21
H001692,C000168,P028,100000.0,2025-11-04
H001693,C000168,P015,59992.68,2025-09-10
H001694,C000168,P017,90160.84,2024-12-26
H001695,C000094,P013,13021.18,2025-12-08
H001696,C000094,P028,100000.0,2025-05-13
H001697,C000094,P010,50000.0,2025-07-11
H001698,C000094,P009,69574.1,2025-11-14
H001699,C000368,P021,100000.0,2025-10-17
H001700,C000368,P030,87404.83,2024-12-29
H001701,C003353,P020,24178.51,2025-04-07
H001702,C006688,P027,100000.0,2025-08-18
H001703,C006688,P029,24435.55,2025-09-18
H001704,C006466,P020,42833.65,2025-01-15
H001705,C007355,P029,10948.25,2025-12-14
H001706,C000836,P011,33761.39,2025-08-02
H001707,C005543,P004,45241.62,2024-09-21
H001708,C006166,P008,132152.17,2025-04-09
H001709,C006855,P003,50000.0,2025-04-18
H001710,C003334,P026,7210.58,2025-04-11
H001711,C005922,P015,50000.0,2025-06-07
H001712,C005922,P012,38471.66,2025-09-25
H001713,C006456,P017,24109.95,2024-11-03
H001714,C006456,P017,3101.61,2024-08-21
H001715,C004754,P030,17165.46,2025-12-16
H001716,C007050,P030,14097.76,2025-11-06
H001717,C007050,P010,50000.0,2025-05-24
H001718,C007050,P003,50000.0,2025-07-13
H001719,C005248,P019,18576.06,2025-09-18
H001720,C005248,P020,15887.38,2025-12-22
H001721,C007424,P026,18428.71,2024-12-18
H001722,C001881,P022,17273.23,2024-06-21
H001723,C005196,P004,6339.86,2025-04-08
H001724,C005196,P006,50000.0,2024-11-27
H001725,C005196,P010,50000.0,2025-12-25
H001726,C002707,P012,15257.79,2026-01-19
H001727,C002707,P003,50000.0,2025-06-25
H001728,C002707,P012,45880.94,2025-06-15
H001729,C005549,P014,94253.23,2025-12-03
H001730,C004657,P017,88844.61,2025-08-01
H001731,C002421,P012,12463.61,2025-06-02
H001732,C002421,P002,4986.78,2025-12-25
H001733,C005883,P010,50000.0,2024-12-24
H001734,C005883,P002,34952.24,2024-10-27
H001735,C005883,P025,26853.61,2025-05-05
H001736,C002620,P024,28246.2,2024-12-09
H001737,C002620,P016,100000.0,2025-03-02
H001738,C002620,P027,100000.0,2025-06-22
H001739,C004405,P003,96122.24,2025-08-22
H001740,C004405,P007,50000.0,2024-12-21
H001741,C004405,P002,52855.25,2025-01-06
H001742,C001916,P019,35821.86,2024-06-21
H001743,C006632,P024,30938.49,2024-10-03
H001744,C004451,P002,33519.57,2025-06-19
H001745,C005267,P024,95599.84,2025-10-12
H001746,C005267,P024,60849.85,2024-12-13
H001747,C005441,P021,180414.61,2025-09-11
H001748,C001731,P011,10000.0,2025-06-03
H001749,C001731,P030,12150.26,2025-09-15
H001750,C000512,P029,35908.92,2025-02-21
H001751,C000790,P001,50445.05,2024-09-09
H001752,C000790,P022,51476.98,2024-09-22
H001753,C000790,P025,23395.84,2025-04-12
H001754,C000790,P025,63375.64,2025-06-03
H001755,C006162,P018,109606.26,2025-05-25
H001756,C006162,P006,50000.0,2024-10-08
H001757,C006162,P010,50000.0,2025-04-18
H001758,C007768,P020,20105.69,2025-04-07
H001759,C007768,P030,55615.6,2025-10-25
H001760,C007982,P012,18885.6,2025-06-12
H001761,C001917,P003,50000.0,2025-11-24
H001762,C001644,P013,37292.11,2025-06-11
H001763,C007590,P023,70984.63,2025-07-20
H001764,C007590,P030,36451.8,2024-12-04
H001765,C007590,P017,28991.01,2025-01-28
H001766,C002949,P009,50000.0,2025-04-27
H001767,C002949,P017,10421.6,2025-01-19
H001768,C002949,P009,50000.0,2025-09-25
H001769,C004196,P019,22870.18,2024-08-10
H001770,C004196,P024,15012.42,2025-02-14
H001771,C006886,P022,36441.13,2025-07-30
H001772,C006886,P012,34760.81,2026-01-02
H001773,C006886,P022,35010.85,2025-05-05
H001774,C002765,P021,100000.0,2025-04-02
H001775,C002765,P023,21585.07,2025-06-03
H001776,C002765,P030,26222.41,2024-11-18
H001777,C006662,P025,9251.82,2025-12-15
H001778,C006662,P019,41089.69,2025-07-30
H001779,C002645,P012,31699.21,2025-12-27
H001780,C006060,P018,37420.39,2025-06-07
H001781,C001560,P023,13136.82,2025-03-05
H001782,C001560,P004,83508.55,2025-07-29
H001783,C005286,P013,10000.0,2025-07-30
H001784,C003246,P002,63974.38,2025-02-19
H001785,C004971,P026,25498.86,2025-09-04
H001786,C007051,P016,100000.0,2025-08-07
H001787,C007051,P007,50000.0,2025-01-01
H001788,C007051,P012,13354.92,2025-09-26
H001789,C007051,P030,65259.61,2025-02-06
H001790,C006004,P022,58835.88,2024-12-22
H001791,C005122,P011,21871.86,2025-08-15
H001792,C005122,P013,44121.97,2025-09-22
H001793,C003817,P002,29477.06,2025-11-25
H001794,C003817,P024,98243.44,2024-11-21
H001795,C005818,P025,48131.32,2025-03-11
H001796,C005818,P013,15979.5,2025-12-26
H001797,C005818,P003,50000.0,2025-06-26
H001798,C002693,P024,32286.68,2025-03-20
H001799,C006885,P025,231285.9,2025-06-21
H001800,C005817,P011,32779.55,2025-12-01
H001801,C005817,P020,16711.88,2025-10-12
H001802,C006772,P022,30150.39,2025-11-24
H001803,C006772,P028,100000.0,2025-11-22
H001804,C007811,P029,54502.73,2025-05-20
H001805,C006410,P001,50000.0,2025-10-16
H001806,C006410,P006,64401.51,2025-04-30
H001807,C001884,P002,37430.33,2025-06-29
H001808,C001884,P015,50000.0,2025-06-09
H001809,C000074,P017,26170.2,2025-11-18
H001810,C001260,P009,50000.0,2025-02-24
H001811,C001260,P016,100000.0,2024-11-08
H001812,C001336,P025,33437.75,2025-04-20
H001813,C001336,P021,371324.3,2024-08-11
H001814,C001336,P007,50000.0,2025-09-14
H001815,C001336,P029,46670.17,2025-03-14
H001816,C006345,P005,100000.0,2024-12-30
H001817,C006345,P017,20679.99,2024-08-26
H001818,C004499,P024,29869.47,2025-03-26
H001819,C002514,P002,158678.79,2025-10-06
H001820,C002514,P010,50000.0,2025-08-06
H001821,C002514,P024,21050.61,2025-10-29
H001822,C007351,P017,42148.28,2024-09-01
H001823,C003406,P023,28759.41,2025-10-07
H001824,C003406,P029,32909.84,2025-02-03
H001825,C003406,P024,13568.94,2024-09-21
H001826,C005618,P002,49665.58,2025-12-08
H001827,C005618,P007,50000.0,2024-12-10
H001828,C005618,P025,87572.1,2025-05-12
H001829,C005618,P028,100000.0,2025-02-24
H001830,C002499,P004,42273.46,2025-09-12
H001831,C002499,P016,100000.0,2024-08-30
H001832,C001624,P020,33516.5,2026-01-01
H001833,C001624,P007,50000.0,2025-07-15
H001834,C001624,P017,182655.34,2025-06-02
H001835,C002305,P005,100000.0,2024-11-15
H001836,C002305,P019,13569.66,2025-06-29
H001837,C002305,P026,28937.28,2025-09-24
H001838,C003551,P019,16848.44,2025-06-29
H001839,C003551,P026,32565.03,2025-03-26
H001840,C001418,P001,62575.08,2025-05-17
H001841,C001418,P015,50000.0,2025-07-31
H001842,C001418,P012,39224.79,2025-08-13
H001843,C000032,P025,19388.63,2025-06-16
H001844,C000032,P014,93536.78,2025-09-15
H001845,C000032,P001,50000.0,2025-04-23
H001846,C002944,P004,57548.07,2024-08-05
H001847,C003078,P016,100000.0,2025-06-07
H001848,C003078,P022,30426.98,2025-07-30
H001849,C003078,P010,65199.47,2025-01-14
H001850,C006324,P015,50000.0,2025-07-27
H001851,C006324,P011,57436.6,2024-11-13
H001852,C006324,P009,50000.0,2025-11-28
H001853,C000169,P009,57710.94,2025-01-19
H001854,C006100,P016,100000.0,2025-09-08
H001855,C006100,P022,28598.69,2025-03-05
H001856,C005611,P027,100000.0,2025-06-03
H001857,C007502,P014,35819.97,2025-02-14
H001858,C007502,P016,100000.0,2025-10-17
H001859,C007502,P019,62828.37,2024-09-03
H001860,C007502,P029,10000.0,2025-07-16
H001861,C001927,P003,50000.0,2025-07-18
H001862,C001927,P001,50000.0,2024-10-08
H001863,C001927,P025,24915.19,2025-12-21
H001864,C006554,P005,105381.98,2025-09-08
H001865,C006554,P006,50000.0,2024-07-15
H001866,C002496,P017,160412.39,2024-06-04
H001867,C002496,P012,20362.66,2025-06-07
H001868,C002496,P021,127623.14,2025-05-30
H001869,C005988,P021,100000.0,2025-05-17
H001870,C003296,P011,23332.19,2024-07-02
H001871,C003296,P024,23471.52,2025-07-15
H001872,C003296,P007,50000.0,2025-03-15
H001873,C001403,P009,171897.01,2025-11-22
H001874,C004324,P011,28286.21,2025-07-30
H001875,C004324,P026,59263.64,2025-11-11
H001876,C004711,P014,111362.78,2025-01-27
H001877,C001508,P020,21093.81,2025-02-06
H001878,C000027,P007,80751.29,2024-06-29
H001879,C004751,P008,13570.99,2025-05-18
H001880,C007175,P011,34829.27,2025-04-29
H001881,C002407,P008,52279.03,2025-07-16
H001882,C002407,P004,62052.65,2024-09-08
H001883,C002407,P007,50000.0,2025-10-21
H001884,C002070,P029,36024.9,2025-05-14
H001885,C003943,P011,21488.04,2024-07-21
H001886,C003943,P004,8006.57,2025-05-02
H001887,C002192,P026,21607.57,2025-08-07
H001888,C000501,P018,43221.34,2025-10-14
H001889,C006310,P019,46154.42,2025-11-14
H001890,C000438,P025,10231.19,2025-03-26
H001891,C000438,P001,50000.0,2024-07-15
H001892,C000438,P008,62166.52,2025-12-17
H001893,C004984,P026,26265.13,2025-09-21
H001894,C004984,P023,60265.73,2025-06-26
H001895,C001421,P004,22625.07,2025-05-02
H001896,C003858,P030,170855.34,2024-07-08
H001897,C001979,P019,18482.32,2025-05-12
H001898,C001979,P002,11439.11,2025-09-27
H001899,C005993,P017,36831.96,2024-09-04
H001900,C002524,P001,56130.18,2025-12-31
H001901,C002524,P011,30663.18,2024-06-23
H001902,C006211,P023,74277.97,2025-09-05
H001903,C006211,P015,50000.0,2025-04-03
H001904,C006211,P015,50000.0,2025-06-17
H001905,C006211,P014,11810.8,2025-08-11
H001906,C005717,P015,50000.0,2025-03-06
H001907,C005717,P009,50000.0,2024-07-08
H001908,C006265,P009,81167.29,2024-06-04
H001909,C003818,P014,13503.33,2025-01-27
H001910,C001181,P030,17061.01,2025-07-31
H001911,C001181,P013,69351.72,2025-11-01
H001912,C003356,P012,35401.48,2025-05-15
H001913,C002955,P005,100000.0,2024-07-04
H001914,C002955,P021,100000.0,2025-04-23
H001915,C002955,P023,66831.23,2025-08-03
H001916,C002955,P009,62752.17,2025-09-28
H001917,C005518,P003,50000.0,2025-08-30
H001918,C005518,P013,11459.43,2025-09-09
H001919,C007640,P028,186939.4,2024-12-23
H001920,C005888,P014,32602.19,2025-07-28
H001921,C005888,P003,50890.98,2025-05-21
H001922,C005888,P028,100000.0,2024-07-02
H001923,C005888,P022,17883.65,2024-08-07
H001924,C001759,P018,36151.92,2024-06-30
H001925,C000535,P006,50000.0,2024-07-09
H001926,C000535,P023,106775.12,2025-04-01
H001927,C003571,P017,16842.34,2026-01-03
H001928,C003571,P010,50000.0,2025-05-27
H001929,C003571,P001,50000.0,2025-12-13
H001930,C000586,P029,37988.61,2025-04-29
H001931,C006192,P022,10000.0,2024-07-28
H001932,C006192,P001,50000.0,2025-12-14
H001933,C006192,P003,93324.46,2025-05-26
H001934,C004553,P002,32749.85,2024-10-06
H001935,C004553,P025,115742.65,2025-11-30
H001936,C004553,P004,37262.32,2024-06-20
H001937,C004553,P029,11127.31,2025-04-19
H001938,C001204,P014,77260.06,2025-01-14
H001939,C001607,P008,35956.08,2025-03-31
H001940,C001607,P021,112727.04,2025-04-20
H001941,C006640,P028,100000.0,2026-01-06
H001942,C006640,P011,32677.81,2025-11-07
H001943,C006640,P006,84306.78,2025-10-30
H001944,C006640,P018,25537.41,2025-03-13
H001945,C003304,P011,106271.19,2024-08-03
H001946,C000492,P029,55354.1,2025-06-15
H001947,C000492,P028,100000.0,2025-03-01
H001948,C000492,P004,53280.89,2025-01-19
H001949,C000492,P022,10000.0,2025-11-14
H001950,C005181,P020,31997.06,2025-03-23
H001951,C005181,P028,105728.56,2024-10-21
H001952,C003525,P025,68531.39,2025-02-08
H001953,C003525,P019,19981.15,2024-06-22
H001954,C003461,P010,50000.0,2025-02-25
H001955,C006050,P022,21065.72,2025-03-04
H001956,C006050,P019,19313.86,2025-04-15
H001957,C006754,P026,36556.47,2025-05-04
H001958,C007519,P022,10973.62,2025-12-22
H001959,C005210,P007,85421.09,2024-07-08
H001960,C002095,P013,20560.03,2025-12-13
H001961,C002095,P015,50000.0,2025-03-20
H001962,C002095,P004,25543.76,2024-07-14
H001963,C002532,P023,39453.95,2025-12-09
H001964,C005479,P020,101591.91,2024-08-05
H001965,C005479,P005,100000.0,2024-06-16
H001966,C000398,P028,100000.0,2024-12-27
H001967,C000398,P022,24429.44,2025-04-13
H001968,C000398,P003,111560.32,2025-12-07
H001969,C000398,P004,63607.49,2024-11-03
H001970,C006056,P020,34540.39,2025-04-01
H001971,C001650,P006,51936.41,2024-08-22
H001972,C000402,P024,24155.67,2025-09-03
H001973,C007613,P017,21826.36,2024-06-24
H001974,C007613,P026,14889.42,2025-01-16
H001975,C007908,P026,9504.98,2025-02-20
H001976,C007696,P029,78182.75,2025-08-06
H001977,C007696,P027,100000.0,2026-01-09
H001978,C003545,P011,13673.54,2026-01-18
H001979,C003545,P010,50000.0,2025-06-26
H001980,C003545,P024,49577.69,2025-09-17
H001981,C005633,P025,113427.24,2025-09-13
H001982,C005633,P026,14808.24,2025-05-17
H001983,C005904,P009,53332.79,2025-09-17
H001984,C005935,P014,49615.21,2024-11-25
H001985,C004665,P008,10927.81,2025-07-04
H001986,C000574,P018,109177.88,2025-07-08
H001987,C002329,P007,50000.0,2026-01-17
H001988,C002329,P014,59408.9,2025-03-23
H001989,C002329,P012,11700.68,2025-09-22
H001990,C002956,P030,33240.19,2025-07-01
H001991,C002956,P028,100000.0,2025-02-05
H001992,C002956,P030,24575.17,2026-01-11
H001993,C002956,P022,16704.52,2025-08-22
H001994,C002405,P022,32386.17,2024-10-04
H001995,C007227,P021,100000.0,2025-08-31
H001996,C007227,P006,50000.0,2024-08-14
H001997,C000536,P004,26489.63,2025-11-05
H001998,C003575,P007,50000.0,2025-06-21
H001999,C007475,P027,100000.0,2025-06-04
H002000,C007475,P028,100000.0,2024-10-29
H002001,C003661,P001,50000.0,2024-07-27
H002002,C003661,P011,32995.06,2024-09-27
H002003,C003661,P019,46642.76,2025-02-13
H002004,C003384,P025,24407.58,2025-01-21
H002005,C005861,P020,22706.47,2025-09-23
H002006,C005861,P026,32532.55,2025-02-24
H002007,C005861,P010,50000.0,2025-05-21
H002008,C005861,P011,113513.95,2025-01-09
H002009,C000474,P025,23633.45,2025-02-17
H002010,C005552,P013,47870.37,2025-10-02
H002011,C005552,P007,50000.0,2026-01-03
H002012,C006049,P008,22273.44,2025-06-03
H002013,C006049,P023,19513.24,2025-01-21
H002014,C006049,P007,50000.0,2024-07-22
H002015,C000882,P015,50000.0,2025-04-02
H002016,C000882,P007,50000.0,2025-03-20
H002017,C000882,P030,146284.89,2025-05-23
H002018,C000882,P029,26301.14,2025-08-16
H002019,C004849,P012,21852.01,2025-11-30
H002020,C003347,P004,16124.29,2025-11-18
H002021,C003347,P007,180234.35,2025-08-10
H002022,C003347,P005,100000.0,2025-06-27
H002023,C003347,P024,15942.97,2024-12-23
H002024,C004757,P025,12911.34,2025-08-24
H002025,C004757,P024,14476.01,2024-09-20
H002026,C002747,P019,46932.05,2025-09-30
H002027,C002747,P004,20726.95,2025-08-07
H002028,C002747,P002,12342.86,2025-02-03
H002029,C000470,P007,50000.0,2024-12-12
H002030,C000470,P026,55593.54,2025-03-12
H002031,C002603,P012,35356.3,2025-10-02
H002032,C002603,P016,100000.0,2025-04-29
H002033,C002603,P010,70604.23,2025-03-07
H002034,C007069,P022,24393.72,2024-09-17
H002035,C007069,P017,11595.86,2026-01-14
H002036,C000248,P018,19622.54,2025-11-19
H002037,C000248,P019,21520.81,2025-11-27
H002038,C002277,P027,226547.32,2025-09-17
H002039,C006034,P024,17619.99,2025-04-11
H002040,C006034,P007,50000.0,2024-07-19
H002041,C006034,P002,27718.39,2025-09-13
H002042,C000866,P018,17537.64,2025-03-20
H002043,C000866,P030,46963.91,2025-05-23
H002044,C000762,P020,49036.21,2025-02-28
H002045,C006366,P030,41292.4,2024-06-11
H002046,C006366,P029,75379.55,2025-10-19
H002047,C004463,P023,16177.95,2025-04-13
H002048,C002541,P024,18459.48,2025-05-10
H002049,C002541,P003,50000.0,2025-09-01
H002050,C001288,P002,28695.93,2025-11-06
H002051,C001288,P023,78751.93,2025-11-17
H002052,C001288,P020,13875.27,2025-11-11
H002053,C004035,P029,78365.04,2025-05-01
H002054,C000426,P012,89154.05,2025-08-01
H002055,C005739,P009,50000.0,2025-10-29
H002056,C005739,P025,92762.91,2025-05-27
H002057,C005739,P011,33345.8,2025-12-05
H002058,C005739,P027,100000.0,2025-03-20
H002059,C003194,P005,100000.0,2025-03-18
H002060,C003194,P024,13872.89,2026-01-15
H002061,C003194,P004,26222.41,2025-12-29
H002062,C005831,P014,22804.08,2025-08-10
H002063,C000229,P025,28823.43,2025-03-12
H002064,C000229,P027,100000.0,2025-10-10
H002065,C004516,P015,67567.42,2025-09-06
H002066,C004516,P022,37630.65,2025-02-26
H002067,C007883,P023,53573.2,2025-09-09
H002068,C000694,P014,24237.68,2025-03-25
H002069,C003097,P019,26835.2,2025-10-27
H002070,C003097,P017,4379.29,2025-01-21
H002071,C003051,P002,23231.07,2024-11-03
H002072,C001596,P018,42638.56,2024-09-26
H002073,C001596,P024,59495.04,2026-01-12
H002074,C002550,P023,21041.52,2025-09-04
H002075,C007618,P019,25257.67,2025-08-02
H002076,C007994,P028,100000.0,2025-12-19
H002077,C007994,P017,47508.71,2025-09-12
H002078,C006062,P018,13389.49,2024-11-26
H002079,C005126,P030,24673.58,2025-01-04
H002080,C001129,P018,71950.03,2025-04-16
H002081,C005494,P008,31227.8,2025-02-19
H002082,C005494,P003,50000.0,2025-05-30
H002083,C005494,P003,50000.0,2025-07-20
H002084,C003474,P013,21685.8,2025-06-04
H002085,C005133,P024,62983.64,2024-11-30
H002086,C000059,P006,50000.0,2025-06-11
H002087,C000059,P007,56990.88,2024-08-17
H002088,C000059,P011,30982.86,2024-11-16
H002089,C005753,P005,100000.0,2024-07-22
H002090,C005753,P025,34437.37,2025-07-23
H002091,C005753,P019,16609.67,2024-12-10
H002092,C004314,P005,108687.68,2024-08-26
H002093,C004314,P025,16953.54,2025-11-15
H002094,C001200,P026,24317.14,2026-01-18
H002095,C001200,P004,12683.25,2025-06-30
H002096,C003689,P030,31456.75,2025-03-16
H002097,C003689,P013,59823.84,2025-11-02
H002098,C003689,P004,19336.55,2025-06-17
H002099,C004895,P010,57712.35,2024-12-19
H002100,C004895,P003,50000.0,2025-07-13
H002101,C004895,P014,41770.21,2025-08-23
H002102,C000097,P007,54503.74,2025-05-27
H002103,C005730,P022,22910.71,2025-07-23
H002104,C005730,P010,50000.0,2025-05-10
H002105,C005730,P003,225466.28,2025-09-18
H002106,C000961,P029,30119.32,2025-04-04
H002107,C001635,P024,43741.77,2024-10-29
H002108,C007780,P015,50000.0,2025-08-28
H002109,C007780,P030,30960.47,2025-07-16
H002110,C007780,P022,11462.24,2025-04-14
H002111,C000878,P022,66163.78,2025-04-13
H002112,C006657,P002,21565.15,2024-07-21
H002113,C000157,P018,11713.98,2025-09-12
H002114,C000157,P012,20108.52,2025-10-06
H002115,C000157,P012,11121.06,2025-07-11
H002116,C002088,P020,24083.54,2024-09-04
H002117,C002088,P004,34039.41,2025-07-22
H002118,C002088,P024,10408.89,2025-02-20
H002119,C005959,P025,21574.96,2025-07-17
H002120,C005959,P017,78506.87,2025-04-04
H002121,C005959,P017,41617.04,2024-06-25
H002122,C005959,P025,27667.84,2025-05-02
H002123,C000612,P026,51016.1,2025-04-30
H002124,C000612,P009,78252.03,2025-06-26
H002125,C000612,P018,59690.21,2025-03-24
H002126,C000612,P017,10826.86,2024-07-29
H002127,C005930,P028,100000.0,2025-04-05
H002128,C001189,P001,50000.0,2024-11-17
H002129,C001189,P010,71529.92,2025-01-23
H002130,C001189,P021,100000.0,2025-12-25
H002131,C001189,P028,100000.0,2025-04-29
H002132,C004234,P024,13865.84,2025-09-09
H002133,C000448,P022,16474.63,2025-01-03
H002134,C000448,P019,67541.36,2025-03-29
H002135,C002358,P003,50000.0,2025-12-28
H002136,C002358,P030,49625.7,2024-06-17
H002137,C004120,P005,100000.0,2024-07-01
H002138,C004120,P019,17449.62,2024-12-10
H002139,C000593,P015,50000.0,2025-04-29
H002140,C007931,P003,50000.0,2025-10-22
H002141,C007955,P021,100000.0,2025-09-04
H002142,C007955,P014,33727.94,2025-06-29
H002143,C007183,P016,100000.0,2024-07-18
H002144,C004307,P026,28418.97,2025-05-25
H002145,C004307,P012,44525.01,2025-12-25
H002146,C004128,P021,100000.0,2025-06-28
H002147,C004128,P023,10892.24,2025-05-10
H002148,C000848,P023,39923.6,2025-06-04
H002149,C006233,P028,100000.0,2024-10-06
H002150,C006233,P014,52568.9,2025-03-12
H002151,C006233,P004,125827.5,2024-09-05
H002152,C000625,P026,26478.36,2024-09-18
H002153,C000625,P012,47443.92,2025-06-11
H002154,C003909,P016,104556.98,2026-01-17
H002155,C003239,P006,64780.86,2024-11-28
H002156,C003239,P001,50000.0,2024-12-10
H002157,C003239,P005,100000.0,2025-02-15
H002158,C003239,P012,34836.46,2025-11-09
H002159,C002273,P024,27750.9,2025-10-12
H002160,C006124,P003,50000.0,2025-08-07
H002161,C006124,P020,24381.71,2025-09-04
H002162,C003754,P023,65731.48,2025-05-29
H002163,C003754,P004,15450.45,2025-02-04
H002164,C000757,P024,25091.45,2024-12-22
H002165,C005708,P005,153542.61,2024-12-17
H002166,C001481,P012,19331.22,2025-06-25
H002167,C001481,P003,113187.8,2025-04-18
H002168,C003772,P020,11656.26,2025-04-21
H002169,C002642,P002,61559.03,2025-06-03
H002170,C003335,P008,31380.58,2025-02-22
H002171,C006996,P008,26729.89,2025-08-09
H002172,C006996,P015,50000.0,2025-05-19
H002173,C007657,P012,13515.4,2026-01-01
H002174,C007657,P019,23444.09,2025-04-02
H002175,C005019,P019,30591.8,2025-12-31
H002176,C005707,P025,46925.15,2025-07-10
H002177,C004563,P029,10000.0,2025-09-28
H002178,C004563,P002,289779.7,2025-08-27
H002179,C003007,P007,50000.0,2025-05-29
H002180,C000765,P020,10000.0,2025-08-03
H002181,C000765,P003,143311.76,2025-09-01
H002182,C000765,P030,19729.23,2024-10-28
H002183,C003978,P007,50000.0,2025-08-28
H002184,C003978,P008,25682.98,2025-04-22
H002185,C003978,P024,3576.0,2025-09-29
H002186,C005637,P020,36422.63,2025-05-26
H002187,C001972,P030,51472.82,2025-05-24
H002188,C001972,P019,6427.65,2024-07-23
H002189,C002719,P019,29273.54,2025-10-23
H002190,C007113,P003,61794.7,2025-12-15
H002191,C003899,P001,122315.4,2025-07-07
H002192,C003899,P025,18334.14,2025-05-11
H002193,C007957,P001,50000.0,2025-12-06
H002194,C007957,P009,322528.83,2024-11-03
H002195,C007957,P023,67765.16,2025-06-05
H002196,C007957,P006,50000.0,2025-05-31
H002197,C001025,P015,50000.0,2025-03-17
H002198,C001025,P024,13204.47,2025-10-26
H002199,C001025,P012,57306.0,2025-11-02
H002200,C002830,P010,53315.32,2025-02-05
H002201,C000753,P019,92286.78,2024-09-26
H002202,C000352,P019,65282.35,2026-01-18
H002203,C006990,P017,13368.81,2025-07-17
H002204,C006990,P006,50000.0,2024-12-25
H002205,C006990,P003,50000.0,2025-08-25
H002206,C006990,P024,105090.92,2025-04-29
H002207,C001314,P018,41836.04,2025-06-02
H002208,C001314,P007,50000.0,2025-02-22
H002209,C001314,P010,50000.0,2025-04-06
H002210,C006590,P024,43029.91,2024-10-04
H002211,C003743,P028,100000.0,2025-10-08
H002212,C003743,P020,23704.76,2024-10-11
H002213,C003743,P003,50000.0,2025-06-06
H002214,C007509,P030,49211.44,2025-01-18
H002215,C003066,P012,26199.92,2025-12-13
H002216,C003066,P010,50000.0,2025-08-13
H002217,C000562,P023,19285.38,2025-10-05
H002218,C002465,P029,30859.15,2025-02-08
H002219,C002465,P013,11972.61,2026-01-05
H002220,C004272,P017,19699.4,2024-12-19
H002221,C004321,P023,49685.76,2025-06-06
H002222,C006903,P030,30687.01,2024-12-20
H002223,C006903,P008,11663.93,2025-07-15
H002224,C004817,P008,15391.98,2025-11-15
H002225,C004817,P002,20821.06,2025-01-30
H002226,C004817,P027,100000.0,2025-06-13
H002227,C007692,P024,33865.99,2025-11-06
H002228,C001048,P009,79732.54,2025-12-31
H002229,C001048,P005,100000.0,2025-08-15
H002230,C001048,P008,72212.88,2025-07-26
H002231,C003104,P025,28235.64,2025-04-10
H002232,C001386,P024,53468.14,2024-12-11
H002233,C001386,P020,56583.2,2025-07-17
H002234,C000415,P015,50000.0,2026-01-16
H002235,C000415,P008,47270.64,2025-05-28
H002236,C004003,P014,23589.01,2025-08-15
H002237,C002571,P002,18715.63,2024-07-11
H002238,C002571,P017,18831.45,2024-11-21
H002239,C002003,P020,28429.12,2025-02-15
H002240,C005945,P023,16471.23,2025-03-09
H002241,C003115,P007,55322.01,2025-11-24
H002242,C003115,P014,22626.13,2025-02-18
H002243,C003115,P019,3559.97,2025-04-17
H002244,C007470,P018,19680.78,2025-12-06
H002245,C002663,P004,78449.69,2025-03-21
H002246,C002663,P001,122815.23,2024-12-06
H002247,C004140,P026,52674.91,2024-09-28
H002248,C004140,P011,16114.72,2025-09-28
H002249,C004140,P022,41344.25,2025-04-10
H002250,C004140,P009,70752.24,2025-02-24
H002251,C006437,P020,17962.67,2025-10-28
H002252,C006952,P009,83592.18,2025-06-03
H002253,C006952,P030,63105.68,2025-12-19
H002254,C006952,P004,45075.52,2024-10-11
H002255,C006952,P007,54859.44,2024-11-15
H002256,C002997,P013,35553.27,2025-07-30
H002257,C002997,P022,45365.31,2025-06-08
H002258,C000843,P026,24866.81,2025-04-26
H002259,C001147,P030,44848.91,2025-02-04
H002260,C001147,P024,30554.28,2025-02-17
H002261,C001147,P020,21542.72,2024-12-18
H002262,C001833,P001,50000.0,2025-01-29
H002263,C001833,P027,100825.05,2025-02-25
H002264,C001833,P011,15997.48,2025-03-29
H002265,C002448,P019,20314.97,2024-06-09
H002266,C002448,P025,8435.67,2025-03-20
H002267,C006516,P010,50000.0,2025-02-01
H002268,C006516,P024,43234.78,2025-07-19
H002269,C006516,P015,50000.0,2025-04-12
H002270,C001254,P007,50000.0,2025-10-12
H002271,C001254,P029,153730.89,2025-10-06
H002272,C001254,P017,22881.06,2025-11-08
H002273,C001254,P030,37741.92,2024-09-14
H002274,C005396,P024,19253.58,2025-01-29
H002275,C005396,P022,61252.45,2024-12-29
H002276,C005396,P004,72550.67,2024-09-19
H002277,C005396,P017,61520.09,2025-12-21
H002278,C004465,P021,100000.0,2026-01-13
H002279,C006342,P011,10000.0,2025-01-23
H002280,C006342,P025,34576.81,2025-03-18
H002281,C006493,P015,50000.0,2025-08-15
H002282,C006493,P022,31191.45,2024-10-30
H002283,C006493,P024,37324.93,2024-11-29
H002284,C006493,P015,50000.0,2025-04-27
H002285,C005890,P017,103861.09,2025-05-29
H002286,C005671,P025,7069.56,2025-11-26
H002287,C000379,P012,39690.23,2025-12-19
H002288,C005814,P013,19018.41,2025-07-06
H002289,C005814,P026,14924.8,2024-11-12
H002290,C006828,P023,18965.19,2025-07-02
H002291,C006649,P008,65274.86,2025-09-22
H002292,C006649,P003,50000.0,2025-07-03
H002293,C004295,P008,10222.05,2025-09-15
H002294,C004295,P025,138342.5,2025-09-30
H002295,C004861,P012,85701.52,2025-08-31
H002296,C004861,P019,34797.94,2024-06-23
H002297,C001732,P024,19251.31,2024-11-25
H002298,C001732,P014,36733.32,2025-01-13
H002299,C004464,P018,20944.71,2025-03-04
H002300,C002025,P026,21730.55,2025-11-07
H002301,C003045,P019,13563.21,2025-05-15
H002302,C003860,P030,61430.86,2025-03-15
H002303,C003860,P025,15589.82,2025-04-15
H002304,C005994,P013,22907.98,2025-06-21
H002305,C005994,P023,88178.31,2025-04-12
H002306,C004371,P017,11333.47,2024-12-14
H002307,C004371,P028,100000.0,2025-11-27
H002308,C004371,P019,41018.52,2025-09-18
H002309,C005220,P022,50430.24,2025-02-18
H002310,C005220,P005,100000.0,2024-12-31
H002311,C003769,P023,47906.41,2025-04-13
H002312,C003769,P011,10571.25,2025-10-22
H002313,C002754,P018,45994.48,2025-03-31
H002314,C002754,P030,29971.54,2024-08-11
H002315,C005390,P014,10000.0,2024-11-05
H002316,C005390,P019,47065.71,2024-07-23
H002317,C005390,P007,50000.0,2024-06-17
H002318,C005390,P028,100000.0,2024-06-02
H002319,C004289,P017,100082.91,2025-12-31
H002320,C006335,P009,65185.11,2024-09-24
H002321,C003456,P008,10000.0,2025-04-12
H002322,C003456,P018,34612.62,2025-10-07
H002323,C001455,P018,22392.56,2024-12-09
H002324,C003150,P024,86310.94,2024-12-14
H002325,C003299,P029,45819.23,2025-02-03
H002326,C004702,P012,46445.71,2026-01-18
H002327,C004702,P024,57579.37,2024-10-17
H002328,C003407,P018,63232.44,2024-12-13
H002329,C001176,P010,50000.0,2025-02-14
H002330,C001176,P004,24346.74,2025-01-01
H002331,C004075,P016,100000.0,2025-06-10
H002332,C004075,P017,109935.3,2025-04-08
H002333,C001439,P003,95131.42,2025-12-01
H002334,C002211,P023,19463.12,2025-06-12
H002335,C001996,P018,48681.08,2024-07-28
H002336,C003834,P008,60429.68,2025-07-11
H002337,C004467,P030,15618.18,2024-10-06
H002338,C006661,P011,61739.55,2025-06-12
H002339,C006661,P026,9488.42,2025-07-22
H002340,C000548,P002,17223.56,2025-08-18
H002341,C000548,P008,42158.0,2025-03-17
H002342,C000548,P023,81372.56,2025-02-08
H002343,C005971,P022,40572.15,2025-10-11
H002344,C005971,P006,104445.65,2025-01-21
H002345,C003358,P014,113292.64,2025-03-20
H002346,C003186,P009,50000.0,2026-01-08
H002347,C003186,P008,33858.41,2025-03-05
H002348,C001562,P019,22332.11,2024-11-03
H002349,C000173,P007,72100.53,2025-11-12
H002350,C004938,P018,44942.45,2024-08-13
H002351,C003615,P018,32467.3,2025-09-15
H002352,C003615,P010,50000.0,2025-04-19
H002353,C003615,P023,80939.51,2025-06-24
H002354,C003615,P016,100000.0,2025-11-30
H002355,C003520,P004,51677.29,2025-06-30
H002356,C005012,P013,89351.09,2025-10-29
H002357,C001594,P011,37079.36,2025-08-02
H002358,C001594,P013,80415.93,2025-08-31
H002359,C001594,P016,100000.0,2024-07-18
H002360,C005437,P003,50000.0,2025-04-26
H002361,C005437,P030,35321.14,2025-07-31
H002362,C005437,P006,52255.66,2026-01-08
H002363,C001883,P002,17060.14,2024-09-07
H002364,C001883,P006,50000.0,2025-07-29
H002365,C007990,P024,52750.71,2025-03-06
H002366,C007863,P022,64125.61,2025-04-21
H002367,C004801,P017,17656.13,2024-08-09
H002368,C004801,P015,50000.0,2025-02-02
H002369,C006638,P003,50000.0,2025-07-30
H002370,C006638,P012,34274.87,2025-06-22
H002371,C006638,P004,39059.61,2025-05-18
H002372,C005295,P019,27751.05,2026-01-05
H002373,C005295,P029,13460.55,2025-07-23
H002374,C006648,P001,50000.0,2025-01-27
H002375,C006648,P008,53633.36,2025-06-12
H002376,C007274,P002,57140.35,2025-10-29
H002377,C001039,P016,100000.0,2024-08-11
H002378,C001039,P023,13909.34,2025-11-27
H002379,C000324,P006,54792.69,2024-08-29
H002380,C004082,P003,50000.0,2025-04-13
H002381,C004082,P030,12252.77,2024-06-04
H002382,C004082,P004,73226.25,2025-07-26
H002383,C004768,P006,50000.0,2024-06-06
H002384,C000894,P020,15984.96,2025-05-25
H002385,C002318,P017,40868.38,2024-06-14
H002386,C002318,P026,24045.62,2025-03-31
H002387,C005101,P011,19475.71,2026-01-07
H002388,C000325,P005,100000.0,2024-08-14
H002389,C000325,P014,10860.12,2025-06-14
H002390,C000325,P015,50000.0,2025-04-12
H002391,C001216,P002,97175.62,2024-08-03
H002392,C007206,P003,50000.0,2025-12-10
H002393,C003998,P009,89199.97,2024-09-24
H002394,C003998,P002,46464.71,2025-05-28
H002395,C003998,P020,18057.86,2025-12-18
H002396,C004540,P014,72963.34,2024-12-09
H002397,C004540,P009,50000.0,2024-10-29
H002398,C007282,P024,7610.77,2026-01-09
H002399,C007815,P022,17882.49,2025-07-30
H002400,C001130,P003,50000.0,2025-07-21
H002401,C001130,P006,50000.0,2025-09-20
H002402,C001130,P014,91884.76,2025-03-15
H002403,C005217,P001,50000.0,2024-07-28
H002404,C005217,P014,61763.43,2025-06-12
H002405,C005217,P007,50000.0,2024-07-22
H002406,C005217,P024,26740.6,2024-12-24
H002407,C005956,P006,102152.38,2024-06-14
H002408,C005956,P011,41877.42,2025-10-22
H002409,C005956,P029,10000.0,2025-03-31
H002410,C007052,P021,100000.0,2025-09-09
H002411,C007052,P018,62135.02,2025-10-09
H002412,C007052,P026,6895.95,2024-12-25
H002413,C000665,P014,32764.33,2025-12-14
H002414,C003329,P026,48920.32,2024-07-13
H002415,C003329,P028,100000.0,2024-09-20
H002416,C003329,P026,12722.2,2025-08-20
H002417,C000209,P018,38301.95,2024-12-07
H002418,C007065,P014,10000.0,2025-07-13
H002419,C007065,P022,44760.85,2025-07-21
H002420,C007065,P026,11445.12,2025-02-03
H002421,C007065,P011,56947.04,2024-11-21
H002422,C000748,P028,192511.98,2024-09-30
H002423,C000748,P026,74327.45,2024-12-25
H002424,C000748,P005,100000.0,2025-10-30
H002425,C001740,P019,29012.91,2025-06-29
H002426,C000799,P011,52128.98,2025-11-11
H002427,C000799,P023,22562.61,2025-10-06
H002428,C000089,P016,100000.0,2025-04-17
H002429,C000089,P026,19915.75,2025-09-01
H002430,C000735,P025,98596.11,2025-06-13
H002431,C000735,P005,100000.0,2025-04-14
H002432,C005734,P015,50000.0,2025-04-02
H002433,C003650,P014,25281.78,2025-02-26
H002434,C002690,P020,65406.03,2024-12-22
H002435,C002690,P011,48273.1,2025-08-31
H002436,C001175,P010,89062.01,2025-03-05
H002437,C003143,P007,83688.57,2024-11-27
H002438,C003143,P028,100000.0,2025-07-27
H002439,C003143,P014,89865.53,2025-01-04
H002440,C005188,P008,18580.48,2026-01-12
H002441,C001154,P011,18299.09,2024-06-30
H002442,C001154,P018,10000.0,2024-11-13
H002443,C001154,P029,24173.21,2024-12-07
H002444,C001154,P016,100000.0,2024-11-06
H002445,C000199,P023,55168.74,2026-01-05
H002446,C007867,P005,100000.0,2025-01-01
H002447,C007451,P024,20278.29,2024-11-07
H002448,C007451,P018,31804.99,2024-06-24
H002449,C001098,P011,10000.0,2025-02-27
H002450,C000549,P017,76092.09,2024-10-26
H002451,C000549,P025,33922.04,2025-06-23
H002452,C000549,P008,188152.2,2025-09-16
H002453,C007926,P013,17936.37,2025-07-19
H002454,C007926,P002,44734.7,2025-05-28
H002455,C007926,P027,100000.0,2025-05-18
H002456,C007926,P007,54187.88,2024-09-28
H002457,C006888,P013,19280.78,2025-10-10
H002458,C006721,P027,100000.0,2025-09-01
H002459,C006721,P014,93949.52,2024-12-04
H002460,C006721,P010,50000.0,2025-09-22
H002461,C006721,P030,18557.22,2024-08-16
H002462,C004922,P012,35380.53,2025-05-27
H002463,C004158,P002,25306.37,2025-12-16
H002464,C006863,P001,50000.0,2025-01-10
H002465,C006863,P014,11841.67,2025-03-21
H002466,C002651,P006,50000.0,2025-05-01
H002467,C002651,P021,100000.0,2025-10-24
H002468,C002651,P012,21893.49,2025-12-15
H002469,C005346,P015,65816.68,2025-02-10
H002470,C004884,P004,39884.72,2025-01-16
H002471,C004884,P010,50000.0,2025-03-27
H002472,C005235,P019,12964.19,2025-10-14
H002473,C005235,P025,22675.98,2025-06-09
H002474,C006587,P023,19625.57,2025-09-24
H002475,C007788,P007,50000.0,2025-04-14
H002476,C005170,P013,30700.75,2025-08-30
H002477,C007301,P019,12385.86,2025-05-16
H002478,C006728,P012,13487.74,2025-12-20
H002479,C002269,P006,50000.0,2025-12-29
H002480,C002269,P004,17093.98,2025-10-25
H002481,C002269,P008,48448.84,2025-10-17
H002482,C002269,P002,44576.03,2025-02-22
H002483,C001672,P017,118040.83,2025-04-09
H002484,C000938,P025,11678.14,2025-08-31
H002485,C000938,P025,14381.02,2025-06-23
H002486,C007039,P026,45748.14,2025-05-06
H002487,C007039,P008,30227.58,2025-11-27
H002488,C007039,P015,86326.63,2025-05-02
H002489,C002671,P024,21477.97,2025-03-12
H002490,C002779,P010,50000.0,2025-06-07
H002491,C002779,P006,50000.0,2024-11-24
H002492,C002779,P001,50000.0,2024-08-29
H002493,C003165,P019,75216.23,2025-06-29
H002494,C004693,P029,33428.36,2025-02-23
H002495,C004693,P022,62874.48,2026-01-20
H002496,C004693,P007,50000.0,2025-07-13
H002497,C005045,P009,62571.61,2024-12-08
H002498,C005045,P026,49186.8,2024-12-20
H002499,C005045,P010,50000.0,2025-08-01
H002500,C005045,P015,50000.0,2025-12-26
H002501,C004772,P018,17460.62,2025-02-14
H002502,C004767,P004,35871.64,2025-01-17
H002503,C004302,P029,19916.49,2025-02-26
H002504,C004302,P007,50000.0,2024-09-30
H002505,C004302,P024,3951.42,2024-10-14
H002506,C005000,P028,100000.0,2025-02-10
H002507,C005000,P026,8022.72,2025-07-05
H002508,C003529,P029,45982.63,2025-04-22
H002509,C003529,P009,50000.0,2024-12-12
H002510,C006804,P012,14697.9,2025-07-02
H002511,C000621,P019,79240.3,2025-11-10
H002512,C001453,P003,173160.59,2025-10-06
H002513,C001453,P019,19761.34,2025-08-03
H002514,C001453,P025,36855.25,2025-07-19
H002515,C007529,P019,77345.6,2024-12-02
H002516,C004113,P018,49447.06,2024-06-09
H002517,C004113,P022,78483.31,2026-01-08
H002518,C004113,P006,50000.0,2025-09-24
H002519,C004858,P013,39389.42,2025-11-04
H002520,C000479,P019,16953.51,2025-04-23
H002521,C000479,P019,32863.14,2025-08-17
H002522,C001353,P022,49210.93,2025-11-06
H002523,C004501,P002,36572.87,2025-05-03
H002524,C004501,P027,100000.0,2025-10-03
H002525,C004501,P019,13414.13,2025-07-30
H002526,C001895,P030,34881.02,2024-06-08
H002527,C001895,P029,28792.6,2025-06-16
H002528,C005749,P020,51152.18,2025-05-06
H002529,C001719,P005,100000.0,2024-07-03
H002530,C003502,P012,15256.1,2025-12-02
H002531,C003502,P030,41403.93,2025-03-31
H002532,C001034,P012,32482.16,2025-06-18
H002533,C001034,P026,12152.35,2024-12-26
H002534,C003414,P010,50000.0,2025-11-16
H002535,C003414,P013,12079.4,2025-07-04
H002536,C000287,P016,100000.0,2025-12-01
H002537,C000287,P019,20383.45,2025-02-09
H002538,C000551,P017,34874.03,2025-01-29
H002539,C000551,P026,81767.18,2024-11-11
H002540,C007833,P016,100000.0,2025-08-04
H002541,C006707,P026,17336.21,2025-04-20
H002542,C006707,P009,84670.19,2026-01-05
H002543,C006707,P017,24786.86,2025-05-22
H002544,C004558,P008,64213.67,2025-03-26
H002545,C004558,P030,13709.47,2024-11-25
H002546,C004558,P006,50000.0,2024-10-19
H002547,C005517,P017,46241.24,2025-08-08
H002548,C005517,P013,40211.52,2025-08-24
H002549,C002843,P011,19585.0,2025-01-04
H002550,C001426,P027,100000.0,2026-01-08
H002551,C006637,P013,45462.68,2025-12-22
H002552,C002590,P018,49289.84,2024-12-12
H002553,C002590,P019,45248.24,2024-10-15
H002554,C005195,P030,13615.38,2026-01-16
H002555,C005195,P022,71743.24,2024-11-10
H002556,C005013,P029,10000.0,2025-11-22
H002557,C005013,P008,23614.85,2025-07-21
H002558,C005013,P028,100000.0,2024-07-30
H002559,C005013,P019,9579.36,2025-10-15
H002560,C006919,P018,54378.96,2025-07-28
H002561,C006919,P020,11730.57,2025-09-22
H002562,C006919,P007,50000.0,2025-11-26
H002563,C005938,P026,14117.86,2025-07-22
H002564,C001617,P004,9238.61,2024-08-09
H002565,C005913,P025,22296.26,2025-08-07
H002566,C005913,P020,52693.82,2025-02-13
H002567,C006497,P009,59815.54,2025-04-06
H002568,C006497,P021,100000.0,2025-10-17
H002569,C007134,P009,50000.0,2025-06-28
H002570,C002652,P007,88906.81,2025-08-11
H002571,C002652,P006,50632.64,2024-09-10
H002572,C002652,P011,46793.6,2025-02-08
H002573,C003106,P011,15868.11,2024-06-16
H002574,C003106,P025,12969.0,2025-02-20
H002575,C001785,P026,98352.07,2025-06-26
H002576,C001785,P002,11600.14,2026-01-10
H002577,C001785,P020,10000.0,2025-05-02
H002578,C001785,P007,50000.0,2025-04-25
H002579,C001576,P012,27375.93,2025-09-21
H002580,C001576,P014,114876.54,2025-01-21
H002581,C001576,P024,2586.16,2025-06-18
H002582,C004887,P024,117419.57,2025-02-26
H002583,C004640,P027,104429.79,2025-08-14
H002584,C000702,P028,100000.0,2025-02-18
H002585,C004636,P008,39461.98,2025-03-02
H002586,C004636,P013,61522.19,2025-09-23
H002587,C004636,P015,53247.13,2025-09-03
H002588,C004843,P010,50000.0,2025-05-10
H002589,C004843,P011,26669.84,2025-09-18
H002590,C006216,P001,50000.0,2025-03-24
H002591,C004247,P006,50000.0,2024-10-15
H002592,C004247,P013,18718.54,2025-08-06
H002593,C004247,P007,88029.85,2025-08-31
H002594,C004247,P029,11876.25,2025-08-13
H002595,C006961,P026,9749.44,2025-03-07
H002596,C002522,P019,31104.2,2024-10-27
H002597,C002522,P006,50000.0,2025-06-15
H002598,C005175,P012,11125.29,2025-12-08
H002599,C002355,P022,32556.41,2025-12-23
H002600,C002355,P012,52310.93,2025-07-14
H002601,C004740,P030,12622.08,2025-09-04
H002602,C004740,P003,183122.54,2025-07-28
H002603,C004740,P022,22110.45,2025-12-25
H002604,C004740,P026,20562.53,2026-01-05
H002605,C000834,P003,50000.0,2025-10-31
H002606,C000834,P026,45302.36,2025-07-01
H002607,C002226,P017,62961.8,2024-07-04
H002608,C002226,P010,50000.0,2025-05-01
H002609,C002226,P018,27772.97,2024-10-14
H002610,C005850,P026,12484.08,2024-10-26
H002611,C000550,P007,65438.83,2024-10-17
H002612,C000550,P022,10000.0,2025-10-15
H002613,C001021,P003,50000.0,2025-06-29
H002614,C000249,P010,50000.0,2025-06-28
H002615,C000249,P002,16289.08,2024-09-14
H002616,C002265,P030,10145.77,2025-05-07
H002617,C002265,P006,50000.0,2025-02-26
H002618,C002265,P013,10000.0,2025-06-07
H002619,C003708,P025,25273.68,2025-08-14
H002620,C000297,P011,72691.96,2025-05-18
H002621,C000297,P003,109628.13,2025-09-17
H002622,C000297,P024,24838.58,2025-02-16
H002623,C002664,P027,100000.0,2025-05-14
H002624,C002664,P004,98533.72,2025-09-28
H002625,C002664,P027,100000.0,2025-09-24
H002626,C002664,P001,50000.0,2024-11-06
H002627,C003001,P010,50000.0,2024-12-26
H002628,C003001,P011,23871.55,2025-11-26
H002629,C006339,P023,47578.55,2025-10-06
H002630,C006339,P010,69078.41,2025-02-25
H002631,C002319,P020,23572.98,2024-06-23
H002632,C002319,P012,24619.94,2026-01-13
H002633,C002319,P021,100000.0,2024-07-09
H002634,C007322,P007,50000.0,2025-08-24
H002635,C007322,P027,100000.0,2025-11-28
H002636,C000101,P012,29813.39,2025-12-03
H002637,C004630,P003,121152.34,2026-01-10
H002638,C004630,P016,100000.0,2025-12-07
H002639,C004774,P006,50000.0,2024-06-23
H002640,C003839,P002,18870.12,2024-07-29
H002641,C003839,P014,14699.82,2025-03-25
H002642,C002859,P026,11847.65,2024-08-21
H002643,C002859,P015,50000.0,2025-05-10
H002644,C002292,P026,48445.83,2025-04-29
H002645,C000533,P011,10320.52,2024-12-27
H002646,C000533,P025,17035.93,2025-12-02
H002647,C000533,P019,27200.39,2025-12-25
H002648,C004694,P013,12126.04,2025-06-13
H002649,C005050,P017,24567.67,2024-09-19
H002650,C003371,P026,15348.32,2024-07-29
H002651,C001371,P028,100000.0,2025-10-22
H002652,C006627,P003,50000.0,2025-05-26
H002653,C000347,P022,10000.0,2025-01-31
H002654,C007619,P023,68956.77,2025-06-04
H002655,C003873,P003,50000.0,2025-09-30
H002656,C003857,P013,20546.55,2026-01-08
H002657,C000682,P020,40418.48,2024-08-20
H002658,C000682,P008,14010.65,2025-09-27
H002659,C000682,P018,40098.51,2025-02-21
H002660,C006824,P007,124175.61,2026-01-14
H002661,C003359,P030,4996.35,2025-06-20
H002662,C007606,P006,120110.34,2024-09-30
H002663,C007606,P026,31764.44,2024-08-22
H002664,C006396,P030,25682.74,2025-10-23
H002665,C006487,P002,24955.15,2025-02-21
H002666,C001567,P029,29526.87,2025-11-20
H002667,C004223,P018,31313.95,2025-07-14
H002668,C004223,P024,152655.54,2025-05-24
H002669,C004223,P017,64683.01,2025-04-30
H002670,C006692,P026,20144.99,2024-11-25
H002671,C005373,P010,50000.0,2025-03-05
H002672,C005373,P025,18117.08,2025-01-14
H002673,C006677,P013,15523.26,2025-06-14
H002674,C006677,P017,50953.65,2024-08-01
H002675,C005065,P017,12226.36,2025-03-16
H002676,C005065,P008,91402.48,2025-03-28
H002677,C006628,P007,50000.0,2025-09-28
H002678,C006628,P016,100000.0,2024-12-05
H002679,C006628,P019,56844.64,2025-09-25
H002680,C006628,P025,40301.95,2025-02-17
H002681,C001376,P020,17236.21,2024-09-05
H002682,C001376,P019,58290.17,2024-09-01
H002683,C007486,P027,100000.0,2025-02-13
H002684,C007486,P023,11564.24,2025-11-13
H002685,C007486,P013,73440.21,2025-12-28
H002686,C007486,P029,24027.13,2025-07-21
H002687,C001545,P020,32932.62,2026-01-02
H002688,C001993,P029,67276.29,2025-04-15
H002689,C001993,P008,25240.95,2025-09-11
H002690,C001993,P002,18377.56,2024-09-22
H002691,C006422,P001,50000.0,2024-11-06
H002692,C006422,P017,14295.35,2024-10-06
H002693,C004170,P010,50000.0,2025-04-27
H002694,C004170,P019,46671.11,2025-06-18
H002695,C003756,P029,47814.82,2025-06-11
H002696,C003756,P011,45350.15,2024-07-24
H002697,C005909,P014,27599.12,2025-06-27
H002698,C005236,P013,39130.75,2025-07-19
H002699,C006619,P010,50000.0,2025-10-14
H002700,C006619,P027,100000.0,2025-12-16
H002701,C000085,P024,21656.07,2025-07-02
H002702,C000085,P002,4151.08,2025-05-07
H002703,C005857,P006,50000.0,2024-08-03
H002704,C005857,P009,50000.0,2025-03-02
H002705,C005857,P026,30030.74,2024-08-26
H002706,C005857,P030,24800.77,2024-07-24
H002707,C001559,P004,72460.12,2025-10-03
H002708,C003722,P012,52902.78,2025-05-31
H002709,C003621,P016,100000.0,2024-11-07
H002710,C003621,P023,57439.58,2025-06-08
H002711,C003621,P030,67689.5,2025-10-18
H002712,C002628,P012,21144.89,2025-12-05
H002713,C006583,P023,21927.79,2025-04-26
H002714,C000419,P020,77291.82,2025-03-11
H002715,C000419,P018,45009.14,2024-10-07
H002716,C000419,P022,19924.65,2025-04-16
H002717,C000419,P029,12837.22,2025-04-07
H002718,C005609,P009,52000.94,2025-07-20
H002719,C005609,P018,23960.28,2025-10-28
H002720,C001783,P022,72001.85,2025-12-23
H002721,C003249,P013,28909.63,2026-01-11
H002722,C006679,P029,16869.15,2025-01-15
H002723,C004963,P014,38397.17,2024-12-25
H002724,C004963,P026,72171.94,2025-12-27
H002725,C004963,P021,100000.0,2025-01-09
H002726,C004963,P007,90601.29,2025-09-02
H002727,C007946,P022,12306.62,2024-12-23
H002728,C000294,P014,21095.07,2025-09-30
H002729,C000294,P030,2320.21,2024-07-23
H002730,C005849,P026,49259.94,2024-06-28
H002731,C005849,P024,46148.75,2025-05-16
H002732,C005849,P023,16093.07,2025-08-09
H002733,C003648,P029,94594.71,2025-04-29
H002734,C003648,P015,50000.0,2025-10-07
H002735,C007031,P030,30504.84,2024-09-30
H002736,C007031,P013,15865.2,2025-11-25
H002737,C006588,P018,15082.45,2024-06-15
H002738,C006588,P008,16925.41,2025-08-23
H002739,C005799,P013,28112.23,2026-01-14
H002740,C007540,P018,66811.53,2025-12-27
H002741,C002685,P017,20855.82,2025-08-08
H002742,C002685,P004,26303.64,2025-04-23
H002743,C002685,P012,54757.15,2025-05-14
H002744,C001150,P023,3292.64,2025-04-28
H002745,C001756,P010,50000.0,2025-08-09
H002746,C001756,P011,27797.68,2025-12-30
H002747,C006809,P022,13608.19,2025-06-12
H002748,C006809,P013,55462.38,2025-08-12
H002749,C006809,P023,59613.56,2025-01-17
H002750,C006809,P004,25559.95,2025-07-10
H002751,C001722,P013,10000.0,2025-09-24
H002752,C001722,P005,100000.0,2024-07-19
H002753,C001722,P020,59024.87,2024-09-05
H002754,C006423,P022,22253.3,2025-02-22
H002755,C006423,P019,12734.15,2024-07-22
H002756,C006423,P013,53607.11,2025-09-16
H002757,C006051,P003,50000.0,2025-07-26
H002758,C002686,P014,20645.06,2025-12-01
H002759,C002686,P026,16017.26,2025-03-23
H002760,C002686,P013,13030.4,2025-06-26
H002761,C003528,P010,50000.0,2025-10-25
H002762,C003528,P007,186374.55,2024-07-25
H002763,C003528,P008,22667.15,2025-10-09
H002764,C003528,P017,30675.05,2025-07-03
H002765,C002572,P025,12372.58,2025-04-19
H002766,C002572,P018,14896.87,2024-08-18
H002767,C002349,P029,41713.9,2025-01-23
H002768,C002349,P026,78289.83,2025-02-18
H002769,C005710,P001,50000.0,2025-06-14
H002770,C004455,P021,100000.0,2025-06-06
H002771,C002313,P019,30092.46,2025-06-29
H002772,C007044,P013,54440.04,2025-12-20
H002773,C007044,P020,38249.22,2024-08-29
H002774,C007785,P027,108714.87,2025-05-22
H002775,C005150,P018,20419.08,2025-01-23
H002776,C004103,P026,26631.1,2024-08-06
H002777,C004103,P027,100000.0,2025-06-02
H002778,C004103,P009,81804.37,2025-05-18
H002779,C006813,P007,50000.0,2025-05-11
H002780,C004909,P002,19125.07,2025-08-21
H002781,C004909,P024,21155.69,2025-09-27
H002782,C000374,P007,50000.0,2024-07-01
H002783,C006280,P017,52106.9,2025-06-17
H002784,C001868,P010,50000.0,2025-11-14
H002785,C001868,P011,40053.06,2024-06-15
H002786,C006735,P009,61636.33,2025-11-19
H002787,C006735,P002,80591.19,2025-02-12
H002788,C004393,P011,19592.02,2024-12-18
H002789,C004393,P008,31337.86,2025-04-18
H002790,C004393,P015,50908.65,2025-02-02
H002791,C005460,P003,50000.0,2025-04-21
H002792,C005460,P022,10000.0,2024-10-28
H002793,C001747,P006,50000.0,2025-06-29
H002794,C002442,P010,50000.0,2025-09-26
H002795,C004787,P027,100000.0,2025-07-17
H002796,C004787,P005,100000.0,2025-08-19
H002797,C004787,P016,100000.0,2024-09-01
H002798,C004787,P011,29458.7,2025-04-10
H002799,C004339,P001,50000.0,2025-09-30
H002800,C004339,P014,40138.97,2025-09-09
H002801,C004252,P006,50000.0,2024-07-20
H002802,C002289,P007,50000.0,2025-01-27
H002803,C002289,P008,38078.16,2025-06-11
H002804,C003034,P027,100000.0,2025-09-01
H002805,C003034,P023,20141.99,2025-09-19
H002806,C001394,P024,5272.35,2024-12-16
H002807,C000813,P020,109712.95,2025-11-30
H002808,C005061,P007,67325.53,2026-01-06
H002809,C001859,P015,51200.96,2025-10-19
H002810,C001870,P013,27475.7,2026-01-15
H002811,C001870,P012,17354.95,2025-10-21
H002812,C001870,P028,100000.0,2025-11-22
H002813,C006111,P023,101050.19,2025-11-06
H002814,C006111,P009,50000.0,2025-07-07
H002815,C006111,P024,340517.91,2024-10-06
H002816,C002875,P006,50000.0,2025-03-06
H002817,C004388,P027,100000.0,2025-05-18
H002818,C004388,P012,23128.39,2025-11-09
H002819,C004388,P029,10000.0,2025-11-13
H002820,C004388,P015,50000.0,2025-02-25
H002821,C007255,P018,29118.82,2025-10-24
H002822,C002284,P022,56501.3,2025-10-09
H002823,C002284,P025,15997.2,2025-05-11
H002824,C002284,P012,30869.82,2025-07-07
H002825,C002284,P007,50000.0,2024-10-22
H002826,C001721,P016,100000.0,2025-11-21
H002827,C004589,P021,100000.0,2024-07-08
H002828,C004589,P029,17421.06,2024-12-07
H002829,C004589,P023,67873.06,2025-11-22
H002830,C003533,P011,10065.46,2025-05-04
H002831,C007266,P013,17739.88,2025-09-02
H002832,C000922,P001,50000.0,2024-12-26
H002833,C000922,P012,31279.01,2025-11-24
H002834,C000922,P017,34928.0,2025-11-27
H002835,C000323,P018,10000.0,2025-01-27
H002836,C000323,P018,17512.1,2024-11-30
H002837,C007214,P027,100000.0,2025-10-05
H002838,C007214,P013,37818.74,2025-10-01
H002839,C007214,P002,41252.32,2025-12-28
H002840,C006914,P013,50695.17,2025-09-11
H002841,C006914,P005,100000.0,2025-06-24
H002842,C006189,P027,121162.01,2025-09-01
H002843,C006189,P014,30620.32,2025-09-28
H002844,C003470,P017,13421.04,2025-04-13
H002845,C005367,P022,14814.28,2024-09-25
H002846,C005367,P020,21393.17,2025-08-08
H002847,C005367,P007,50000.0,2025-11-19
H002848,C007932,P005,100000.0,2025-01-12
H002849,C007932,P023,30857.55,2025-04-18
H002850,C007659,P019,43528.48,2025-08-22
H002851,C007659,P015,50000.0,2025-11-23
H002852,C007659,P007,50000.0,2025-02-12
H002853,C007659,P029,24894.07,2025-11-12
H002854,C004994,P013,15264.5,2025-06-28
H002855,C000232,P013,29179.31,2025-11-16
H002856,C001942,P013,14227.4,2025-09-26
H002857,C006881,P017,30242.83,2026-01-02
H002858,C007242,P027,100000.0,2025-02-24
H002859,C007242,P023,97718.39,2025-01-21
H002860,C001080,P027,100000.0,2025-02-08
H002861,C001080,P016,100000.0,2024-11-07
H002862,C007980,P011,15440.03,2024-07-20
H002863,C001116,P004,24301.86,2025-01-06
H002864,C001116,P011,43588.64,2024-06-05
H002865,C001116,P008,96394.03,2025-03-28
H002866,C006094,P008,67793.67,2025-06-26
H002867,C006833,P022,22689.27,2024-06-18
H002868,C006833,P023,32181.89,2025-06-01
H002869,C006833,P006,114456.01,2025-04-11
H002870,C001468,P019,27991.53,2024-10-06
H002871,C001468,P007,50000.0,2024-12-06
H002872,C005769,P030,70621.42,2025-11-22
H002873,C005769,P007,50000.0,2025-05-21
H002874,C005769,P029,10000.0,2025-11-06
H002875,C001579,P004,19787.86,2024-08-18
H002876,C001579,P018,24947.35,2025-11-13
H002877,C006959,P017,21955.81,2025-06-23
H002878,C006862,P030,25462.67,2025-03-27
H002879,C002127,P022,25959.33,2025-04-07
H002880,C006203,P012,14091.38,2025-09-17
H002881,C006203,P004,44357.82,2024-11-13
H002882,C001451,P025,31286.9,2025-07-26
H002883,C001451,P011,12418.6,2024-10-24
H002884,C005068,P008,25468.61,2025-04-10
H002885,C005068,P014,46582.38,2024-12-25
H002886,C005068,P006,50000.0,2024-12-17
H002887,C003050,P020,26414.43,2025-12-19
H002888,C005008,P023,112676.13,2025-06-16
H002889,C005329,P014,18329.59,2024-11-16
H002890,C007602,P026,15313.46,2024-08-10
H002891,C006129,P022,33464.45,2024-12-28
H002892,C007825,P028,100000.0,2024-10-23
H002893,C005398,P019,74849.85,2025-04-07
H002894,C001489,P017,20559.48,2025-06-19
H002895,C007279,P002,16921.3,2024-11-15
H002896,C005489,P029,101364.79,2025-12-30
H002897,C005275,P002,22101.34,2025-01-18
H002898,C005275,P006,50000.0,2025-03-18
H002899,C007828,P009,50000.0,2025-03-27
H002900,C007828,P026,43538.4,2024-07-22
H002901,C007828,P015,50000.0,2025-08-12
H002902,C005649,P011,15594.03,2025-07-07
H002903,C002826,P004,7522.06,2024-09-25
H002904,C002826,P024,7888.15,2025-11-29
H002905,C002826,P025,15612.05,2025-03-22
H002906,C002826,P002,61851.65,2024-07-11
H002907,C001515,P012,21535.57,2025-10-17
H002908,C000266,P017,75776.76,2025-07-27
H002909,C000001,P023,65385.01,2025-04-25
H002910,C003609,P022,60114.63,2026-01-17
H002911,C004983,P015,128085.69,2025-02-12
H002912,C004983,P008,10886.63,2025-03-21
H002913,C004983,P023,20295.61,2025-04-13
H002914,C004983,P020,122720.9,2024-11-06
H002915,C002900,P022,18368.08,2024-11-04
H002916,C007812,P002,20682.62,2025-11-12
H002917,C007812,P009,50000.0,2025-10-30
H002918,C000839,P011,36342.15,2025-01-29
H002919,C000015,P002,24345.75,2025-11-15
H002920,C003919,P017,85245.31,2025-06-23
H002921,C003919,P006,50000.0,2026-01-06
H002922,C004618,P027,100000.0,2025-10-27
H002923,C007377,P016,100000.0,2025-10-15
H002924,C007377,P014,40201.04,2025-05-16
H002925,C006966,P021,100000.0,2024-12-07
H002926,C006966,P026,28155.14,2025-05-27
H002927,C006966,P025,104977.94,2025-05-13
H002928,C000009,P024,318713.08,2025-11-03
H002929,C006505,P023,34719.06,2025-03-27
H002930,C002906,P014,27207.65,2025-03-28
H002931,C002250,P020,41684.5,2025-02-12
H002932,C002250,P027,100000.0,2025-07-14
H002933,C002250,P002,13399.2,2024-08-06
H002934,C002250,P019,48544.01,2025-07-01
H002935,C001040,P009,50000.0,2025-11-30
H002936,C001040,P004,1172.11,2025-08-13
H002937,C003906,P013,49824.11,2025-12-23
H002938,C003906,P027,100000.0,2025-09-07
H002939,C003906,P003,50000.0,2025-12-18
H002940,C003906,P006,253516.13,2024-12-28
H002941,C006035,P007,76232.36,2025-05-05
H002942,C006035,P019,9184.9,2024-11-24
H002943,C003617,P011,14632.75,2024-06-20
H002944,C007702,P027,100000.0,2025-12-30
H002945,C007702,P009,71017.2,2025-02-28
H002946,C007702,P009,50000.0,2024-07-29
H002947,C003681,P029,37740.39,2025-06-20
H002948,C000340,P005,100000.0,2025-03-13
H002949,C000122,P011,17250.7,2025-05-20
H002950,C000122,P018,25381.08,2024-09-24
H002951,C000122,P029,33307.08,2025-08-23
H002952,C005459,P022,43685.41,2024-10-15
H002953,C006400,P030,17667.5,2025-02-08
H002954,C006400,P030,65219.03,2024-10-03
H002955,C006400,P006,50000.0,2024-10-23
H002956,C001091,P019,29488.97,2026-01-04
H002957,C001091,P004,33073.52,2024-08-26
H002958,C001373,P011,81119.85,2025-08-17
H002959,C006022,P019,19513.62,2025-04-28
H002960,C001318,P014,21201.98,2025-02-01
H002961,C001318,P026,23121.42,2024-08-30
H002962,C001318,P026,29412.88,2025-06-28
H002963,C001318,P009,50000.0,2025-07-30
H002964,C000623,P004,8240.92,2025-06-13
H002965,C001420,P005,100000.0,2024-10-24
H002966,C006068,P006,50000.0,2026-01-01
H002967,C006068,P004,9056.85,2024-09-19
H002968,C006068,P019,10742.78,2025-08-25
H002969,C007915,P011,19072.48,2024-08-04
H002970,C002500,P003,50000.0,2025-08-19
H002971,C002500,P002,41874.78,2025-11-04
H002972,C002500,P025,15120.61,2026-01-06
H002973,C004329,P013,28391.13,2025-08-12
H002974,C003721,P013,12950.31,2025-06-25
H002975,C003721,P026,13820.12,2025-05-12
H002976,C004999,P008,42655.18,2025-06-16
H002977,C004999,P022,78993.82,2025-11-07
H002978,C001411,P023,129930.07,2025-01-11
H002979,C004483,P012,10000.0,2025-05-28
H002980,C004483,P011,15619.22,2025-08-31
H002981,C002822,P020,20278.02,2024-10-29
H002982,C002822,P002,12604.68,2025-11-13
H002983,C000890,P004,34083.34,2024-11-06
H002984,C000890,P022,26581.4,2025-01-03
H002985,C006253,P003,50000.0,2025-04-26
H002986,C006253,P024,118262.59,2024-12-29
H002987,C007109,P013,64476.18,2025-09-17
H002988,C007109,P015,52214.72,2025-03-21
H002989,C007109,P006,50000.0,2025-11-17
H002990,C007117,P029,29497.94,2025-04-18
H002991,C007537,P026,21892.33,2025-10-12
H002992,C007880,P003,50000.0,2025-10-08
H002993,C007880,P019,28135.35,2025-06-18
H002994,C007880,P010,50000.0,2025-04-17
H002995,C004819,P008,31263.17,2025-05-16
H002996,C000197,P015,65417.85,2025-03-16
H002997,C006439,P026,68620.45,2025-11-08
H002998,C004056,P002,16902.75,2024-08-09
H002999,C004056,P004,78821.42,2025-09-18
H003000,C000416,P005,100000.0,2024-07-22
H003001,C000416,P027,100000.0,2025-03-24
H003002,C000416,P028,150407.7,2025-01-07
H003003,C003218,P004,54837.23,2024-10-12
H003004,C003218,P010,50000.0,2025-10-02
H003005,C007213,P026,53023.23,2025-02-08
H003006,C007213,P011,16736.2,2024-12-16
H003007,C004664,P022,205531.14,2025-07-18
H003008,C004664,P012,39932.5,2025-08-20
H003009,C004664,P022,10000.0,2025-09-06
H003010,C000433,P024,27644.0,2024-11-24
H003011,C000433,P008,44972.57,2025-06-05
H003012,C000433,P025,91290.58,2025-06-03
H003013,C006193,P009,50000.0,2025-05-16
H003014,C006193,P013,22197.44,2025-08-11
H003015,C003940,P020,10000.0,2024-12-27
H003016,C003455,P016,144305.37,2025-10-28
H003017,C003455,P005,100000.0,2024-12-02
H003018,C003455,P028,100000.0,2025-01-21
H003019,C003455,P005,100000.0,2024-07-26
H003020,C007547,P007,50000.0,2025-01-26
H003021,C003735,P004,23868.97,2025-10-08
H003022,C003735,P011,10866.89,2025-08-13
H003023,C003735,P015,62128.82,2025-01-28
H003024,C002158,P010,50000.0,2025-02-01
H003025,C002158,P019,36229.31,2025-08-26
H003026,C002158,P016,100000.0,2025-04-30
H003027,C005431,P002,22992.06,2025-07-21
H003028,C005431,P013,30907.69,2026-01-14
H003029,C005431,P014,45875.65,2025-12-25
H003030,C005431,P030,95570.82,2024-09-16
H003031,C001109,P006,50000.0,2025-09-14
H003032,C005629,P009,50000.0,2025-07-19
H003033,C005629,P014,72664.6,2025-01-25
H003034,C007822,P011,56551.71,2025-10-07
H003035,C002281,P020,18356.74,2024-10-21
H003036,C002281,P002,47498.62,2024-10-18
H003037,C006713,P024,42914.92,2025-08-29
H003038,C006713,P020,17295.6,2025-12-06
H003039,C007226,P021,100000.0,2025-08-06
H003040,C003072,P025,25621.75,2025-07-27
H003041,C003482,P010,50000.0,2025-04-16
H003042,C003482,P014,29594.22,2025-12-14
H003043,C003482,P023,4970.66,2026-01-12
H003044,C005752,P020,14929.91,2026-01-11
H003045,C000605,P030,74306.33,2024-10-13
H003046,C003108,P014,10000.0,2025-04-24
H003047,C003108,P014,24982.61,2025-10-25
H003048,C003108,P025,3496.92,2025-06-07
H003049,C000881,P005,100000.0,2025-09-11
H003050,C000881,P015,93934.64,2026-01-12
H003051,C001220,P026,53763.67,2024-06-27
H003052,C002649,P022,33271.32,2025-05-24
H003053,C002458,P011,42042.64,2025-09-05
H003054,C006367,P019,40817.49,2025-09-29
H003055,C005781,P020,74515.48,2025-09-16
H003056,C005781,P025,23898.56,2025-12-15
H003057,C005781,P013,34332.53,2025-07-21
H003058,C005124,P022,10000.0,2026-01-08
H003059,C005124,P017,15777.94,2025-03-11
H003060,C005124,P004,15694.51,2025-04-20
H003061,C005124,P011,21635.08,2025-05-30
H003062,C004326,P013,20900.65,2025-06-06
H003063,C006853,P002,25265.61,2025-05-03
H003064,C006853,P020,10000.0,2025-11-05
H003065,C005358,P002,16995.97,2025-04-17
H003066,C001898,P020,10000.0,2024-10-31
H003067,C001898,P008,33119.32,2025-05-23
H003068,C001898,P008,39768.05,2025-11-19
H003069,C001707,P026,112120.64,2025-01-09
H003070,C001707,P006,84568.69,2025-12-14
H003071,C001159,P020,11244.84,2024-08-11
H003072,C001159,P022,22982.18,2024-09-11
H003073,C007047,P020,23892.79,2025-03-15
H003074,C004087,P018,40111.97,2025-09-26
H003075,C004087,P018,14979.58,2024-09-20
H003076,C004087,P018,73922.3,2025-05-14
H003077,C006287,P024,73493.13,2025-06-14
H003078,C006287,P002,25139.68,2024-07-02
H003079,C004374,P029,18071.91,2025-03-14
H003080,C002630,P016,100000.0,2024-06-05
H003081,C007805,P013,100135.22,2025-09-10
H003082,C007805,P001,50000.0,2025-10-11
H003083,C005289,P012,10000.0,2025-06-12
H003084,C005289,P030,18673.2,2024-06-23
H003085,C005289,P015,50000.0,2025-08-15
H003086,C004383,P012,28347.39,2025-07-24
H003087,C004383,P027,100000.0,2025-07-06
H003088,C004383,P002,117147.36,2025-09-13
H003089,C001871,P004,20005.05,2025-09-29
H003090,C001871,P019,22114.75,2025-04-17
H003091,C005815,P013,43528.12,2025-09-04
H003092,C005815,P027,100000.0,2025-04-13
H003093,C005815,P002,38107.54,2025-12-16
H003094,C001865,P011,11333.64,2025-01-04
H003095,C004538,P001,50000.0,2025-05-26
H003096,C004538,P014,64352.65,2024-11-06
H003097,C004538,P028,100000.0,2025-06-30
H003098,C007444,P018,19036.18,2025-03-02
H003099,C002998,P014,37018.94,2026-01-08
H003100,C002998,P011,18166.71,2024-10-03
H003101,C002998,P011,43037.17,2025-11-18
H003102,C000905,P017,99057.92,2024-10-04
H003103,C000905,P001,50000.0,2024-11-28
H003104,C001447,P026,64400.9,2025-01-18
H003105,C001447,P008,16447.52,2025-03-19
H003106,C007505,P026,16328.94,2024-10-18
H003107,C004831,P021,100000.0,2024-11-07
H003108,C004831,P004,7346.84,2025-05-06
H003109,C001887,P015,63484.24,2025-07-18
H003110,C007803,P010,82389.24,2025-05-10
H003111,C007803,P008,33826.19,2025-08-10
H003112,C007803,P022,75012.46,2025-09-18
H003113,C005929,P009,76803.48,2025-01-26
H003114,C005211,P003,73594.19,2025-10-16
H003115,C005211,P009,50000.0,2024-10-12
H003116,C001566,P023,15602.8,2025-05-26
H003117,C003796,P005,100000.0,2025-05-15
H003118,C003796,P029,10000.0,2025-10-29
H003119,C007534,P019,5688.54,2024-11-11
H003120,C004210,P011,37147.83,2025-06-02
H003121,C002389,P002,17736.16,2026-01-18
H003122,C002389,P023,11070.08,2025-07-19
H003123,C002389,P014,12430.51,2025-03-28
H003124,C006140,P014,27697.93,2025-02-02
H003125,C006140,P001,50000.0,2026-01-03
H003126,C003222,P012,65929.03,2025-05-31
H003127,C003222,P029,22109.01,2026-01-21
H003128,C003297,P016,100000.0,2025-10-07
H003129,C002624,P010,50000.0,2025-05-12
H003130,C002624,P004,43631.9,2025-06-22
H003131,C004562,P010,50000.0,2025-05-29
H003132,C004562,P012,28230.86,2025-06-21
H003133,C002400,P017,8907.03,2024-08-07
H003134,C002400,P026,114829.91,2024-11-05
H003135,C002400,P024,16985.14,2025-02-15
H003136,C002400,P009,149776.27,2025-02-02
H003137,C005258,P011,23994.75,2025-12-02
H003138,C002304,P018,10000.0,2024-10-19
H003139,C004914,P008,156398.36,2025-11-11
H003140,C004914,P012,122580.1,2025-12-26
H003141,C005194,P028,100000.0,2025-10-09
H003142,C005194,P011,35564.51,2025-08-23
H003143,C005194,P018,22603.75,2024-12-11
H003144,C005194,P001,50000.0,2026-01-09
H003145,C004303,P020,50683.06,2024-07-09
H003146,C004303,P005,100000.0,2025-07-01
H003147,C004303,P018,15832.77,2025-02-09
H003148,C004303,P009,50000.0,2025-03-22
H003149,C006154,P017,30172.35,2025-08-26
H003150,C004616,P030,19623.67,2024-12-08
H003151,C004616,P014,62497.37,2024-12-03
H003152,C000255,P003,50000.0,2025-10-05
H003153,C000255,P025,3028.81,2025-06-22
H003154,C005282,P004,26872.39,2025-08-10
H003155,C001114,P023,112156.0,2025-04-05
H003156,C001114,P030,37713.81,2025-10-07
H003157,C002261,P008,10628.12,2025-07-17
H003158,C000222,P001,50000.0,2025-02-01
H003159,C000222,P021,100000.0,2024-08-23
H003160,C000222,P029,22093.34,2025-03-08
H003161,C000268,P012,10285.71,2025-11-08
H003162,C000108,P030,41841.78,2024-10-07
H003163,C004728,P017,70694.55,2025-09-30
H003164,C001227,P010,50000.0,2025-05-21
H003165,C002836,P002,17515.65,2024-08-13
H003166,C005712,P016,100000.0,2024-10-20
H003167,C005712,P030,68401.55,2024-10-04
H003168,C005712,P012,25411.69,2025-07-05
H003169,C007295,P019,29445.85,2024-09-09
H003170,C005571,P005,100000.0,2025-11-11
H003171,C005571,P003,70757.85,2025-09-01
H003172,C001513,P017,19293.5,2025-01-08
H003173,C005036,P003,95590.82,2025-11-24
H003174,C003204,P011,15960.72,2025-03-20
H003175,C000304,P020,40611.2,2025-09-15
H003176,C004429,P024,134637.62,2025-05-10
H003177,C004429,P010,91618.02,2025-03-02
H003178,C004429,P017,12635.17,2025-01-04
H003179,C004429,P004,12063.91,2024-09-28
H003180,C004102,P006,50000.0,2025-05-22
H003181,C003694,P012,21291.24,2025-06-06
H003182,C007362,P003,50000.0,2025-11-08
H003183,C007362,P003,50000.0,2026-01-06
H003184,C001211,P016,100000.0,2024-09-23
H003185,C005308,P013,14110.67,2025-08-19
H003186,C002958,P018,71230.64,2024-08-15
H003187,C006920,P023,30389.41,2025-10-11
H003188,C006920,P024,79954.48,2025-09-15
H003189,C001437,P030,32697.09,2024-12-21
H003190,C005980,P019,134838.39,2025-03-26
H003191,C005980,P008,20676.59,2025-04-16
H003192,C007754,P013,13257.07,2025-07-08
H003193,C005493,P015,50000.0,2025-01-29
H003194,C005493,P028,130826.51,2025-06-12
H003195,C005493,P003,50000.0,2025-06-11
H003196,C000377,P002,43360.6,2025-02-22
H003197,C002689,P014,28253.37,2025-07-19
H003198,C002689,P023,107925.64,2025-08-08
H003199,C002116,P015,123706.55,2026-01-16
H003200,C007220,P012,57696.47,2025-07-28
H003201,C000756,P030,39522.56,2024-08-07
H003202,C000292,P011,14199.38,2024-12-02
H003203,C002996,P016,100000.0,2024-07-22
H003204,C002996,P009,58404.92,2025-02-25
H003205,C004059,P005,100000.0,2024-12-19
H003206,C004059,P022,36294.32,2024-09-04
H003207,C001544,P020,30000.2,2025-01-21
H003208,C001544,P013,30859.27,2025-12-03
H003209,C004161,P017,30267.26,2025-09-05
H003210,C004161,P026,41183.55,2025-05-18
H003211,C000189,P010,50000.0,2025-05-04
H003212,C004926,P023,37881.9,2025-01-05
H003213,C001202,P001,50000.0,2024-10-22
H003214,C001202,P027,100000.0,2025-02-18
H003215,C001202,P026,86212.76,2025-01-14
H003216,C007479,P024,15219.26,2025-02-04
H003217,C007479,P004,13892.19,2025-12-16
H003218,C006559,P022,40890.95,2025-08-07
H003219,C006559,P013,14746.11,2025-12-25
H003220,C006559,P025,20319.03,2025-01-30
H003221,C001537,P024,49331.63,2025-05-18
H003222,C001537,P018,14038.77,2024-07-06
H003223,C001537,P029,170810.58,2025-06-22
H003224,C001537,P025,25142.76,2025-09-20
H003225,C007593,P010,50000.0,2024-12-20
H003226,C007593,P001,50000.0,2024-10-20
H003227,C004598,P019,8818.56,2024-08-04
H003228,C000502,P016,100000.0,2025-12-16
H003229,C000502,P008,48722.72,2025-05-05
H003230,C004680,P019,118444.27,2025-08-04
H003231,C004680,P024,25563.81,2024-12-17
H003232,C003107,P025,68417.47,2025-05-29
H003233,C003107,P017,10183.5,2025-06-30
H003234,C003107,P018,21849.56,2025-04-03
H003235,C003107,P008,22989.06,2025-12-07
H003236,C002648,P007,50000.0,2025-12-19
H003237,C001540,P014,31383.81,2026-01-07
H003238,C003981,P030,37426.44,2026-01-21
H003239,C004476,P011,47834.73,2025-08-09
H003240,C004710,P026,23832.36,2024-09-13
H003241,C006836,P008,78090.6,2025-07-10
H003242,C007407,P017,66763.43,2025-07-27
H003243,C000673,P013,25442.29,2025-08-19
H003244,C000673,P019,17633.0,2024-09-03
H003245,C006905,P003,84210.07,2026-01-05
H003246,C006673,P008,24412.26,2025-05-22
H003247,C006673,P011,47557.09,2024-10-18
H003248,C006673,P029,15101.97,2024-12-08
H003249,C006982,P018,95094.52,2024-11-10
H003250,C006982,P015,50000.0,2025-10-12
H003251,C006982,P016,109796.88,2024-12-04
H003252,C006982,P006,50000.0,2025-05-12
H003253,C002477,P012,70154.1,2025-10-01
H003254,C002477,P011,41816.79,2025-06-07
H003255,C002477,P022,19787.53,2025-12-01
H003256,C004205,P012,81342.03,2025-05-26
H003257,C006981,P025,39943.73,2025-07-18
H003258,C006406,P011,70786.84,2025-05-23
H003259,C006406,P022,62761.08,2024-07-12
H003260,C006406,P013,57566.28,2025-06-06
H003261,C006406,P001,50000.0,2024-08-07
H003262,C007616,P029,155703.43,2025-01-31
H003263,C007616,P009,50000.0,2025-05-04
H003264,C007616,P012,39432.96,2025-08-19
H003265,C006277,P016,100000.0,2025-12-03
H003266,C006277,P006,63505.93,2025-01-05
H003267,C001193,P014,47034.69,2025-03-02
H003268,C001193,P014,16400.94,2025-03-01
H003269,C006821,P017,24329.68,2024-09-23
H003270,C007963,P006,50000.0,2025-06-19
H003271,C007963,P002,14342.14,2025-12-07
H003272,C006430,P002,20672.88,2025-02-18
H003273,C006430,P010,50000.0,2025-01-22
H003274,C006430,P022,54942.69,2025-09-29
H003275,C007208,P005,100000.0,2024-07-04
H003276,C001514,P014,71460.31,2025-03-28
H003277,C001514,P014,55274.1,2026-01-18
H003278,C001514,P016,100000.0,2025-11-27
H003279,C001514,P030,30552.33,2025-04-05
H003280,C000217,P004,38869.57,2025-09-02
H003281,C000217,P011,37379.32,2025-12-03
H003282,C000217,P020,14777.03,2025-11-23
H003283,C005426,P024,43283.08,2024-10-24
H003284,C000422,P028,100000.0,2025-10-11
H003285,C000422,P020,14729.5,2025-02-23
H003286,C000422,P023,19126.66,2025-09-15
H003287,C000422,P026,20664.3,2025-09-19
H003288,C000506,P025,23366.64,2025-12-05
H003289,C005317,P030,9202.16,2025-06-19
H003290,C005317,P020,37913.25,2024-07-09
H003291,C007116,P025,28115.08,2025-05-28
H003292,C007116,P022,42234.04,2025-09-19
H003293,C004459,P004,66506.06,2024-12-23
H003294,C004459,P003,143623.39,2025-12-14
H003295,C003071,P005,100000.0,2026-01-17
H003296,C001583,P024,25412.65,2025-04-14
H003297,C001583,P008,13286.29,2025-08-14
H003298,C000507,P016,100000.0,2025-06-13
H003299,C000507,P024,8828.48,2024-12-09
H003300,C002178,P007,75123.1,2024-09-11
H003301,C007686,P029,10000.0,2024-11-17
H003302,C007686,P002,26115.45,2024-09-29
H003303,C007003,P016,100000.0,2025-05-04
H003304,C004845,P011,45506.69,2026-01-11
H003305,C006479,P008,34221.09,2025-11-14
H003306,C007452,P015,50000.0,2025-10-04
H003307,C001966,P007,53636.9,2025-12-13
H003308,C004141,P023,116692.87,2025-06-27
H003309,C004141,P013,33635.7,2025-11-13
H003310,C003612,P030,70348.11,2025-03-18
H003311,C004099,P016,100000.0,2025-06-28
H003312,C004099,P017,48985.24,2025-05-20
H003313,C003351,P015,50000.0,2025-08-25
H003314,C006469,P006,73551.13,2024-10-30
H003315,C005131,P015,50000.0,2025-08-08
H003316,C002578,P023,32350.88,2025-01-05
H003317,C007066,P014,58858.59,2025-04-01
H003318,C006716,P030,41382.57,2025-03-10
H003319,C000334,P029,21951.52,2025-06-14
H003320,C000334,P002,48603.52,2024-07-30
H003321,C000334,P018,49116.06,2024-08-18
H003322,C004828,P022,17967.01,2026-01-02
H003323,C004828,P004,34660.38,2025-05-06
H003324,C006947,P014,18473.13,2025-07-08
H003325,C006947,P017,9816.97,2025-07-08
H003326,C007956,P030,50081.88,2025-08-14
H003327,C007956,P023,58917.06,2025-11-21
H003328,C007956,P006,50000.0,2024-12-27
H003329,C003394,P022,83753.26,2025-06-13
H003330,C006591,P030,30989.19,2025-05-08
H003331,C006591,P007,50000.0,2025-07-03
H003332,C007002,P004,23293.94,2025-07-04
H003333,C006174,P010,50000.0,2026-01-15
H003334,C006174,P020,26958.3,2025-05-28
H003335,C007493,P020,102760.69,2025-03-23
H003336,C003622,P006,73987.28,2025-04-19
H003337,C003622,P010,50000.0,2025-04-25
H003338,C003622,P030,37800.99,2025-09-22
H003339,C005521,P028,100000.0,2025-06-11
H003340,C005521,P022,10000.0,2025-08-23
H003341,C000747,P013,115681.27,2025-09-17
H003342,C001564,P026,47922.08,2025-07-14
H003343,C007923,P014,21950.74,2025-02-28
H003344,C003039,P016,100000.0,2025-06-06
H003345,C003039,P014,11827.55,2025-01-10
H003346,C003308,P003,50000.0,2025-11-15
H003347,C002276,P023,5263.9,2025-11-28
H003348,C006871,P030,31853.67,2025-06-02
H003349,C006871,P027,100000.0,2025-02-26
H003350,C002334,P023,17461.34,2025-04-27
H003351,C002993,P005,114046.58,2025-06-08
H003352,C005897,P001,122801.25,2025-09-25
H003353,C005897,P012,10000.0,2025-10-12
H003354,C005897,P016,100000.0,2024-11-29
H003355,C006387,P023,28850.17,2025-04-14
H003356,C006387,P030,49808.71,2025-07-21
H003357,C007398,P029,38187.1,2025-12-26
H003358,C002928,P017,48132.92,2024-12-11
H003359,C002928,P005,100000.0,2025-03-30
H003360,C002928,P028,100000.0,2024-10-02
H003361,C002928,P003,50000.0,2025-04-27
H003362,C000260,P022,34891.08,2025-05-01
H003363,C000260,P025,29567.88,2025-07-30
H003364,C007329,P015,50000.0,2025-09-13
H003365,C007329,P003,52474.97,2025-06-17
H003366,C007329,P017,20100.28,2025-06-14
H003367,C005705,P013,33202.34,2025-10-20
H003368,C005313,P017,7735.06,2024-09-27
H003369,C005313,P019,9707.72,2025-09-17
H003370,C006788,P012,81184.61,2025-10-17
H003371,C006788,P018,41720.94,2025-09-20
H003372,C006788,P003,222458.16,2025-10-31
H003373,C000381,P013,30643.09,2025-10-19
H003374,C000381,P025,41266.42,2025-02-03
H003375,C002570,P018,21943.1,2024-09-30
H003376,C002570,P018,54959.66,2025-03-22
H003377,C002570,P021,100000.0,2025-10-30
H003378,C002570,P022,17358.47,2026-01-04
H003379,C000600,P008,18458.29,2025-02-15
H003380,C001845,P002,24263.88,2024-11-04
H003381,C000046,P019,16716.5,2024-07-23
H003382,C001445,P011,16207.37,2025-09-24
H003383,C001445,P016,100000.0,2024-11-28
H003384,C001445,P011,19626.1,2024-08-10
H003385,C001445,P005,100000.0,2025-02-06
H003386,C001653,P022,27133.56,2024-09-15
H003387,C001587,P009,56174.33,2025-12-22
H003388,C005118,P002,184344.64,2025-05-16
H003389,C005118,P015,50000.0,2025-12-17
H003390,C005118,P021,100000.0,2025-12-11
H003391,C001894,P007,50000.0,2024-09-27
H003392,C001894,P019,27234.14,2024-07-27
H003393,C001894,P006,50000.0,2024-07-06
H003394,C005325,P004,19467.83,2025-12-29
H003395,C005575,P030,23924.66,2024-12-25
H003396,C005575,P026,89610.04,2024-06-05
H003397,C005134,P010,50000.0,2025-01-03
H003398,C005134,P009,61045.38,2025-08-15
H003399,C005323,P027,100000.0,2025-03-23
H003400,C004382,P015,50000.0,2025-07-30
H003401,C007652,P020,15735.69,2024-11-07
H003402,C007652,P014,23166.41,2024-12-09
H003403,C007652,P020,40361.24,2025-09-22
H003404,C007652,P017,25533.12,2025-05-07
H003405,C002692,P007,101851.48,2025-02-15
H003406,C002311,P014,32785.76,2026-01-06
H003407,C002311,P012,14026.59,2025-07-22
H003408,C003791,P025,12860.5,2025-07-02
H003409,C003791,P009,160248.01,2025-04-18
H003410,C003791,P005,100000.0,2026-01-04
H003411,C003380,P020,17937.88,2025-05-26
H003412,C004016,P017,21614.33,2025-11-24
H003413,C001601,P009,50000.0,2024-10-05
H003414,C001601,P012,25803.74,2025-10-22
H003415,C001601,P026,32780.0,2025-10-05
H003416,C006635,P023,23922.0,2025-04-22
H003417,C005689,P011,13087.69,2024-10-27
H003418,C005689,P017,52237.71,2024-11-03
H003419,C003361,P003,50000.0,2025-04-15
H003420,C003361,P010,50000.0,2025-06-26
H003421,C003361,P007,50000.0,2024-08-28
H003422,C003361,P026,71404.71,2025-10-07
H003423,C006275,P001,50000.0,2024-11-22
H003424,C006275,P017,15859.55,2025-10-26
H003425,C002852,P009,50000.0,2025-07-02
H003426,C002852,P018,49628.7,2024-09-23
H003427,C002852,P017,35360.92,2024-09-20
H003428,C004447,P030,34490.85,2024-12-23
H003429,C005820,P030,23673.27,2025-08-24
H003430,C001299,P002,10865.45,2024-07-03
H003431,C001299,P015,70398.93,2025-07-13
H003432,C000427,P028,231877.06,2025-02-11
H003433,C000427,P026,9138.68,2025-03-29
H003434,C003442,P019,19497.57,2025-11-14
H003435,C000806,P011,33105.03,2025-06-19
H003436,C002274,P022,60844.6,2024-09-26
H003437,C000411,P013,56995.76,2025-11-04
H003438,C006694,P002,16637.8,2025-05-08
H003439,C002463,P004,34817.13,2024-06-16
H003440,C000439,P003,50000.0,2025-08-27
H003441,C000439,P008,24804.85,2025-05-18
H003442,C005526,P018,25652.87,2025-04-01
H003443,C007131,P024,17492.57,2025-02-13
H003444,C007131,P028,100000.0,2025-09-08
H003445,C000435,P016,100000.0,2025-12-12
H003446,C000435,P028,100000.0,2024-07-29
H003447,C005266,P015,50000.0,2025-02-12
H003448,C005266,P024,43715.65,2025-09-11
H003449,C000752,P013,27489.91,2025-12-27
H003450,C001953,P001,50000.0,2024-06-25
H003451,C001953,P027,100000.0,2025-06-25
H003452,C001953,P029,29574.01,2025-01-01
H003453,C002134,P012,60821.85,2025-07-14
H003454,C002134,P006,57824.22,2024-06-18
H003455,C002134,P030,82024.9,2025-08-31
H003456,C005014,P026,9757.87,2025-07-19
H003457,C003160,P025,18400.27,2025-07-27
H003458,C004776,P008,10000.0,2025-04-05
H003459,C007836,P018,54118.07,2024-11-13
H003460,C007836,P028,100000.0,2025-04-13
H003461,C007836,P025,62441.87,2025-02-13
H003462,C007836,P001,50000.0,2024-11-07
H003463,C006476,P003,50000.0,2025-05-24
H003464,C006476,P006,50000.0,2025-08-19
H003465,C006476,P029,18538.88,2025-02-10
H003466,C006476,P026,76617.99,2025-04-10
H003467,C003136,P023,38971.98,2025-11-14
H003468,C003136,P025,104856.5,2025-10-07
H003469,C001050,P026,75086.92,2025-01-11
H003470,C000627,P026,20274.47,2024-06-17
H003471,C000627,P006,50000.0,2024-11-23
H003472,C000627,P023,9273.69,2025-03-14
H003473,C000627,P004,36187.36,2025-11-08
H003474,C001776,P017,8640.04,2025-12-23
H003475,C003040,P020,33753.98,2025-10-27
H003476,C002179,P019,12239.97,2025-09-18
H003477,C002179,P013,10000.0,2025-09-10
H003478,C002179,P030,13562.23,2025-04-20
H003479,C001224,P005,100000.0,2025-08-22
H003480,C001224,P009,50000.0,2025-03-17
H003481,C000211,P016,100000.0,2024-10-29
H003482,C000211,P017,20711.77,2025-07-07
H003483,C006135,P011,29153.26,2024-12-16
H003484,C006135,P025,17703.19,2025-02-03
H003485,C003962,P026,22560.3,2025-05-22
H003486,C006823,P008,39690.72,2025-02-22
H003487,C006823,P029,80486.71,2024-12-03
H003488,C000052,P011,93626.44,2025-04-04
H003489,C001500,P013,32180.46,2025-09-17
H003490,C001500,P030,23057.29,2025-10-05
H003491,C001110,P018,21995.08,2025-10-15
H003492,C001465,P004,24135.65,2025-02-13
H003493,C007776,P010,50000.0,2025-11-09
H003494,C002037,P003,50000.0,2025-06-16
H003495,C002037,P008,41938.76,2025-12-17
H003496,C002037,P028,100000.0,2025-06-25
H003497,C002037,P010,50000.0,2025-01-21
H003498,C000653,P025,74506.79,2025-05-11
H003499,C000653,P022,98260.55,2024-09-09
H003500,C002338,P020,24415.2,2025-07-01
H003501,C002338,P006,50000.0,2024-10-30
H003502,C002338,P001,50000.0,2024-07-29
H003503,C002727,P023,83044.64,2025-06-29
H003504,C005598,P002,50079.69,2024-07-13
H003505,C004775,P009,50000.0,2025-02-03
H003506,C003856,P024,21403.49,2024-09-21
H003507,C003856,P024,26607.22,2025-01-14
H003508,C003856,P008,45195.46,2025-12-18
H003509,C007217,P030,31378.17,2025-04-03
H003510,C007217,P026,18075.05,2025-04-13
H003511,C001796,P007,61386.88,2025-11-09
H003512,C001703,P008,184919.02,2025-12-09
H003513,C006441,P020,55320.4,2025-12-12
H003514,C002670,P024,11260.38,2025-04-24
H003515,C004592,P030,49002.9,2024-12-30
H003516,C004592,P017,57709.78,2025-03-06
H003517,C004592,P027,100000.0,2025-09-20
H003518,C004592,P001,50000.0,2024-09-13
H003519,C003788,P010,72478.44,2025-11-26
H003520,C003788,P030,32596.08,2025-06-30
H003521,C003788,P014,13337.24,2025-12-23
H003522,C003788,P017,42727.55,2024-12-20
H003523,C005158,P009,50000.0,2025-09-16
H003524,C005158,P004,21306.04,2025-11-11
H003525,C005158,P012,36169.54,2025-12-10
H003526,C002946,P015,50000.0,2025-09-17
H003527,C001499,P012,53454.71,2025-10-29
H003528,C002942,P011,44366.01,2024-07-22
H003529,C002942,P020,29428.38,2025-03-29
H003530,C002942,P026,51730.2,2024-06-03
H003531,C006925,P002,16674.86,2025-10-05
H003532,C006483,P017,97146.36,2025-12-27
H003533,C006483,P024,55500.58,2024-10-28
H003534,C006483,P012,27604.57,2025-07-31
H003535,C006218,P028,100000.0,2024-09-28
H003536,C006267,P029,21717.04,2025-03-11
H003537,C006267,P026,57851.39,2024-12-12
H003538,C006267,P019,22606.94,2025-11-25
H003539,C006267,P029,43411.2,2024-11-29
H003540,C004825,P014,10000.0,2025-06-07
H003541,C005877,P020,11448.62,2025-01-24
H003542,C005966,P020,14653.18,2024-07-25
H003543,C003976,P024,26781.13,2025-08-12
H003544,C005203,P010,55620.65,2025-11-22
H003545,C002511,P029,31704.61,2024-12-16
H003546,C002511,P001,50000.0,2024-08-04
H003547,C002084,P015,50000.0,2025-09-18
H003548,C002084,P001,50000.0,2024-08-04
H003549,C000706,P004,36927.03,2024-09-07
H003550,C001873,P025,69799.71,2025-11-18
H003551,C001873,P010,50000.0,2025-05-12
H003552,C002517,P013,13798.15,2025-08-18
H003553,C005580,P026,24370.18,2024-11-11
H003554,C004668,P017,25726.99,2025-09-20
H003555,C004668,P015,50000.0,2025-08-28
H003556,C004668,P029,64846.43,2025-04-11
H003557,C000058,P010,50000.0,2024-12-26
H003558,C000058,P029,34037.15,2025-12-25
H003559,C000058,P026,13533.24,2026-01-06
H003560,C000058,P019,72714.21,2024-11-19
H003561,C001919,P022,20709.33,2025-05-28
H003562,C007903,P008,21595.25,2025-06-22
H003563,C007903,P023,77619.24,2026-01-05
H003564,C003729,P004,44802.51,2025-08-23
H003565,C003837,P022,55707.95,2025-07-19
H003566,C006409,P012,39788.75,2025-06-16
H003567,C006409,P017,22875.21,2024-09-17
H003568,C004841,P003,50000.0,2025-11-08
H003569,C000528,P021,100000.0,2025-10-19
H003570,C000528,P002,13876.78,2024-12-15
H003571,C006106,P029,67594.43,2025-01-31
H003572,C006484,P023,23571.07,2025-03-24
H003573,C006484,P004,28704.35,2025-07-02
H003574,C003210,P013,22765.24,2025-06-09
H003575,C006067,P015,50000.0,2025-04-19
H003576,C006067,P004,31002.79,2025-04-23
H003577,C005562,P022,27887.77,2024-09-24
H003578,C000566,P004,120842.47,2025-06-18
H003579,C007511,P020,21592.14,2025-01-10
H003580,C002863,P002,54145.77,2025-03-20
H003581,C002863,P020,63127.01,2025-11-10
H003582,C007539,P020,10000.0,2024-11-20
H003583,C007539,P003,50000.0,2025-12-10
H003584,C002184,P012,10000.0,2025-06-15
H003585,C006413,P019,27983.19,2025-01-30
H003586,C002035,P012,164521.9,2025-12-11
H003587,C002035,P009,50000.0,2025-02-17
H003588,C002446,P002,53189.82,2025-10-09
H003589,C004004,P001,50000.0,2025-08-17
H003590,C004004,P011,91155.62,2025-06-16
H003591,C005790,P024,14520.36,2025-11-05
H003592,C005790,P007,56135.88,2025-07-15
H003593,C004948,P004,48453.09,2024-08-19
H003594,C004948,P018,15818.83,2026-01-04
H003595,C001965,P014,15529.04,2025-08-22
H003596,C005297,P028,100000.0,2025-07-17
H003597,C005297,P025,33267.09,2025-08-06
H003598,C003480,P030,18748.79,2025-04-18
H003599,C003480,P001,52395.86,2025-04-07
H003600,C003480,P005,100000.0,2024-08-11
H003601,C002167,P002,25891.04,2024-10-08
H003602,C006941,P004,13405.27,2024-09-15
H003603,C006941,P001,50000.0,2025-06-03
H003604,C006941,P001,50000.0,2024-06-20
H003605,C007635,P006,64610.94,2025-10-15
H003606,C007635,P013,31035.3,2025-08-22
H003607,C007635,P014,61246.99,2025-01-29
H003608,C007635,P015,61319.24,2025-02-03
H003609,C000326,P019,28831.9,2024-09-06
H003610,C001821,P008,49185.23,2025-04-18
H003611,C001821,P008,42537.51,2025-11-15
H003612,C001821,P019,21448.42,2025-11-03
H003613,C001821,P028,100000.0,2024-11-14
H003614,C005022,P023,14469.34,2025-09-16
H003615,C005022,P014,25474.57,2025-12-14
H003616,C005022,P023,47716.04,2025-09-28
H003617,C005160,P011,24098.07,2024-11-28
H003618,C000291,P028,100000.0,2024-11-27
H003619,C000291,P030,38700.76,2025-06-19
H003620,C001748,P011,35822.4,2024-07-04
H003621,C001748,P001,50000.0,2025-08-07
H003622,C003177,P018,31713.47,2024-08-28
H003623,C003177,P017,45013.17,2025-02-12
H003624,C007030,P008,49175.32,2025-08-14
H003625,C007030,P019,82341.21,2025-10-04
H003626,C002751,P025,61824.24,2025-04-26
H003627,C002751,P008,19634.99,2025-04-16
H003628,C004478,P019,47829.83,2026-01-06
H003629,C007753,P027,100000.0,2025-06-04
H003630,C007753,P010,50000.0,2025-05-25
H003631,C003103,P005,100000.0,2025-04-21
H003632,C005293,P007,50000.0,2024-09-24
H003633,C005293,P006,50000.0,2025-04-16
H003634,C003465,P017,95806.49,2025-07-08
H003635,C004373,P011,19498.04,2025-06-23
H003636,C004373,P020,27400.0,2024-10-02
H003637,C006715,P002,17548.33,2025-04-22
H003638,C006715,P007,65280.22,2024-10-24
H003639,C006664,P019,65007.91,2025-07-24
H003640,C005092,P017,192343.23,2025-09-10
H003641,C000865,P022,32682.81,2025-05-06
H003642,C007570,P029,21732.21,2025-07-07
H003643,C006779,P013,38885.88,2025-08-12
H003644,C006779,P010,50000.0,2025-01-10
H003645,C006779,P003,50000.0,2025-09-14
H003646,C006779,P011,56615.53,2025-09-11
H003647,C003709,P009,50000.0,2024-11-09
H003648,C003709,P025,4367.88,2025-08-04
H003649,C007937,P025,34423.43,2025-09-10
H003650,C007937,P014,70733.25,2025-01-23
H003651,C007937,P005,100000.0,2025-11-11
H003652,C007937,P007,50000.0,2025-09-05
H003653,C000372,P023,36974.6,2025-01-09
H003654,C000372,P004,41128.3,2024-10-26
H003655,C000372,P025,62504.83,2025-05-22
H003656,C003478,P008,50598.16,2025-06-16
H003657,C002390,P010,50000.0,2025-09-15
H003658,C006319,P006,50000.0,2024-09-15
H003659,C006319,P022,25302.33,2025-11-25
H003660,C006285,P008,11669.35,2025-07-07
H003661,C006285,P009,78489.37,2024-10-27
H003662,C005664,P008,86068.24,2025-07-30
H003663,C005664,P008,20547.63,2025-10-03
H003664,C004488,P005,100000.0,2025-12-22
H003665,C007670,P025,28255.33,2025-08-09
H003666,C007670,P022,24963.41,2024-08-28
H003667,C007670,P004,30427.79,2026-01-08
H003668,C001361,P009,50000.0,2025-04-04
H003669,C000912,P025,21768.55,2025-06-19
H003670,C005142,P018,54402.99,2025-08-23
H003671,C005142,P023,15375.78,2025-07-16
H003672,C004296,P011,13293.49,2024-12-21
H003673,C004296,P005,100000.0,2024-07-16
H003674,C004603,P021,100000.0,2025-03-07
H003675,C004603,P009,70748.83,2025-07-08
H003676,C000965,P024,16233.33,2025-08-17
H003677,C000965,P003,50000.0,2025-11-07
H003678,C000965,P017,17806.97,2025-07-13
H003679,C001424,P025,12323.97,2025-04-14
H003680,C001424,P004,6074.81,2025-04-30
H003681,C000123,P008,32718.34,2025-08-01
H003682,C000480,P023,116690.21,2025-03-16
H003683,C000663,P005,100000.0,2024-11-18
H003684,C006693,P008,141967.61,2025-03-28
H003685,C006693,P006,50000.0,2025-04-03
H003686,C002190,P025,33148.39,2025-12-19
H003687,C005215,P008,28196.44,2025-07-18
H003688,C005215,P028,100000.0,2024-10-24
H003689,C005215,P011,10000.0,2025-09-22
H003690,C002132,P025,21084.38,2025-06-01
H003691,C000440,P004,35245.8,2025-07-22
H003692,C001380,P007,50000.0,2026-01-11
H003693,C001444,P012,35942.35,2025-10-19
H003694,C004380,P024,25867.86,2024-12-27
H003695,C004380,P017,3403.0,2025-05-14
H003696,C004336,P011,18409.8,2025-06-03
H003697,C004336,P011,47761.4,2024-12-25
H003698,C004336,P025,70694.94,2025-11-12
H003699,C001478,P019,19009.82,2024-11-18
H003700,C006750,P008,24975.77,2025-11-01
H003701,C006750,P004,63550.18,2025-04-29
H003702,C006750,P005,151831.09,2025-01-13
H003703,C001174,P029,19316.81,2024-12-09
H003704,C004535,P023,38338.27,2025-04-19
H003705,C004535,P019,55542.29,2025-05-10
H003706,C005410,P002,7220.96,2025-05-08
H003707,C005410,P022,27126.45,2024-10-05
H003708,C002447,P023,6567.57,2026-01-21
H003709,C003949,P015,50000.0,2025-11-09
H003710,C003086,P019,16525.46,2025-03-18
H003711,C003086,P025,37592.48,2025-08-03
H003712,C003086,P026,59388.78,2025-10-25
H003713,C003086,P015,50000.0,2025-02-28
H003714,C000280,P022,99706.74,2025-06-20
H003715,C002581,P014,31650.07,2025-06-20
H003716,C002581,P007,50000.0,2025-11-19
H003717,C002581,P016,100000.0,2024-06-15
H003718,C004626,P003,135818.27,2025-05-21
H003719,C004626,P007,126879.25,2024-10-06
H003720,C001102,P013,32090.9,2025-09-04
H003721,C001102,P014,10000.0,2025-02-15
H003722,C001102,P004,72018.15,2024-12-22
H003723,C006225,P024,10209.6,2025-02-21
H003724,C001695,P012,17289.62,2025-10-30
H003725,C002143,P028,100000.0,2025-05-19
H003726,C002143,P002,43588.65,2025-04-05
H003727,C002143,P025,22373.64,2025-05-19
H003728,C002424,P017,12509.9,2024-06-04
H003729,C002424,P014,22473.06,2025-08-20
H003730,C006286,P022,28323.56,2024-07-09
H003731,C000578,P016,103435.99,2024-11-03
H003732,C000060,P016,100000.0,2025-04-08
H003733,C000060,P028,100000.0,2025-01-28
H003734,C000060,P015,50000.0,2025-08-17
H003735,C000788,P008,27470.2,2025-10-15
H003736,C002544,P001,50000.0,2024-11-04
H003737,C005832,P004,17189.13,2025-01-17
H003738,C005832,P020,20277.78,2025-03-10
H003739,C005832,P026,13865.77,2025-06-03
H003740,C005109,P011,41309.56,2025-02-18
H003741,C005109,P003,50000.0,2025-07-26
H003742,C005109,P023,35051.68,2025-08-30
H003743,C005109,P026,29012.74,2024-11-15
H003744,C004305,P020,63265.59,2025-03-25
H003745,C004305,P004,95412.68,2025-03-20
H003746,C007085,P020,17660.82,2025-05-23
H003747,C007085,P023,90284.18,2025-10-18
H003748,C005361,P018,30825.04,2025-08-28
H003749,C007512,P023,88798.49,2025-12-31
H003750,C007554,P002,50431.62,2025-01-09
H003751,C007554,P021,100000.0,2025-03-15
H003752,C003908,P008,33788.42,2025-06-18
H003753,C003908,P030,63647.33,2025-06-29
H003754,C003908,P008,124129.69,2025-04-30
H003755,C003908,P008,34329.64,2025-10-25
H003756,C007498,P010,50000.0,2025-06-01
H003757,C006404,P014,88046.26,2025-03-27
H003758,C006404,P014,35479.85,2025-11-14
H003759,C006404,P020,20963.29,2024-08-27
H003760,C006404,P008,16036.64,2025-08-04
H003761,C005164,P004,24004.15,2025-11-21
H003762,C006794,P022,42806.19,2025-05-26
H003763,C000185,P002,68223.75,2025-03-22
H003764,C002516,P017,6946.75,2025-11-01
H003765,C002516,P023,10827.31,2025-06-02
H003766,C000421,P025,36024.74,2025-06-27
H003767,C000554,P023,18069.08,2025-01-31
H003768,C000554,P008,113132.57,2025-02-22
H003769,C001398,P010,50000.0,2025-07-01
H003770,C001398,P006,50000.0,2025-05-27
H003771,C001398,P020,26577.78,2024-09-26
H003772,C001398,P003,50000.0,2025-11-12
H003773,C007157,P002,25196.72,2024-07-25
H003774,C007157,P020,54146.18,2024-06-03
H003775,C007157,P025,3211.7,2025-01-28
H003776,C002408,P003,58823.15,2025-07-02
H003777,C006829,P028,100000.0,2024-08-14
H003778,C006829,P009,50000.0,2025-01-31
H003779,C001761,P009,50000.0,2025-05-04
H003780,C001761,P003,112747.81,2025-11-03
H003781,C001761,P015,77750.32,2025-08-03
H003782,C001761,P030,20272.84,2025-03-02
H003783,C007522,P015,50000.0,2025-08-02
H003784,C007522,P013,19803.52,2025-11-16
H003785,C000298,P007,50000.0,2024-12-13
H003786,C000444,P023,39812.07,2026-01-04
H003787,C003539,P008,22817.28,2025-08-02
H003788,C001120,P017,39257.4,2025-05-25
H003789,C001120,P013,21936.56,2025-12-13
H003790,C001120,P029,111652.26,2025-11-24
H003791,C001120,P018,71697.45,2025-03-14
H003792,C002674,P017,117501.6,2024-11-13
H003793,C002674,P029,59553.54,2025-03-25
H003794,C002674,P029,69765.97,2025-09-26
H003795,C002674,P024,68631.91,2024-11-16
H003796,C002606,P020,33878.8,2024-06-30
H003797,C001922,P017,20149.46,2024-12-09
H003798,C001922,P002,40354.33,2025-03-09
H003799,C001922,P019,45927.93,2025-04-04
H003800,C004709,P001,71966.74,2025-05-13
H003801,C003044,P025,25000.02,2025-12-02
H003802,C004240,P018,167382.63,2024-07-02
H003803,C004240,P003,50000.0,2025-11-24
H003804,C004240,P030,72628.23,2025-06-16
H003805,C004240,P010,50000.0,2025-12-10
H003806,C006204,P016,100000.0,2025-01-17
H003807,C004051,P011,11432.55,2025-09-15
H003808,C006705,P030,28512.35,2025-09-12
H003809,C006221,P013,83808.06,2025-10-26
H003810,C006221,P002,16774.21,2025-05-28
H003811,C000559,P030,28182.69,2025-09-22
H003812,C006740,P017,189093.05,2025-08-22
H003813,C001372,P018,40198.22,2024-07-26
H003814,C001372,P023,33509.52,2025-05-01
H003815,C000908,P028,100000.0,2025-03-16
H003816,C000908,P011,48786.06,2024-07-10
H003817,C000908,P019,117510.86,2025-06-03
H003818,C004011,P004,26872.54,2025-03-26
H003819,C004011,P017,53014.77,2024-08-12
H003820,C004011,P025,104461.26,2025-02-15
H003821,C004011,P007,50000.0,2024-07-25
H003822,C001434,P001,50242.12,2024-12-08
H003823,C007799,P009,50000.0,2025-02-20
H003824,C007799,P026,26548.68,2024-07-04
H003825,C004413,P029,22658.06,2025-06-03
H003826,C004413,P004,18564.35,2025-07-25
H003827,C004413,P008,28777.58,2025-07-25
H003828,C004413,P023,15533.03,2025-07-23
H003829,C005029,P004,17251.63,2025-07-31
H003830,C005029,P018,31136.74,2024-08-11
H003831,C005965,P011,78105.33,2024-06-27
H003832,C005965,P022,54604.48,2025-08-30
H003833,C005965,P006,65706.14,2025-02-11
H003834,C005965,P019,116308.3,2025-05-03
H003835,C000927,P006,50000.0,2025-06-08
H003836,C003197,P012,22084.58,2025-08-29
H003837,C000016,P023,16286.91,2025-02-28
H003838,C000016,P004,14524.04,2025-05-09
H003839,C007241,P009,152116.67,2025-05-09
H003840,C007241,P022,10494.23,2024-09-28
H003841,C007287,P014,34355.56,2025-05-21
H003842,C007287,P008,10000.0,2025-08-25
H003843,C007287,P021,118465.63,2025-03-04
H003844,C005703,P008,24917.51,2025-05-19
H003845,C001162,P008,32583.94,2025-03-14
H003846,C001162,P028,100000.0,2025-09-11
H003847,C001162,P021,100000.0,2025-05-07
H003848,C001162,P007,50000.0,2025-09-19
H003849,C003591,P008,31690.71,2025-09-29
H003850,C003591,P002,24552.8,2024-07-05
H003851,C004248,P029,77045.98,2025-01-20
H003852,C004248,P007,80115.39,2025-08-22
H003853,C007324,P018,38620.84,2025-01-15
H003854,C004935,P026,39076.04,2025-09-14
H003855,C005588,P006,50000.0,2024-06-26
H003856,C005588,P014,43993.05,2025-03-03
H003857,C005588,P009,50000.0,2024-12-01
H003858,C003923,P008,10000.0,2025-02-25
H003859,C003923,P009,50000.0,2024-10-20
H003860,C003923,P010,50000.0,2025-11-27
H003861,C001363,P030,52542.77,2025-06-15
H003862,C001363,P006,50000.0,2024-07-18
H003863,C001213,P023,28239.0,2025-06-25
H003864,C001877,P015,111252.48,2025-03-26
H003865,C001877,P017,33738.63,2024-11-26
H003866,C001877,P014,39639.16,2025-01-04
H003867,C002518,P015,50000.0,2025-03-05
H003868,C003035,P011,18286.33,2024-11-09
H003869,C003035,P014,96855.95,2024-11-12
H003870,C006222,P016,100000.0,2025-01-26
H003871,C006222,P008,15570.01,2025-08-11
H003872,C007334,P025,44886.26,2025-02-05
H003873,C007334,P004,95188.91,2025-12-28
H003874,C007334,P017,10056.15,2024-06-21
H003875,C001171,P030,16549.17,2024-12-19
H003876,C006330,P018,16182.17,2025-02-12
H003877,C006330,P022,10000.0,2024-09-30
H003878,C006330,P025,11278.92,2025-06-15
H003879,C006520,P013,43494.85,2025-09-14
H003880,C003893,P026,55017.27,2025-02-18
H003881,C003893,P018,19362.56,2024-08-24
H003882,C001834,P027,100000.0,2025-07-11
H003883,C001834,P029,10000.0,2025-01-13
H003884,C001834,P022,89843.56,2024-08-24
H003885,C001834,P019,74724.65,2025-05-03
H003886,C004992,P012,22185.22,2025-09-15
H003887,C004992,P018,53016.21,2025-06-29
H003888,C004992,P019,30026.51,2025-02-05
H003889,C001860,P009,50000.0,2025-07-29
H003890,C001860,P030,52324.15,2025-12-23
H003891,C003205,P030,45294.85,2025-10-18
H003892,C003205,P017,28987.12,2024-11-28
H003893,C004013,P009,52258.68,2024-10-23
H003894,C004191,P025,37857.87,2025-12-18
H003895,C004191,P018,39190.94,2024-06-25
H003896,C004191,P019,40447.18,2025-01-28
H003897,C004191,P011,85921.2,2024-12-09
H003898,C003716,P001,50000.0,2024-06-08
H003899,C003716,P012,26860.77,2025-09-19
H003900,C005720,P011,19652.5,2025-12-01
H003901,C005720,P024,6342.04,2024-12-19
H003902,C000388,P026,27233.64,2025-09-30
H003903,C005112,P017,15296.57,2024-10-16
H003904,C001033,P007,50000.0,2025-08-26
H003905,C001033,P008,33410.18,2025-07-18
H003906,C005483,P014,11000.7,2025-02-26
H003907,C006385,P002,17570.04,2025-02-23
H003908,C003835,P010,50000.0,2025-06-19
H003909,C005213,P019,32491.08,2024-07-24
H003910,C005213,P014,88932.42,2025-07-27
H003911,C000932,P029,30474.34,2025-09-09
H003912,C004236,P006,50000.0,2025-03-05
H003913,C004236,P029,122579.45,2025-10-19
H003914,C000692,P014,40649.24,2025-04-14
H003915,C001892,P017,36735.64,2025-09-09
H003916,C001892,P001,50000.0,2024-08-14
H003917,C001892,P026,9823.36,2024-12-14
H003918,C003758,P004,149574.61,2025-11-10
H003919,C004333,P022,12035.08,2025-02-22
H003920,C004333,P007,50000.0,2025-01-21
H003921,C004333,P011,12399.38,2024-08-20
H003922,C006362,P011,28559.58,2025-09-29
H003923,C002493,P026,179745.26,2024-11-06
H003924,C002493,P017,12955.87,2024-12-22
H003925,C002493,P016,363897.18,2024-10-27
H003926,C002493,P014,69717.7,2025-04-06
H003927,C006770,P006,90549.14,2025-02-04
H003928,C000045,P017,29550.9,2025-08-26
H003929,C000045,P022,111450.03,2025-09-24
H003930,C005363,P029,49254.74,2025-04-04
H003931,C005363,P006,50000.0,2024-07-21
H003932,C005363,P002,34471.54,2025-08-07
H003933,C007058,P025,6346.5,2025-07-14
H003934,C007058,P025,26115.52,2025-05-19
H003935,C007058,P003,50000.0,2026-01-10
H003936,C007058,P030,23663.9,2025-04-05
H003937,C003396,P030,6307.94,2024-12-09
H003938,C003396,P025,91905.62,2025-06-17
H003939,C003396,P001,50000.0,2026-01-01
H003940,C005041,P005,100000.0,2025-05-14
H003941,C005041,P018,117839.37,2024-08-17
H003942,C005041,P010,50000.0,2025-09-15
H003943,C005041,P010,50000.0,2025-02-04
H003944,C003015,P014,41673.54,2025-03-14
H003945,C003015,P024,73379.49,2024-12-03
H003946,C003015,P025,26176.29,2025-04-18
H003947,C001684,P014,18582.41,2024-12-15
H003948,C007853,P017,28300.2,2025-01-30
H003949,C007853,P018,65375.64,2025-12-28
H003950,C000064,P022,26363.17,2024-08-03
H003951,C000064,P016,100000.0,2025-12-10
H003952,C000064,P007,50000.0,2024-09-19
H003953,C003460,P023,21932.55,2025-09-12
H003954,C004804,P012,18526.04,2025-10-31
H003955,C003425,P024,62926.35,2024-12-09
H003956,C000228,P029,26699.2,2025-08-27
H003957,C004126,P007,50000.0,2024-08-28
H003958,C004126,P020,40011.47,2025-02-02
H003959,C004126,P005,260790.01,2025-02-26
H003960,C004126,P028,100000.0,2025-05-19
H003961,C005015,P020,28586.03,2025-07-17
H003962,C005389,P022,108763.15,2025-09-07
H003963,C007350,P025,22042.04,2025-09-01
H003964,C000970,P010,50000.0,2025-05-22
H003965,C000970,P007,50000.0,2025-03-27
H003966,C000970,P007,50000.0,2025-07-30
H003967,C001806,P002,54721.42,2025-12-08
H003968,C001806,P015,50000.0,2025-09-13
H003969,C004211,P015,50000.0,2025-11-23
H003970,C004211,P010,50000.0,2025-02-19
H003971,C004211,P019,194884.5,2025-04-26
H003972,C003413,P018,37810.92,2024-08-29
H003973,C003413,P017,35620.01,2025-08-13
H003974,C003413,P024,50344.58,2025-01-18
H003975,C003413,P018,27837.14,2025-11-24
H003976,C004246,P025,47218.77,2025-01-19
H003977,C004246,P019,59793.55,2025-01-22
H003978,C005682,P029,30720.52,2024-12-03
H003979,C005682,P002,14884.12,2025-03-13
H003980,C002699,P014,49812.41,2025-08-23
H003981,C006805,P018,19967.28,2025-06-03
H003982,C006805,P008,51338.64,2025-03-24
H003983,C001861,P011,36497.57,2024-09-16
H003984,C003979,P008,37642.38,2025-04-16
H003985,C005129,P027,100000.0,2025-07-02
H003986,C007938,P030,53243.7,2025-08-05
H003987,C007938,P008,13621.03,2025-09-20
H003988,C002834,P009,50000.0,2026-01-20
H003989,C002834,P009,60048.4,2025-10-16
H003990,C002834,P019,1096.22,2025-02-06
H003991,C000253,P022,33695.67,2025-06-05
H003992,C003816,P024,102732.67,2025-07-27
H003993,C003816,P027,100000.0,2025-07-07
H003994,C003816,P008,28646.86,2025-08-15
H003995,C007995,P018,20098.27,2024-10-24
H003996,C007995,P020,57919.13,2024-10-07
H003997,C007995,P025,48070.32,2025-02-01
H003998,C001790,P026,67322.38,2024-10-25
H003999,C001790,P014,88138.9,2025-11-09
H004000,C001790,P011,17160.1,2024-06-30
H004001,C001790,P025,65077.5,2025-07-17
H004002,C006610,P030,5259.89,2024-09-03
H004003,C002060,P002,61054.19,2025-05-29
H004004,C002060,P006,50000.0,2025-09-13
H004005,C002060,P014,100650.99,2025-06-06
H004006,C002060,P017,108374.07,2025-12-23
H004007,C006900,P007,50000.0,2025-02-25
H004008,C006900,P020,10000.0,2024-07-12
H004009,C006900,P007,50000.0,2025-12-25
H004010,C002856,P026,38774.48,2025-01-29
H004011,C005782,P026,23050.15,2025-10-26
H004012,C005782,P009,50000.0,2024-10-10
H004013,C005782,P001,143368.07,2024-06-23
H004014,C005782,P002,76563.63,2025-08-23
H004015,C001903,P011,31962.16,2025-12-27
H004016,C001903,P012,17201.54,2025-11-08
H004017,C002120,P027,100000.0,2025-09-28
H004018,C005906,P016,100000.0,2024-12-04
H004019,C005906,P030,14170.85,2024-08-24
H004020,C002684,P023,54048.58,2025-04-28
H004021,C006786,P028,100000.0,2025-06-25
H004022,C006786,P010,50000.0,2025-10-08
H004023,C006786,P022,21243.35,2024-08-22
H004024,C005528,P018,36247.97,2024-11-04
H004025,C004568,P013,30792.05,2025-07-26
H004026,C004568,P002,33647.91,2025-12-21
H004027,C004568,P024,27084.21,2024-11-11
H004028,C000076,P004,185633.84,2025-12-11
H004029,C000076,P029,38876.33,2025-12-25
H004030,C006957,P013,15304.95,2025-06-13
H004031,C000431,P025,21744.28,2025-10-16
H004032,C004088,P013,10000.0,2025-11-11
H004033,C004088,P023,22014.03,2025-07-13
H004034,C004435,P024,45098.92,2025-08-01
H004035,C004435,P030,12608.67,2025-03-14
H004036,C007808,P017,24216.39,2025-09-28
H004037,C007808,P019,10591.69,2025-08-25
H004038,C003711,P025,103839.41,2025-07-05
H004039,C003711,P014,52434.86,2025-10-29
H004040,C005711,P026,84419.33,2025-11-19
H004041,C006592,P025,60519.13,2025-07-31
H004042,C002302,P002,5377.85,2024-11-19
H004043,C002302,P010,101051.0,2025-12-14
H004044,C005020,P020,25587.55,2024-07-31
H004045,C001355,P019,85890.82,2025-10-17
H004046,C004457,P011,14484.67,2024-09-03
H004047,C000978,P009,50000.0,2025-01-04
H004048,C000810,P030,29116.7,2024-07-23
H004049,C000810,P030,37763.48,2025-10-07
H004050,C002169,P001,50000.0,2025-06-13
H004051,C002169,P015,52677.73,2025-07-10
H004052,C002169,P006,63446.22,2024-10-20
H004053,C002169,P016,100000.0,2025-05-05
H004054,C001600,P023,29325.48,2025-11-25
H004055,C001600,P024,84643.96,2025-10-21
H004056,C006808,P018,15452.03,2025-01-11
H004057,C001621,P026,10892.58,2025-02-09
H004058,C002819,P012,35226.25,2026-01-17
H004059,C001483,P012,55811.73,2026-01-03
H004060,C001483,P024,8624.74,2025-07-26
H004061,C001483,P010,50000.0,2025-02-07
H004062,C005538,P019,34307.66,2024-10-07
H004063,C005538,P008,47234.88,2025-09-04
H004064,C005538,P025,126760.99,2025-07-15
H004065,C001802,P015,53940.03,2025-05-14
H004066,C002096,P011,23434.73,2024-07-03
H004067,C002096,P026,19299.25,2024-12-16
H004068,C002096,P027,100000.0,2025-09-05
H004069,C007025,P023,14036.95,2025-05-29
H004070,C001358,P017,59340.88,2024-10-14
H004071,C005287,P010,68233.61,2025-05-01
H004072,C005287,P016,123690.74,2025-01-15
H004073,C005287,P021,100000.0,2025-05-10
H004074,C005287,P030,27262.37,2025-04-21
H004075,C004675,P026,59884.27,2025-01-06
H004076,C002880,P027,100000.0,2025-03-24
H004077,C003863,P011,81881.84,2024-10-31
H004078,C003863,P011,24014.78,2024-10-10
H004079,C003863,P026,87434.58,2024-09-23
H004080,C003185,P004,18852.39,2025-08-04
H004081,C006687,P017,32135.31,2025-11-12
H004082,C006687,P026,4487.34,2025-03-10
H004083,C006070,P001,50000.0,2025-08-28
H004084,C006070,P011,24460.79,2024-11-27
H004085,C006070,P023,28953.89,2025-03-27
H004086,C006070,P028,100000.0,2024-12-10
H004087,C003261,P010,50000.0,2025-12-11
H004088,C003261,P030,17722.55,2024-11-17
H004089,C007944,P002,8876.63,2025-02-01
H004090,C007944,P013,79807.93,2025-10-28
H004091,C000030,P020,78620.2,2025-01-30
H004092,C007620,P013,19402.78,2025-07-30
H004093,C007620,P005,100000.0,2024-10-06
H004094,C007620,P018,21008.52,2025-01-27
H004095,C001093,P030,17977.79,2025-04-28
H004096,C000125,P008,20176.96,2025-10-01
H004097,C004232,P010,61480.38,2025-05-08
H004098,C005845,P001,111823.41,2025-12-13
H004099,C005845,P022,15021.61,2025-09-15
H004100,C003017,P021,100000.0,2025-03-06
H004101,C003017,P015,50000.0,2025-07-23
H004102,C003017,P004,22127.0,2025-04-01
H004103,C004898,P015,50000.0,2025-04-04
H004104,C004898,P007,55532.44,2025-07-27
H004105,C002299,P013,56474.5,2025-12-13
H004106,C002299,P002,11112.41,2025-07-19
H004107,C005094,P011,19541.11,2024-07-14
H004108,C005094,P012,11511.72,2025-09-19
H004109,C005094,P016,100000.0,2025-01-16
H004110,C001554,P013,25263.47,2025-08-17
H004111,C006812,P008,38701.19,2026-01-07
H004112,C000599,P012,39365.66,2026-01-05
H004113,C000599,P018,23306.15,2025-08-26
H004114,C000599,P020,36750.54,2024-11-16
H004115,C005168,P021,100000.0,2025-04-25
H004116,C001417,P017,18815.74,2025-10-12
H004117,C001417,P019,9045.17,2025-06-02
H004118,C003687,P014,26379.29,2025-06-07
H004119,C004129,P004,61337.55,2024-09-18
H004120,C004707,P025,15556.0,2025-04-15
H004121,C005574,P029,10000.0,2025-07-13
H004122,C002198,P025,19567.44,2025-05-06
H004123,C002198,P029,55748.64,2024-12-19
H004124,C003881,P004,22342.44,2025-06-25
H004125,C003881,P029,12663.77,2024-12-22
H004126,C003881,P001,50000.0,2024-09-24
H004127,C004517,P011,21853.9,2024-10-02
H004128,C004517,P002,57061.42,2024-11-29
H004129,C004517,P026,29548.95,2024-07-05
H004130,C007462,P017,10537.76,2025-09-28
H004131,C000809,P016,100000.0,2026-01-10
H004132,C000809,P004,22684.95,2025-04-13
H004133,C000809,P021,100000.0,2025-05-27
H004134,C000809,P021,100000.0,2025-10-24
H004135,C007721,P024,31866.59,2025-02-11
H004136,C000959,P011,36392.26,2024-12-13
H004137,C000959,P030,46074.38,2025-06-07
H004138,C004985,P006,50000.0,2024-07-10
H004139,C004985,P020,34664.75,2025-12-29
H004140,C004748,P010,50000.0,2025-02-27
H004141,C000811,P011,20995.34,2025-05-23
H004142,C000835,P022,67867.37,2025-03-26
H004143,C000835,P020,43767.8,2025-09-08
H004144,C000835,P030,30236.09,2025-09-13
H004145,C006121,P013,84479.23,2025-06-17
H004146,C006121,P010,50000.0,2025-06-12
H004147,C002577,P030,15403.82,2025-10-13
H004148,C002577,P021,100000.0,2025-03-30
H004149,C001236,P017,29997.31,2024-11-11
H004150,C001226,P015,203785.69,2025-12-13
H004151,C001226,P021,100000.0,2025-09-25
H004152,C005230,P029,17517.34,2025-05-27
H004153,C005230,P024,30937.9,2025-06-08
H004154,C005230,P008,28787.12,2026-01-07
H004155,C005230,P023,20977.66,2025-07-29
H004156,C007860,P006,108279.55,2025-04-15
H004157,C007860,P012,24382.72,2025-07-28
H004158,C007860,P017,93149.87,2024-10-19
H004159,C007860,P003,54675.49,2025-09-22
H004160,C003002,P004,29397.53,2025-06-18
H004161,C007140,P008,37121.94,2025-10-29
H004162,C007140,P011,21318.71,2024-08-18
H004163,C006208,P023,18359.74,2025-06-01
H004164,C006208,P015,82863.63,2025-09-06
H004165,C006208,P012,92716.06,2025-11-07
H004166,C006208,P007,133944.7,2025-07-14
H004167,C004901,P020,20530.79,2024-11-29
H004168,C004901,P014,10671.75,2025-11-29
H004169,C002909,P016,100000.0,2025-07-06
H004170,C002909,P022,11668.14,2025-08-22
H004171,C002909,P002,23476.4,2024-07-22
H004172,C004848,P024,49298.04,2025-06-11
H004173,C004848,P006,81491.65,2025-09-02
H004174,C001658,P013,27091.37,2025-07-14
H004175,C006825,P026,8617.55,2025-12-30
H004176,C000453,P011,21204.25,2025-05-23
H004177,C006101,P029,34297.64,2024-12-17
H004178,C003317,P003,50000.0,2025-06-08
H004179,C000423,P003,50000.0,2025-09-18
H004180,C001221,P003,50000.0,2025-04-22
H004181,C001221,P007,50000.0,2025-08-15
H004182,C001221,P021,100000.0,2024-10-18
H004183,C001221,P029,46598.34,2025-09-19
H004184,C006999,P026,91232.59,2025-03-16
H004185,C006999,P030,29179.49,2025-12-01
H004186,C005187,P008,24232.18,2025-08-02
H004187,C007461,P007,50000.0,2025-01-29
H004188,C007461,P018,51498.57,2024-09-10
H004189,C004378,P020,59829.81,2025-09-07
H004190,C004378,P024,29484.49,2025-09-17
H004191,C004378,P023,41308.68,2025-03-21
H004192,C000103,P016,100000.0,2024-06-30
H004193,C000103,P013,170244.19,2025-11-06
H004194,C004915,P017,18331.38,2025-08-16
H004195,C003152,P012,17559.05,2025-05-10
H004196,C001581,P011,14874.03,2024-07-05
H004197,C001581,P018,24159.59,2024-07-04
H004198,C001581,P002,10626.79,2025-03-04
H004199,C006112,P019,28217.86,2025-05-29
H004200,C002207,P008,13795.84,2025-04-02
H004201,C002207,P019,13309.82,2025-10-18
H004202,C000171,P018,119104.8,2024-09-05
H004203,C000171,P023,61613.11,2025-12-11
H004204,C000171,P014,43180.29,2025-04-27
H004205,C007265,P024,16026.86,2025-08-12
H004206,C000136,P005,100000.0,2025-08-02
H004207,C000136,P006,58708.79,2025-07-09
H004208,C007975,P013,90506.36,2025-09-25
H004209,C004521,P012,27949.21,2025-06-30
H004210,C004521,P026,14464.01,2025-06-30
H004211,C001311,P026,18532.51,2025-01-24
H004212,C007199,P017,11316.53,2025-01-11
H004213,C007199,P011,20643.71,2025-12-17
H004214,C002285,P011,23452.84,2025-02-18
H004215,C002285,P030,9813.49,2024-12-16
H004216,C005738,P027,100000.0,2025-10-24
H004217,C007081,P023,96914.49,2025-02-14
H004218,C007081,P013,76198.54,2025-11-08
H004219,C004608,P005,108726.13,2024-12-11
H004220,C007034,P004,115236.29,2025-05-03
H004221,C001936,P012,10000.0,2025-09-16
H004222,C006205,P007,50000.0,2025-05-20
H004223,C006205,P013,11673.75,2026-01-06
H004224,C006205,P009,50000.0,2024-10-21
H004225,C007328,P004,27794.07,2025-10-07
H004226,C002729,P002,40319.63,2025-12-02
H004227,C002729,P012,40805.31,2025-07-16
H004228,C002729,P028,100000.0,2024-10-22
H004229,C000808,P027,100000.0,2025-06-21
H004230,C002046,P001,50000.0,2025-08-29
H004231,C002046,P022,72513.55,2025-06-10
H004232,C002046,P024,71704.23,2024-10-22
H004233,C004386,P024,50178.83,2024-12-18
H004234,C000463,P029,10000.0,2025-05-11
H004235,C001957,P007,83728.75,2024-12-13
H004236,C001957,P017,82161.12,2026-01-15
H004237,C004878,P019,37001.16,2025-07-29
H004238,C004878,P008,27230.43,2025-08-26
H004239,C000800,P016,100000.0,2025-02-03
H004240,C000800,P018,28880.64,2025-07-25
H004241,C005197,P007,71642.67,2025-12-08
H004242,C005197,P010,94811.54,2025-10-25
H004243,C001074,P020,25728.11,2025-08-03
H004244,C001074,P015,50000.0,2025-09-04
H004245,C000145,P026,55180.75,2024-11-13
H004246,C001341,P020,27246.43,2024-09-04
H004247,C001341,P026,10649.19,2025-11-13
H004248,C004340,P024,23779.79,2025-09-30
H004249,C004340,P012,30499.66,2025-05-14
H004250,C003134,P004,14756.4,2025-04-06
H004251,C003134,P027,104975.4,2025-08-15
H004252,C003134,P022,47959.97,2025-02-12
H004253,C002092,P013,15824.16,2025-09-09
H004254,C004976,P002,31477.24,2025-06-16
H004255,C005318,P012,10000.0,2025-05-22
H004256,C005318,P001,50000.0,2025-02-07
H004257,C002969,P013,35586.82,2025-06-13
H004258,C002969,P002,9811.76,2024-11-22
H004259,C002969,P024,19094.59,2025-05-30
H004260,C004479,P004,21533.9,2025-11-30
H004261,C004479,P009,62207.71,2024-11-03
H004262,C004766,P026,37302.11,2025-11-25
H004263,C002821,P020,97332.89,2024-07-24
H004264,C001004,P014,27670.41,2025-06-06
H004265,C004782,P023,109340.36,2025-07-21
H004266,C004782,P004,48194.41,2025-12-17
H004267,C007132,P024,23078.52,2025-02-04
H004268,C000556,P004,15095.61,2026-01-20
H004269,C006744,P011,78461.93,2025-06-11
H004270,C001486,P006,50000.0,2024-07-03
H004271,C005718,P013,13677.96,2026-01-09
H004272,C001273,P006,69744.98,2024-06-27
H004273,C001273,P023,41289.63,2025-06-28
H004274,C001412,P021,100000.0,2025-08-20
H004275,C001412,P026,22084.98,2025-05-24
H004276,C007059,P014,29028.24,2025-11-08
H004277,C007059,P030,25449.5,2024-08-11
H004278,C007059,P016,174219.63,2025-03-22
H004279,C007313,P029,53148.29,2025-09-07
H004280,C007313,P020,21174.3,2025-01-27
H004281,C007313,P025,137186.1,2025-02-21
H004282,C007313,P022,26599.84,2024-06-22
H004283,C001472,P004,9545.98,2024-11-09
H004284,C001472,P022,22585.04,2025-12-19
H004285,C006261,P025,16121.37,2026-01-10
H004286,C006383,P016,100000.0,2025-10-14
H004287,C006383,P025,34686.89,2025-07-20
H004288,C006383,P004,45234.78,2024-09-06
H004289,C006761,P028,100000.0,2025-03-09
H004290,C006761,P009,50000.0,2024-09-11
H004291,C004624,P023,46586.85,2025-09-25
H004292,C007842,P013,103021.87,2025-08-21
H004293,C007842,P019,6902.17,2024-11-18
H004294,C007842,P008,31889.33,2025-06-08
H004295,C003705,P020,33172.16,2024-07-28
H004296,C000982,P027,100000.0,2025-03-02
H004297,C000982,P004,22001.32,2026-01-19
H004298,C000982,P020,13317.44,2025-03-13
H004299,C006795,P018,123412.37,2026-01-11
H004300,C006795,P020,38122.63,2024-07-03
H004301,C002865,P015,188271.93,2025-12-15
H004302,C007063,P024,5969.82,2025-04-26
H004303,C001269,P024,32011.3,2024-12-02
H004304,C007795,P011,19064.34,2025-06-28
H004305,C000269,P027,100000.0,2025-03-25
H004306,C000269,P027,100000.0,2025-11-06
H004307,C000269,P011,27567.68,2025-07-28
H004308,C000655,P020,34846.27,2025-02-03
H004309,C000655,P010,60204.97,2026-01-02
H004310,C002615,P009,50000.0,2025-01-31
H004311,C002615,P023,35218.0,2025-11-30
H004312,C002846,P020,23226.95,2024-10-18
H004313,C002846,P003,50000.0,2025-05-11
H004314,C002846,P007,64455.34,2024-09-23
H004315,C002846,P001,52410.99,2025-03-30
H004316,C002918,P002,11097.58,2025-02-01
H004317,C002918,P016,120267.44,2024-12-10
H004318,C005595,P013,86282.77,2025-09-19
H004319,C005595,P004,35532.79,2025-11-16
H004320,C005595,P016,100000.0,2025-09-24
H004321,C003488,P013,115473.49,2025-10-08
H004322,C003488,P023,81681.38,2025-11-21
H004323,C000590,P020,53219.82,2025-12-25
H004324,C000590,P018,61405.37,2025-11-25
H004325,C000590,P005,100000.0,2024-11-01
H004326,C004547,P014,50104.19,2025-11-06
H004327,C006415,P030,12002.87,2024-07-14
H004328,C005607,P018,49479.23,2025-08-16
H004329,C007698,P004,21739.21,2025-11-09
H004330,C003934,P016,100000.0,2025-01-04
H004331,C006895,P023,32352.71,2025-03-06
H004332,C006895,P029,10000.0,2025-07-29
H004333,C006895,P008,129219.28,2025-05-13
H004334,C005670,P021,100000.0,2025-08-06
H004335,C005670,P014,10000.0,2024-12-07
H004336,C001809,P001,50000.0,2024-07-04
H004337,C001809,P017,16335.95,2024-09-10
H004338,C007798,P002,41876.01,2025-03-18
H004339,C007798,P001,58012.19,2025-11-06
H004340,C007798,P025,71191.29,2025-07-06
H004341,C007798,P022,10000.0,2024-06-09
H004342,C005702,P008,19841.85,2025-07-30
H004343,C003574,P007,110423.48,2025-02-16
H004344,C003574,P025,44868.65,2025-01-21
H004345,C003574,P015,50000.0,2025-09-18
H004346,C000678,P030,23807.7,2025-05-22
H004347,C000678,P012,47543.04,2025-08-24
H004348,C003530,P010,50000.0,2025-05-28
H004349,C003530,P002,77423.99,2025-03-08
H004350,C003354,P022,10000.0,2025-07-02
H004351,C003354,P017,19835.25,2025-08-14
H004352,C003003,P004,5995.92,2024-06-22
H004353,C003003,P017,3643.31,2025-02-14
H004354,C003003,P002,69656.74,2025-10-14
H004355,C004678,P002,103824.73,2025-02-07
H004356,C006944,P024,23664.18,2025-07-27
H004357,C002433,P008,23103.1,2025-06-21
H004358,C004162,P010,50000.0,2024-12-31
H004359,C007397,P002,65396.08,2025-05-07
H004360,C005508,P004,76335.28,2025-03-15
H004361,C005508,P001,127194.85,2025-04-12
H004362,C005508,P020,32201.07,2025-04-07
H004363,C004104,P020,10000.0,2024-06-12
H004364,C004104,P011,18557.0,2024-07-16
H004365,C004104,P022,22551.89,2025-01-23
H004366,C002933,P027,100000.0,2025-04-10
H004367,C002933,P001,68342.35,2024-10-21
H004368,C002933,P020,19979.67,2025-01-11
H004369,C005860,P002,123787.62,2025-03-04
H004370,C005860,P007,50000.0,2025-08-19
H004371,C001612,P018,28276.0,2025-09-12
H004372,C001612,P019,14431.31,2025-12-24
H004373,C004281,P023,39753.34,2025-01-30
H004374,C005736,P021,100000.0,2024-12-12
H004375,C005736,P019,87509.56,2025-07-13
H004376,C007763,P001,63960.38,2024-11-06
H004377,C004349,P002,52232.76,2025-09-28
H004378,C004349,P006,50000.0,2025-09-30
H004379,C004349,P003,50000.0,2025-10-26
H004380,C005680,P026,11838.29,2024-11-18
H004381,C003838,P027,100000.0,2025-06-16
H004382,C000606,P007,95030.0,2025-05-17
H004383,C000606,P017,18134.94,2025-02-24
H004384,C000606,P019,7038.13,2025-03-20
H004385,C000606,P004,12923.24,2025-04-25
H004386,C005698,P001,50000.0,2025-05-04
H004387,C005698,P004,79597.57,2025-10-12
H004388,C001469,P017,58477.79,2025-02-09
H004389,C005901,P029,21850.13,2024-12-19
H004390,C005901,P026,27941.89,2025-07-21
H004391,C005901,P004,18640.42,2026-01-20
H004392,C003822,P009,54593.1,2025-07-10
H004393,C003822,P019,51948.85,2025-03-29
H004394,C003750,P001,50000.0,2026-01-10
H004395,C003750,P017,23582.13,2025-04-23
H004396,C005903,P007,50000.0,2024-09-07
H004397,C005903,P020,37309.74,2025-10-19
H004398,C007471,P024,31303.25,2025-06-06
H004399,C002156,P027,100000.0,2025-06-08
H004400,C002810,P006,50000.0,2025-08-22
H004401,C002810,P029,32439.91,2024-11-25
H004402,C002810,P018,60345.1,2025-04-05
H004403,C007660,P025,42376.05,2025-04-25
H004404,C007660,P005,100000.0,2025-12-25
H004405,C002078,P017,21620.08,2024-12-22
H004406,C007167,P013,15157.76,2025-10-13
H004407,C006580,P019,38461.96,2024-06-21
H004408,C004773,P018,118425.62,2025-04-07
H004409,C004773,P004,24625.99,2024-07-25
H004410,C000585,P016,100000.0,2024-06-16
H004411,C000585,P014,42791.64,2025-12-27
H004412,C000585,P025,48158.92,2025-01-28
H004413,C000585,P002,36019.57,2025-03-26
H004414,C005813,P008,11258.21,2025-09-09
H004415,C002700,P007,66168.58,2025-04-03
H004416,C002700,P003,50000.0,2025-10-26
H004417,C002700,P003,50000.0,2025-07-02
H004418,C006074,P015,80387.43,2025-10-13
H004419,C002800,P029,10000.0,2025-05-12
H004420,C002800,P022,38056.49,2024-10-10
H004421,C002800,P013,57835.31,2025-06-28
H004422,C006202,P002,20160.91,2024-12-04
H004423,C006202,P002,16450.95,2025-08-28
H004424,C005114,P029,21809.82,2025-07-23
H004425,C007143,P013,29676.91,2025-06-13
H004426,C006107,P028,100000.0,2025-12-22
H004427,C006107,P004,42554.63,2025-01-19
H004428,C002485,P025,17335.79,2025-05-10
H004429,C002485,P022,25327.33,2026-01-20
H004430,C006237,P023,25137.11,2025-04-28
H004431,C006237,P016,100000.0,2024-08-28
H004432,C006237,P027,100000.0,2025-06-14
H004433,C006237,P015,50000.0,2025-11-08
H004434,C007703,P015,58855.93,2025-02-22
H004435,C007703,P012,18610.65,2025-09-28
H004436,C005642,P006,66045.78,2024-07-27
H004437,C005642,P012,60345.54,2025-05-13
H004438,C000345,P003,50000.0,2025-12-16
H004439,C000345,P020,64509.53,2025-05-16
H004440,C000345,P012,31509.2,2025-08-14
H004441,C003004,P009,70611.25,2025-07-12
H004442,C004639,P006,57858.38,2025-10-21
H004443,C003280,P029,25962.87,2025-09-29
H004444,C003280,P029,51797.82,2026-01-14
H004445,C007507,P014,48215.43,2025-10-10
H004446,C007507,P027,100000.0,2025-07-05
H004447,C007507,P021,100000.0,2024-09-01
H004448,C003946,P025,29236.02,2025-12-08
H004449,C006201,P030,55581.41,2025-04-20
H004450,C006898,P030,7409.64,2025-11-17
H004451,C000091,P002,91401.19,2025-12-23
H004452,C003782,P011,28342.74,2025-04-02
H004453,C003782,P027,100000.0,2025-08-20
H004454,C003782,P017,18148.28,2025-02-13
H004455,C005763,P025,75081.6,2025-03-12
H004456,C004964,P029,40064.67,2025-12-11
H004457,C004964,P027,100000.0,2025-02-18
H004458,C004964,P014,25151.91,2025-02-16
H004459,C004964,P002,66987.89,2025-05-25
H004460,C002118,P029,99628.1,2025-02-25
H004461,C002118,P007,50000.0,2024-07-30
H004462,C002118,P022,14309.72,2025-05-02
H004463,C004238,P030,43017.27,2025-08-21
H004464,C006082,P025,31543.21,2025-07-18
H004465,C004587,P017,49266.76,2025-10-18
H004466,C007104,P024,47251.76,2025-07-24
H004467,C000948,P019,19548.82,2025-01-04
H004468,C000948,P016,100000.0,2025-02-27
H004469,C007346,P016,100000.0,2025-02-26
H004470,C007346,P029,38612.07,2025-12-21
H004471,C007346,P027,100000.0,2025-09-19
H004472,C007346,P025,78355.22,2025-03-26
H004473,C004300,P029,40003.9,2025-10-19
H004474,C004242,P008,22258.68,2025-09-22
H004475,C000884,P025,50709.3,2025-08-07
H004476,C006970,P022,26085.47,2025-01-24
H004477,C006970,P010,50000.0,2025-01-31
H004478,C006970,P011,22311.88,2024-07-26
H004479,C006970,P001,50000.0,2025-09-11
H004480,C004513,P008,78768.57,2025-05-23
H004481,C006672,P023,35412.17,2025-05-19
H004482,C007130,P001,71520.88,2025-10-26
H004483,C007337,P023,15852.53,2025-07-25
H004484,C007337,P013,11898.85,2025-12-08
H004485,C005911,P010,67479.37,2025-04-13
H004486,C005911,P013,33195.43,2025-07-14
H004487,C005348,P002,34236.17,2024-09-03
H004488,C005348,P024,153563.36,2025-06-02
H004489,C004779,P007,50000.0,2025-05-26
H004490,C004779,P007,50000.0,2025-08-30
H004491,C004779,P001,190370.69,2024-06-15
H004492,C004779,P025,10635.0,2025-02-02
H004493,C005333,P026,24536.23,2025-04-03
H004494,C005333,P018,31223.96,2024-07-13
H004495,C005333,P023,13140.84,2025-02-14
H004496,C005333,P018,65941.01,2024-10-10
H004497,C006573,P022,34115.29,2025-12-20
H004498,C005615,P023,51913.29,2025-06-19
H004499,C002416,P020,16310.69,2025-08-05
H004500,C002416,P022,15496.08,2025-01-16
H004501,C002416,P010,50000.0,2025-11-20
H004502,C005066,P019,13672.08,2024-12-25
H004503,C007419,P008,36338.07,2025-03-27
H004504,C007419,P021,100000.0,2026-01-10
H004505,C003922,P015,50000.0,2025-05-14
H004506,C005378,P006,67749.88,2025-01-24
H004507,C005378,P017,12536.17,2025-11-28
H004508,C005378,P026,21599.85,2024-11-17
H004509,C006325,P030,30738.92,2026-01-01
H004510,C006325,P012,23281.67,2025-07-23
H004511,C003126,P029,13578.97,2025-07-31
H004512,C002399,P018,54856.08,2024-12-14
H004513,C002399,P013,39692.06,2025-07-11
H004514,C002399,P012,60396.18,2026-01-13
H004515,C004620,P026,31296.88,2025-07-24
H004516,C004620,P013,14132.53,2025-06-03
H004517,C004620,P014,65384.24,2025-05-04
H004518,C001711,P006,50000.0,2025-10-15
H004519,C001711,P018,43823.59,2025-06-29
H004520,C001711,P019,29783.5,2024-08-03
H004521,C001711,P024,21306.91,2025-04-13
H004522,C005375,P016,100000.0,2024-08-03
H004523,C005375,P014,39484.95,2025-03-25
H004524,C005375,P030,62873.39,2024-12-24
H004525,C005375,P026,42933.04,2024-06-10
H004526,C004708,P013,21119.37,2025-12-27
H004527,C001187,P023,10429.61,2025-03-06
H004528,C001187,P024,51260.59,2024-11-01
H004529,C001187,P005,100000.0,2024-11-17
H004530,C004375,P029,19182.06,2025-05-21
H004531,C004375,P026,21370.09,2024-08-31
H004532,C007684,P019,166762.23,2025-09-03
H004533,C007684,P030,23815.64,2025-10-21
H004534,C007684,P014,62957.39,2026-01-05
H004535,C005757,P015,50000.0,2025-06-23
H004536,C005757,P023,73741.61,2025-01-22
H004537,C005757,P006,76766.41,2024-10-06
H004538,C006092,P024,12416.18,2025-09-17
H004539,C006092,P014,23978.8,2025-03-14
H004540,C006092,P019,54764.64,2024-10-07
H004541,C007824,P013,26241.44,2025-10-11
H004542,C007824,P020,18764.65,2024-11-03
H004543,C007824,P016,100000.0,2026-01-18
H004544,C000152,P009,50000.0,2025-12-07
H004545,C000152,P002,46402.53,2024-07-26
H004546,C000916,P029,29693.77,2025-06-16
H004547,C000916,P024,28315.48,2025-03-11
H004548,C001306,P017,88710.84,2025-02-03
H004549,C001306,P024,50800.64,2024-11-18
H004550,C003850,P008,29404.11,2025-04-12
H004551,C007297,P017,22199.38,2025-08-03
H004552,C004715,P007,50000.0,2025-04-30
H004553,C004715,P004,2624.49,2025-08-17
H004554,C005283,P003,50000.0,2025-10-22
H004555,C005283,P007,50000.0,2025-09-18
H004556,C005283,P004,4894.87,2025-06-24
H004557,C001399,P025,101021.21,2025-08-28
H004558,C002520,P007,50000.0,2024-12-07
H004559,C000184,P011,50268.71,2025-02-25
H004560,C007544,P006,53904.72,2025-10-14
H004561,C007544,P008,11659.15,2025-09-18
H004562,C006278,P011,10176.58,2024-07-22
H004563,C003024,P018,49344.92,2024-10-03
H004564,C003024,P015,50000.0,2025-08-04
H004565,C002418,P024,24873.29,2025-03-07
H004566,C000472,P021,100000.0,2024-12-18
H004567,C000472,P002,78319.27,2024-09-01
H004568,C000968,P020,45415.4,2025-10-30
H004569,C005339,P008,18890.09,2025-08-22
H004570,C005339,P005,100000.0,2025-08-14
H004571,C005339,P015,50000.0,2025-03-17
H004572,C005339,P022,47136.23,2024-11-27
H004573,C005274,P024,21052.93,2025-10-02
H004574,C000210,P015,50000.0,2025-11-06
H004575,C000210,P001,50000.0,2024-06-20
H004576,C001962,P003,50000.0,2025-12-04
H004577,C001962,P014,31292.05,2024-11-24
H004578,C001962,P018,25161.19,2025-01-19
H004579,C000897,P011,40052.21,2025-04-25
H004580,C006069,P013,16012.19,2025-11-16
H004581,C006069,P010,50000.0,2025-01-07
H004582,C006069,P016,100000.0,2024-06-10
H004583,C006069,P010,50000.0,2025-05-09
H004584,C002579,P013,10000.0,2025-11-15
H004585,C002579,P011,24066.65,2024-07-27
H004586,C001774,P023,37866.03,2025-08-15
H004587,C001774,P022,24065.98,2025-04-05
H004588,C005810,P016,175344.44,2025-11-08
H004589,C005810,P026,9845.86,2024-10-15
H004590,C005810,P009,51876.09,2025-06-26
H004591,C002300,P012,225995.17,2025-06-25
H004592,C002300,P021,100000.0,2025-06-18
H004593,C002300,P016,100000.0,2025-05-23
H004594,C001210,P013,14562.22,2025-10-08
H004595,C004919,P026,33929.92,2024-07-03
H004596,C004569,P004,26970.59,2025-01-05
H004597,C004569,P028,100000.0,2025-08-01
H004598,C004569,P009,50000.0,2025-04-07
H004599,C003980,P028,111398.81,2025-07-09
H004600,C003980,P008,10446.98,2025-03-13
H004601,C003980,P017,11831.77,2025-12-01
H004602,C001252,P027,100000.0,2025-06-14
H004603,C001252,P008,49820.52,2025-09-07
H004604,C004602,P014,109598.13,2024-12-25
H004605,C005859,P023,78652.75,2025-01-17
H004606,C005859,P012,30515.97,2025-06-13
H004607,C004826,P005,100000.0,2024-10-18
H004608,C004826,P015,105355.62,2025-07-02
H004609,C004231,P010,129202.65,2025-09-09
H004610,C004231,P002,36421.5,2024-08-09
H004611,C000293,P001,50000.0,2025-05-01
H004612,C007225,P009,50000.0,2024-11-17
H004613,C007225,P013,20282.0,2025-11-28
H004614,C001052,P026,28507.78,2025-10-11
H004615,C001052,P024,12883.08,2025-07-24
H004616,C001052,P009,50000.0,2025-02-19
H004617,C001052,P006,50000.0,2024-06-27
H004618,C005411,P022,49591.02,2024-09-19
H004619,C005411,P017,13071.48,2024-11-23
H004620,C005411,P024,162385.89,2025-05-30
H004621,C005411,P013,62233.4,2025-09-24
H004622,C003283,P001,162443.81,2025-06-15
H004623,C000273,P029,405655.99,2024-12-10
H004624,C000273,P021,100000.0,2025-02-25
H004625,C002043,P009,50000.0,2025-12-31
H004626,C002043,P004,47678.87,2025-04-18
H004627,C004308,P017,16503.79,2025-06-13
H004628,C004308,P023,23847.87,2025-02-11
H004629,C002647,P010,50000.0,2024-12-15
H004630,C002647,P008,35158.94,2025-05-29
H004631,C005791,P017,27748.14,2025-06-24
H004632,C005791,P018,18239.22,2025-05-03
H004633,C005556,P026,68634.23,2025-05-29
H004634,C005556,P004,4652.99,2025-02-12
H004635,C005600,P002,91590.77,2024-12-19
H004636,C005600,P019,80986.72,2024-06-02
H004637,C007612,P002,16960.21,2025-09-21
H004638,C007612,P023,15317.34,2025-02-27
H004639,C005548,P017,42754.66,2025-09-11
H004640,C007992,P007,50000.0,2025-07-31
H004641,C007992,P018,55399.02,2024-10-21
H004642,C007992,P022,60517.68,2025-03-16
H004643,C003027,P013,10277.37,2025-06-09
H004644,C003544,P005,100000.0,2024-09-23
H004645,C003544,P023,53829.15,2025-02-02
H004646,C005087,P030,57889.32,2025-05-02
H004647,C006223,P002,178287.86,2025-11-08
H004648,C003342,P012,13733.42,2025-11-21
H004649,C002961,P030,21480.52,2024-12-16
H004650,C002795,P010,50000.0,2025-01-13
H004651,C002795,P029,13023.65,2024-12-23
H004652,C004033,P028,100000.0,2025-02-18
H004653,C004033,P007,50000.0,2025-06-04
H004654,C000614,P018,14232.89,2025-12-07
H004655,C005685,P003,50000.0,2025-07-25
H004656,C003784,P022,22347.76,2025-10-10
H004657,C003378,P013,10000.0,2025-12-13
H004658,C004686,P016,100000.0,2025-01-20
H004659,C004686,P002,15246.84,2025-08-26
H004660,C001749,P002,56668.45,2025-02-20
H004661,C001749,P019,80380.71,2025-10-13
H004662,C001749,P022,16919.67,2024-08-15
H004663,C006127,P022,136336.09,2026-01-17
H004664,C003173,P027,100000.0,2025-06-01
H004665,C003740,P025,75256.32,2025-05-12
H004666,C003740,P009,50000.0,2025-10-01
H004667,C005002,P011,10081.53,2025-04-15
H004668,C005002,P008,19132.75,2025-08-28
H004669,C003149,P026,47779.03,2024-12-23
H004670,C004288,P012,68079.76,2025-10-14
H004671,C004288,P021,110586.35,2025-11-23
H004672,C004288,P010,50000.0,2025-08-24
H004673,C004288,P012,21009.96,2025-12-03
H004674,C002155,P011,25959.61,2025-01-13
H004675,C001345,P020,24702.95,2025-09-29
H004676,C007734,P026,92846.82,2025-02-15
H004677,C006014,P020,61102.52,2024-10-29
H004678,C006014,P015,50000.0,2025-04-14
H004679,C006014,P001,50000.0,2024-11-11
H004680,C006014,P020,61629.85,2025-08-07
H004681,C007782,P011,19946.65,2024-12-18
H004682,C000953,P003,50000.0,2025-12-19
H004683,C000953,P008,43571.16,2025-06-06
H004684,C006901,P023,26170.44,2025-03-10
H004685,C006901,P022,60820.5,2024-12-16
H004686,C001505,P009,50000.0,2024-12-30
H004687,C001505,P007,50000.0,2024-11-27
H004688,C001505,P017,36031.91,2025-05-02
H004689,C003310,P011,26899.69,2025-03-19
H004690,C007953,P016,100000.0,2025-07-17
H004691,C003077,P029,31813.16,2024-12-18
H004692,C003077,P002,22784.02,2025-10-15
H004693,C001122,P012,65579.53,2025-06-22
H004694,C001122,P012,34736.22,2025-09-11
H004695,C001122,P012,25664.03,2025-08-14
H004696,C004526,P024,49196.95,2025-06-02
H004697,C004820,P013,37395.86,2025-08-04
H004698,C004820,P028,100000.0,2025-03-10
H004699,C004360,P016,100000.0,2025-05-08
H004700,C004360,P014,31028.73,2025-09-13
H004701,C004360,P015,210557.43,2025-04-15
H004702,C004360,P016,100000.0,2024-08-17
H004703,C003114,P017,35757.94,2025-12-18
H004704,C003114,P004,21958.17,2024-09-07
H004705,C003114,P013,82906.69,2026-01-21
H004706,C003114,P012,10000.0,2025-09-04
H004707,C007518,P014,27680.71,2024-11-28
H004708,C007518,P024,25404.02,2025-12-28
H004709,C003054,P007,50000.0,2024-06-28
H004710,C003054,P020,10000.0,2025-09-30
H004711,C003054,P009,74622.37,2024-06-17
H004712,C000417,P007,50000.0,2025-11-25
H004713,C000417,P017,78027.92,2025-12-10
H004714,C004742,P014,25208.3,2024-12-03
H004715,C002432,P015,98560.7,2025-02-15
H004716,C000565,P014,27745.03,2024-12-11
H004717,C000565,P029,61312.89,2025-12-10
H004718,C000565,P008,20913.98,2025-04-27
H004719,C002527,P010,50000.0,2025-05-17
H004720,C002527,P002,32159.18,2024-10-11
H004721,C002527,P019,43928.47,2025-04-16
H004722,C002527,P015,50000.0,2025-05-31
H004723,C001225,P006,53718.64,2024-12-10
H004724,C000143,P017,16064.42,2025-09-12
H004725,C001491,P007,50000.0,2024-07-04
H004726,C001491,P003,69457.39,2025-12-19
H004727,C006344,P019,27337.94,2025-12-14
H004728,C006344,P019,17430.5,2024-07-17
H004729,C006344,P007,50000.0,2025-08-11
H004730,C006344,P006,50000.0,2025-05-28
H004731,C006722,P014,23006.4,2025-07-17
H004732,C002005,P008,100316.17,2025-09-21
H004733,C001195,P011,17291.31,2025-02-14
H004734,C007601,P025,33096.3,2025-11-19
H004735,C007601,P019,2879.51,2024-07-08
H004736,C002886,P029,12858.49,2025-03-21
H004737,C001757,P030,37356.62,2024-11-23
H004738,C001757,P008,12718.28,2025-02-15
H004739,C001757,P019,24335.33,2025-07-17
H004740,C000498,P026,21488.53,2025-09-14
H004741,C000498,P017,19854.5,2024-07-23
H004742,C007819,P004,29784.09,2025-12-16
H004743,C000913,P023,14575.41,2025-10-25
H004744,C000913,P014,66460.86,2025-05-26
H004745,C000722,P012,53131.37,2025-08-05
H004746,C005829,P003,50000.0,2025-08-27
H004747,C005829,P029,16828.07,2025-04-17
H004748,C005829,P006,50000.0,2025-12-14
H004749,C007499,P027,100000.0,2025-02-27
H004750,C007499,P003,50000.0,2025-04-19
H004751,C001497,P020,25706.8,2025-12-23
H004752,C003025,P002,39830.81,2025-05-26
H004753,C001521,P021,100000.0,2025-11-16
H004754,C001521,P019,47459.45,2025-01-24
H004755,C005115,P022,10311.76,2026-01-12
H004756,C004293,P019,32910.08,2025-04-01
H004757,C003887,P003,50000.0,2025-06-29
H004758,C003887,P025,50713.5,2025-04-24
H004759,C004924,P020,18899.88,2025-11-11
H004760,C006451,P028,100000.0,2024-07-01
H004761,C000109,P003,117087.04,2025-05-23
H004762,C001755,P019,13565.15,2024-07-14
H004763,C001755,P029,13392.31,2025-02-02
H004764,C006274,P005,119390.14,2025-08-31
H004765,C006274,P021,100000.0,2025-05-15
H004766,C006274,P007,50000.0,2024-07-29
H004767,C001352,P008,54957.2,2025-05-05
H004768,C006541,P028,100000.0,2025-07-05
H004769,C006541,P027,100000.0,2025-04-11
H004770,C006541,P022,100301.38,2025-11-13
H004771,C006541,P007,150935.66,2025-04-23
H004772,C005596,P030,50972.96,2024-12-28
H004773,C003505,P016,100000.0,2025-11-21
H004774,C001974,P018,28952.96,2024-09-25
H004775,C001974,P001,95764.5,2025-11-11
H004776,C000337,P014,42411.84,2025-01-08
H004777,C000337,P015,60900.6,2025-08-12
H004778,C000337,P011,112279.23,2025-12-09
H004779,C000337,P023,21533.36,2025-07-31
H004780,C006560,P004,90208.62,2024-11-29
H004781,C006830,P005,100000.0,2025-09-26
H004782,C003640,P027,100000.0,2025-07-16
H004783,C003018,P010,50000.0,2025-04-24
H004784,C003018,P014,25082.87,2026-01-01
H004785,C003018,P015,50000.0,2025-04-03
H004786,C005690,P009,50000.0,2024-07-06
H004787,C005690,P022,25636.24,2025-12-06
H004788,C000725,P008,21915.96,2025-04-24
H004789,C000725,P004,11164.82,2025-01-26
H004790,C000725,P002,25638.7,2024-11-07
H004791,C000766,P018,16195.81,2026-01-08
H004792,C004440,P026,22389.9,2025-04-24
H004793,C005380,P006,50000.0,2024-11-22
H004794,C005380,P023,38515.55,2025-03-14
H004795,C005380,P024,36410.27,2025-10-23
H004796,C004504,P018,96522.72,2024-11-09
H004797,C000308,P026,12253.78,2024-10-05
H004798,C000308,P019,22939.14,2025-09-18
H004799,C000308,P009,64408.14,2025-05-12
H004800,C000308,P024,13580.24,2025-12-16
H004801,C001279,P023,17754.57,2025-01-15
H004802,C001279,P025,29049.01,2025-12-02
H004803,C001279,P023,50662.78,2025-08-03
H004804,C001279,P022,31558.24,2025-02-15
H004805,C006974,P007,50000.0,2025-03-09
H004806,C006974,P026,43210.97,2024-09-06
H004807,C003746,P020,13147.63,2024-11-28
H004808,C003746,P010,83442.47,2025-07-05
H004809,C004908,P022,23549.87,2025-09-09
H004810,C004908,P026,9273.24,2024-12-14
H004811,C007256,P018,10808.16,2025-08-17
H004812,C007256,P008,32170.17,2025-07-20
H004813,C001792,P012,25959.51,2025-09-15
H004814,C007402,P024,52056.18,2025-06-11
H004815,C007402,P024,18090.04,2024-09-21
H004816,C006120,P002,38218.11,2024-10-04
H004817,C006120,P030,18727.37,2025-07-26
H004818,C002054,P006,165870.09,2025-04-08
H004819,C004484,P006,50000.0,2024-07-02
H004820,C005221,P011,54793.77,2025-10-24
H004821,C000072,P023,13284.52,2025-11-07
H004822,C000072,P013,101516.49,2025-07-14
H004823,C003952,P030,29807.82,2025-02-22
H004824,C003952,P001,50000.0,2024-10-12
H004825,C004061,P017,82824.9,2024-12-30
H004826,C005315,P013,29378.43,2026-01-14
H004827,C002888,P014,130578.86,2025-12-24
H004828,C002888,P026,45908.04,2024-10-18
H004829,C004130,P015,50000.0,2025-08-19
H004830,C004130,P029,58980.18,2024-12-15
H004831,C004130,P021,108021.37,2025-06-26
H004832,C004130,P015,104188.4,2025-02-18
H004833,C001261,P015,50000.0,2025-06-14
H004834,C001261,P014,23253.49,2025-11-21
H004835,C001261,P027,100000.0,2025-05-21
H004836,C001261,P027,100000.0,2025-03-12
H004837,C001667,P015,91668.94,2025-09-08
H004838,C001667,P011,29487.42,2024-08-25
H004839,C004040,P014,29571.55,2025-01-25
H004840,C004253,P005,100000.0,2026-01-10
H004841,C004253,P019,36507.0,2025-12-20
H004842,C006474,P026,12234.6,2024-06-10
H004843,C002168,P028,100000.0,2024-12-20
H004844,C002168,P018,30694.67,2025-03-09
H004845,C002168,P014,10000.0,2025-02-14
H004846,C002168,P002,36574.24,2025-08-18
H004847,C007617,P029,37426.99,2025-05-08
H004848,C007617,P018,19583.3,2025-10-15
H004849,C007617,P022,35755.96,2025-04-07
H004850,C002534,P024,32766.47,2025-10-12
H004851,C002534,P008,30898.72,2025-07-19
H004852,C002534,P021,100000.0,2024-10-23
H004853,C001696,P014,89050.1,2024-11-13
H004854,C001696,P018,61856.19,2025-03-03
H004855,C001096,P002,17501.85,2025-04-29
H004856,C001096,P001,136241.69,2025-02-10
H004857,C006027,P010,55912.89,2025-09-08
H004858,C005862,P003,50000.0,2025-04-28
H004859,C003752,P010,50000.0,2025-07-19
H004860,C001631,P025,29572.2,2025-07-23
H004861,C001631,P030,12572.62,2025-10-14
H004862,C004907,P006,131588.98,2025-08-02
H004863,C001882,P025,14032.91,2025-01-14
H004864,C001882,P008,11178.86,2025-05-16
H004865,C004523,P009,50000.0,2025-03-16
H004866,C005370,P009,91313.94,2025-07-24
H004867,C005370,P014,10000.0,2025-01-11
H004868,C005370,P009,50000.0,2024-09-17
H004869,C001613,P003,50000.0,2025-12-23
H004870,C001613,P019,28766.03,2024-07-04
H004871,C001613,P003,50000.0,2025-12-26
H004872,C000979,P011,169079.58,2026-01-11
H004873,C003995,P018,20792.8,2024-12-06
H004874,C005694,P022,36995.48,2025-06-19
H004875,C007077,P012,12428.45,2025-08-05
H004876,C007077,P022,98208.48,2024-08-20
H004877,C000849,P010,50000.0,2025-09-23
H004878,C000849,P028,100000.0,2025-11-03
H004879,C000849,P008,53473.94,2025-08-11
H004880,C000849,P010,50000.0,2025-05-11
H004881,C003774,P019,31569.37,2025-12-29
H004882,C003663,P001,50000.0,2025-06-20
H004883,C003663,P009,50000.0,2026-01-20
H004884,C002272,P019,30725.97,2025-07-10
H004885,C002272,P023,96406.07,2025-08-11
H004886,C002272,P026,35208.19,2025-08-21
H004887,C002272,P013,30557.73,2025-11-28
H004888,C002393,P014,29153.82,2025-04-09
H004889,C002393,P026,68025.14,2025-01-10
H004890,C006985,P025,24919.32,2025-08-19
H004891,C006985,P011,10000.0,2025-05-14
H004892,C006985,P005,100000.0,2025-05-13
H004893,C001831,P021,100000.0,2024-06-17
H004894,C001831,P004,53874.12,2025-02-12
H004895,C002761,P023,23967.95,2025-03-23
H004896,C000048,P010,198304.13,2025-08-25
H004897,C000048,P004,18844.41,2025-03-17
H004898,C000048,P014,131748.83,2025-04-02
H004899,C000048,P008,13506.06,2025-09-22
H004900,C007650,P019,24606.27,2025-12-01
H004901,C001351,P009,50000.0,2024-12-17
H004902,C007450,P019,37280.28,2025-03-29
H004903,C007450,P018,10000.0,2025-05-05
H004904,C003081,P010,50000.0,2025-04-26
H004905,C003081,P001,50000.0,2024-06-15
H004906,C003081,P021,103290.07,2024-08-03
H004907,C003081,P017,61199.23,2025-06-19
H004908,C000447,P019,30587.53,2024-10-02
H004909,C001744,P007,50000.0,2025-10-28
H004910,C000845,P018,97013.12,2025-03-17
H004911,C005157,P030,12543.73,2025-05-01
H004912,C005157,P019,64235.46,2025-11-19
H004913,C002861,P030,69850.46,2025-04-29
H004914,C005545,P019,31986.07,2025-09-08
H004915,C002441,P014,31960.98,2024-12-13
H004916,C000679,P013,98806.3,2025-11-12
H004917,C000679,P008,76046.01,2025-04-14
H004918,C007084,P021,100000.0,2024-06-28
H004919,C007084,P002,56613.16,2025-08-18
H004920,C007084,P022,12131.99,2025-01-08
H004921,C004507,P006,127646.17,2024-10-01
H004922,C001295,P018,12901.06,2025-01-29
H004923,C002760,P016,100000.0,2025-07-31
H004924,C003847,P015,50000.0,2025-08-05
H004925,C003847,P011,12542.53,2025-11-27
H004926,C003847,P004,26526.8,2025-11-03
H004927,C003847,P021,100000.0,2026-01-17
H004928,C004594,P017,37008.52,2025-02-28
H004929,C007476,P012,55112.05,2025-07-12
H004930,C007476,P008,54267.67,2025-10-24
H004931,C007476,P011,26101.9,2025-01-06
H004932,C005729,P017,14060.36,2025-05-30
H004933,C005729,P011,19345.52,2024-09-04
H004934,C005910,P003,50000.0,2026-01-16
H004935,C005910,P026,39412.74,2024-11-28
H004936,C001113,P007,50000.0,2025-10-11
H004937,C007564,P023,40933.67,2025-02-27
H004938,C007564,P027,100000.0,2025-04-18
H004939,C002232,P024,48190.86,2024-12-13
H004940,C002232,P028,100000.0,2024-06-05
H004941,C002232,P013,45107.89,2025-11-22
H004942,C002229,P017,13579.69,2024-11-13
H004943,C002229,P019,5224.3,2025-06-02
H004944,C002229,P012,20131.86,2026-01-13
H004945,C002154,P023,23137.98,2025-07-21
H004946,C005447,P006,50000.0,2025-10-27
H004947,C005447,P025,24560.65,2025-03-17
H004948,C005447,P011,19503.84,2024-11-27
H004949,C005447,P026,107963.95,2024-09-01
H004950,C005075,P012,12020.03,2025-09-11
H004951,C004765,P008,54254.39,2025-08-05
H004952,C004765,P001,75020.3,2025-07-17
H004953,C001367,P004,53073.66,2025-12-20
H004954,C001367,P013,44613.36,2025-10-12
H004955,C001367,P029,10000.0,2024-12-13
H004956,C001367,P015,62402.14,2025-11-05
H004957,C001470,P007,50000.0,2024-07-14
H004958,C001852,P027,120624.12,2025-11-02
H004959,C001852,P002,3521.49,2024-11-04
H004960,C001964,P006,50000.0,2025-01-18
H004961,C002927,P020,15715.7,2025-01-21
H004962,C002927,P030,33606.38,2024-10-17
H004963,C007072,P014,20111.82,2025-12-11
H004964,C007072,P007,50000.0,2024-11-04
H004965,C007072,P015,50000.0,2025-05-21
H004966,C004713,P023,23659.41,2025-03-19
H004967,C003888,P002,7932.6,2024-10-04
H004968,C003888,P011,37283.22,2024-10-08
H004969,C000486,P018,10000.0,2025-05-05
H004970,C000486,P028,100000.0,2025-09-18
H004971,C000486,P030,32793.26,2025-02-10
H004972,C000486,P030,55727.57,2025-10-07
H004973,C002240,P008,17374.28,2025-10-04
H004974,C004052,P008,21239.52,2025-06-02
H004975,C003102,P025,32959.17,2025-07-18
H004976,C007430,P023,37684.66,2025-05-28
H004977,C006143,P023,21391.3,2025-08-05
H004978,C000031,P018,31841.97,2025-06-10
H004979,C000031,P011,30095.83,2025-04-27
H004980,C001880,P013,47943.75,2025-07-22
H004981,C001880,P004,23445.0,2024-09-30
H004982,C005808,P006,50000.0,2024-09-28
H004983,C005808,P014,50387.77,2025-06-07
H004984,C004276,P008,71969.05,2025-06-08
H004985,C003129,P008,27015.57,2025-11-14
H004986,C003400,P029,19996.79,2026-01-20
H004987,C003400,P019,19051.59,2024-07-22
H004988,C003400,P019,112247.37,2025-01-19
H004989,C005171,P003,50000.0,2025-05-04
H004990,C005171,P002,9998.6,2024-07-25
H004991,C005171,P007,50000.0,2024-11-16
H004992,C005171,P011,23533.74,2024-10-27
H004993,C007976,P030,76643.99,2025-04-09
H004994,C001037,P023,37520.67,2025-06-05
H004995,C001037,P012,29679.56,2025-05-14
H004996,C001037,P011,30177.15,2025-08-09
H004997,C001037,P020,34823.95,2025-09-12
H004998,C000637,P019,10127.93,2024-08-22
H004999,C000637,P019,6484.01,2024-09-29
H005000,C005999,P011,29082.09,2025-11-09
H005001,C003048,P028,100000.0,2024-11-04
H005002,C003048,P022,80979.99,2024-07-31
H005003,C001084,P019,91322.83,2024-07-31
H005004,C002616,P027,100000.0,2025-05-11
H005005,C002616,P013,26850.57,2025-11-06
H005006,C000862,P005,100000.0,2025-01-02
H005007,C000862,P010,51593.45,2025-05-31
H005008,C004036,P025,69279.74,2025-06-10
H005009,C000904,P009,50000.0,2024-11-17
H005010,C000904,P018,17195.99,2024-10-29
H005011,C006729,P008,28920.5,2025-07-17
H005012,C006729,P028,100000.0,2025-06-30
H005013,C000110,P003,73797.14,2025-05-06
H005014,C000110,P019,50636.81,2025-08-20
H005015,C007693,P007,50000.0,2025-10-29
H005016,C007428,P019,86636.94,2024-08-16
H005017,C007428,P024,78081.49,2025-05-22
H005018,C007428,P014,42400.18,2025-09-08
H005019,C007428,P010,84574.6,2025-01-28
H005020,C006579,P029,11611.6,2024-11-27
H005021,C007655,P017,28236.72,2025-09-04
H005022,C006724,P006,56221.38,2025-11-06
H005023,C007638,P020,45378.29,2025-01-30
H005024,C005880,P003,50000.0,2025-09-02
H005025,C005880,P010,50000.0,2025-03-29
H005026,C001832,P017,11019.63,2025-07-24
H005027,C001832,P014,17498.62,2025-02-11
H005028,C007014,P010,50000.0,2025-05-25
H005029,C005038,P012,11883.41,2026-01-19
H005030,C005038,P021,100000.0,2025-12-31
H005031,C000783,P022,20439.75,2024-08-04
H005032,C000783,P015,178924.68,2025-06-26
H005033,C000783,P028,100000.0,2025-09-02
H005034,C007806,P026,30585.76,2025-02-15
H005035,C007806,P014,61127.45,2025-03-13
H005036,C007806,P027,100000.0,2025-05-04
H005037,C007127,P008,27332.74,2025-07-15
H005038,C007127,P025,50538.08,2025-01-10
H005039,C003654,P012,18277.73,2025-08-08
H005040,C003654,P001,50000.0,2025-08-08
H005041,C003654,P029,26183.66,2025-11-25
H005042,C003654,P012,40782.17,2025-05-17
H005043,C004853,P002,19058.22,2024-12-17
H005044,C002827,P018,26960.01,2025-09-17
H005045,C003910,P006,50000.0,2024-09-15
H005046,C001826,P025,23945.99,2025-10-18
H005047,C002618,P029,53380.22,2025-07-02
H005048,C002618,P011,48753.07,2025-04-13
H005049,C002618,P030,41415.29,2025-07-19
H005050,C005520,P028,100000.0,2025-12-11
H005051,C005520,P002,5307.21,2025-01-24
H005052,C001095,P004,26317.69,2024-10-16
H005053,C005621,P007,74239.61,2025-07-21
H005054,C005688,P020,49159.28,2025-12-11
H005055,C003383,P022,21068.99,2025-05-02
H005056,C003383,P029,18539.95,2025-03-30
H005057,C004875,P005,100000.0,2025-11-14
H005058,C004875,P025,8596.21,2025-08-01
H005059,C003951,P001,50000.0,2024-08-17
H005060,C003951,P012,18942.48,2025-09-17
H005061,C003951,P006,50000.0,2025-12-28
H005062,C002866,P018,12979.72,2025-07-13
H005063,C001655,P015,50000.0,2025-06-22
H005064,C001655,P020,42554.2,2025-03-31
H005065,C001655,P023,13832.16,2025-05-19
H005066,C001655,P022,46126.73,2025-06-09
H005067,C006556,P019,54606.52,2024-09-15
H005068,C006556,P011,25266.25,2025-08-25
H005069,C007332,P018,10000.0,2025-05-29
H005070,C007332,P022,45484.88,2026-01-21
H005071,C007332,P029,13807.08,2025-08-08
H005072,C002324,P023,75595.98,2025-11-15
H005073,C002414,P004,8224.31,2024-11-23
H005074,C002414,P014,11079.06,2025-03-08
H005075,C006136,P013,59597.81,2025-08-16
H005076,C002655,P005,150382.03,2025-11-20
H005077,C002679,P029,24955.43,2025-12-02
H005078,C004539,P022,32278.96,2024-08-31
H005079,C004539,P015,50000.0,2025-04-29
H005080,C004539,P025,17199.65,2025-01-29
H005081,C005214,P020,10734.71,2025-10-11
H005082,C005214,P013,65882.49,2025-07-29
H005083,C005577,P001,51329.18,2025-03-26
H005084,C005010,P017,30307.76,2024-10-17
H005085,C005010,P009,50000.0,2024-07-28
H005086,C007898,P003,50000.0,2025-12-23
H005087,C007898,P011,27467.25,2024-07-15
H005088,C000179,P014,57207.06,2025-01-20
H005089,C005504,P023,18318.4,2025-03-21
H005090,C005683,P012,20661.7,2025-09-20
H005091,C003341,P003,50204.3,2025-07-27
H005092,C003341,P022,35728.94,2024-11-08
H005093,C001205,P020,26214.08,2025-10-14
H005094,C002203,P017,70626.67,2025-04-20
H005095,C005408,P012,60945.95,2025-06-22
H005096,C005408,P009,50000.0,2025-11-28
H005097,C005408,P023,3964.43,2025-05-25
H005098,C006498,P022,10000.0,2025-02-20
H005099,C006177,P014,12541.68,2025-08-06
H005100,C007373,P020,14679.35,2025-12-11
H005101,C007373,P003,50000.0,2025-09-02
H005102,C007373,P025,134415.86,2025-05-02
H005103,C003955,P006,52557.89,2025-01-14
H005104,C003955,P025,161501.32,2025-11-29
H005105,C003955,P014,24231.5,2025-07-17
H005106,C003955,P008,14659.18,2025-08-31
H005107,C001771,P005,100000.0,2024-08-25
H005108,C001771,P007,58133.72,2025-03-14
H005109,C001771,P024,76034.89,2024-12-21
H005110,C000830,P004,137691.39,2026-01-19
H005111,C000830,P019,43112.05,2025-08-10
H005112,C000830,P002,33871.31,2025-09-25
H005113,C000830,P004,71738.72,2025-08-12
H005114,C000942,P019,26163.02,2025-09-20
H005115,C000942,P026,35634.9,2025-09-06
H005116,C003170,P017,9403.86,2025-12-11
H005117,C003170,P030,28540.78,2025-01-30
H005118,C003170,P023,33892.77,2025-06-09
H005119,C003170,P017,18513.76,2025-06-05
H005120,C002487,P023,17975.74,2025-09-15
H005121,C000628,P001,50000.0,2024-09-12
H005122,C000628,P024,12684.75,2025-12-26
H005123,C003012,P019,14822.23,2025-03-31
H005124,C003012,P028,100000.0,2024-12-08
H005125,C003012,P025,38393.85,2026-01-21
H005126,C003012,P010,50000.0,2025-04-16
H005127,C004717,P001,90600.98,2025-07-10
H005128,C000926,P015,50000.0,2025-07-30
H005129,C000296,P014,53031.72,2025-07-22
H005130,C000296,P011,59905.91,2024-08-23
H005131,C001053,P001,50000.0,2024-09-07
H005132,C001053,P030,10296.86,2024-11-13
H005133,C002708,P016,112291.83,2025-03-25
H005134,C003214,P029,32658.96,2025-02-17
H005135,C006921,P029,104390.57,2025-04-05
H005136,C006921,P008,15846.81,2025-03-08
H005137,C006921,P011,27843.82,2025-04-28
H005138,C006921,P007,52242.33,2024-06-03
H005139,C002868,P023,4784.51,2025-04-25
H005140,C002790,P020,12307.07,2024-08-29
H005141,C000945,P024,65915.36,2024-10-03
H005142,C000945,P005,100000.0,2025-12-20
H005143,C000945,P004,37375.18,2025-05-23
H005144,C006369,P026,100268.28,2025-06-08
H005145,C006369,P006,50000.0,2025-05-10
H005146,C006369,P008,15282.19,2025-03-02
H005147,C006643,P022,25878.67,2025-10-11
H005148,C006643,P009,50000.0,2024-09-28
H005149,C006643,P021,194471.89,2025-02-10
H005150,C000013,P024,18612.51,2024-10-30
H005151,C001118,P007,197301.31,2025-09-22
H005152,C001118,P002,16953.41,2025-10-21
H005153,C005835,P021,100000.0,2025-05-02
H005154,C005835,P028,100000.0,2024-12-26
H005155,C005835,P022,14413.55,2024-11-09
H005156,C007826,P015,50000.0,2025-03-24
H005157,C007826,P024,30767.09,2025-02-18
H005158,C007826,P010,50000.0,2025-10-18
H005159,C005486,P002,278642.28,2025-05-02
H005160,C003122,P011,33894.54,2025-10-14
H005161,C003122,P005,100000.0,2025-06-23
H005162,C003122,P023,15227.47,2025-07-21
H005163,C004873,P029,22517.53,2025-10-11
H005164,C004873,P014,14046.02,2025-03-13
H005165,C001320,P017,32267.76,2024-06-24
H005166,C000780,P019,40110.44,2025-01-21
H005167,C007816,P002,106073.08,2025-05-23
H005168,C007816,P007,50000.0,2025-01-07
H005169,C007816,P023,140667.64,2025-10-22
H005170,C007321,P009,50000.0,2025-11-24
H005171,C007321,P016,100000.0,2024-07-24
H005172,C007321,P021,100000.0,2024-07-30
H005173,C003618,P008,14039.81,2025-05-16
H005174,C003766,P017,40435.98,2024-12-08
H005175,C003766,P011,11939.52,2025-03-12
H005176,C003766,P019,20363.5,2025-10-09
H005177,C000434,P030,33790.64,2024-06-18
H005178,C000434,P022,25746.97,2025-02-04
H005179,C000434,P030,32281.67,2025-12-31
H005180,C000654,P018,13382.63,2025-10-14
H005181,C000654,P020,13659.98,2025-12-02
H005182,C002478,P008,16375.13,2025-07-04
H005183,C002478,P030,33261.55,2025-07-24
H005184,C002478,P015,50000.0,2025-12-27
H005185,C005268,P029,62677.09,2024-11-29
H005186,C005936,P012,35846.91,2025-12-15
H005187,C004830,P017,15043.34,2025-04-04
H005188,C004623,P007,50000.0,2024-11-23
H005189,C004623,P007,164889.1,2025-02-06
H005190,C003056,P029,54187.29,2025-01-13
H005191,C003056,P024,28719.67,2024-10-29
H005192,C007797,P023,18971.29,2025-11-05
H005193,C004049,P004,22289.11,2025-02-23
H005194,C004049,P014,72915.16,2024-11-17
H005195,C004049,P023,18986.51,2025-06-18
H005196,C002887,P030,23162.51,2025-10-23
H005197,C002887,P028,100000.0,2025-03-06
H005198,C006459,P013,30228.57,2025-06-03
H005199,C004783,P008,23315.61,2025-03-31
H005200,C004783,P027,100000.0,2025-03-24
H005201,C004783,P024,49234.97,2025-04-17
H005202,C004783,P019,71017.03,2024-10-14
H005203,C005838,P007,50000.0,2025-03-12
H005204,C005838,P020,35830.22,2024-06-05
H005205,C003707,P023,144471.85,2025-06-04
H005206,C002985,P028,100000.0,2025-11-12
H005207,C002985,P003,50000.0,2026-01-03
H005208,C005567,P019,13643.25,2024-09-25
H005209,C005567,P029,31240.52,2025-01-04
H005210,C000571,P016,100000.0,2025-10-20
H005211,C000571,P019,4601.91,2025-10-13
H005212,C005063,P012,21359.07,2025-06-09
H005213,C005063,P004,18380.85,2025-01-26
H005214,C004054,P029,16558.32,2025-04-09
H005215,C004054,P010,50000.0,2025-02-27
H005216,C004856,P028,100000.0,2025-02-04
H005217,C004856,P019,14869.42,2024-11-15
H005218,C004101,P011,11464.2,2025-04-28
H005219,C001746,P021,100000.0,2024-07-07
H005220,C001746,P025,36169.03,2025-01-08
H005221,C002742,P020,28790.85,2025-05-25
H005222,C002742,P029,10000.0,2025-03-14
H005223,C002742,P013,148732.83,2025-08-10
H005224,C002742,P029,19483.33,2025-01-26
H005225,C001591,P024,125344.36,2024-12-04
H005226,C001591,P007,50000.0,2024-08-05
H005227,C003821,P026,30639.71,2025-04-02
H005228,C003821,P006,50000.0,2025-01-06
H005229,C000288,P026,11973.53,2025-01-15
H005230,C000288,P016,100000.0,2024-08-12
H005231,C000288,P009,50000.0,2025-01-06
H005232,C000288,P029,24010.84,2025-03-29
H005233,C001739,P012,19532.62,2025-07-28
H005234,C001739,P015,50000.0,2026-01-13
H005235,C005024,P008,29500.89,2025-07-03
H005236,C007070,P015,50000.0,2025-07-20
H005237,C007070,P030,38945.7,2025-09-27
H005238,C003434,P009,75962.02,2025-06-16
H005239,C006751,P001,50000.0,2025-05-29
H005240,C006751,P011,17620.82,2025-11-17
H005241,C005482,P014,22680.5,2024-12-08
H005242,C005482,P025,19056.27,2025-04-22
H005243,C005771,P027,100000.0,2025-07-15
H005244,C005771,P014,51331.31,2025-02-08
H005245,C005771,P006,54705.38,2025-09-19
H005246,C002828,P024,9941.09,2024-11-29
H005247,C002828,P006,74600.59,2024-12-20
H005248,C002828,P015,50000.0,2025-02-14
H005249,C002828,P024,28101.84,2025-03-10
H005250,C001685,P008,32394.93,2025-09-29
H005251,C005222,P004,27469.92,2025-07-05
H005252,C005222,P002,21790.81,2024-10-01
H005253,C001339,P004,71432.05,2025-09-15
H005254,C001339,P004,8435.79,2025-02-04
H005255,C004318,P030,28712.53,2025-03-20
H005256,C004318,P007,50000.0,2025-06-18
H005257,C004318,P007,96893.3,2025-01-20
H005258,C002743,P020,17311.35,2024-08-07
H005259,C002743,P013,10854.64,2025-11-08
H005260,C006983,P019,47417.41,2025-03-09
H005261,C006983,P019,76727.4,2025-04-21
H005262,C006570,P018,19361.68,2025-07-26
H005263,C006570,P006,142412.91,2024-11-01
H005264,C003870,P008,16107.34,2025-08-30
H005265,C005709,P025,29234.57,2025-03-12
H005266,C005709,P024,31427.23,2025-08-17
H005267,C002903,P029,15961.12,2025-03-06
H005268,C002259,P001,50000.0,2024-07-02
H005269,C002259,P014,75975.84,2024-12-20
H005270,C004641,P013,34798.13,2025-07-19
H005271,C003956,P004,75069.19,2025-10-15
H005272,C003956,P006,50000.0,2024-11-23
H005273,C003956,P007,50000.0,2025-12-17
H005274,C006595,P011,25024.31,2025-04-17
H005275,C007594,P028,100000.0,2024-06-15
H005276,C007594,P017,13261.23,2025-11-06
H005277,C007594,P020,16373.53,2025-02-08
H005278,C004411,P027,100000.0,2025-07-09
H005279,C004411,P019,57081.37,2025-01-28
H005280,C001565,P022,52478.03,2025-08-29
H005281,C001565,P017,74718.22,2025-07-24
H005282,C006115,P013,38413.84,2025-07-30
H005283,C006115,P001,50000.0,2025-09-12
H005284,C006115,P018,36825.38,2025-10-23
H005285,C004656,P013,56180.13,2026-01-16
H005286,C008000,P019,60969.21,2025-11-13
H005287,C008000,P030,42798.7,2025-01-04
H005288,C004763,P023,96064.05,2025-07-24
H005289,C004763,P009,50000.0,2025-04-22
H005290,C004763,P007,120430.28,2025-02-20
H005291,C004105,P029,14190.72,2025-09-13
H005292,C001232,P021,100000.0,2025-11-17
H005293,C001232,P018,10000.0,2026-01-18
H005294,C005303,P003,50000.0,2025-11-03
H005295,C001259,P007,50000.0,2025-08-14
H005296,C002255,P002,67492.74,2024-07-09
H005297,C002255,P028,100000.0,2024-08-20
H005298,C001952,P011,29027.3,2024-11-19
H005299,C001952,P015,50000.0,2025-05-08
H005300,C007438,P015,50000.0,2025-12-11
H005301,C007438,P012,20760.84,2025-11-30
H005302,C000114,P023,78590.7,2025-03-23
H005303,C000114,P004,10841.06,2025-02-08
H005304,C006797,P012,36882.9,2025-05-29
H005305,C006797,P027,100000.0,2025-04-28
H005306,C002510,P012,90992.56,2025-09-02
H005307,C002510,P011,69848.04,2024-09-15
H005308,C002510,P016,100000.0,2025-11-13
H005309,C005866,P025,30847.88,2025-06-01
H005310,C004048,P030,35000.35,2024-08-14
H005311,C004048,P007,50000.0,2025-09-23
H005312,C004048,P030,19430.39,2025-04-09
H005313,C002964,P029,10000.0,2025-04-11
H005314,C002964,P011,25755.07,2025-12-16
H005315,C002964,P002,36312.49,2024-07-11
H005316,C002964,P024,26480.06,2025-07-03
H005317,C002549,P019,17337.46,2025-10-05
H005318,C004106,P021,100000.0,2025-02-18
H005319,C004106,P029,12664.74,2025-12-28
H005320,C000508,P017,13780.75,2025-04-09
H005321,C004731,P013,47459.66,2025-07-18
H005322,C004681,P017,17756.09,2025-02-13
H005323,C004681,P008,21947.42,2025-05-09
H005324,C004681,P018,42498.04,2025-03-13
H005325,C004681,P024,41938.47,2024-11-19
H005326,C005745,P015,50000.0,2025-09-21
H005327,C005745,P027,100000.0,2025-07-30
H005328,C005745,P013,19960.55,2025-06-02
H005329,C004254,P009,81703.79,2025-08-29
H005330,C002851,P012,48154.91,2025-08-31
H005331,C002851,P018,14536.82,2025-09-01
H005332,C004688,P009,61423.1,2025-08-11
H005333,C004688,P019,9636.66,2024-08-15
H005334,C004265,P012,51939.51,2025-05-18
H005335,C004265,P019,20527.83,2026-01-20
H005336,C007528,P026,18223.06,2025-09-13
H005337,C007528,P013,84921.2,2025-09-06
H005338,C007528,P012,10000.0,2025-06-25
H005339,C007528,P019,24913.45,2025-11-15
H005340,C000351,P017,23474.88,2024-10-07
H005341,C000351,P018,28283.74,2024-09-10
H005342,C004743,P012,38289.81,2025-11-07
H005343,C005078,P006,50000.0,2025-03-20
H005344,C004487,P014,14998.73,2025-02-21
H005345,C002506,P028,100000.0,2024-11-10
H005346,C002506,P007,50000.0,2025-09-09
H005347,C002506,P007,50000.0,2025-03-23
H005348,C002621,P015,50000.0,2025-05-22
H005349,C002621,P019,10616.64,2024-12-10
H005350,C005843,P013,10000.0,2025-07-02
H005351,C005843,P018,92327.43,2025-03-25
H005352,C005843,P004,14321.25,2025-08-05
H005353,C005843,P018,78962.44,2025-04-23
H005354,C001115,P021,108687.9,2025-07-12
H005355,C001115,P025,36309.42,2025-08-11
H005356,C001115,P004,5293.23,2024-06-14
H005357,C002847,P023,137645.78,2025-05-11
H005358,C002847,P024,13336.95,2025-02-01
H005359,C002847,P002,40539.66,2024-11-11
H005360,C005657,P029,61288.17,2024-11-21
H005361,C005657,P029,21574.75,2025-01-15
H005362,C005657,P023,38534.83,2025-12-04
H005363,C005657,P016,100000.0,2024-09-07
H005364,C000299,P017,34230.38,2024-08-09
H005365,C001676,P023,12122.52,2025-05-07
H005366,C001676,P030,22846.94,2025-07-26
H005367,C006355,P021,100000.0,2025-02-15
H005368,C006355,P012,28813.69,2025-12-13
H005369,C007580,P020,54468.43,2024-12-11
H005370,C004316,P007,68855.37,2024-11-29
H005371,C004316,P006,50000.0,2024-07-23
H005372,C004316,P020,11576.74,2024-12-17
H005373,C006105,P014,10106.27,2024-12-04
H005374,C006105,P026,330980.6,2025-04-15
H005375,C006534,P023,8898.99,2025-04-11
H005376,C006534,P020,13389.24,2025-08-26
H005377,C003606,P013,10751.25,2025-08-13
H005378,C003669,P018,75900.28,2025-03-30
H005379,C003669,P004,9466.17,2024-06-19
H005380,C000230,P004,106172.2,2025-12-29
H005381,C000230,P007,66192.89,2025-05-12
H005382,C000230,P023,56922.96,2025-04-30
H005383,C000077,P030,10153.62,2025-10-10
H005384,C006007,P019,27685.37,2024-11-25
H005385,C006007,P029,23778.83,2025-01-16
H005386,C006007,P025,29144.69,2025-09-02
H005387,C006007,P006,50000.0,2025-02-13
H005388,C005560,P025,21217.05,2025-02-23
H005389,C005560,P028,100000.0,2026-01-05
H005390,C005560,P020,23557.63,2025-12-01
H005391,C007791,P026,30422.3,2025-06-01
H005392,C005155,P002,45798.49,2024-07-02
H005393,C005155,P015,50000.0,2025-07-08
H005394,C005155,P014,21401.19,2025-07-03
H005395,C002104,P005,100000.0,2025-12-06
H005396,C007435,P020,10000.0,2024-07-10
H005397,C006540,P021,100000.0,2025-06-27
H005398,C007008,P016,100000.0,2025-01-21
H005399,C007008,P016,100000.0,2024-12-30
H005400,C003298,P015,50000.0,2025-06-28
H005401,C003298,P007,65843.37,2025-09-06
H005402,C003298,P007,50000.0,2025-09-16
H005403,C005550,P004,7595.88,2025-02-12
H005404,C006001,P015,50000.0,2025-11-13
H005405,C000608,P007,50000.0,2024-06-30
H005406,C000608,P012,25251.43,2025-07-27
H005407,C000608,P029,32655.03,2025-06-27
H005408,C003853,P028,100000.0,2025-07-28
H005409,C003853,P026,29575.41,2025-02-08
H005410,C003853,P014,37017.95,2025-01-20
H005411,C004729,P011,16165.94,2024-10-29
H005412,C004729,P021,100000.0,2025-09-17
H005413,C002623,P015,168492.05,2025-07-26
H005414,C006486,P024,21742.85,2024-11-26
H005415,C006486,P025,21063.51,2025-02-02
H005416,C006486,P002,169635.66,2025-12-19
H005417,C007857,P016,100000.0,2024-06-21
H005418,C007857,P014,11824.72,2024-12-02
H005419,C007857,P026,57949.73,2024-08-17
H005420,C007857,P018,50600.33,2025-02-06
H005421,C007595,P007,110137.43,2024-10-30
H005422,C000204,P013,15886.6,2025-11-08
H005423,C002388,P009,50000.0,2024-12-13
H005424,C002388,P023,31460.7,2025-04-27
H005425,C002388,P008,44831.91,2025-08-22
H005426,C003690,P017,55916.54,2024-09-15
H005427,C004610,P027,100000.0,2025-07-05
H005428,C000838,P001,50000.0,2024-06-30
H005429,C000838,P020,223602.96,2025-11-04
H005430,C000838,P024,123609.29,2024-11-29
H005431,C000838,P026,2494.48,2025-05-02
H005432,C002935,P018,76533.13,2024-06-19
H005433,C002935,P025,22595.52,2025-09-17
H005434,C005458,P024,70342.88,2025-11-03
H005435,C005458,P029,11242.92,2025-11-24
H005436,C007934,P017,56552.04,2024-08-21
H005437,C007934,P026,47535.33,2025-03-02
H005438,C007934,P021,100000.0,2024-08-03
H005439,C007934,P014,22475.66,2025-01-21
H005440,C001231,P019,19922.03,2025-04-22
H005441,C006081,P009,50000.0,2024-06-21
H005442,C006081,P017,6177.7,2024-07-27
H005443,C001610,P015,53220.52,2025-12-02
H005444,C001610,P018,15036.22,2025-03-17
H005445,C001610,P008,29989.88,2025-06-08
H005446,C007485,P013,10165.47,2025-09-04
H005447,C007485,P022,22418.06,2025-04-14
H005448,C003479,P021,100000.0,2025-10-12
H005449,C003479,P004,13934.62,2025-03-13
H005450,C003479,P021,114975.81,2024-09-04
H005451,C006539,P023,55462.72,2025-01-11
H005452,C006539,P003,50000.0,2025-10-18
H005453,C006539,P027,100000.0,2025-03-18
H005454,C007621,P008,35297.78,2025-12-07
H005455,C007621,P005,100000.0,2024-08-05
H005456,C006747,P011,59277.28,2025-01-05
H005457,C002733,P007,50000.0,2026-01-10
H005458,C002733,P006,50000.0,2025-11-16
H005459,C002733,P017,21275.0,2025-09-30
H005460,C002733,P012,124629.72,2025-10-12
H005461,C005352,P014,175079.41,2025-07-10
H005462,C005352,P020,95560.51,2024-10-29
H005463,C005352,P016,100000.0,2025-05-09
H005464,C006861,P029,18342.02,2025-12-22
H005465,C006293,P013,10000.0,2025-12-12
H005466,C003338,P009,50000.0,2025-03-12
H005467,C003338,P014,21073.23,2025-11-09
H005468,C003732,P028,100000.0,2024-09-19
H005469,C006110,P012,18748.91,2025-05-24
H005470,C006110,P022,53072.54,2024-10-24
H005471,C004891,P014,17083.41,2025-08-13
H005472,C004057,P005,100000.0,2025-12-13
H005473,C000658,P015,50000.0,2025-02-18
H005474,C000658,P022,39854.46,2024-11-13
H005475,C000658,P026,6142.4,2025-08-13
H005476,C000791,P014,90010.98,2025-02-13
H005477,C000791,P028,100000.0,2025-02-09
H005478,C000791,P024,68960.46,2025-09-17
H005479,C003541,P018,17679.56,2024-10-28
H005480,C006250,P006,51317.25,2025-01-19
H005481,C006250,P004,36963.62,2025-01-09
H005482,C006603,P030,26514.92,2025-04-30
H005483,C006603,P024,48353.28,2025-03-24
H005484,C002562,P017,18281.02,2025-04-01
H005485,C002562,P019,51914.96,2024-07-21
H005486,C003967,P003,50000.0,2025-05-15
H005487,C003967,P028,100000.0,2024-11-22
H005488,C001360,P030,21179.48,2024-12-03
H005489,C001360,P002,17607.35,2025-08-07
H005490,C007343,P027,100000.0,2026-01-02
H005491,C007343,P029,35443.79,2024-12-29
H005492,C002348,P016,100000.0,2025-03-25
H005493,C002348,P023,39060.82,2025-10-20
H005494,C005433,P022,49838.98,2024-07-25
H005495,C005433,P003,50000.0,2025-08-27
H005496,C005433,P030,14828.31,2025-05-04
H005497,C004631,P002,9576.29,2025-03-02
H005498,C004631,P015,85898.86,2025-03-16
H005499,C004631,P019,18727.8,2025-12-02
H005500,C004631,P012,21398.17,2025-12-28
H005501,C002782,P015,50000.0,2025-09-02
H005502,C002782,P014,24411.86,2025-06-05
H005503,C005928,P029,19388.25,2025-10-06
H005504,C007360,P017,47054.94,2024-12-24
H005505,C007360,P023,9718.87,2025-04-22
H005506,C006083,P026,37455.15,2025-09-26
H005507,C006083,P007,76253.92,2025-07-22
H005508,C006997,P022,113239.64,2024-12-13
H005509,C006997,P012,30878.3,2025-07-04
H005510,C006997,P017,9993.17,2025-02-28
H005511,C003498,P012,312902.08,2025-12-19
H005512,C003498,P007,126976.65,2025-08-30
H005513,C000616,P001,50000.0,2025-09-11
H005514,C000616,P015,50000.0,2025-02-16
H005515,C000616,P018,13224.72,2025-11-23
H005516,C002576,P027,100000.0,2025-03-09
H005517,C002576,P015,50000.0,2025-07-30
H005518,C002576,P018,19394.2,2025-10-31
H005519,C006468,P002,17312.05,2025-02-13
H005520,C002315,P001,50000.0,2025-10-12
H005521,C002315,P018,44863.41,2025-07-12
H005522,C002315,P027,100000.0,2025-06-18
H005523,C002315,P030,68690.13,2025-03-22
H005524,C001706,P022,10000.0,2024-10-13
H005525,C001706,P023,10827.28,2025-07-30
H005526,C005678,P010,113902.45,2025-12-30
H005527,C006200,P014,15931.49,2025-03-21
H005528,C006837,P029,23899.16,2025-03-04
H005529,C006837,P003,50000.0,2025-11-29
H005530,C001781,P024,23368.04,2025-11-28
H005531,C003382,P012,11762.51,2026-01-04
H005532,C003382,P030,12043.46,2024-06-01
H005533,C000804,P008,18004.58,2025-11-14
H005534,C000858,P012,54287.36,2026-01-04
H005535,C000858,P004,16335.54,2025-01-25
H005536,C000858,P017,150172.79,2025-11-02
H005537,C004679,P029,32831.49,2025-04-23
H005538,C000991,P029,22197.22,2024-12-22
H005539,C000991,P019,73102.39,2024-07-16
H005540,C000991,P025,34037.15,2025-09-17
H005541,C000991,P013,70130.02,2025-06-27
H005542,C005385,P003,95256.84,2025-07-18
H005543,C005385,P008,22644.01,2025-08-25
H005544,C006291,P007,50000.0,2025-10-04
H005545,C000220,P026,24109.22,2025-07-01
H005546,C000220,P006,50000.0,2025-02-06
H005547,C000220,P025,46855.57,2025-08-02
H005548,C004473,P017,19041.28,2024-10-16
H005549,C001289,P019,67005.83,2025-12-27
H005550,C001289,P001,63389.68,2025-09-26
H005551,C001289,P012,20659.31,2026-01-14
H005552,C001289,P010,50000.0,2025-04-09
H005553,C000583,P009,57934.04,2025-05-23
H005554,C002619,P029,21885.97,2025-05-19
H005555,C002619,P027,100000.0,2025-10-10
H005556,C002619,P005,100000.0,2025-01-29
H005557,C000044,P009,50000.0,2025-11-05
H005558,C001235,P014,37252.31,2024-11-28
H005559,C007119,P018,23030.99,2024-11-17
H005560,C007119,P008,12034.93,2025-05-11
H005561,C007589,P002,18055.46,2024-08-08
H005562,C003290,P014,49697.73,2025-03-30
H005563,C007738,P003,50000.0,2025-08-27
H005564,C007738,P010,61301.01,2025-06-15
H005565,C001893,P029,11451.62,2025-01-28
H005566,C004880,P028,100000.0,2025-04-25
H005567,C004880,P017,7835.18,2025-04-26
H005568,C007010,P029,23425.69,2025-10-30
H005569,C007010,P009,50358.45,2025-06-12
H005570,C007010,P024,33158.03,2025-05-12
H005571,C004585,P012,63121.58,2025-12-23
H005572,C004585,P018,45703.15,2025-05-04
H005573,C001072,P027,100000.0,2025-08-16
H005574,C001072,P001,50000.0,2025-02-18
H005575,C000719,P004,71516.11,2025-02-09
H005576,C000719,P017,21299.37,2024-11-06
H005577,C002365,P029,12828.92,2025-01-18
H005578,C002365,P026,2898.13,2025-11-28
H005579,C001506,P014,81967.22,2024-12-10
H005580,C004615,P012,13074.68,2025-12-07
H005581,C002953,P012,28301.57,2025-10-20
H005582,C004837,P026,11237.87,2025-09-21
H005583,C004837,P014,67574.06,2025-02-05
H005584,C007447,P008,68483.29,2026-01-11
H005585,C004651,P023,12480.44,2025-05-18
H005586,C000898,P009,67668.07,2025-04-13
H005587,C006445,P004,16169.03,2024-06-05
H005588,C006445,P015,71684.92,2025-06-09
H005589,C002667,P026,29562.01,2025-09-07
H005590,C002891,P008,20463.45,2025-04-01
H005591,C003699,P006,50000.0,2025-11-11
H005592,C003699,P013,68089.28,2025-09-12
H005593,C001531,P030,39899.17,2025-08-07
H005594,C003443,P022,30911.58,2025-09-30
H005595,C003443,P029,10127.29,2025-09-21
H005596,C006698,P015,50000.0,2025-05-18
H005597,C006698,P029,35520.33,2025-05-01
H005598,C006698,P016,100000.0,2024-06-11
H005599,C004607,P005,100000.0,2025-02-02
H005600,C006392,P026,89141.15,2025-12-01
H005601,C004334,P012,117588.47,2025-09-06
H005602,C007740,P019,33855.53,2025-12-30
H005603,C007740,P014,101990.38,2024-12-03
H005604,C007740,P019,16841.62,2025-05-23
H005605,C004554,P028,100000.0,2024-07-08
H005606,C006109,P026,68588.64,2024-11-27
H005607,C002371,P011,22937.84,2024-08-02
H005608,C005824,P012,44546.26,2025-06-16
H005609,C003843,P026,8635.61,2024-12-08
H005610,C003843,P029,19074.65,2025-08-08
H005611,C001984,P002,29625.12,2026-01-16
H005612,C000532,P008,16779.16,2025-07-16
H005613,C005742,P002,18403.02,2025-05-16
H005614,C005742,P009,50000.0,2024-12-14
H005615,C005742,P008,12217.19,2025-11-13
H005616,C007088,P014,27290.54,2025-07-18
H005617,C007088,P004,26211.48,2025-01-08
H005618,C007170,P019,22431.76,2024-07-18
H005619,C007170,P019,14658.32,2025-07-28
H005620,C007170,P008,17577.79,2025-08-19
H005621,C002882,P008,21850.35,2025-10-28
H005622,C002882,P023,18458.25,2025-01-25
H005623,C002882,P025,7401.82,2025-10-31
H005624,C002882,P012,52801.01,2025-10-19
H005625,C000082,P001,50000.0,2024-10-29
H005626,C000082,P020,10000.0,2025-12-09
H005627,C000082,P015,50000.0,2025-08-19
H005628,C003904,P020,16228.71,2024-08-01
H005629,C003904,P013,26108.43,2025-12-17
H005630,C006517,P014,17908.03,2025-10-14
H005631,C006517,P007,56224.84,2024-10-19
H005632,C006517,P024,4020.7,2025-09-09
H005633,C003269,P012,10000.0,2025-08-19
H005634,C003269,P011,15523.16,2025-03-11
H005635,C002164,P012,46380.89,2025-09-30
H005636,C000732,P029,73941.74,2025-11-26
H005637,C000732,P016,100000.0,2024-06-23
H005638,C000732,P023,31297.88,2025-08-11
H005639,C002340,P013,61296.63,2025-10-24
H005640,C002340,P017,140517.01,2025-12-23
H005641,C005826,P021,100000.0,2024-11-15
H005642,C002233,P008,123939.25,2025-07-26
H005643,C002233,P001,50000.0,2025-06-23
H005644,C002233,P013,38432.74,2025-08-15
H005645,C006334,P018,20100.33,2025-05-19
H005646,C006334,P025,12185.28,2025-07-29
H005647,C005355,P020,21182.17,2025-04-29
H005648,C005355,P023,76187.08,2025-03-28
H005649,C005355,P026,36434.49,2024-08-18
H005650,C005355,P027,105127.93,2025-10-18
H005651,C007543,P008,39744.55,2025-02-18
H005652,C005073,P010,50000.0,2025-07-25
H005653,C005073,P026,19456.36,2025-06-06
H005654,C004611,P014,110677.1,2025-01-06
H005655,C004611,P030,22665.09,2025-08-16
H005656,C005622,P017,12716.38,2025-07-08
H005657,C005622,P025,16335.27,2025-06-04
H005658,C003786,P002,16484.13,2024-10-10
H005659,C006499,P030,89187.07,2025-09-04
H005660,C002706,P012,78129.73,2025-09-15
H005661,C002706,P030,11881.23,2025-02-18
H005662,C001256,P024,29606.81,2025-02-26
H005663,C002105,P024,29846.93,2024-10-09
H005664,C002105,P013,24476.33,2025-06-29
H005665,C002105,P001,50000.0,2025-06-11
H005666,C004315,P011,16122.67,2025-06-07
H005667,C004412,P016,100000.0,2025-04-21
H005668,C004412,P014,32288.43,2025-04-21
H005669,C000899,P010,50000.0,2025-05-20
H005670,C000899,P010,59020.29,2025-10-28
H005671,C000429,P016,100734.93,2025-02-14
H005672,C000429,P027,106575.21,2025-06-15
H005673,C000429,P013,19173.29,2025-12-06
H005674,C000429,P003,81963.84,2025-07-19
H005675,C007195,P028,100000.0,2024-08-09
H005676,C007195,P021,100000.0,2025-06-16
H005677,C007195,P022,36911.87,2025-10-23
H005678,C005499,P025,37502.06,2025-01-17
H005679,C006269,P014,160020.76,2024-11-12
H005680,C007246,P018,31450.67,2025-01-03
H005681,C007246,P020,32962.11,2025-08-07
H005682,C007246,P030,44702.07,2024-12-29
H005683,C001223,P030,102188.9,2024-12-24
H005684,C006860,P030,49467.39,2025-07-26
H005685,C006860,P026,83995.91,2024-12-12
H005686,C006940,P013,10000.0,2025-10-14
H005687,C007482,P029,29939.94,2024-11-21
H005688,C007482,P012,35454.44,2025-06-08
H005689,C006048,P025,27276.96,2025-09-11
H005690,C006048,P025,125726.02,2025-03-02
H005691,C006048,P015,90349.58,2025-07-03
H005692,C001622,P006,50000.0,2024-07-27
H005693,C001622,P029,57695.14,2025-07-01
H005694,C001622,P026,63857.93,2025-03-27
H005695,C001622,P004,70487.43,2025-04-11
H005696,C007150,P004,18622.1,2025-09-20
H005697,C007150,P026,56907.56,2025-10-28
H005698,C007150,P006,50000.0,2025-12-07
H005699,C007150,P008,136632.96,2025-03-05
H005700,C004109,P018,10000.0,2024-11-16
H005701,C004109,P003,198016.82,2025-12-19
H005702,C004109,P022,18991.8,2024-06-28
H005703,C006393,P001,86239.22,2024-11-30
H005704,C006393,P029,10635.41,2025-12-16
H005705,C001097,P017,18338.32,2025-08-22
H005706,C001097,P019,56411.09,2025-03-05
H005707,C001097,P020,30743.27,2025-05-23
H005708,C002716,P026,17671.02,2025-02-11
H005709,C002073,P012,94832.74,2025-08-06
H005710,C007861,P004,87593.36,2024-10-27
H005711,C007861,P020,31200.14,2024-07-08
H005712,C005511,P023,79913.15,2025-11-18
H005713,C004202,P011,27374.14,2026-01-17
H005714,C004202,P027,100000.0,2025-08-20
H005715,C004202,P015,50000.0,2025-07-24
H005716,C007796,P011,68278.52,2024-07-25
H005717,C006755,P013,39423.35,2026-01-11
H005718,C006755,P009,50000.0,2025-03-31
H005719,C002589,P029,13864.5,2025-06-23
H005720,C001789,P013,16601.54,2025-09-20
H005721,C001789,P013,41501.68,2025-11-26
H005722,C001789,P004,4582.36,2025-06-10
H005723,C005809,P004,28082.32,2024-10-31
H005724,C005809,P015,101811.92,2025-08-28
H005725,C003950,P024,21538.84,2024-09-20
H005726,C003950,P015,50000.0,2025-08-05
H005727,C000529,P009,71082.32,2025-02-24
H005728,C000529,P009,50000.0,2025-09-05
H005729,C000529,P005,100000.0,2025-11-10
H005730,C000529,P018,31584.7,2025-09-11
H005731,C004072,P025,17503.68,2025-03-02
H005732,C004072,P017,6211.38,2024-10-09
H005733,C004511,P023,15252.96,2025-06-07
H005734,C001127,P018,11162.43,2025-02-12
H005735,C001127,P019,60614.82,2024-11-29
H005736,C003468,P022,48409.15,2024-11-13
H005737,C003468,P030,24075.44,2026-01-17
H005738,C003686,P009,233583.75,2025-02-11
H005739,C006482,P023,117412.27,2025-10-11
H005740,C000305,P003,50000.0,2025-05-28
H005741,C000305,P003,50000.0,2025-09-28
H005742,C000305,P017,6374.12,2025-05-25
H005743,C001293,P013,80545.78,2025-08-07
H005744,C000071,P017,63378.97,2026-01-05
H005745,C000071,P019,1464.59,2025-05-09
H005746,C003556,P011,94890.91,2024-11-10
H005747,C003556,P006,50000.0,2024-11-20
H005748,C004576,P015,50000.0,2025-03-06
H005749,C002688,P022,27300.32,2025-12-15
H005750,C002688,P029,19433.45,2025-02-28
H005751,C002688,P021,100000.0,2024-09-24
H005752,C002688,P002,45451.29,2025-12-08
H005753,C007152,P006,50000.0,2024-09-03
H005754,C003652,P004,74624.31,2025-02-01
H005755,C005021,P015,50000.0,2025-02-19
H005756,C005021,P015,50000.0,2025-06-15
H005757,C005021,P016,100000.0,2024-06-26
H005758,C005021,P016,100000.0,2025-12-19
H005759,C004014,P018,10000.0,2026-01-10
H005760,C004900,P012,10000.0,2025-08-02
H005761,C004900,P017,62844.36,2024-12-24
H005762,C000239,P005,100000.0,2026-01-02
H005763,C000093,P023,21461.4,2025-02-03
H005764,C002978,P019,27608.87,2025-08-12
H005765,C003464,P015,50000.0,2025-03-10
H005766,C003938,P025,27530.41,2025-06-09
H005767,C003938,P029,57241.75,2025-09-17
H005768,C003938,P020,42074.19,2025-09-06
H005769,C007766,P029,19079.93,2026-01-12
H005770,C004152,P002,26493.59,2024-08-21
H005771,C004152,P027,100000.0,2025-06-20
H005772,C006760,P006,50000.0,2025-12-10
H005773,C003411,P024,26372.56,2024-12-12
H005774,C004225,P029,13323.95,2024-12-11
H005775,C006783,P008,50336.67,2025-02-14
H005776,C006783,P008,22510.96,2025-09-02
H005777,C001002,P030,9597.78,2025-11-01
H005778,C004142,P003,50000.0,2025-11-24
H005779,C004142,P009,70355.67,2025-08-26
H005780,C004142,P003,50000.0,2025-08-23
H005781,C007666,P019,32628.71,2025-08-17
H005782,C002378,P017,35812.71,2025-01-20
H005783,C002378,P022,12082.06,2025-08-31
H005784,C005273,P011,12761.88,2025-07-14
H005785,C005273,P010,50000.0,2025-05-14
H005786,C004996,P009,50000.0,2025-10-16
H005787,C004996,P026,93895.74,2024-08-13
H005788,C006600,P027,116744.78,2025-04-02
H005789,C006600,P011,21844.56,2025-02-13
H005790,C006600,P026,17338.39,2025-08-13
H005791,C001533,P014,75082.8,2025-01-14
H005792,C001533,P016,100000.0,2025-04-01
H005793,C001533,P005,100000.0,2025-07-16
H005794,C002411,P018,130645.9,2025-10-11
H005795,C004864,P017,14130.13,2025-12-30
H005796,C000412,P003,59575.36,2025-06-30
H005797,C000412,P006,63202.52,2024-11-01
H005798,C003594,P002,69107.19,2025-05-15
H005799,C003594,P023,7324.67,2025-05-24
H005800,C003594,P013,32751.39,2026-01-21
H005801,C007673,P011,71599.13,2025-02-04
H005802,C007673,P014,12607.79,2025-03-26
H005803,C007673,P002,3613.65,2025-08-10
H005804,C007576,P029,14753.93,2025-03-30
H005805,C007576,P009,50000.0,2025-12-13
H005806,C007576,P010,50000.0,2025-06-14
H005807,C002806,P025,13020.91,2025-02-16
H005808,C002806,P002,45225.83,2025-08-10
H005809,C002806,P023,4882.19,2025-05-11
H005810,C007391,P007,61497.8,2024-12-01
H005811,C007852,P009,86843.7,2025-10-05
H005812,C007852,P029,15673.62,2025-04-21
H005813,C005902,P017,35827.28,2024-09-21
H005814,C005902,P020,10000.0,2025-04-25
H005815,C001737,P019,30080.72,2025-08-10
H005816,C006792,P017,18526.13,2024-06-20
H005817,C006792,P029,38258.43,2025-02-20
H005818,C006792,P005,100000.0,2025-07-04
H005819,C006792,P011,41515.58,2024-12-07
H005820,C005031,P022,32755.96,2025-05-29
H005821,C007302,P002,20655.04,2024-07-12
H005822,C007302,P017,17334.25,2025-01-07
H005823,C006337,P003,50000.0,2025-05-14
H005824,C006337,P023,30634.67,2025-03-06
H005825,C006455,P024,68615.98,2024-12-30
H005826,C006455,P004,16469.48,2025-10-07
H005827,C006455,P014,17385.73,2025-12-29
H005828,C006455,P007,54036.9,2025-05-10
H005829,C003401,P022,27352.46,2025-08-23
H005830,C003401,P001,50000.0,2025-10-15
H005831,C000634,P017,51388.97,2024-07-12
H005832,C003022,P003,50000.0,2025-11-20
H005833,C003022,P014,27350.9,2025-10-23
H005834,C003022,P002,84296.29,2024-11-09
H005835,C003022,P019,34696.64,2025-06-04
H005836,C000499,P014,10000.0,2025-05-13
H005837,C000499,P020,141112.15,2025-11-28
H005838,C004824,P001,50000.0,2025-01-06
H005839,C002464,P014,52589.09,2025-02-06
H005840,C004509,P022,17429.94,2025-05-31
H005841,C004509,P024,9049.15,2025-01-22
H005842,C000638,P030,13880.82,2025-06-18
H005843,C000638,P014,10000.0,2025-06-04
H005844,C000638,P017,27270.78,2025-10-07
H005845,C000638,P022,47324.62,2026-01-15
H005846,C000721,P010,93818.55,2025-01-31
H005847,C000721,P014,21273.87,2025-12-23
H005848,C000721,P025,21724.41,2025-07-19
H005849,C000289,P024,8918.16,2026-01-15
H005850,C000289,P020,13693.45,2025-07-27
H005851,C000289,P021,100000.0,2025-12-29
H005852,C000289,P020,12327.11,2025-04-18
H005853,C000758,P002,64321.65,2024-09-13
H005854,C004691,P006,50000.0,2026-01-17
H005855,C004691,P014,12602.24,2025-02-01
H005856,C004691,P012,12352.51,2025-05-29
H005857,C004560,P024,10517.07,2024-12-29
H005858,C004560,P025,28899.21,2025-07-01
H005859,C003090,P020,101002.64,2024-12-23
H005860,C003090,P020,11911.88,2026-01-15
H005861,C004685,P013,25772.95,2025-07-05
H005862,C005462,P006,50883.31,2024-09-14
H005863,C005462,P004,20490.52,2024-09-22
H005864,C005554,P021,100000.0,2025-06-25
H005865,C005554,P024,17650.25,2025-08-16
H005866,C005554,P002,13197.53,2024-07-13
H005867,C005554,P017,108453.01,2025-05-10
H005868,C000450,P009,50000.0,2024-10-12
H005869,C000450,P022,108266.21,2024-06-16
H005870,C000597,P027,100000.0,2025-05-28
H005871,C000597,P017,78411.93,2024-11-12
H005872,C003602,P004,21026.85,2025-02-06
H005873,C003602,P017,26990.64,2024-12-19
H005874,C003602,P011,12436.16,2025-04-26
H005875,C001069,P011,21333.02,2025-05-08
H005876,C001069,P030,49063.49,2025-11-30
H005877,C001943,P013,15528.23,2025-12-15
H005878,C001648,P029,13680.47,2025-01-04
H005879,C001648,P013,22223.16,2026-01-10
H005880,C001648,P009,79630.5,2025-06-03
H005881,C001648,P024,17701.24,2025-01-13
H005882,C005272,P013,28540.14,2025-12-06
H005883,C002701,P014,32989.53,2025-07-29
H005884,C002701,P002,67878.49,2024-07-22
H005885,C001701,P018,19142.61,2025-08-02
H005886,C001701,P026,15554.57,2025-03-26
H005887,C007970,P028,100000.0,2024-10-17
H005888,C007970,P023,41243.58,2025-09-13
H005889,C007970,P011,25871.3,2025-01-21
H005890,C004756,P028,100000.0,2025-02-12
H005891,C004376,P011,40085.81,2025-11-01
H005892,C002943,P023,75903.74,2025-09-02
H005893,C006685,P014,51438.32,2024-12-29
H005894,C006572,P023,4679.63,2025-02-20
H005895,C006572,P022,65631.6,2025-07-26
H005896,C005744,P020,10000.0,2025-08-14
H005897,C005744,P013,41612.79,2025-12-21
H005898,C002124,P029,21957.89,2025-05-23
H005899,C004148,P024,46425.53,2024-09-26
H005900,C004148,P004,42953.62,2025-09-01
H005901,C004148,P029,57040.72,2024-12-30
H005902,C000087,P006,195423.09,2024-09-25
H005903,C000087,P011,39117.01,2025-11-03
H005904,C000087,P008,106794.87,2025-05-25
H005905,C002309,P014,149077.53,2025-01-22
H005906,C002309,P027,100000.0,2025-08-14
H005907,C002678,P016,100000.0,2025-05-31
H005908,C002678,P026,38571.84,2025-07-09
H005909,C002678,P025,58774.71,2025-11-27
H005910,C002678,P026,138738.09,2025-09-14
H005911,C005404,P023,59778.17,2025-05-23
H005912,C005604,P011,28066.49,2024-08-22
H005913,C006668,P011,102286.55,2024-06-28
H005914,C006668,P029,31761.83,2024-12-19
H005915,C006668,P024,69284.23,2024-12-19
H005916,C002595,P023,25118.8,2025-02-08
H005917,C002595,P023,37761.0,2025-05-10
H005918,C005342,P004,16688.35,2026-01-06
H005919,C005342,P008,31376.3,2025-06-20
H005920,C005342,P024,40477.85,2025-10-31
H005921,C003059,P007,65138.65,2025-05-15
H005922,C003059,P030,18967.64,2024-06-12
H005923,C003059,P010,50000.0,2025-10-28
H005924,C001030,P018,25687.44,2024-09-04
H005925,C005475,P007,52405.68,2025-10-01
H005926,C005475,P003,50000.0,2025-09-23
H005927,C004506,P022,14457.14,2024-07-15
H005928,C004506,P018,34983.15,2024-10-10
H005929,C004904,P011,16211.43,2025-06-09
H005930,C004904,P030,19744.17,2025-11-19
H005931,C004904,P022,75853.19,2024-12-27
H005932,C004904,P007,50000.0,2025-10-11
H005933,C002145,P019,121954.11,2025-06-12
H005934,C003983,P030,44650.94,2025-06-10
H005935,C003983,P030,73431.64,2024-07-12
H005936,C003983,P017,10225.23,2025-06-06
H005937,C006525,P017,12152.76,2024-07-12
H005938,C005028,P013,38392.8,2025-12-24
H005939,C005028,P008,46007.91,2025-05-13
H005940,C005028,P006,50000.0,2025-04-13
H005941,C001201,P030,28554.09,2025-04-12
H005942,C002026,P018,34663.13,2024-11-14
H005943,C002026,P026,4229.29,2025-09-18
H005944,C000622,P009,50000.0,2024-12-05
H005945,C000622,P029,50340.42,2025-06-26
H005946,C007280,P026,77222.66,2024-10-24
H005947,C007280,P030,39323.42,2025-09-04
H005948,C007280,P017,17584.29,2025-02-06
H005949,C007280,P024,90059.96,2025-07-24
H005950,C000567,P006,50000.0,2025-01-02
H005951,C000567,P021,112985.79,2025-06-28
H005952,C007048,P018,16266.02,2024-06-06
H005953,C007048,P030,27347.47,2024-12-27
H005954,C007048,P002,9548.75,2025-07-17
H005955,C001838,P002,13505.9,2024-12-18
H005956,C001838,P025,110086.51,2025-09-30
H005957,C001335,P017,105138.46,2024-10-08
H005958,C003876,P029,20846.84,2025-05-27
H005959,C007608,P005,100000.0,2025-07-15
H005960,C007608,P012,14366.79,2025-07-12
H005961,C002100,P025,47978.8,2025-10-12
H005962,C006835,P017,172539.76,2024-06-09
H005963,C003412,P020,44755.87,2025-05-11
H005964,C004330,P024,34874.59,2025-12-04
H005965,C004330,P005,100000.0,2025-05-19
H005966,C001689,P010,50000.0,2025-04-19
H005967,C001689,P023,63831.33,2025-06-14
H005968,C001689,P004,16378.07,2024-12-07
H005969,C000746,P019,14148.58,2024-12-14
H005970,C000746,P012,66244.06,2025-05-17
H005971,C000746,P029,45050.09,2025-09-23
H005972,C000746,P022,16657.3,2024-07-31
H005973,C005481,P014,98325.58,2025-11-17
H005974,C005481,P021,100000.0,2024-12-11
H005975,C006711,P002,34666.23,2024-08-13
H005976,C002188,P007,110588.82,2025-07-14
H005977,C002188,P018,48815.12,2025-05-26
H005978,C000196,P020,49639.38,2025-02-12
H005979,C001153,P005,100000.0,2025-09-26
H005980,C001153,P019,18688.68,2024-06-19
H005981,C006571,P013,115925.87,2025-07-16
H005982,C000803,P029,12601.26,2025-03-14
H005983,C000803,P024,17259.24,2025-06-17
H005984,C005009,P008,35100.2,2026-01-10
H005985,C005009,P026,23296.02,2025-12-27
H005986,C005009,P020,38658.34,2024-10-30
H005987,C005009,P015,50000.0,2025-08-24
H005988,C002351,P013,43697.4,2025-06-14
H005989,C007804,P026,108937.82,2025-01-30
H005990,C007804,P030,9114.15,2025-06-18
H005991,C007804,P007,50000.0,2024-11-24
H005992,C007804,P010,50000.0,2025-03-15
H005993,C003410,P011,28029.65,2025-10-15
H005994,C007248,P002,27868.57,2024-10-10
H005995,C005185,P001,50000.0,2024-08-01
H005996,C005185,P017,29225.24,2025-07-10
H005997,C002069,P030,11455.66,2025-02-23
H005998,C002908,P023,40539.43,2025-06-12
H005999,C006682,P028,100000.0,2025-09-11
H006000,C006682,P026,15209.82,2025-03-25
H006001,C006682,P014,19497.82,2024-12-16
H006002,C006682,P026,58602.98,2025-10-06
H006003,C007460,P020,12475.27,2025-05-29
H006004,C000645,P017,159956.89,2025-01-21
H006005,C007433,P015,50000.0,2025-06-06
H006006,C007433,P002,26524.18,2026-01-17
H006007,C007433,P029,44767.3,2025-01-18
H006008,C007433,P007,50000.0,2025-02-17
H006009,C006006,P029,26002.74,2025-01-13
H006010,C006006,P012,99165.16,2025-05-28
H006011,C006006,P006,50000.0,2025-09-27
H006012,C003625,P009,67770.63,2025-08-27
H006013,C003625,P011,34395.23,2025-05-15
H006014,C003625,P023,31241.65,2025-10-02
H006015,C003780,P004,15527.45,2025-12-03
H006016,C003780,P026,22513.29,2025-01-31
H006017,C003780,P023,42820.96,2025-01-26
H006018,C003780,P003,50000.0,2025-06-08
H006019,C006953,P023,63937.65,2025-11-17
H006020,C000121,P028,100000.0,2025-02-03
H006021,C001778,P010,55676.26,2025-05-11
H006022,C001778,P017,63957.06,2024-07-24
H006023,C002982,P020,32438.53,2026-01-20
H006024,C003075,P018,67937.84,2025-05-31
H006025,C003075,P027,100000.0,2025-11-03
H006026,C003075,P025,29639.74,2025-06-30
H006027,C003075,P007,50000.0,2024-10-02
H006028,C006434,P006,50000.0,2025-04-06
H006029,C006181,P004,29851.62,2024-07-06
H006030,C006181,P028,100000.0,2025-03-15
H006031,C006992,P011,19350.8,2024-06-07
H006032,C003036,P014,34624.22,2025-05-15
H006033,C003036,P006,50000.0,2025-07-10
H006034,C003036,P004,21128.44,2026-01-15
H006035,C003036,P022,22345.3,2024-09-14
H006036,C002136,P025,25997.08,2025-07-20
H006037,C006781,P023,18311.6,2025-04-26
H006038,C006781,P002,18432.84,2024-12-02
H006039,C007562,P011,20416.11,2025-08-05
H006040,C007562,P002,73570.76,2025-07-29
H006041,C007562,P017,29426.52,2024-09-24
H006042,C007562,P015,74913.4,2025-12-24
H006043,C000135,P012,79790.8,2025-06-19
H006044,C004354,P022,26169.78,2025-08-26
H006045,C004251,P004,19860.83,2024-07-02
H006046,C007718,P015,50000.0,2025-07-27
H006047,C007718,P010,50000.0,2025-04-20
H006048,C007718,P001,50000.0,2025-01-15
H006049,C004604,P018,54710.73,2025-11-08
H006050,C002560,P022,52389.95,2025-11-07
H006051,C002560,P018,10000.0,2025-12-17
H006052,C002560,P019,77000.7,2025-05-20
H006053,C000063,P018,42689.73,2024-12-06
H006054,C000063,P018,29790.37,2025-04-06
H006055,C006481,P008,32462.8,2025-04-18
H006056,C006481,P001,50000.0,2025-04-14
H006057,C007487,P012,18711.44,2025-11-02
H006058,C004310,P019,23788.31,2025-06-03
H006059,C004310,P004,20444.74,2024-11-11
H006060,C004310,P026,50540.35,2024-07-23
H006061,C001643,P027,226664.18,2026-01-04
H006062,C001643,P003,50000.0,2025-09-03
H006063,C001643,P005,100000.0,2025-12-06
H006064,C001643,P030,20396.49,2026-01-13
H006065,C002468,P013,21972.4,2025-12-16
H006066,C002468,P029,20661.99,2025-04-16
H006067,C000680,P016,100000.0,2024-08-23
H006068,C000680,P019,73481.42,2025-07-15
H006069,C004481,P028,100000.0,2025-04-06
H006070,C004481,P008,124638.33,2026-01-18
H006071,C004481,P009,50000.0,2024-12-25
H006072,C004481,P010,50000.0,2025-01-25
H006073,C000742,P019,79010.66,2025-06-08
H006074,C001212,P004,52672.71,2025-05-09
H006075,C001212,P023,7053.05,2025-02-01
H006076,C002171,P004,13974.02,2026-01-21
H006077,C006044,P014,99725.39,2025-08-19
H006078,C006506,P012,92382.43,2026-01-13
H006079,C005330,P024,30166.32,2024-11-16
H006080,C005330,P002,23142.18,2025-03-26
H006081,C005330,P016,100000.0,2025-04-28
H006082,C005330,P006,50000.0,2025-08-17
H006083,C002901,P020,24849.76,2025-05-18
H006084,C003259,P021,100000.0,2024-09-11
H006085,C003259,P022,26000.12,2024-11-20
H006086,C000568,P027,100000.0,2026-01-16
H006087,C000568,P014,20380.63,2024-11-23
H006088,C001874,P008,29796.21,2025-05-01
H006089,C000649,P017,10082.31,2024-10-03
H006090,C000649,P002,108718.29,2024-09-12
H006091,C002597,P018,23601.07,2025-03-13
H006092,C001718,P026,14719.9,2025-12-26
H006093,C002844,P020,38078.47,2024-12-20
H006094,C002844,P019,10261.05,2025-08-23
H006095,C001393,P002,41380.61,2025-12-05
H006096,C001393,P026,67131.54,2025-09-10
H006097,C006019,P019,25834.26,2025-03-08
H006098,C006019,P025,19340.62,2026-01-06
H006099,C003642,P019,17567.9,2025-08-13
H006100,C005336,P024,34971.77,2025-09-12
H006101,C005270,P001,50000.0,2025-10-14
H006102,C005876,P020,46772.11,2024-08-31
H006103,C000490,P002,68005.05,2024-07-28
H006104,C000490,P030,10413.27,2024-12-17
H006105,C000490,P018,59562.94,2025-03-17
H006106,C000494,P030,10614.75,2024-06-29
H006107,C000494,P027,100000.0,2025-03-20
H006108,C000494,P020,12424.25,2024-12-09
H006109,C000691,P015,56447.2,2025-03-01
H006110,C005613,P006,50000.0,2025-06-30
H006111,C005613,P024,14110.23,2025-01-05
H006112,C005613,P017,17424.9,2025-06-29
H006113,C000603,P024,24930.85,2025-12-07
H006114,C001912,P018,15735.89,2025-01-28
H006115,C001912,P020,39921.33,2025-03-30
H006116,C005515,P002,34302.13,2025-05-27
H006117,C007315,P022,22929.7,2025-04-03
H006118,C007315,P003,69489.2,2026-01-16
H006119,C006026,P022,10000.0,2025-06-03
H006120,C006026,P017,17943.3,2025-12-01
H006121,C005679,P025,57778.91,2025-07-09
H006122,C005679,P030,14101.98,2025-03-22
H006123,C005679,P011,44899.85,2024-06-06
H006124,C003540,P008,81723.5,2025-03-10
H006125,C003540,P004,12849.93,2025-03-30
H006126,C003540,P012,96823.48,2025-07-25
H006127,C005060,P023,160346.1,2025-03-05
H006128,C005490,P018,94893.07,2025-06-19
H006129,C005490,P016,100000.0,2025-07-01
H006130,C005490,P012,48402.36,2025-09-14
H006131,C002367,P021,100000.0,2025-03-21
H006132,C002367,P027,100000.0,2025-06-28
H006133,C001188,P020,10000.0,2025-12-02
H006134,C001188,P004,105167.49,2024-06-10
H006135,C001188,P018,13335.77,2025-09-18
H006136,C000275,P011,17754.68,2025-03-26
H006137,C004542,P017,141340.93,2025-03-05
H006138,C004542,P004,29058.66,2025-03-31
H006139,C004542,P022,38513.83,2024-08-17
H006140,C004997,P004,51477.44,2025-06-22
H006141,C001362,P005,100000.0,2024-09-22
H006142,C003795,P029,44530.59,2025-01-18
H006143,C003795,P008,14461.39,2025-05-30
H006144,C001527,P004,24383.43,2025-02-11
H006145,C001527,P028,100000.0,2024-12-31
H006146,C001527,P004,61402.44,2024-06-14
H006147,C001527,P001,50000.0,2025-11-09
H006148,C005591,P018,30814.34,2025-10-20
H006149,C003913,P014,39310.9,2025-05-23
H006150,C003913,P004,68716.79,2024-07-23
H006151,C003913,P024,14727.65,2025-06-22
H006152,C003913,P030,59942.38,2025-05-22
H006153,C007882,P002,44557.22,2024-08-23
H006154,C001552,P017,8748.22,2024-08-15
H006155,C000331,P002,54531.23,2025-08-25
H006156,C001338,P025,30234.71,2025-08-13
H006157,C001338,P011,10293.39,2025-04-02
H006158,C005453,P003,52216.56,2025-10-27
H006159,C005453,P012,17125.13,2025-11-07
H006160,C005453,P003,50000.0,2025-07-23
H006161,C000946,P020,39486.65,2024-10-13
H006162,C000946,P008,10000.0,2025-07-13
H006163,C000946,P011,52335.26,2024-11-27
H006164,C006297,P026,18093.01,2025-04-11
H006165,C002251,P016,100000.0,2025-06-27
H006166,C006301,P030,122198.72,2025-05-24
H006167,C006301,P005,100000.0,2025-12-17
H006168,C003942,P020,34564.99,2024-11-05
H006169,C002347,P001,50000.0,2025-01-13
H006170,C000069,P014,36247.97,2025-01-08
H006171,C007678,P013,32348.0,2025-06-25
H006172,C005697,P012,45023.31,2025-11-19
H006173,C002785,P019,173850.96,2025-08-01
H006174,C002785,P003,50000.0,2025-07-23
H006175,C002785,P010,50000.0,2025-10-23
H006176,C001599,P023,68543.19,2025-02-26
H006177,C001599,P027,100000.0,2025-08-28
H006178,C004723,P020,33556.85,2025-09-19
H006179,C006910,P009,113466.85,2025-05-30
H006180,C006910,P024,33723.49,2025-03-21
H006181,C005046,P009,50000.0,2025-03-16
H006182,C005046,P006,50000.0,2025-01-24
H006183,C005046,P022,10000.0,2024-12-10
H006184,C005046,P029,49818.78,2025-02-14
H006185,C000151,P011,66165.79,2025-06-19
H006186,C000151,P021,144758.0,2025-04-23
H006187,C002805,P001,113513.62,2025-06-06
H006188,C002805,P022,26536.56,2025-10-13
H006189,C002805,P025,41343.43,2025-02-21
H006190,C002087,P026,20580.15,2026-01-02
H006191,C002087,P025,16690.51,2025-02-07
H006192,C002260,P020,288412.04,2025-03-31
H006193,C003948,P020,43519.87,2024-08-01
H006194,C003948,P001,50000.0,2025-12-14
H006195,C003948,P023,5452.04,2025-02-20
H006196,C007869,P002,82478.76,2025-10-24
H006197,C006176,P028,109899.19,2024-11-10
H006198,C005774,P029,20494.16,2025-04-29
H006199,C005774,P029,72841.21,2025-06-03
H006200,C003481,P011,46949.96,2025-02-26
H006201,C004986,P004,35949.18,2025-04-03
H006202,C004986,P030,60974.74,2025-12-16
H006203,C004986,P030,25504.11,2024-09-23
H006204,C003506,P024,29286.32,2025-11-03
H006205,C004815,P029,18911.09,2025-07-02
H006206,C004122,P025,49933.12,2025-05-12
H006207,C007683,P014,38786.08,2025-04-06
H006208,C000367,P030,6355.3,2024-07-26
H006209,C001433,P006,50000.0,2025-12-31
H006210,C001433,P014,33983.25,2025-04-11
H006211,C001433,P019,36164.55,2024-10-19
H006212,C004304,P023,41025.29,2025-11-18
H006213,C007192,P011,65358.29,2025-10-17
H006214,C007192,P015,50000.0,2025-12-03
H006215,C001780,P018,124626.57,2025-07-17
H006216,C001780,P010,50000.0,2025-05-13
H006217,C006965,P006,84315.2,2025-06-24
H006218,C006965,P015,50000.0,2025-07-24
H006219,C006965,P024,28319.06,2025-09-10
H006220,C006965,P022,33645.33,2026-01-18
H006221,C004174,P006,50000.0,2025-08-22
H006222,C001819,P005,103407.94,2025-08-05
H006223,C005121,P030,35314.04,2025-04-01
H006224,C005121,P017,4127.37,2024-12-10
H006225,C000842,P011,26929.81,2024-08-10
H006226,C002705,P008,18464.63,2025-10-30
H006227,C001190,P008,44538.59,2025-09-23
H006228,C000176,P014,14972.41,2025-01-11
H006229,C004442,P024,65942.78,2025-01-24
H006230,C004442,P026,11627.54,2024-12-27
H006231,C004442,P004,38038.91,2024-12-31
H006232,C007526,P030,27135.67,2024-09-07
H006233,C000618,P003,50000.0,2026-01-10
H006234,C002094,P001,71731.72,2024-12-26
H006235,C003309,P026,27525.79,2025-08-20
H006236,C005821,P014,90711.72,2025-01-07
H006237,C005821,P023,27268.65,2025-02-22
H006238,C005821,P004,86565.71,2025-04-07
H006239,C005821,P008,10000.0,2025-08-15
H006240,C003828,P025,19831.51,2026-01-10
H006241,C000083,P011,31928.77,2024-06-15
H006242,C003820,P010,50000.0,2025-03-15
H006243,C003209,P017,87154.4,2026-01-02
H006244,C000817,P004,39757.15,2025-09-25
H006245,C000817,P027,100000.0,2025-04-24
H006246,C001031,P025,35540.64,2025-11-17
H006247,C001031,P025,50839.45,2025-04-30
H006248,C004093,P008,14752.55,2025-12-02
H006249,C000301,P020,32684.95,2024-07-17
H006250,C000301,P006,50000.0,2024-06-10
H006251,C006307,P023,18322.29,2025-11-02
H006252,C001473,P013,14149.84,2025-08-30
H006253,C001473,P011,10776.56,2024-12-14
H006254,C000284,P025,32959.83,2025-04-02
H006255,C000284,P030,35239.91,2024-11-17
H006256,C002029,P019,16715.75,2025-09-13
H006257,C004311,P001,50000.0,2024-07-24
H006258,C004311,P010,71434.43,2025-03-28
H006259,C004311,P006,50000.0,2024-11-18
H006260,C004913,P004,34915.29,2025-02-08
H006261,C006351,P030,13716.36,2024-10-29
H006262,C002916,P014,154561.27,2025-05-10
H006263,C002916,P011,40373.95,2024-11-17
H006264,C002916,P024,37090.66,2025-05-19
H006265,C001814,P011,25552.29,2025-07-29
H006266,C001814,P030,14750.91,2024-07-10
H006267,C001272,P028,100000.0,2024-12-24
H006268,C001272,P006,50000.0,2025-08-06
H006269,C006210,P020,18956.48,2025-03-15
H006270,C005279,P024,75341.67,2025-12-21
H006271,C006557,P006,50000.0,2024-12-26
H006272,C006613,P005,100000.0,2024-08-02
H006273,C006613,P008,22384.93,2025-08-01
H006274,C005076,P004,88850.12,2024-10-29
H006275,C005076,P003,50000.0,2025-06-18
H006276,C005076,P022,42334.52,2024-11-24
H006277,C005076,P029,39846.64,2025-02-10
H006278,C005108,P002,32527.46,2025-11-17
H006279,C005108,P023,18910.68,2026-01-15
H006280,C005108,P015,65939.39,2025-04-20
H006281,C005108,P029,10000.0,2025-08-03
H006282,C003151,P012,11132.94,2025-10-25
H006283,C000821,P004,3114.44,2024-11-17
H006284,C000821,P008,12456.98,2025-05-14
H006285,C002314,P025,46581.27,2025-02-02
H006286,C002009,P013,27395.73,2025-08-22
H006287,C004833,P019,40729.85,2024-10-16
H006288,C002643,P004,30112.36,2025-06-17
H006289,C007294,P008,48310.42,2025-07-22
H006290,C007294,P024,18279.17,2025-10-17
H006291,C002306,P027,100000.0,2025-10-18
H006292,C002306,P020,45475.59,2026-01-01
H006293,C006436,P030,34741.34,2024-12-24
H006294,C006436,P019,15941.25,2025-05-02
H006295,C006436,P003,50000.0,2025-05-01
H006296,C006436,P029,141896.31,2024-12-10
H006297,C005768,P011,36435.36,2025-12-14
H006298,C000100,P026,74796.35,2025-10-27
H006299,C000100,P006,69173.27,2025-07-02
H006300,C004699,P020,66036.99,2024-11-13
H006301,C000745,P014,66452.43,2025-08-13
H006302,C007685,P004,28733.92,2025-10-14
H006303,C007403,P018,11707.73,2024-09-18
H006304,C003974,P004,122300.64,2024-06-25
H006305,C000481,P011,42747.34,2025-03-14
H006306,C000481,P018,14610.25,2025-01-17
H006307,C007176,P012,18076.88,2025-10-11
H006308,C007176,P005,100000.0,2024-08-06
H006309,C007176,P020,19616.55,2024-11-17
H006310,C007764,P003,50000.0,2025-10-22
H006311,C007764,P013,16270.04,2025-08-15
H006312,C007764,P010,50000.0,2025-09-29
H006313,C007764,P023,33186.61,2025-07-02
H006314,C005661,P022,32888.47,2025-05-19
H006315,C005661,P028,100000.0,2025-04-13
H006316,C001158,P024,9779.01,2024-11-04
H006317,C006712,P030,39862.79,2025-07-03
H006318,C007420,P025,44769.08,2025-03-03
H006319,C007420,P017,10153.17,2025-05-28
H006320,C005908,P022,32667.71,2024-10-07
H006321,C005908,P030,39004.31,2025-10-31
H006322,C005908,P004,21935.12,2024-06-09
H006323,C001438,P001,57537.07,2024-11-14
H006324,C001438,P012,88817.16,2025-10-25
H006325,C001438,P020,77875.37,2025-04-13
H006326,C001438,P006,82924.26,2025-06-30
H006327,C002415,P022,53334.01,2024-12-17
H006328,C004865,P003,50000.0,2025-08-17
H006329,C004865,P011,16054.38,2024-11-30
H006330,C000403,P024,121870.28,2025-09-02
H006331,C006058,P004,72080.21,2025-07-30
H006332,C002196,P025,83410.1,2025-05-25
H006333,C002196,P013,46663.95,2025-08-25
H006334,C002196,P028,100000.0,2025-06-05
H006335,C000950,P030,8577.16,2025-11-13
H006336,C004166,P004,18222.4,2025-09-10
H006337,C002068,P014,72519.41,2025-02-22
H006338,C007653,P028,100000.0,2024-11-29
H006339,C007653,P017,26088.4,2024-11-25
H006340,C007653,P029,83860.69,2025-06-25
H006341,C007653,P021,100000.0,2025-01-13
H006342,C005610,P024,33837.09,2024-10-27
H006343,C000669,P007,72549.45,2025-06-11
H006344,C000669,P024,39534.89,2024-11-19
H006345,C000219,P019,79020.0,2025-01-07
H006346,C000219,P029,35172.13,2025-12-21
H006347,C007704,P011,126897.17,2025-03-01
H006348,C007704,P011,54141.87,2025-08-04
H006349,C001963,P008,35838.55,2025-07-23
H006350,C003892,P023,16536.47,2026-01-21
H006351,C003892,P023,20472.29,2025-11-21
H006352,C003892,P018,10000.0,2024-08-04
H006353,C005800,P024,165336.7,2025-03-20
H006354,C005800,P022,25178.79,2025-01-12
H006355,C002214,P001,50000.0,2025-09-22
H006356,C002214,P005,100000.0,2024-06-29
H006357,C002214,P023,56072.53,2025-04-24
H006358,C002634,P029,27496.34,2025-12-12
H006359,C001660,P004,22019.77,2025-01-10
H006360,C001660,P024,35841.45,2025-01-08
H006361,C001660,P026,46470.5,2025-02-14
H006362,C003626,P004,19261.56,2025-04-02
H006363,C003626,P012,20409.57,2025-08-19
H006364,C003626,P024,72077.02,2025-07-07
H006365,C005368,P026,36460.61,2025-01-02
H006366,C005368,P026,47692.46,2024-11-15
H006367,C005310,P004,18133.72,2025-09-25
H006368,C005310,P013,51190.57,2025-11-25
H006369,C005488,P023,13543.54,2025-02-14
H006370,C002146,P011,44063.67,2024-12-17
H006371,C002146,P021,179883.64,2025-10-02
H006372,C000778,P003,53739.7,2025-04-22
H006373,C000778,P011,35955.21,2024-10-15
H006374,C000778,P010,76605.04,2025-05-19
H006375,C002435,P004,15256.74,2025-11-04
H006376,C002435,P018,27109.84,2026-01-07
H006377,C003067,P022,19725.57,2024-12-22
H006378,C003067,P030,230831.22,2025-12-17
H006379,C003067,P024,31097.62,2025-11-17
H006380,C004454,P015,50000.0,2025-05-27
H006381,C004454,P027,100000.0,2025-06-09
H006382,C005748,P019,59554.59,2024-09-10
H006383,C005748,P019,24468.29,2024-10-28
H006384,C005748,P029,16799.11,2025-05-10
H006385,C006859,P011,38001.5,2025-06-22
H006386,C004871,P024,24553.24,2025-04-28
H006387,C004871,P014,20649.77,2025-12-30
H006388,C001492,P018,147935.81,2024-07-09
H006389,C001492,P018,99500.03,2025-01-14
H006390,C003154,P017,22661.9,2024-11-20
H006391,C003154,P012,49085.81,2025-07-28
H006392,C003154,P026,23493.33,2025-11-13
H006393,C003775,P023,25835.87,2025-04-03
H006394,C006425,P018,18728.54,2025-09-09
H006395,C006425,P025,34531.9,2025-05-29
H006396,C003590,P019,21817.25,2025-01-01
H006397,C006633,P019,21254.0,2024-07-15
H006398,C006633,P021,100000.0,2024-12-03
H006399,C006633,P018,22888.62,2024-11-11
H006400,C004642,P024,10024.3,2024-10-31
H006401,C004642,P008,22847.85,2025-06-22
H006402,C000518,P019,15223.52,2025-01-14
H006403,C003945,P026,30895.32,2025-01-08
H006404,C004160,P028,100000.0,2025-06-10
H006405,C004529,P004,41976.37,2025-05-27
H006406,C004529,P021,100000.0,2024-07-08
H006407,C005496,P024,75194.54,2025-06-08
H006408,C007784,P004,25032.95,2025-03-16
H006409,C006130,P002,28779.13,2025-01-20
H006410,C001416,P018,28619.04,2024-12-27
H006411,C001416,P004,34408.26,2025-04-30
H006412,C000569,P011,49448.33,2025-02-28
H006413,C000569,P017,1208.96,2024-06-28
H006414,C000361,P024,22728.84,2026-01-13
H006415,C004044,P025,32032.2,2025-03-06
H006416,C006899,P028,100000.0,2025-09-13
H006417,C006219,P003,69707.06,2026-01-15
H006418,C004167,P002,23541.76,2025-05-31
H006419,C004167,P020,30426.47,2025-03-12
H006420,C003101,P011,43594.55,2024-06-05
H006421,C003915,P007,50000.0,2024-07-27
H006422,C003915,P027,100000.0,2025-05-14
H006423,C003915,P020,24839.88,2024-11-06
H006424,C003915,P004,73284.99,2025-09-10
H006425,C000760,P022,31453.16,2025-06-14
H006426,C000760,P020,12931.26,2025-12-19
H006427,C003549,P002,25659.01,2024-07-14
H006428,C006524,P012,96623.59,2025-06-08
H006429,C006524,P002,52813.79,2025-12-20
H006430,C007715,P029,34693.21,2025-02-18
H006431,C007715,P021,155284.55,2024-09-19
H006432,C006500,P020,70199.81,2024-06-16
H006433,C005231,P007,50000.0,2024-08-23
H006434,C005231,P009,111379.23,2025-11-30
H006435,C000215,P004,23030.39,2025-10-07
H006436,C004029,P027,100000.0,2025-08-29
H006437,C006889,P009,96453.5,2024-11-21
H006438,C006889,P026,29493.53,2024-08-22
H006439,C003693,P023,20921.0,2025-03-30
H006440,C005944,P001,50000.0,2025-03-31
H006441,C004565,P001,108423.82,2025-06-05
H006442,C004078,P028,100000.0,2024-11-04
H006443,C004078,P011,10000.0,2025-03-21
H006444,C001474,P002,13470.39,2024-07-24
H006445,C000726,P006,62669.0,2025-02-10
H006446,C000726,P013,55316.27,2025-07-13
H006447,C004561,P004,11216.77,2024-07-31
H006448,C004561,P008,44368.68,2025-08-29
H006449,C003561,P023,115007.64,2025-08-02
H006450,C003561,P019,13940.4,2024-10-12
H006451,C003561,P028,100000.0,2025-05-22
H006452,C000050,P014,16652.76,2024-11-04
H006453,C000050,P001,67260.73,2025-02-15
H006454,C006272,P015,50000.0,2025-09-05
H006455,C003131,P002,17073.14,2026-01-19
H006456,C000888,P022,58316.76,2025-08-23
H006457,C007007,P014,75302.54,2025-08-15
H006458,C007007,P024,5366.87,2025-07-31
H006459,C004424,P012,22343.71,2025-12-25
H006460,C004424,P017,6665.36,2024-08-07
H006461,C002894,P030,35575.8,2024-08-14
H006462,C002894,P008,13804.58,2025-05-31
H006463,C007656,P024,17437.86,2025-01-04
H006464,C007656,P002,33285.98,2025-02-14
H006465,C007656,P030,16266.82,2024-08-30
H006466,C007656,P004,23304.47,2025-02-07
H006467,C007230,P026,34046.87,2025-05-20
H006468,C007230,P023,49583.69,2025-07-23
H006469,C000517,P019,20832.12,2024-06-24
H006470,C003169,P024,76234.41,2025-02-25
H006471,C003169,P019,39694.01,2025-10-06
H006472,C003169,P020,19632.71,2025-02-02
H006473,C002950,P017,15264.94,2025-10-04
H006474,C003880,P021,100000.0,2025-05-14
H006475,C003880,P008,16693.25,2025-05-18
H006476,C000140,P022,19470.68,2025-11-11
H006477,C000140,P025,36531.08,2025-07-24
H006478,C006725,P030,49233.94,2025-10-14
H006479,C003883,P002,28785.79,2024-09-04
H006480,C003883,P017,52893.53,2026-01-06
H006481,C005260,P025,54844.53,2025-05-22
H006482,C003198,P014,33494.49,2025-08-02
H006483,C003198,P019,12778.65,2024-12-01
H006484,C007572,P002,20629.69,2024-07-23
H006485,C000113,P022,37718.9,2025-07-26
H006486,C000113,P008,65020.76,2025-04-01
H006487,C003196,P030,55093.1,2024-10-11
H006488,C003196,P020,32693.33,2025-09-04
H006489,C000464,P010,60840.58,2025-02-01
H006490,C000464,P011,224992.77,2025-07-26
H006491,C007244,P002,35856.66,2025-06-01
H006492,C007244,P001,66544.5,2024-11-06
H006493,C007244,P013,15484.32,2025-06-02
H006494,C001234,P013,57431.53,2025-11-08
H006495,C001234,P029,15037.07,2025-01-20
H006496,C001234,P002,11426.1,2024-07-31
H006497,C001234,P011,171285.65,2025-10-16
H006498,C003251,P014,18768.07,2025-12-08
H006499,C003251,P029,29436.77,2025-03-18
H006500,C003251,P019,28049.61,2025-12-05
H006501,C003251,P017,32158.38,2024-07-17
H006502,C004867,P022,29905.29,2025-06-10
H006503,C000451,P028,100000.0,2024-07-31
H006504,C000451,P023,46295.69,2025-10-24
H006505,C007478,P030,57828.89,2026-01-10
H006506,C006080,P019,44754.65,2025-08-04
H006507,C006080,P013,27707.01,2025-08-31
H006508,C004692,P025,53368.26,2025-07-10
H006509,C004692,P003,50000.0,2025-12-04
H006510,C000313,P002,17839.82,2025-05-03
H006511,C007622,P030,53729.68,2025-05-26
H006512,C007622,P014,24333.0,2025-01-08
H006513,C007284,P002,15763.2,2025-04-16
H006514,C007284,P016,100000.0,2025-05-14
H006515,C007284,P005,210722.63,2024-10-21
H006516,C007284,P024,19630.0,2025-08-28
H006517,C004662,P019,86127.78,2024-08-16
H006518,C004662,P015,50000.0,2025-02-15
H006519,C004852,P005,100000.0,2025-03-07
H006520,C004852,P013,33129.37,2025-09-15
H006521,C004852,P001,50000.0,2024-09-26
H006522,C007232,P029,160359.77,2025-08-17
H006523,C007232,P014,10000.0,2024-11-05
H006524,C005397,P024,31753.79,2024-10-11
H006525,C005397,P012,14669.84,2025-12-17
H006526,C005397,P020,16531.59,2025-11-17
H006527,C000452,P018,32179.51,2024-07-12
H006528,C003167,P013,38821.08,2025-08-29
H006529,C006454,P024,8602.87,2024-12-29
H006530,C006773,P002,116989.88,2025-12-06
H006531,C006773,P011,21439.21,2026-01-19
H006532,C000891,P026,47308.82,2025-08-26
H006533,C002764,P014,36616.44,2025-10-27
H006534,C000659,P005,100000.0,2024-06-09
H006535,C000659,P011,27443.65,2026-01-13
H006536,C001507,P006,50000.0,2024-08-06
H006537,C001507,P008,24524.93,2025-12-16
H006538,C001507,P014,15684.22,2025-04-04
H006539,C004012,P022,45645.16,2024-09-18
H006540,C004555,P027,100000.0,2025-07-30
H006541,C004555,P014,47537.72,2025-10-27
H006542,C007488,P023,64526.13,2025-10-27
H006543,C007488,P020,13169.57,2024-07-08
H006544,C001000,P023,24989.23,2025-05-06
H006545,C001000,P008,11924.34,2025-07-07
H006546,C000390,P013,37400.18,2026-01-02
H006547,C000390,P016,100000.0,2025-10-24
H006548,C000390,P024,28684.64,2024-10-18
H006549,C000390,P017,39195.99,2025-12-01
H006550,C003408,P023,15528.01,2025-06-24
H006551,C003408,P025,39359.65,2025-12-20
H006552,C002331,P001,50000.0,2025-04-01
H006553,C002331,P029,89369.58,2025-09-04
H006554,C002331,P026,45871.51,2025-08-29
H006555,C001477,P030,6966.07,2024-12-12
H006556,C001477,P008,78485.14,2025-03-25
H006557,C002241,P008,29568.13,2025-10-25
H006558,C007194,P020,13104.5,2025-04-01
H006559,C007194,P022,17877.59,2024-06-21
H006560,C007194,P015,50000.0,2025-07-02
H006561,C007205,P025,12952.32,2025-11-18
H006562,C006680,P014,37935.36,2024-11-18
H006563,C003937,P030,20773.93,2024-06-18
H006564,C003937,P009,210448.68,2025-11-29
H006565,C006752,P008,18275.68,2025-07-21
H006566,C002973,P009,50000.0,2024-10-20
H006567,C003387,P014,10346.08,2025-04-07
H006568,C002776,P022,28296.23,2026-01-09
H006569,C001924,P008,15545.89,2025-10-25
H006570,C000759,P003,89347.87,2025-08-29
H006571,C000701,P020,17670.28,2025-07-31
H006572,C007009,P001,50000.0,2025-07-10
H006573,C001294,P014,12685.2,2025-01-28
H006574,C007062,P030,20372.29,2025-11-20
H006575,C007062,P029,15508.29,2025-06-21
H006576,C007062,P009,50000.0,2024-08-20
H006577,C006699,P012,12295.06,2025-09-15
H006578,C006699,P010,50000.0,2025-05-05
H006579,C002536,P013,10000.0,2025-10-16
H006580,C002536,P030,36588.61,2025-09-09
H006581,C002536,P019,55407.04,2025-04-07
H006582,C006730,P002,46326.35,2025-11-23
H006583,C006730,P014,51524.06,2025-08-22
H006584,C006730,P002,38649.06,2024-12-06
H006585,C006730,P004,19186.06,2025-06-19
H006586,C001908,P016,100000.0,2024-12-06
H006587,C001908,P008,24123.79,2025-10-19
H006588,C007020,P013,12081.81,2025-07-02
H006589,C000369,P016,100000.0,2025-06-30
H006590,C000369,P002,37708.88,2026-01-11
H006591,C001938,P026,31539.57,2024-10-30
H006592,C004214,P003,50000.0,2025-10-01
H006593,C004214,P019,53938.46,2024-08-11
H006594,C004214,P008,140090.79,2025-05-08
H006595,C004214,P025,20319.51,2025-01-24
H006596,C001152,P002,29861.95,2025-04-26
H006597,C001152,P019,120756.15,2025-09-16
H006598,C007671,P006,84223.27,2025-04-11
H006599,C005091,P024,64040.17,2024-11-07
H006600,C005091,P014,26078.1,2025-03-11
H006601,C004193,P025,28403.31,2025-02-26
H006602,C004280,P029,84391.66,2026-01-05
H006603,C004280,P012,10000.0,2026-01-04
H006604,C003011,P016,100000.0,2025-06-09
H006605,C003011,P017,75325.93,2024-08-21
H006606,C000192,P011,22925.87,2026-01-16
H006607,C000192,P001,89306.25,2024-08-22
H006608,C007278,P005,100000.0,2024-10-28
H006609,C007278,P001,50000.0,2025-12-01
H006610,C004428,P018,19702.92,2025-02-28
H006611,C001904,P028,100000.0,2024-11-23
H006612,C001904,P019,18025.2,2024-11-17
H006613,C001904,P026,36691.49,2025-11-14
H006614,C001904,P015,50000.0,2025-09-03
H006615,C001100,P027,100000.0,2025-07-29
H006616,C001100,P006,87487.15,2025-03-11
H006617,C001100,P008,38387.79,2025-11-02
H006618,C005314,P015,50000.0,2025-05-11
H006619,C005314,P026,35037.46,2025-12-13
H006620,C003647,P012,79634.06,2025-10-08
H006621,C003647,P015,50000.0,2025-10-03
H006622,C003886,P018,54860.59,2025-09-03
H006623,C003886,P004,18991.17,2024-09-14
H006624,C003886,P014,51236.39,2025-01-30
H006625,C002293,P017,47966.91,2025-02-26
H006626,C006975,P009,50000.0,2024-12-20
H006627,C006975,P030,8359.71,2025-01-13
H006628,C007777,P030,52812.02,2025-10-11
H006629,C005322,P006,54100.36,2025-10-16
H006630,C004899,P009,76416.16,2025-01-24
H006631,C001165,P001,50000.0,2024-07-14
H006632,C001165,P006,67589.14,2024-10-08
H006633,C005152,P011,29633.2,2024-09-05
H006634,C005152,P016,100000.0,2025-06-18
H006635,C005152,P025,41100.74,2025-04-18
H006636,C004652,P007,50000.0,2024-12-24
H006637,C003802,P020,110738.54,2025-12-09
H006638,C003802,P025,20700.12,2025-02-14
H006639,C006958,P016,108324.52,2025-11-10
H006640,C006958,P022,105954.52,2025-04-19
H006641,C005023,P013,20496.48,2025-09-10
H006642,C003665,P023,14576.27,2025-12-24
H006643,C003665,P002,17730.75,2024-09-10
H006644,C003665,P002,90417.97,2025-03-04
H006645,C003665,P027,152590.72,2025-03-03
H006646,C005674,P024,15764.14,2025-01-06
H006647,C005674,P030,11901.45,2024-06-19
H006648,C001662,P022,36615.95,2024-07-16
H006649,C000509,P019,66793.59,2024-11-17
H006650,C000509,P011,183875.94,2025-11-13
H006651,C000509,P025,4235.83,2025-05-19
H006652,C000509,P028,100826.85,2025-11-30
H006653,C000167,P009,50000.0,2025-01-30
H006654,C005519,P004,25629.3,2025-09-15
H006655,C005516,P006,50000.0,2025-07-15
H006656,C005516,P027,100000.0,2025-12-16
H006657,C005594,P030,39522.41,2024-06-22
H006658,C003270,P002,29127.07,2025-05-18
H006659,C003270,P002,13648.39,2025-10-24
H006660,C005406,P007,50000.0,2025-03-07
H006661,C005406,P022,70411.04,2025-01-31
H006662,C005406,P010,80710.32,2025-02-20
H006663,C003495,P013,17968.79,2025-07-02
H006664,C003495,P024,13290.63,2024-10-26
H006665,C006511,P024,100707.29,2025-11-27
H006666,C006511,P021,100000.0,2025-02-04
H006667,C006511,P030,17781.5,2025-11-20
H006668,C000104,P006,50000.0,2024-09-16
H006669,C000104,P003,50000.0,2025-04-25
H006670,C000104,P015,75505.3,2025-10-19
H006671,C000104,P010,76698.74,2026-01-15
H006672,C001112,P006,50000.0,2024-07-02
H006673,C001112,P014,21874.29,2025-01-14
H006674,C004076,P001,50000.0,2025-08-11
H006675,C004076,P009,100296.32,2025-04-06
H006676,C001105,P029,58619.83,2025-06-12
H006677,C001105,P017,21469.07,2025-12-27
H006678,C004939,P014,44225.21,2025-12-14
H006679,C001753,P005,115098.55,2026-01-08
H006680,C007149,P010,50000.0,2024-12-19
H006681,C007149,P020,24564.55,2025-06-10
H006682,C004508,P008,36755.03,2025-07-02
H006683,C004169,P017,42774.71,2025-10-21
H006684,C007106,P011,32786.94,2025-12-02
H006685,C002917,P015,100238.93,2025-05-20
H006686,C002917,P020,10000.0,2025-08-07
H006687,C005285,P027,100000.0,2025-10-06
H006688,C001659,P028,100000.0,2024-11-01
H006689,C001659,P007,74389.86,2026-01-10
H006690,C001659,P018,62959.09,2025-11-20
H006691,C001659,P029,15391.24,2025-05-09
H006692,C000153,P013,12964.34,2025-08-14
H006693,C000153,P015,63529.94,2025-06-23
H006694,C004402,P004,44631.11,2025-09-09
H006695,C004402,P003,50369.9,2025-12-16
H006696,C004402,P029,10025.38,2025-10-26
H006697,C004402,P023,7197.3,2025-11-13
H006698,C002484,P016,100000.0,2025-09-06
H006699,C001584,P016,100000.0,2025-01-23
H006700,C006736,P002,42899.33,2024-11-18
H006701,C002553,P012,27673.94,2025-11-07
H006702,C002553,P026,58722.09,2025-04-21
H006703,C007831,P009,50000.0,2025-01-12
H006704,C007831,P016,100000.0,2025-10-06
H006705,C003932,P030,67187.71,2025-08-24
H006706,C003932,P002,34327.24,2024-09-28
H006707,C003552,P026,34891.61,2025-03-18
H006708,C003552,P006,108691.16,2025-09-15
H006709,C003552,P030,13351.67,2024-08-01
H006710,C003552,P019,32397.21,2024-08-21
H006711,C003723,P008,12480.75,2026-01-16
H006712,C004372,P026,25371.02,2025-05-02
H006713,C006452,P030,14052.93,2025-06-04
H006714,C003804,P001,50000.0,2024-10-01
H006715,C006994,P013,61295.07,2025-11-01
H006716,C006994,P026,31953.56,2025-03-27
H006717,C002210,P024,78943.23,2025-10-14
H006718,C004448,P027,100000.0,2025-05-28
H006719,C004448,P014,10315.47,2025-03-29
H006720,C004975,P023,24319.37,2025-04-14
H006721,C004468,P012,15444.28,2025-10-23
H006722,C002986,P022,10000.0,2026-01-01
H006723,C002986,P026,11906.6,2024-07-26
H006724,C001823,P024,10439.16,2024-11-15
H006725,C001823,P017,26401.05,2024-12-17
H006726,C001823,P002,23708.75,2025-06-23
H006727,C003990,P013,59382.66,2025-08-06
H006728,C003990,P024,21742.97,2025-01-11
H006729,C006180,P018,44412.15,2025-09-24
H006730,C006180,P014,22783.66,2025-12-28
H006731,C004591,P020,106773.7,2024-12-27
H006732,C006702,P027,106207.17,2025-10-19
H006733,C005083,P011,24398.31,2025-05-11
H006734,C000310,P024,67368.27,2024-11-10
H006735,C000310,P009,50000.0,2024-08-25
H006736,C000310,P014,69795.88,2025-12-24
H006737,C000310,P012,16642.96,2025-08-10
H006738,C000213,P003,50000.0,2025-04-28
H006739,C000213,P005,100000.0,2025-02-10
H006740,C000213,P024,1263.86,2025-03-18
H006741,C007800,P003,50000.0,2025-10-13
H006742,C007800,P028,100000.0,2024-12-07
H006743,C007800,P030,102416.23,2025-09-10
H006744,C007800,P026,59386.33,2024-08-30
H006745,C004813,P024,25491.95,2025-01-23
H006746,C003600,P024,19076.29,2025-08-28
H006747,C003623,P018,26582.91,2024-12-09
H006748,C003623,P017,22503.66,2024-06-19
H006749,C004387,P011,39123.32,2024-10-11
H006750,C007379,P011,30251.22,2024-06-13
H006751,C007379,P029,10000.0,2025-12-02
H006752,C003451,P006,50000.0,2025-03-18
H006753,C003451,P029,21385.09,2025-09-07
H006754,C003451,P011,26591.82,2025-03-10
H006755,C003451,P004,51192.15,2025-05-02
H006756,C000496,P023,14423.54,2025-07-16
H006757,C000496,P007,73364.2,2025-07-21
H006758,C005750,P005,100000.0,2024-11-24
H006759,C005750,P022,82472.5,2025-05-01
H006760,C005750,P011,14651.73,2025-09-07
H006761,C003257,P004,26808.8,2025-02-17
H006762,C000206,P008,36268.46,2025-09-24
H006763,C000206,P004,89597.26,2025-04-12
H006764,C001435,P011,33687.56,2025-05-08
H006765,C001136,P017,221815.46,2025-07-20
H006766,C002585,P010,55492.13,2025-03-29
H006767,C002585,P002,25885.45,2025-12-21
H006768,C000869,P014,85680.14,2024-12-14
H006769,C002750,P011,11879.53,2025-10-25
H006770,C002750,P024,3437.3,2025-04-20
H006771,C003614,P017,48561.03,2025-03-10
H006772,C003614,P012,27095.43,2025-10-30
H006773,C003614,P028,100000.0,2025-09-10
H006774,C000306,P023,33900.51,2025-06-07
H006775,C001850,P020,10000.0,2025-05-08
H006776,C001850,P019,23195.23,2024-08-04
H006777,C001850,P024,1262.18,2025-05-12
H006778,C004241,P009,124700.59,2025-05-13
H006779,C004241,P008,23137.69,2025-10-30
H006780,C004042,P015,50000.0,2025-04-15
H006781,C004042,P008,44577.19,2025-07-09
H006782,C004042,P011,25215.66,2024-07-07
H006783,C004042,P002,21722.33,2025-12-22
H006784,C001989,P015,50000.0,2025-02-18
H006785,C001989,P003,50000.0,2026-01-16
H006786,C001989,P015,50000.0,2025-03-08
H006787,C003241,P024,42937.1,2025-04-11
H006788,C002799,P022,32163.87,2025-01-18
H006789,C002799,P017,33370.24,2025-05-18
H006790,C002799,P013,117186.16,2025-08-03
H006791,C002799,P028,100000.0,2025-07-06
H006792,C005764,P006,50000.0,2024-12-15
H006793,C005764,P029,24064.27,2025-09-12
H006794,C001535,P017,59800.75,2025-04-20
H006795,C001535,P013,26744.56,2025-08-19
H006796,C001535,P018,83451.18,2025-03-07
H006797,C001535,P029,38705.75,2025-10-03
H006798,C003110,P016,100000.0,2024-11-21
H006799,C003110,P023,12609.65,2025-05-10
H006800,C000844,P015,50000.0,2025-07-19
H006801,C001988,P009,74398.96,2026-01-01
H006802,C001988,P025,29369.24,2025-08-29
H006803,C007203,P024,58880.28,2025-11-20
H006804,C005387,P026,12498.05,2024-11-25
H006805,C005387,P004,13232.17,2024-12-24
H006806,C001715,P020,14019.94,2025-08-01
H006807,C000384,P007,53087.74,2024-06-22
H006808,C000384,P001,50000.0,2024-08-15
H006809,C001539,P028,100000.0,2024-06-24
H006810,C000212,P016,100000.0,2024-07-26
H006811,C000212,P022,55658.69,2025-11-07
H006812,C000212,P015,50000.0,2025-05-25
H006813,C000212,P004,89611.24,2024-06-23
H006814,C003389,P017,7799.54,2025-07-08
H006815,C006427,P024,17330.66,2025-10-22
H006816,C001958,P002,22760.43,2024-12-28
H006817,C005247,P027,100000.0,2025-10-04
H006818,C005247,P019,81492.99,2025-03-17
H006819,C005247,P004,9913.12,2024-06-22
H006820,C002439,P016,100000.0,2025-09-22
H006821,C002439,P016,100000.0,2025-10-12
H006822,C002439,P022,15635.68,2024-07-24
H006823,C002728,P017,51063.75,2024-12-11
H006824,C002728,P022,28312.82,2024-08-10
H006825,C002728,P010,50000.0,2025-10-28
H006826,C006240,P017,15293.06,2025-03-28
H006827,C006099,P007,50000.0,2024-11-01
H006828,C006099,P016,100000.0,2025-03-14
H006829,C006099,P020,21784.52,2024-11-03
H006830,C001350,P022,17359.72,2025-09-04
H006831,C001350,P022,10000.0,2025-07-14
H006832,C001350,P019,13355.21,2026-01-07
H006833,C005027,P018,34288.87,2025-09-25
H006834,C005874,P011,56748.56,2025-05-21
H006835,C003581,P013,35581.96,2025-12-12
H006836,C003581,P017,19654.07,2024-06-20
H006837,C006131,P009,50000.0,2025-10-30
H006838,C006131,P028,100000.0,2024-09-09
H006839,C000181,P002,21494.98,2025-06-03
H006840,C007614,P026,17032.51,2025-11-14
H006841,C004023,P021,100000.0,2025-05-28
H006842,C004023,P007,53429.46,2024-11-14
H006843,C007394,P001,84389.3,2024-06-16
H006844,C005977,P012,25013.55,2025-05-25
H006845,C000279,P026,244429.72,2025-07-09
H006846,C000279,P008,14106.76,2025-08-22
H006847,C000279,P026,69941.14,2025-10-15
H006848,C003845,P007,50000.0,2024-12-07
H006849,C003845,P010,50000.0,2025-03-22
H006850,C003845,P006,73450.13,2025-12-16
H006851,C003253,P010,50000.0,2024-12-29
H006852,C003253,P018,40944.63,2025-10-11
H006853,C002519,P024,25476.12,2024-12-24
H006854,C002481,P015,50000.0,2025-04-22
H006855,C000290,P019,28198.03,2025-01-13
H006856,C003076,P022,64130.27,2024-11-24
H006857,C004991,P027,100000.0,2025-07-24
H006858,C004216,P018,10768.24,2025-09-28
H006859,C006021,P029,23201.0,2025-01-18
H006860,C006021,P001,50000.0,2025-01-14
H006861,C000994,P018,105894.99,2024-06-25
H006862,C003236,P020,26764.54,2024-07-09
H006863,C003236,P019,32358.25,2025-08-24
H006864,C002237,P007,80594.29,2025-01-06
H006865,C007468,P019,56344.78,2025-08-15
H006866,C007468,P025,9949.04,2025-09-28
H006867,C000040,P011,26996.57,2024-09-26
H006868,C000040,P023,150042.94,2025-01-17
H006869,C007566,P001,62181.71,2025-06-12
H006870,C007566,P029,50328.02,2025-09-15
H006871,C007566,P019,17949.29,2025-12-19
H006872,C007566,P024,41269.65,2025-07-23
H006873,C005419,P011,12080.2,2024-07-20
H006874,C005662,P008,53028.26,2025-11-14
H006875,C005662,P008,12666.25,2025-09-22
H006876,C005662,P014,27538.05,2024-11-28
H006877,C002755,P021,152785.12,2024-08-25
H006878,C006418,P029,94667.92,2025-01-12
H006879,C006418,P026,21228.71,2025-07-07
H006880,C006418,P010,50000.0,2024-12-12
H006881,C006418,P021,100000.0,2025-09-28
H006882,C003957,P004,18853.86,2025-09-20
H006883,C000271,P029,47262.07,2025-04-22
H006884,C003882,P020,29937.74,2024-06-09
H006885,C003882,P009,50000.0,2025-08-12
H006886,C003882,P029,14460.53,2025-05-11
H006887,C002884,P030,21277.41,2024-08-08
H006888,C006543,P002,40661.53,2025-05-08
H006889,C006543,P012,27549.65,2025-12-25
H006890,C005251,P010,139324.5,2025-06-05
H006891,C005767,P008,33983.44,2025-02-28
H006892,C005767,P024,43772.98,2025-08-21
H006893,C006356,P020,45622.14,2025-02-04
H006894,C006356,P016,135990.14,2025-08-08
H006895,C006224,P017,16701.8,2025-09-08
H006896,C006224,P008,95822.91,2025-04-29
H006897,C006224,P013,56180.12,2025-06-17
H006898,C000112,P026,14556.71,2025-08-03
H006899,C003219,P009,50000.0,2024-09-14
H006900,C003219,P022,36650.67,2024-09-10
H006901,C003219,P012,19663.43,2025-09-17
H006902,C001392,P003,50000.0,2025-12-08
H006903,C002601,P024,89966.66,2025-12-03
H006904,C002601,P021,100000.0,2024-09-27
H006905,C002601,P015,50000.0,2025-08-24
H006906,C000221,P022,32678.7,2025-05-03
H006907,C004727,P019,49107.47,2024-10-23
H006908,C004727,P014,22164.75,2025-09-01
H006909,C004727,P030,39011.23,2025-04-07
H006910,C004727,P009,50000.0,2025-04-16
H006911,C004829,P023,176722.51,2025-11-24
H006912,C004829,P008,12805.88,2025-12-31
H006913,C004829,P019,11236.49,2025-07-06
H006914,C007392,P018,12759.86,2025-09-16
H006915,C007392,P013,56655.68,2025-09-24
H006916,C005725,P029,11460.33,2025-12-23
H006917,C005725,P021,100000.0,2024-12-09
H006918,C005725,P023,135564.39,2025-05-04
H006919,C005725,P029,64537.17,2024-12-05
H006920,C000084,P022,72165.88,2025-01-15
H006921,C000874,P021,100000.0,2025-03-14
H006922,C000874,P003,59530.89,2025-10-20
H006923,C000874,P017,54313.6,2026-01-06
H006924,C000874,P025,39237.47,2025-04-15
H006925,C007414,P015,50000.0,2025-05-08
H006926,C007414,P010,50000.0,2025-12-23
H006927,C005016,P008,26088.69,2025-11-14
H006928,C000462,P026,187625.12,2025-01-28
H006929,C000462,P008,17225.23,2025-08-23
H006930,C007643,P002,42951.73,2024-12-14
H006931,C005794,P007,64538.92,2026-01-18
H006932,C005794,P011,16168.97,2024-12-31
H006933,C000552,P008,12010.02,2025-06-20
H006934,C000552,P014,51044.47,2025-07-17
H006935,C000552,P004,5451.47,2024-11-12
H006936,C003996,P030,16880.95,2025-04-25
H006937,C003996,P026,22978.08,2025-02-20
H006938,C003996,P028,100000.0,2025-02-10
H006939,C003996,P017,20790.63,2025-08-11
H006940,C002375,P010,50000.0,2025-07-31
H006941,C002375,P004,39382.2,2024-06-03
H006942,C002375,P004,39794.83,2025-08-01
H006943,C006731,P002,50901.19,2025-08-25
H006944,C006731,P004,23095.46,2024-10-05
H006945,C004206,P022,28236.27,2025-03-14
H006946,C002247,P004,25057.99,2025-05-08
H006947,C007532,P007,50000.0,2024-07-19
H006948,C007532,P021,100000.0,2025-06-10
H006949,C004557,P012,15783.32,2025-08-05
H006950,C002451,P009,50000.0,2024-09-23
H006951,C002330,P015,50000.0,2025-04-01
H006952,C006717,P017,35728.2,2025-04-01
H006953,C002147,P004,17299.79,2024-07-03
H006954,C007553,P010,50000.0,2025-06-18
H006955,C007553,P024,44968.34,2025-10-22
H006956,C004417,P002,8703.88,2025-09-09
H006957,C007067,P002,26800.35,2025-08-03
H006958,C007067,P016,100000.0,2025-06-03
H006959,C007067,P021,108604.17,2025-03-12
H006960,C000651,P006,50000.0,2025-10-09
H006961,C007523,P025,37025.76,2025-10-24
H006962,C007523,P029,95073.73,2024-12-03
H006963,C000709,P002,55589.91,2024-12-25
H006964,C006845,P013,19597.78,2026-01-15
H006965,C004270,P030,19722.64,2024-11-11
H006966,C004370,P029,15483.42,2025-03-22
H006967,C006930,P024,26335.7,2025-02-18
H006968,C006930,P024,61638.36,2025-04-25
H006969,C006930,P017,16802.89,2024-10-17
H006970,C003064,P022,23218.28,2025-11-05
H006971,C005379,P019,51953.8,2024-08-18
H006972,C005379,P026,64764.52,2024-12-08
H006973,C005379,P005,100000.0,2025-02-06
H006974,C003350,P028,100000.0,2025-12-14
H006975,C003350,P027,100000.0,2025-04-10
H006976,C003350,P010,50000.0,2025-04-03
H006977,C003350,P022,26585.45,2025-01-15
H006978,C001425,P005,100000.0,2025-01-13
H006979,C001425,P016,100000.0,2025-10-31
H006980,C001425,P014,34678.68,2025-01-25
H006981,C001425,P024,18089.56,2025-04-27
H006982,C001217,P020,38162.09,2025-09-02
H006983,C001217,P030,53988.14,2025-09-04
H006984,C001217,P019,17192.48,2025-11-13
H006985,C006117,P027,100000.0,2025-12-03
H006986,C006117,P022,25467.81,2025-03-10
H006987,C001925,P030,16771.79,2025-08-19
H006988,C000105,P028,100000.0,2024-07-23
H006989,C000105,P014,68108.39,2024-12-13
H006990,C001065,P020,27004.47,2024-06-15
H006991,C003787,P030,16805.0,2024-08-04
H006992,C003787,P024,16650.21,2025-10-16
H006993,C003787,P012,11403.85,2025-09-12
H006994,C000315,P014,19096.53,2024-11-29
H006995,C001290,P022,28994.48,2025-12-25
H006996,C006010,P020,53355.11,2025-08-08
H006997,C006010,P002,34062.25,2025-11-15
H006998,C001428,P002,38730.83,2025-07-08
H006999,C007215,P004,34256.48,2025-07-21
H007000,C007339,P002,17307.05,2024-12-08
H007001,C007339,P030,18072.93,2024-08-06
H007002,C007339,P018,10000.0,2025-12-25
H007003,C003130,P003,50000.0,2025-04-17
H007004,C003130,P005,100000.0,2025-09-19
H007005,C007996,P017,31759.45,2024-11-25
H007006,C007996,P006,72687.23,2025-09-02
H007007,C007996,P023,16085.33,2025-03-01
H007008,C007996,P004,26798.74,2025-02-20
H007009,C006480,P011,19555.78,2025-02-15
H007010,C006480,P007,50000.0,2025-04-05
H007011,C003009,P024,17752.97,2025-12-19
H007012,C003009,P001,50000.0,2024-10-14
H007013,C006626,P024,16094.43,2025-10-28
H007014,C001106,P030,61557.71,2025-09-10
H007015,C001106,P020,47512.6,2024-11-18
H007016,C001106,P015,50000.0,2025-04-10
H007017,C001106,P022,34472.8,2026-01-03
H007018,C004384,P018,20787.04,2024-09-28
H007019,C004384,P020,94878.1,2024-10-28
H007020,C005900,P018,59735.38,2025-03-10
H007021,C005900,P002,21726.92,2025-10-21
H007022,C005701,P018,185686.58,2024-11-06
H007023,C007998,P026,134804.15,2025-08-25
H007024,C006954,P024,10568.45,2025-03-04
H007025,C006954,P018,22998.24,2025-06-18
H007026,C006954,P020,24644.1,2024-10-01
H007027,C000685,P030,23567.06,2024-08-06
H007028,C006116,P030,23064.99,2025-04-13
H007029,C005161,P030,21501.74,2024-08-02
H007030,C002766,P026,18146.88,2024-12-11
H007031,C004950,P024,176725.86,2024-12-13
H007032,C004950,P026,68746.11,2025-05-26
H007033,C007197,P008,40974.95,2025-08-23
H007034,C004944,P015,53235.96,2025-08-12
H007035,C004944,P014,57969.65,2025-09-15
H007036,C004944,P029,58092.03,2025-05-04
H007037,C004944,P011,10000.0,2024-11-10
H007038,C003683,P001,76528.46,2024-12-13
H007039,C007333,P011,24761.22,2025-11-22
H007040,C007333,P024,9869.22,2025-12-29
H007041,C006884,P026,11059.53,2025-12-13
H007042,C006943,P019,15579.25,2025-07-19
H007043,C002452,P022,10000.0,2024-12-12
H007044,C007474,P024,59391.92,2024-10-21
H007045,C007474,P030,99946.09,2024-11-05
H007046,C003825,P025,10171.45,2025-11-09
H007047,C000327,P014,86499.45,2025-02-20
H007048,C002653,P015,50000.0,2025-03-13
H007049,C002653,P024,15899.54,2025-08-14
H007050,C006696,P011,32543.09,2025-11-29
H007051,C007744,P009,50000.0,2024-09-29
H007052,C004406,P003,114135.06,2025-10-10
H007053,C004406,P009,65573.9,2025-08-16
H007054,C004406,P011,23589.53,2025-03-30
H007055,C004741,P030,55219.24,2026-01-07
H007056,C004741,P002,43350.66,2025-03-03
H007057,C004741,P023,98766.41,2025-04-15
H007058,C006931,P018,29106.88,2024-11-01
H007059,C003319,P018,73340.36,2025-07-31
H007060,C004747,P018,17023.76,2024-08-06
H007061,C004747,P027,100000.0,2025-07-07
H007062,C004747,P013,18394.64,2025-09-20
H007063,C004747,P005,100000.0,2025-06-14
H007064,C004181,P010,86599.88,2025-03-19
H007065,C004181,P029,33772.21,2025-12-16
H007066,C007896,P004,26851.05,2024-10-04
H007067,C007896,P007,75972.21,2025-10-18
H007068,C007896,P018,48128.3,2024-08-09
H007069,C007896,P008,28918.91,2025-07-12
H007070,C005463,P030,52877.07,2025-11-23
H007071,C004190,P011,19034.85,2025-11-23
H007072,C004190,P008,14133.54,2025-09-17
H007073,C001677,P010,50878.39,2025-04-01
H007074,C001677,P017,52815.7,2025-12-05
H007075,C001677,P029,24795.51,2025-05-09
H007076,C007169,P004,18881.42,2025-10-21
H007077,C007169,P002,6117.76,2025-10-19
H007078,C000349,P022,29141.43,2025-06-25
H007079,C006793,P022,117063.0,2025-05-02
H007080,C003227,P012,22877.74,2025-05-17
H007081,C006161,P023,23574.61,2025-11-19
H007082,C005100,P010,50000.0,2025-09-19
H007083,C005100,P029,23209.89,2024-12-04
H007084,C004886,P030,28719.54,2025-07-29
H007085,C004886,P027,100000.0,2025-04-03
H007086,C004886,P024,28001.46,2025-10-21
H007087,C004886,P030,33268.65,2025-02-06
H007088,C004095,P006,50000.0,2025-12-10
H007089,C004095,P012,61797.18,2025-07-24
H007090,C004095,P028,100000.0,2025-04-22
H007091,C004095,P026,17084.82,2025-07-20
H007092,C005785,P004,44018.95,2025-05-21
H007093,C005785,P001,53687.71,2025-07-27
H007094,C005785,P017,13188.1,2025-11-14
H007095,C005785,P023,14522.08,2026-01-20
H007096,C002370,P023,72694.15,2025-06-25
H007097,C000872,P009,57233.23,2024-10-11
H007098,C000872,P007,137633.29,2026-01-04
H007099,C000872,P009,50000.0,2024-12-17
H007100,C000872,P014,39770.31,2025-03-25
H007101,C005747,P025,165134.4,2026-01-16
H007102,C002218,P008,37497.09,2025-09-10
H007103,C002218,P018,11610.85,2024-07-30
H007104,C007097,P011,65373.93,2025-01-06
H007105,C007097,P027,140811.45,2025-05-04
H007106,C002219,P024,32254.14,2024-12-29
H007107,C003327,P029,40856.62,2024-11-22
H007108,C003327,P010,50000.0,2025-05-17
H007109,C006775,P005,100000.0,2025-07-15
H007110,C003584,P006,50000.0,2026-01-05
H007111,C003584,P030,48394.63,2024-10-18
H007112,C006282,P008,10000.0,2025-05-29
H007113,C006282,P026,15794.43,2025-07-19
H007114,C007087,P025,24489.04,2025-03-13
H007115,C002122,P024,24033.34,2024-11-13
H007116,C005059,P018,38900.14,2025-10-28
H007117,C000137,P002,20245.39,2024-12-24
H007118,C006281,P015,98262.82,2025-07-05
H007119,C000086,P005,100000.0,2024-11-02
H007120,C000086,P011,13325.73,2024-10-01
H007121,C000086,P027,100000.0,2025-09-10
H007122,C007472,P023,13000.71,2025-05-14
H007123,C007472,P003,50000.0,2025-05-13
H007124,C007472,P020,14314.66,2025-01-02
H007125,C007472,P013,27893.45,2025-10-26
H007126,C001878,P009,116915.87,2024-08-31
H007127,C001878,P023,52352.0,2025-07-27
H007128,C001878,P026,32584.61,2024-10-18
H007129,C001878,P029,21370.57,2025-12-05
H007130,C002802,P023,37148.71,2025-01-27
H007131,C003672,P020,36449.43,2024-08-29
H007132,C003672,P006,50000.0,2025-11-26
H007133,C006150,P014,216726.27,2025-01-05
H007134,C006150,P019,77425.74,2025-02-16
H007135,C006150,P029,15843.09,2024-12-04
H007136,C006150,P014,40307.9,2024-12-15
H007137,C006322,P007,50000.0,2024-06-05
H007138,C002641,P002,86141.39,2025-05-16
H007139,C002641,P005,100000.0,2025-06-17
H007140,C006856,P006,50000.0,2024-08-02
H007141,C007327,P020,13701.49,2025-11-21
H007142,C002881,P022,27981.12,2024-06-02
H007143,C006552,P029,28302.88,2025-08-22
H007144,C000495,P024,74728.3,2024-09-17
H007145,C000495,P009,50000.0,2025-10-04
H007146,C000495,P020,29173.43,2025-07-20
H007147,C002020,P014,50580.31,2025-11-02
H007148,C002020,P005,100000.0,2025-01-14
H007149,C005145,P009,50000.0,2026-01-08
H007150,C005145,P012,28872.62,2025-06-08
H007151,C005145,P022,20247.04,2025-11-05
H007152,C002526,P015,50000.0,2025-02-20
H007153,C002526,P030,53123.82,2026-01-16
H007154,C004811,P008,35486.86,2025-02-21
H007155,C004811,P017,26496.81,2024-08-22
H007156,C004100,P028,100000.0,2025-07-14
H007157,C004100,P003,50172.0,2025-11-22
H007158,C006194,P025,26370.88,2025-05-04
H007159,C006194,P027,100000.0,2025-08-31
H007160,C006194,P025,21816.12,2025-12-29
H007161,C001271,P011,23691.45,2024-11-05
H007162,C004595,P027,100000.0,2025-06-26
H007163,C004595,P011,45036.13,2025-11-13
H007164,C004528,P011,24479.85,2025-09-15
H007165,C002896,P004,19599.28,2025-12-11
H007166,C002896,P001,50000.0,2025-12-09
H007167,C002896,P012,78895.06,2025-12-15
H007168,C007369,P020,38830.27,2024-12-02
H007169,C000619,P003,50000.0,2025-09-27
H007170,C000619,P003,50000.0,2025-09-18
H007171,C000619,P012,18437.18,2026-01-15
H007172,C006854,P019,9258.14,2025-05-09
H007173,C006854,P019,13824.01,2024-07-25
H007174,C003426,P012,50902.1,2025-09-25
H007175,C003426,P019,12918.43,2025-09-21
H007176,C004437,P012,31202.93,2026-01-02
H007177,C007848,P011,19613.7,2025-01-23
H007178,C004995,P026,40681.45,2024-11-20
H007179,C004368,P004,34838.44,2025-04-15
H007180,C004031,P017,42901.1,2024-11-27
H007181,C004777,P023,12498.92,2025-06-06
H007182,C004777,P002,12064.89,2025-12-31
H007183,C001414,P021,100000.0,2024-11-12
H007184,C002202,P021,100000.0,2025-10-16
H007185,C002202,P025,29244.54,2025-07-01
H007186,C002202,P020,28275.51,2025-10-22
H007187,C002002,P018,24326.91,2025-09-26
H007188,C002002,P015,71668.63,2025-03-19
H007189,C005983,P007,50000.0,2024-12-05
H007190,C000870,P027,100000.0,2025-02-08
H007191,C000870,P019,4706.26,2025-07-05
H007192,C000870,P014,26421.31,2025-01-25
H007193,C002359,P001,50000.0,2024-10-13
H007194,C002359,P009,50000.0,2024-11-09
H007195,C002359,P023,9187.14,2025-01-27
H007196,C002007,P029,55953.52,2025-09-27
H007197,C002007,P025,57606.95,2025-09-23
H007198,C002007,P009,50000.0,2025-05-20
H007199,C003091,P008,38553.15,2025-10-18
H007200,C003091,P025,20370.44,2025-05-10
H007201,C003091,P003,50000.0,2026-01-05
H007202,C002322,P013,17300.85,2025-08-29
H007203,C002322,P022,40098.26,2024-08-08
H007204,C002322,P020,12189.96,2024-06-13
H007205,C005559,P030,22232.81,2025-04-28
H007206,C000357,P013,10000.0,2025-08-03
H007207,C001163,P022,10000.0,2024-09-04
H007208,C001163,P015,50000.0,2026-01-01
H007209,C006090,P019,27046.98,2025-12-03
H007210,C006090,P029,13145.48,2025-07-29
H007211,C003065,P025,33608.94,2025-02-18
H007212,C004047,P010,183164.73,2025-04-29
H007213,C004047,P003,50000.0,2025-05-10
H007214,C003162,P026,91719.26,2025-12-01
H007215,C003771,P023,94008.57,2025-10-02
H007216,C005042,P006,50000.0,2025-01-04
H007217,C005042,P012,34869.74,2025-10-06
H007218,C005056,P011,20814.09,2024-12-11
H007219,C002608,P020,18563.07,2024-09-13
H007220,C002608,P010,63980.98,2025-07-14
H007221,C002608,P029,40745.23,2025-02-02
H007222,C002608,P016,100000.0,2024-12-07
H007223,C007887,P013,86405.57,2025-07-31
H007224,C007887,P024,14925.46,2025-09-11
H007225,C007887,P014,51594.81,2025-04-15
H007226,C007887,P003,50000.0,2026-01-02
H007227,C001891,P021,134364.74,2024-07-03
H007228,C001891,P013,32953.95,2025-07-02
H007229,C000580,P011,31119.57,2024-10-01
H007230,C002320,P030,153152.28,2024-06-19
H007231,C004327,P024,49769.15,2025-04-29
H007232,C006814,P015,50000.0,2025-02-20
H007233,C003564,P030,29945.89,2025-08-25
H007234,C001692,P012,20946.23,2026-01-13
H007235,C000863,P028,100000.0,2025-04-13
H007236,C000863,P019,81084.79,2024-07-17
H007237,C000863,P005,100000.0,2025-07-09
H007238,C000863,P020,175883.72,2025-10-10
H007239,C005434,P009,50000.0,2024-11-08
H007240,C006561,P008,20070.95,2025-07-11
H007241,C002381,P009,54309.93,2025-07-22
H007242,C002381,P001,50000.0,2026-01-18
H007243,C002381,P011,41034.27,2024-07-01
H007244,C002379,P024,67231.02,2025-02-06
H007245,C002379,P013,29909.44,2025-06-05
H007246,C006948,P029,31495.61,2024-12-31
H007247,C003793,P013,18377.82,2025-07-15
H007248,C003793,P029,60441.74,2025-02-19
H007249,C007827,P008,23766.09,2025-10-09
H007250,C007827,P015,50000.0,2025-06-16
H007251,C005940,P012,48585.63,2025-12-25
H007252,C005940,P001,50000.0,2025-07-30
H007253,C005940,P009,95303.78,2024-06-02
H007254,C005940,P028,100000.0,2024-08-10
H007255,C003307,P018,15762.21,2025-01-12
H007256,C007262,P012,97507.86,2025-05-12
H007257,C007262,P015,50000.0,2025-08-30
H007258,C007262,P019,41235.54,2025-05-02
H007259,C003500,P019,27042.98,2024-10-25
H007260,C003500,P008,40689.33,2025-10-20
H007261,C004392,P007,50000.0,2024-09-24
H007262,C004392,P004,10188.02,2025-03-18
H007263,C001117,P017,34359.41,2025-07-30
H007264,C001542,P006,50000.0,2024-06-12
H007265,C001542,P002,84467.26,2025-05-28
H007266,C001542,P020,45521.98,2025-03-13
H007267,C006126,P026,17958.06,2025-01-30
H007268,C006126,P014,66532.62,2025-01-28
H007269,C006126,P020,30922.84,2024-11-09
H007270,C006168,P029,126796.47,2025-04-01
H007271,C006168,P030,14055.63,2024-06-26
H007272,C006168,P004,74712.45,2025-12-31
H007273,C007363,P007,58834.04,2025-04-02
H007274,C007986,P019,11743.65,2025-05-27
H007275,C004421,P014,10039.25,2026-01-10
H007276,C005417,P020,171327.49,2024-09-01
H007277,C005417,P021,100000.0,2026-01-06
H007278,C005417,P014,79495.87,2025-11-08
H007279,C005417,P022,27020.45,2026-01-17
H007280,C006394,P018,17796.92,2025-02-17
H007281,C006394,P007,50000.0,2024-06-12
H007282,C003662,P026,32249.06,2024-12-12
H007283,C003662,P013,52772.46,2025-09-12
H007284,C003662,P018,50055.4,2024-12-14
H007285,C004530,P012,19438.94,2025-09-25
H007286,C005366,P017,20691.3,2025-10-25
H007287,C005366,P024,20544.37,2025-11-18
H007288,C005229,P025,12149.25,2025-12-10
H007289,C005229,P013,58099.61,2025-12-20
H007290,C007837,P029,13910.91,2025-03-16
H007291,C003366,P013,17969.88,2025-08-19
H007292,C003366,P020,185639.29,2024-08-01
H007293,C003366,P002,5348.89,2024-07-12
H007294,C007495,P013,10000.0,2025-07-10
H007295,C007495,P002,36441.98,2025-06-04
H007296,C002501,P025,53312.5,2025-02-10
H007297,C007078,P007,50000.0,2025-11-23
H007298,C005103,P018,24387.96,2025-11-17
H007299,C005103,P018,77507.66,2025-05-20
H007300,C007921,P020,33151.99,2024-12-20
H007301,C004285,P021,100000.0,2025-04-13
H007302,C007108,P014,20389.98,2025-04-02
H007303,C007885,P011,59196.68,2024-07-05
H007304,C003810,P025,39311.53,2025-02-05
H007305,C003810,P019,59039.81,2025-02-27
H007306,C006726,P005,107192.01,2024-07-23
H007307,C006726,P026,72074.7,2024-12-09
H007308,C006037,P026,45598.56,2025-01-21
H007309,C007110,P002,63665.95,2025-11-10
H007310,C007110,P027,100000.0,2025-10-15
H007311,C007623,P029,98665.1,2025-03-23
H007312,C004351,P028,100000.0,2025-07-31
H007313,C004351,P007,50000.0,2025-01-16
H007314,C004351,P023,34598.28,2025-10-12
H007315,C007440,P007,50000.0,2025-02-20
H007316,C007440,P030,43395.28,2026-01-19
H007317,C005961,P030,115349.15,2025-02-13
H007318,C005961,P030,32855.42,2024-06-25
H007319,C005961,P008,18952.79,2025-10-17
H007320,C005961,P028,100000.0,2025-05-20
H007321,C005332,P009,50000.0,2025-02-07
H007322,C007669,P008,10000.0,2025-09-12
H007323,C003668,P009,50000.0,2024-12-03
H007324,C003668,P028,100000.0,2025-02-18
H007325,C003668,P022,25416.56,2024-12-06
H007326,C002053,P001,50000.0,2024-11-24
H007327,C002053,P012,17418.56,2025-11-25
H007328,C004255,P010,50812.42,2025-03-29
H007329,C001777,P004,18653.42,2025-07-04
H007330,C004503,P025,16676.4,2025-08-05
H007331,C004920,P003,50000.0,2025-04-17
H007332,C004920,P004,33995.15,2024-10-04
H007333,C002537,P018,20540.98,2025-06-11
H007334,C007714,P018,26290.01,2025-12-14
H007335,C007061,P026,6784.72,2025-10-06
H007336,C001593,P009,50000.0,2024-10-24
H007337,C001724,P007,90232.35,2025-11-25
H007338,C001724,P030,7648.53,2025-02-28
H007339,C003510,P023,27784.46,2025-01-08
H007340,C003510,P007,50000.0,2025-08-19
H007341,C003510,P030,25722.59,2024-07-07
H007342,C006951,P016,100000.0,2024-07-30
H007343,C005875,P024,119238.23,2025-06-04
H007344,C002612,P013,11933.95,2025-11-20
H007345,C002612,P020,11244.33,2025-06-18
H007346,C004149,P026,21802.38,2025-02-04
H007347,C005457,P015,73441.33,2026-01-10
H007348,C004323,P022,58851.08,2024-09-14
H007349,C000491,P026,33014.53,2025-03-16
H007350,C006734,P022,65776.43,2025-08-23
H007351,C003484,P006,50000.0,2025-03-12
H007352,C003484,P014,35631.51,2025-11-05
H007353,C003484,P030,16393.03,2024-11-08
H007354,C002911,P027,100000.0,2025-05-21
H007355,C002911,P028,100000.0,2025-07-22
H007356,C001007,P020,64648.37,2025-08-06
H007357,C006390,P023,29458.07,2025-02-12
H007358,C003432,P004,10645.67,2024-11-24
H007359,C002504,P008,58879.15,2025-10-07
H007360,C007436,P009,50000.0,2025-03-22
H007361,C007436,P013,55621.35,2025-06-02
H007362,C007436,P023,23161.37,2025-08-28
H007363,C005062,P021,100000.0,2025-05-27
H007364,C005062,P002,79409.73,2024-07-17
H007365,C005062,P005,100000.0,2025-10-09
H007366,C000026,P010,50000.0,2025-05-22
H007367,C000026,P012,12217.63,2025-08-23
H007368,C000026,P019,17409.86,2024-12-24
H007369,C007123,P020,13194.83,2024-07-29
H007370,C007123,P002,17991.45,2025-06-09
H007371,C002410,P002,35390.68,2024-11-17
H007372,C003271,P014,30853.92,2025-01-14
H007373,C001553,P003,50000.0,2025-05-06
H007374,C001553,P026,16732.52,2024-08-14
H007375,C006875,P030,26630.47,2025-07-23
H007376,C006875,P014,21397.35,2025-01-26
H007377,C005991,P029,13619.21,2025-03-05
H007378,C003872,P017,44654.86,2026-01-12
H007379,C003872,P014,104412.55,2025-01-21
H007380,C003872,P012,30470.71,2026-01-10
H007381,C003403,P025,18221.83,2025-04-21
H007382,C000980,P014,67983.23,2024-12-31
H007383,C000980,P004,16969.7,2025-03-21
H007384,C002656,P029,17600.5,2025-02-21
H007385,C002656,P025,21992.12,2025-02-01
H007386,C001848,P028,100000.0,2024-09-23
H007387,C001848,P018,51561.91,2024-10-22
H007388,C001848,P017,51440.86,2025-08-11
H007389,C005228,P008,21824.08,2025-08-06
H007390,C006866,P020,16926.05,2025-09-30
H007391,C004706,P015,114769.91,2025-02-10
H007392,C004706,P010,50000.0,2025-04-20
H007393,C004706,P021,158902.58,2025-08-05
H007394,C005954,P011,119031.17,2024-08-10
H007395,C005954,P010,65851.54,2025-05-02
H007396,C005954,P020,10000.0,2025-02-27
H007397,C005954,P030,64847.91,2025-10-14
H007398,C004746,P014,30129.28,2024-12-25
H007399,C001103,P011,16070.44,2024-09-12
H007400,C003277,P030,26868.41,2024-11-08
H007401,C005949,P011,20432.8,2025-08-09
H007402,C005949,P013,10000.0,2025-09-30
H007403,C005949,P008,52091.72,2025-07-07
H007404,C007755,P012,11553.74,2026-01-14
H007405,C007755,P012,22770.64,2025-12-17
H007406,C007755,P013,17082.54,2025-09-15
H007407,C003997,P020,23993.62,2024-11-12
H007408,C000195,P002,12658.61,2024-07-29
H007409,C000195,P027,100000.0,2025-06-18
H007410,C000195,P005,100000.0,2024-06-17
H007411,C000195,P022,10000.0,2025-12-30
H007412,C000644,P017,60759.59,2024-06-03
H007413,C000644,P013,33478.54,2025-07-02
H007414,C000644,P029,32465.63,2025-09-15
H007415,C000644,P024,35803.38,2024-12-04
H007416,C003286,P023,30194.41,2025-11-26
H007417,C003286,P008,34492.48,2025-05-01
H007418,C003117,P023,20018.78,2025-07-25
H007419,C003117,P024,13025.9,2024-10-22
H007420,C003576,P017,15713.99,2025-03-31
H007421,C006567,P023,77451.36,2025-12-16
H007422,C006567,P010,50000.0,2025-04-08
H007423,C006567,P016,100000.0,2024-07-11
H007424,C003719,P030,15669.88,2025-03-30
H007425,C003719,P011,39803.52,2025-07-24
H007426,C003719,P013,27035.85,2025-07-31
H007427,C003719,P017,60558.35,2025-08-02
H007428,C000973,P001,50000.0,2025-01-16
H007429,C000973,P012,58682.42,2025-09-08
H007430,C000973,P021,175116.47,2025-08-04
H007431,C007164,P003,50000.0,2025-12-04
H007432,C007164,P019,3604.7,2025-12-13
H007433,C003897,P012,34665.46,2025-07-24
H007434,C002567,P019,16285.23,2025-02-27
H007435,C002567,P012,18228.13,2025-09-05
H007436,C004026,P009,65382.81,2025-09-07
H007437,C000033,P021,100000.0,2025-06-21
H007438,C000033,P008,14601.1,2025-05-29
H007439,C006303,P010,63236.33,2025-08-16
H007440,C006303,P025,29739.95,2025-08-24
H007441,C004064,P007,50000.0,2025-07-12
H007442,C004064,P008,33018.85,2025-11-27
H007443,C004064,P012,32808.9,2025-11-12
H007444,C004064,P030,15104.08,2025-11-02
H007445,C006461,P029,63498.49,2025-03-02
H007446,C001698,P010,50000.0,2025-10-03
H007447,C001698,P029,93150.89,2025-09-07
H007448,C002793,P029,25514.46,2025-12-18
H007449,C002793,P007,50000.0,2024-07-22
H007450,C002793,P017,11538.12,2025-01-18
H007451,C002223,P025,113065.94,2025-02-05
H007452,C003765,P025,44930.52,2025-04-14
H007453,C003765,P001,50000.0,2024-08-27
H007454,C003867,P020,34255.06,2025-11-09
H007455,C006059,P020,21403.54,2025-12-06
H007456,C006448,P002,2896.48,2024-11-11
H007457,C004398,P025,70331.48,2025-05-26
H007458,C005927,P029,24311.0,2025-04-12
H007459,C005927,P004,60170.17,2025-08-10
H007460,C003759,P014,11096.13,2024-12-24
H007461,C003759,P022,26273.02,2025-11-29
H007462,C005340,P018,12531.96,2025-01-25
H007463,C003228,P030,91372.85,2025-05-06
H007464,C003228,P015,52404.03,2025-09-20
H007465,C003228,P002,30369.89,2025-06-21
H007466,C003228,P030,31299.38,2025-10-04
H007467,C005624,P026,64621.04,2025-05-23
H007468,C005624,P016,100000.0,2024-10-05
H007469,C005624,P016,100000.0,2025-08-21
H007470,C005624,P030,32570.39,2026-01-05
H007471,C003905,P024,20935.31,2024-10-01
H007472,C002278,P022,17150.91,2025-02-09
H007473,C004491,P026,38340.82,2025-08-07
H007474,C001402,P015,176727.58,2025-08-22
H007475,C000740,P014,10000.0,2025-01-16
H007476,C004903,P015,50000.0,2025-10-18
H007477,C004903,P011,52613.28,2025-01-29
H007478,C007273,P008,27123.13,2025-03-14
H007479,C006190,P011,91011.14,2024-11-09
H007480,C006190,P029,22351.23,2025-10-26
H007481,C006190,P029,22381.22,2025-04-06
H007482,C006190,P004,30026.58,2024-12-02
H007483,C005382,P008,30086.02,2026-01-21
H007484,C007999,P020,44862.48,2024-11-08
H007485,C007855,P018,22585.42,2025-05-22
H007486,C007855,P001,50000.0,2025-04-26
H007487,C007855,P002,24035.9,2025-06-04
H007488,C000675,P008,46100.48,2025-11-29
H007489,C004195,P018,43439.36,2025-10-02
H007490,C003842,P006,74438.79,2024-11-23
H007491,C003842,P020,24203.28,2024-10-14
H007492,C001816,P002,47536.04,2025-05-24
H007493,C005573,P030,69842.45,2025-11-04
H007494,C007751,P019,17228.9,2025-12-02
H007495,C006848,P015,98772.12,2025-06-09
H007496,C006848,P025,20195.82,2025-07-02
H007497,C006848,P012,10000.0,2025-10-16
H007498,C005974,P030,92008.9,2025-03-06
H007499,C002101,P018,48191.88,2025-11-13
H007500,C002101,P018,103547.35,2025-10-06
H007501,C006746,P015,50000.0,2025-06-06
H007502,C006746,P018,80453.89,2025-07-02
H007503,C006746,P024,46595.42,2024-11-10
H007504,C006746,P005,206729.93,2024-10-02
H007505,C002102,P019,26038.51,2024-06-09
H007506,C002102,P023,32497.27,2025-04-16
H007507,C004588,P015,65530.02,2025-03-19
H007508,C004588,P014,42179.76,2024-12-04
H007509,C001549,P025,18933.59,2025-03-06
H007510,C001549,P006,50000.0,2025-08-22
H007511,C004218,P003,50000.0,2026-01-20
H007512,C003324,P011,49772.9,2024-11-10
H007513,C003324,P014,19998.6,2025-04-07
H007514,C007748,P007,50000.0,2024-11-19
H007515,C007748,P030,31849.8,2024-08-20
H007516,C007748,P008,56445.24,2025-09-20
H007517,C000356,P024,12208.38,2024-10-01
H007518,C000356,P018,76295.21,2025-04-25
H007519,C000356,P025,34965.51,2025-04-24
H007520,C001462,P030,23929.48,2025-12-22
H007521,C007094,P003,53550.48,2025-06-29
H007522,C003221,P027,100000.0,2025-08-06
H007523,C005721,P028,100000.0,2025-09-01
H007524,C005721,P008,17340.68,2025-06-16
H007525,C005177,P011,62186.02,2025-03-09
H007526,C005177,P004,33191.83,2024-12-31
H007527,C001752,P020,17678.93,2024-07-01
H007528,C005256,P029,36302.41,2025-07-10
H007529,C004990,P022,23131.31,2024-10-16
H007530,C001773,P021,100000.0,2024-11-06
H007531,C001773,P009,50000.0,2024-08-18
H007532,C001197,P007,50000.0,2025-04-13
H007533,C001879,P010,50000.0,2025-02-16
H007534,C002669,P013,15565.62,2025-08-09
H007535,C007984,P019,10766.07,2024-07-18
H007536,C002017,P023,179393.85,2025-04-01
H007537,C002006,P009,67310.97,2024-12-22
H007538,C003894,P002,17649.04,2025-04-17
H007539,C003238,P022,100736.69,2024-12-07
H007540,C002079,P002,87468.17,2024-10-24
H007541,C002079,P020,19552.43,2024-06-19
H007542,C002079,P002,14718.73,2024-07-30
H007543,C002079,P012,45704.87,2025-05-30
H007544,C000397,P008,95656.51,2025-05-02
H007545,C002789,P008,16290.03,2025-12-09
H007546,C005867,P008,17761.52,2025-06-26
H007547,C005867,P013,46130.09,2025-07-23
H007548,C005867,P003,50000.0,2025-07-23
H007549,C004073,P023,134737.27,2025-04-10
H007550,C007859,P026,17889.61,2025-06-25
H007551,C007859,P009,50000.0,2024-12-02
H007552,C004764,P020,14744.01,2025-04-25
H007553,C001520,P002,14583.04,2025-07-29
H007554,C005634,P002,30099.02,2024-07-08
H007555,C001379,P007,81536.53,2025-10-20
H007556,C001024,P020,10176.54,2024-10-17
H007557,C001024,P014,83565.46,2025-02-11
H007558,C002588,P003,50000.0,2026-01-11
H007559,C005018,P030,61334.03,2025-07-19
H007560,C002858,P012,10285.49,2025-11-25
H007561,C005502,P022,10000.0,2024-11-16
H007562,C005502,P021,100000.0,2024-10-20
H007563,C005502,P029,20716.61,2025-01-21
H007564,C001630,P018,23343.35,2025-08-10
H007565,C007651,P018,20092.57,2026-01-01
H007566,C007651,P001,50000.0,2024-12-01
H007567,C003608,P025,32860.86,2025-07-21
H007568,C003608,P015,50000.0,2025-07-25
H007569,C007145,P027,100000.0,2025-07-15
H007570,C000235,P008,36942.28,2025-04-06
H007571,C007823,P003,110619.77,2025-09-03
H007572,C003797,P018,46346.62,2024-06-11
H007573,C003797,P001,50000.0,2024-12-27
H007574,C003797,P007,61779.9,2025-06-23
H007575,C004119,P029,23610.5,2025-08-22
H007576,C003801,P009,77773.48,2025-11-20
H007577,C003801,P016,100000.0,2025-08-03
H007578,C004956,P018,59422.25,2024-07-18
H007579,C005898,P003,135700.16,2025-10-30
H007580,C005898,P010,50000.0,2025-10-01
H007581,C001949,P008,54708.59,2025-07-06
H007582,C001949,P025,76381.39,2025-06-24
H007583,C007111,P012,31469.48,2025-12-13
H007584,C004960,P022,35134.15,2025-05-12
H007585,C004960,P015,50000.0,2025-12-06
H007586,C003493,P020,47941.65,2024-06-29
H007587,C002672,P018,40183.68,2025-04-22
H007588,C002672,P005,100000.0,2025-01-31
H007589,C007359,P013,19198.13,2025-12-18
H007590,C007359,P006,77298.56,2025-12-03
H007591,C007359,P018,57677.03,2024-06-21
H007592,C002225,P017,35997.78,2025-08-27
H007593,C002225,P029,13602.8,2025-01-17
H007594,C002225,P024,74646.02,2024-11-17
H007595,C002225,P014,101198.02,2025-08-26
H007596,C001107,P012,62289.36,2025-09-17
H007597,C007026,P021,100000.0,2025-03-31
H007598,C007026,P027,100000.0,2025-10-21
H007599,C007026,P030,36382.09,2025-10-18
H007600,C000819,P008,106861.88,2025-04-27
H007601,C000819,P008,53609.79,2025-09-24
H007602,C006170,P014,116502.74,2025-06-26
H007603,C007103,P028,100000.0,2024-12-07
H007604,C007103,P027,100000.0,2025-08-18
H007605,C007103,P019,31207.74,2024-12-14
H007606,C000889,P017,72833.03,2025-06-03
H007607,C002438,P027,100000.0,2025-06-25
H007608,C002438,P007,50000.0,2025-04-07
H007609,C002438,P002,59054.16,2024-08-29
H007610,C002438,P004,43810.29,2025-02-20
H007611,C000818,P011,21765.7,2025-07-06
H007612,C003415,P005,100000.0,2025-06-21
H007613,C003415,P010,73141.25,2025-02-18
H007614,C003415,P027,100000.0,2025-03-19
H007615,C002342,P020,92928.99,2024-06-03
H007616,C002342,P015,50000.0,2025-04-10
H007617,C002342,P019,63695.18,2024-08-08
H007618,C002342,P025,84973.17,2025-02-11
H007619,C006577,P024,66341.3,2024-10-31
H007620,C006577,P023,25456.75,2025-07-25
H007621,C006577,P006,50000.0,2024-11-27
H007622,C003168,P025,35241.48,2025-08-24
H007623,C005917,P030,50011.93,2024-09-19
H007624,C005271,P009,50000.0,2025-11-12
H007625,C005271,P001,50000.0,2024-12-14
H007626,C001265,P017,36452.49,2025-06-25
H007627,C007382,P022,39709.08,2024-07-26
H007628,C007382,P024,6408.33,2025-08-31
H007629,C007125,P018,108227.2,2025-12-20
H007630,C001229,P015,50000.0,2025-04-01
H007631,C004788,P025,16455.08,2025-09-20
H007632,C004788,P003,69101.14,2025-10-06
H007633,C000053,P025,55880.7,2025-03-29
H007634,C000053,P018,46812.27,2025-01-17
H007635,C000053,P013,57900.16,2025-07-27
H007636,C004818,P017,58497.45,2024-08-13
H007637,C004818,P024,6619.71,2024-11-10
H007638,C005655,P010,50000.0,2025-12-11
H007639,C005655,P018,37456.67,2024-11-09
H007640,C000160,P017,33946.58,2024-11-08
H007641,C004957,P013,10000.0,2025-11-27
H007642,C001588,P004,36201.83,2024-08-31
H007643,C001590,P008,24460.85,2025-08-13
H007644,C004752,P020,30229.32,2024-08-15
H007645,C007542,P019,33751.13,2024-12-31
H007646,C007542,P015,52272.08,2025-10-11
H007647,C007542,P003,50000.0,2025-04-27
H007648,C005049,P012,87202.74,2025-10-10
H007649,C005049,P010,50000.0,2025-04-08
H007650,C005049,P027,100000.0,2025-09-07
H007651,C003859,P007,50000.0,2025-03-01
H007652,C004410,P012,37100.39,2025-08-23
H007653,C000437,P022,131638.68,2024-09-15
H007654,C000437,P003,50000.0,2025-04-21
H007655,C005350,P030,8939.41,2025-03-07
H007656,C005350,P003,50000.0,2025-10-14
H007657,C003879,P024,24030.85,2025-03-30
H007658,C001589,P008,11611.28,2025-03-22
H007659,C002781,P018,39507.08,2024-12-22
H007660,C002781,P029,100278.64,2025-03-10
H007661,C006510,P025,57185.96,2025-01-17
H007662,C006510,P014,53296.65,2025-12-19
H007663,C006510,P028,100000.0,2024-07-28
H007664,C005905,P012,27422.93,2026-01-13
H007665,C005891,P023,60558.85,2025-08-08
H007666,C000974,P022,18533.94,2024-12-16
H007667,C001239,P004,38411.13,2025-07-29
H007668,C002952,P023,62088.64,2025-08-05
H007669,C002343,P026,12786.62,2024-12-14
H007670,C002343,P016,100000.0,2025-05-31
H007671,C002343,P025,21337.09,2025-10-16
H007672,C007029,P008,43582.57,2025-09-29
H007673,C007029,P023,15894.65,2025-06-20
H007674,C007029,P012,19423.09,2025-12-21
H007675,C006840,P004,19673.75,2025-07-22
H007676,C006840,P017,7538.12,2025-07-22
H007677,C001498,P012,29480.09,2025-07-17
H007678,C004258,P025,26029.82,2025-08-19
H007679,C002423,P001,50000.0,2025-07-05
H007680,C002423,P025,8848.62,2025-05-21
H007681,C007105,P001,76231.41,2025-08-16
H007682,C007105,P017,10438.24,2024-06-13
H007683,C006782,P024,50764.0,2024-09-30
H007684,C006782,P014,35159.86,2024-11-10
H007685,C006782,P009,50000.0,2024-07-24
H007686,C002093,P011,33399.97,2024-10-26
H007687,C002016,P004,11525.17,2024-06-22
H007688,C006624,P020,39803.38,2025-07-03
H007689,C006624,P012,15555.95,2025-06-27
H007690,C005840,P014,52353.17,2025-04-01
H007691,C000188,P007,67122.97,2026-01-17
H007692,C004524,P013,10000.0,2025-06-10
H007693,C004524,P004,3273.94,2025-02-24
H007694,C003656,P017,20589.29,2025-05-03
H007695,C003427,P015,63108.59,2025-05-12
H007696,C003427,P004,32629.74,2025-05-05
H007697,C003427,P030,20161.42,2025-06-16
H007698,C003427,P017,71180.63,2025-04-20
H007699,C005264,P005,100000.0,2024-09-19
H007700,C005264,P013,49761.85,2025-06-06
H007701,C005264,P002,29089.11,2024-09-08
H007702,C001382,P020,86098.76,2024-09-11
H007703,C001382,P014,41452.34,2024-12-03
H007704,C004902,P017,8503.11,2024-07-11
H007705,C004902,P005,100000.0,2025-05-08
H007706,C004902,P005,100000.0,2025-12-07
H007707,C000414,P026,31100.68,2025-06-30
H007708,C003337,P025,9091.75,2025-02-28
H007709,C003337,P014,23326.76,2025-01-01
H007710,C003607,P005,111045.66,2024-12-13
H007711,C005836,P029,32974.9,2025-08-20
H007712,C005836,P019,65218.89,2024-10-26
H007713,C005836,P014,52165.64,2025-03-29
H007714,C005119,P019,131846.05,2024-11-15
H007715,C000257,P001,50000.0,2024-06-05
H007716,C000257,P017,37952.71,2025-03-11
H007717,C000257,P022,35951.49,2024-08-23
H007718,C007845,P026,78359.49,2025-01-24
H007719,C007845,P010,106601.44,2025-02-19
H007720,C007845,P007,70860.5,2025-05-25
H007721,C002236,P013,24246.67,2025-06-15
H007722,C001768,P002,58252.94,2025-11-04
H007723,C001768,P015,50000.0,2025-02-21
H007724,C001768,P022,36412.53,2025-03-22
H007725,C004237,P014,31791.55,2025-09-28
H007726,C004237,P015,50000.0,2025-05-09
H007727,C007275,P008,17289.05,2025-04-18
H007728,C007275,P009,50000.0,2025-05-17
H007729,C001573,P026,17603.53,2025-11-12
H007730,C001573,P002,13139.73,2025-10-08
H007731,C000025,P018,15020.98,2024-12-25
H007732,C001089,P010,50000.0,2025-07-23
H007733,C001089,P004,16990.62,2025-11-05
H007734,C001089,P022,10000.0,2024-08-19
H007735,C001089,P020,17500.81,2024-06-13
H007736,C002695,P005,100000.0,2025-02-27
H007737,C002695,P002,277724.79,2024-12-02
H007738,C004980,P011,24720.64,2024-11-18
H007739,C003560,P015,50000.0,2025-05-14
H007740,C006766,P004,21459.4,2024-09-13
H007741,C006766,P018,11604.96,2024-09-07
H007742,C002842,P012,39248.12,2025-06-19
H007743,C002312,P011,90186.71,2024-08-09
H007744,C002312,P025,17679.54,2025-02-19
H007745,C002312,P030,3184.07,2024-07-26
H007746,C006139,P001,50000.0,2024-09-08
H007747,C007600,P015,50000.0,2025-09-01
H007748,C007600,P008,51592.31,2025-12-20
H007749,C004153,P014,33285.61,2025-12-18
H007750,C004153,P029,116237.85,2025-11-06
H007751,C004153,P014,22456.2,2025-02-05
H007752,C001310,P008,29471.32,2025-05-27
H007753,C000696,P013,12985.03,2025-11-05
H007754,C000696,P026,27437.63,2025-04-22
H007755,C004396,P020,81454.74,2025-05-29
H007756,C003753,P001,50000.0,2024-06-07
H007757,C003753,P006,50000.0,2024-08-08
H007758,C003753,P025,7808.56,2025-06-08
H007759,C001228,P023,53390.13,2025-11-02
H007760,C001228,P024,19279.88,2025-10-08
H007761,C002000,P007,58596.1,2025-06-16
H007762,C002000,P007,51179.47,2025-03-16
H007763,C002000,P030,43469.61,2025-12-27
H007764,C000277,P010,62232.02,2025-09-08
H007765,C000277,P009,50000.0,2025-06-20
H007766,C000277,P022,39504.85,2025-12-22
H007767,C000277,P023,65236.69,2025-02-19
H007768,C004462,P024,67808.01,2025-09-16
H007769,C004462,P015,50000.0,2025-08-27
H007770,C006562,P022,222634.27,2024-10-06
H007771,C006562,P024,58825.3,2024-11-16
H007772,C006562,P028,100000.0,2025-07-23
H007773,C006347,P025,27382.42,2025-10-16
H007774,C007306,P022,10000.0,2025-08-17
H007775,C005423,P020,56414.7,2024-12-07
H007776,C005423,P012,62514.63,2025-08-05
H007777,C005423,P007,50000.0,2024-11-21
H007778,C005423,P022,41126.96,2025-08-22
H007779,C007538,P011,14979.46,2025-01-13
H007780,C007966,P002,50828.41,2025-08-16
H007781,C007966,P017,16398.34,2025-04-29
H007782,C007966,P018,16595.87,2025-04-20
H007783,C007966,P029,160182.38,2025-01-07
H007784,C004632,P026,15834.67,2024-12-11
H007785,C004632,P023,21572.46,2025-06-12
H007786,C001138,P016,100000.0,2025-02-01
H007787,C001138,P003,50000.0,2025-09-08
H007788,C001138,P026,15459.95,2024-09-21
H007789,C002768,P009,50000.0,2025-08-04
H007790,C002768,P020,18473.63,2024-12-18
H007791,C005372,P030,48504.46,2025-06-15
H007792,C005058,P012,47619.07,2025-08-25
H007793,C005058,P019,28393.76,2025-03-28
H007794,C000943,P023,38912.2,2025-04-10
H007795,C006453,P022,32441.71,2025-08-29
H007796,C003936,P006,55515.31,2024-11-02
H007797,C003936,P029,27951.73,2025-02-02
H007798,C003936,P002,9644.09,2024-09-22
H007799,C003936,P023,13949.58,2025-02-22
H007800,C002385,P020,10000.0,2024-11-22
H007801,C000116,P020,49363.33,2024-07-05
H007802,C000116,P021,100000.0,2024-08-14
H007803,C007496,P012,22255.18,2025-07-14
H007804,C007496,P025,72900.98,2025-10-27
H007805,C007496,P022,73468.32,2025-04-24
H007806,C007959,P017,27434.37,2025-08-25
H007807,C003120,P007,50000.0,2025-01-15
H007808,C003120,P009,50000.0,2025-03-07
H007809,C003120,P014,54386.44,2025-03-10
H007810,C003120,P002,45706.41,2025-05-11
H007811,C004259,P002,90333.42,2024-11-25
H007812,C004419,P014,30602.86,2025-03-19
H007813,C006299,P014,22599.36,2025-01-02
H007814,C003823,P024,35645.23,2025-02-08
H007815,C003823,P006,50003.62,2025-07-09
H007816,C003823,P010,50000.0,2025-08-23
H007817,C003823,P020,23213.9,2025-04-12
H007818,C006667,P008,21724.22,2025-11-20
H007819,C006420,P017,29621.03,2025-04-12
H007820,C003803,P010,50000.0,2025-12-19
H007821,C003803,P013,31535.24,2025-12-22
H007822,C003803,P016,100000.0,2025-01-03
H007823,C003803,P001,50000.0,2025-03-08
H007824,C003537,P004,50870.06,2024-11-15
H007825,C006033,P029,24423.83,2026-01-08
H007826,C001947,P027,151987.33,2025-11-13
H007827,C001947,P003,50000.0,2025-05-01
H007828,C006922,P013,97230.93,2025-06-12
H007829,C006922,P015,50000.0,2025-05-26
H007830,C006922,P018,42674.23,2025-07-24
H007831,C003489,P030,6731.92,2025-07-05
H007832,C001611,P015,50000.0,2025-05-25
H007833,C001611,P006,50000.0,2024-10-12
H007834,C001611,P007,80008.56,2025-02-14
H007835,C001611,P001,100913.37,2024-08-15
H007836,C006220,P029,32889.6,2025-08-23
H007837,C002195,P026,22321.4,2024-09-15
H007838,C005386,P014,30220.83,2025-11-24
H007839,C005386,P002,32513.81,2024-07-24
H007840,C000558,P023,96981.55,2025-07-13
H007841,C006743,P026,98994.76,2025-01-26
H007842,C006743,P016,100000.0,2024-07-07
H007843,C006743,P009,66653.12,2024-09-20
H007844,C001208,P010,50000.0,2024-12-18
H007845,C001208,P017,5875.32,2026-01-09
H007846,C004635,P029,22088.56,2025-08-03
H007847,C004635,P007,51110.09,2024-08-06
H007848,C004809,P014,35360.11,2024-12-17
H007849,C004809,P024,35062.81,2025-09-07
H007850,C001511,P008,70513.53,2025-07-23
H007851,C001511,P017,14274.59,2024-10-24
H007852,C001511,P006,50000.0,2026-01-17
H007853,C003830,P020,15877.81,2025-10-04
H007854,C003830,P002,6857.34,2025-08-10
H007855,C003733,P029,39966.66,2025-05-01
H007856,C003733,P006,154561.51,2025-10-27
H007857,C003733,P030,96561.36,2024-11-11
H007858,C003733,P024,76594.43,2025-08-05
H007859,C005225,P026,40132.44,2024-07-30
H007860,C005225,P006,50000.0,2026-01-21
H007861,C003212,P026,34961.08,2025-10-06
H007862,C003212,P023,27956.32,2025-06-30
H007863,C003631,P029,19930.8,2025-04-02
H007864,C003631,P008,29909.79,2025-08-18
H007865,C005470,P026,38808.87,2024-07-02
H007866,C005473,P030,14354.9,2025-07-11
H007867,C000267,P029,99903.19,2025-03-24
H007868,C001141,P015,114238.25,2025-02-03
H007869,C003163,P013,29447.53,2025-10-13
H007870,C007563,P011,71128.55,2024-12-02
H007871,C007353,P024,92372.23,2024-11-02
H007872,C007353,P022,34811.55,2024-07-02
H007873,C007353,P006,50000.0,2024-09-29
H007874,C001910,P025,86458.32,2025-07-04
H007875,C001910,P007,50000.0,2025-03-17
H007876,C006609,P003,54985.73,2025-11-15
H007877,C006609,P030,25925.29,2024-09-01
H007878,C006609,P013,38789.03,2025-08-25
H007879,C006831,P002,19415.74,2024-09-19
H007880,C006831,P011,39946.09,2025-04-10
H007881,C006831,P003,73558.7,2025-12-04
H007882,C000657,P025,12795.11,2025-01-12
H007883,C005672,P004,69997.54,2025-01-24
H007884,C005144,P029,62177.46,2025-03-26
H007885,C005144,P016,100000.0,2025-03-22
H007886,C005144,P019,73619.92,2024-11-27
H007887,C000999,P023,36617.71,2025-02-01
H007888,C000999,P020,64921.4,2025-07-27
H007889,C004881,P011,23011.51,2024-08-13
H007890,C002835,P012,65045.1,2025-06-30
H007891,C006806,P008,173972.57,2026-01-20
H007892,C001238,P013,41510.61,2025-10-20
H007893,C001238,P010,50000.0,2024-12-26
H007894,C001238,P025,15785.86,2025-05-31
H007895,C006670,P007,50000.0,2025-09-06
H007896,C006119,P025,15420.89,2025-02-15
H007897,C002187,P009,74352.18,2024-07-31
H007898,C002187,P029,10920.21,2025-09-17
H007899,C001135,P030,30959.31,2025-03-06
H007900,C001304,P004,20795.65,2024-09-08
H007901,C001304,P028,100000.0,2025-12-03
H007902,C001628,P006,64006.46,2024-10-08
H007903,C001628,P025,141396.22,2025-03-06
H007904,C001523,P008,23431.74,2025-04-29
H007905,C000359,P029,29939.0,2025-02-04
H007906,C000139,P025,7292.49,2025-03-27
H007907,C000139,P011,40006.61,2025-01-15
H007908,C000139,P025,81125.38,2025-06-26
H007909,C000300,P007,50000.0,2024-09-05
H007910,C000300,P002,35040.48,2024-10-21
H007911,C000300,P006,50000.0,2024-07-10
H007912,C001557,P014,121975.86,2025-04-03
H007913,C001557,P025,19688.57,2025-10-17
H007914,C001557,P012,20559.27,2025-09-15
H007915,C000383,P023,9973.46,2025-11-14
H007916,C005541,P012,10000.0,2025-07-02
H007917,C004583,P003,79448.12,2025-09-09
H007918,C006634,P018,32458.49,2024-11-06
H007919,C006634,P011,32207.38,2025-06-11
H007920,C005819,P030,13883.87,2025-06-13
H007921,C004697,P021,100000.0,2025-10-16
H007922,C006477,P004,29787.04,2025-08-31
H007923,C005523,P001,56977.16,2025-09-03
H007924,C005523,P004,17697.72,2025-07-03
H007925,C006878,P018,29291.29,2025-05-13
H007926,C002722,P014,71002.86,2025-10-19
H007927,C001933,P005,100000.0,2025-01-04
H007928,C001933,P027,100000.0,2025-12-10
H007929,C005141,P015,54015.18,2025-07-20
H007930,C007196,P020,30673.23,2024-09-26
H007931,C007196,P010,50000.0,2025-12-06
H007932,C007196,P004,20670.77,2025-10-18
H007933,C007196,P012,29809.44,2025-12-21
H007934,C007239,P020,99080.94,2026-01-07
H007935,C007239,P030,21195.34,2025-06-09
H007936,C007239,P011,47115.01,2024-11-15
H007937,C007239,P023,104815.12,2025-05-18
H007938,C004164,P014,35508.28,2024-12-19
H007939,C006916,P022,22914.68,2025-11-23
H007940,C006916,P008,18284.15,2025-05-20
H007941,C003808,P030,29809.16,2025-04-02
H007942,C003808,P002,15925.18,2024-09-21
H007943,C006842,P029,13847.78,2026-01-13
H007944,C006842,P017,30941.79,2025-07-18
H007945,C005706,P022,53436.2,2025-01-27
H007946,C005706,P013,63700.96,2025-06-07
H007947,C005706,P004,40387.83,2025-08-23
H007948,C005706,P006,50000.0,2025-04-05
H007949,C004155,P022,14189.04,2024-06-01
H007950,C004155,P029,42564.44,2025-05-01
H007951,C004155,P005,100000.0,2024-07-19
H007952,C004173,P026,20373.38,2025-07-26
H007953,C000797,P023,39391.09,2025-05-13
H007954,C000797,P011,12819.98,2025-09-12
H007955,C000797,P002,23651.04,2024-10-06
H007956,C002417,P007,50000.0,2024-07-18
H007957,C002417,P003,58292.21,2025-10-03
H007958,C002417,P018,68047.02,2025-07-05
H007959,C000786,P019,42637.33,2024-07-04
H007960,C000124,P002,28510.89,2024-11-16
H007961,C002173,P024,39460.57,2024-09-17
H007962,C002173,P012,56615.78,2025-09-29
H007963,C002173,P023,24568.21,2025-05-03
H007964,C005786,P021,100000.0,2024-11-04
H007965,C005786,P001,50000.0,2025-02-22
H007966,C005786,P004,30709.76,2025-12-25
H007967,C005737,P019,38686.35,2025-12-09
H007968,C004341,P018,22914.69,2025-06-19
H007969,C000911,P002,166093.87,2024-09-06
H007970,C007491,P015,50000.0,2025-04-19
H007971,C007491,P030,33290.28,2025-11-18
H007972,C003635,P013,41197.52,2025-08-07
H007973,C003635,P003,50000.0,2025-09-08
H007974,C003635,P019,90126.49,2026-01-02
H007975,C003635,P011,35694.74,2025-10-14
H007976,C001258,P016,100000.0,2025-12-31
H007977,C001258,P011,71127.34,2025-07-02
H007978,C001179,P021,100000.0,2025-08-01
H007979,C001179,P017,89326.32,2025-05-09
H007980,C003651,P014,34553.63,2025-12-18
H007981,C003651,P013,70690.51,2025-07-02
H007982,C000443,P013,64365.51,2025-10-28
H007983,C006144,P030,13690.11,2025-05-08
H007984,C001400,P004,55603.32,2025-11-25
H007985,C001400,P013,33104.58,2025-06-10
H007986,C001400,P019,32431.19,2026-01-13
H007987,C001458,P019,47993.0,2025-10-16
H007988,C004940,P019,51666.19,2026-01-11
H007989,C001055,P013,81982.5,2025-10-15
H007990,C001055,P020,15924.94,2024-07-17
H007991,C001055,P023,57968.35,2025-04-18
H007992,C003276,P018,37687.95,2024-06-04
H007993,C003276,P029,23203.31,2025-09-19
H007994,C003276,P005,100000.0,2025-07-24
H007995,C006146,P024,38275.33,2025-11-25
H007996,C006146,P004,76369.58,2026-01-13
H007997,C006146,P027,100000.0,2025-08-20
H007998,C006146,P007,50000.0,2025-03-25
H007999,C003700,P007,50000.0,2024-12-21
H008000,C003700,P013,80343.59,2025-09-16
H008001,C003760,P012,10000.0,2025-05-20
H008002,C000930,P002,15949.49,2024-12-21
H008003,C000930,P020,89334.39,2025-01-29
H008004,C000930,P026,19561.12,2025-07-12
H008005,C000930,P009,55018.32,2024-10-09
H008006,C005673,P009,50000.0,2025-05-24
H008007,C001830,P006,86092.73,2024-11-18
H008008,C006787,P011,15212.09,2025-04-22
H008009,C004222,P005,100000.0,2024-07-05
H008010,C004222,P019,5572.97,2025-03-20
H008011,C007338,P029,39922.39,2025-06-09
H008012,C006447,P001,50000.0,2024-06-28
H008013,C006447,P029,29875.2,2025-10-18
H008014,C006447,P019,40383.68,2024-10-01
H008015,C006447,P006,50000.0,2025-10-25
H008016,C007086,P021,100000.0,2024-06-13
H008017,C007086,P001,50000.0,2024-07-24
H008018,C002012,P007,209103.57,2025-04-22
H008019,C006075,P017,36185.62,2025-11-02
H008020,C006075,P028,100000.0,2025-09-26
H008021,C005564,P016,100000.0,2024-10-09
H008022,C005564,P001,50000.0,2024-11-24
H008023,C007672,P020,31674.58,2025-02-01
H008024,C002607,P018,56721.44,2024-09-01
H008025,C006057,P004,44533.05,2025-05-31
H008026,C000007,P025,4468.48,2025-05-13
H008027,C000007,P023,6107.2,2025-03-19
H008028,C000007,P011,44210.05,2025-11-06
H008029,C000007,P020,48005.64,2025-04-19
H008030,C002981,P023,78855.56,2025-01-07
H008031,C002981,P023,18047.58,2025-04-15
H008032,C002981,P013,23029.33,2025-10-02
H008033,C003362,P019,89126.84,2025-11-22
H008034,C003362,P023,12163.3,2025-11-17
H008035,C001944,P016,100000.0,2026-01-15
H008036,C007781,P004,42837.09,2025-09-08
H008037,C007781,P010,50000.0,2025-06-03
H008038,C007781,P024,11136.62,2025-10-13
H008039,C007365,P016,100000.0,2025-09-14
H008040,C006771,P017,34524.81,2025-12-23
H008041,C006153,P020,54179.47,2025-01-26
H008042,C006153,P018,11113.47,2025-04-25
H008043,C006153,P008,44890.41,2025-09-05
H008044,C006153,P017,21765.54,2025-09-04
H008045,C006249,P025,21570.42,2025-03-24
H008046,C007361,P015,272282.47,2025-06-04
H008047,C007361,P012,27242.57,2025-12-28
H008048,C007361,P008,42192.61,2025-03-29
H008049,C007361,P004,8296.89,2024-10-31
H008050,C003135,P004,7734.09,2026-01-08
H008051,C003135,P003,50000.0,2025-04-21
H008052,C005097,P012,10000.0,2026-01-12
H008053,C005097,P023,1053.25,2025-03-03
H008054,C002243,P030,21140.72,2024-11-11
H008055,C002243,P017,8982.49,2024-07-02
H008056,C001475,P018,33290.71,2025-10-20
H008057,C005947,P028,100000.0,2024-10-25
H008058,C005947,P018,93651.84,2024-11-28
H008059,C001890,P018,236864.57,2025-11-29
H008060,C003436,P020,10429.04,2025-04-24
H008061,C003436,P015,50000.0,2025-10-10
H008062,C003436,P002,1249.42,2025-07-19
H008063,C004988,P025,20145.52,2026-01-18
H008064,C003706,P015,129237.05,2025-07-18
H008065,C003706,P030,4349.9,2025-09-05
H008066,C002022,P014,33696.6,2024-11-23
H008067,C004021,P011,16178.66,2025-02-23
H008068,C006302,P008,28538.47,2025-04-02
H008069,C006302,P020,51045.65,2025-07-13
H008070,C005716,P030,30163.46,2025-11-07
H008071,C006608,P013,20114.91,2025-06-30
H008072,C006608,P012,30810.7,2025-06-24
H008073,C006608,P020,39337.42,2025-01-12
H008074,C002659,P010,50000.0,2026-01-10
H008075,C002659,P029,14757.75,2025-12-17
H008076,C001131,P018,24608.9,2024-07-27
H008077,C004835,P030,14898.67,2025-10-05
H008078,C007247,P003,50000.0,2025-12-08
H008079,C007247,P003,50000.0,2025-06-24
H008080,C004916,P001,50000.0,2025-06-09
H008081,C004319,P009,50000.0,2024-07-09
H008082,C004319,P014,33713.44,2025-02-21
H008083,C007413,P009,50000.0,2025-11-18
H008084,C007413,P005,100000.0,2025-04-17
H008085,C007413,P027,233253.16,2025-11-12
H008086,C004145,P029,20206.68,2024-12-15
H008087,C004145,P001,72528.24,2024-12-20
H008088,C001237,P024,18092.49,2026-01-14
H008089,C001237,P012,25571.51,2026-01-05
H008090,C001237,P002,8679.14,2025-05-09
H008091,C007746,P011,33298.39,2025-09-25
H008092,C007190,P003,50000.0,2025-07-18
H008093,C007190,P011,16310.02,2025-02-10
H008094,C002283,P022,126249.9,2025-08-12
H008095,C002283,P025,19432.49,2025-06-05
H008096,C005436,P026,50306.32,2025-05-07
H008097,C005436,P018,15872.72,2025-05-10
H008098,C005436,P003,88772.43,2025-09-22
H008099,C007004,P002,11666.22,2025-02-01
H008100,C004094,P011,97737.79,2024-10-10
H008101,C004654,P024,53388.48,2025-03-11
H008102,C006877,P008,112804.79,2025-06-04
H008103,C006877,P005,100000.0,2025-03-01
H008104,C000387,P027,100000.0,2025-06-30
H008105,C000387,P006,50000.0,2025-10-14
H008106,C001629,P020,68504.12,2024-08-05
H008107,C003586,P006,50000.0,2025-05-15
H008108,C003586,P016,139505.79,2025-01-13
H008109,C002715,P004,53650.08,2025-08-17
H008110,C002715,P007,52040.7,2025-03-04
H008111,C002715,P015,52512.35,2025-05-01
H008112,C006892,P026,29838.52,2025-10-18
H008113,C006892,P025,34875.44,2025-12-17
H008114,C006138,P016,100000.0,2025-05-25
H008115,C006138,P028,100000.0,2024-10-01
H008116,C007006,P002,31643.2,2025-02-09
H008117,C003190,P004,73595.32,2025-08-21
H008118,C004306,P026,13624.18,2025-07-04
H008119,C000910,P029,38506.74,2025-02-26
H008120,C006053,P007,50000.0,2024-09-11
H008121,C001867,P008,22386.23,2025-12-05
H008122,C002498,P017,18781.88,2025-04-29
H008123,C002498,P016,100000.0,2026-01-20
H008124,C002498,P030,41597.64,2024-06-13
H008125,C002498,P013,35104.83,2025-10-22
H008126,C006555,P011,89340.2,2025-01-13
H008127,C005193,P022,25464.65,2024-06-11
H008128,C005072,P001,53596.14,2025-12-02
H008129,C004007,P022,10000.0,2025-07-08
H008130,C004007,P025,1838.53,2025-07-14
H008131,C002703,P012,22379.39,2025-09-28
H008132,C002703,P014,21697.68,2025-01-01
H008133,C006584,P017,20707.91,2025-08-16
H008134,C006584,P030,30879.6,2025-10-03
H008135,C006584,P002,29138.02,2025-11-22
H008136,C006584,P008,24504.53,2025-03-19
H008137,C000332,P029,34321.43,2025-07-05
H008138,C000332,P027,100000.0,2025-02-25
H008139,C004701,P007,50000.0,2025-03-08
H008140,C004701,P022,12634.06,2025-12-01
H008141,C004701,P012,55582.12,2025-06-01
H008142,C007749,P022,237559.05,2025-03-02
H008143,C002460,P027,100000.0,2025-07-27
H008144,C001775,P005,100000.0,2025-02-25
H008145,C001775,P020,40551.94,2025-12-03
H008146,C004989,P002,16519.66,2024-10-22
H008147,C005240,P013,41650.94,2025-07-20
H008148,C002687,P025,25783.38,2025-01-09
H008149,C006753,P013,40243.32,2025-10-23
H008150,C006753,P007,71102.63,2025-01-22
H008151,C006753,P022,36787.4,2024-06-27
H008152,C006501,P029,29473.19,2024-12-18
H008153,C006923,P017,31016.79,2025-08-20
H008154,C005889,P005,100000.0,2024-10-11
H008155,C006846,P018,40214.14,2025-04-30
H008156,C006846,P002,15404.5,2025-06-28
H008157,C006122,P022,33594.07,2025-12-28
H008158,C005713,P027,100000.0,2025-03-13
H008159,C005713,P005,100000.0,2025-10-04
H008160,C005713,P030,14074.33,2025-11-21
H008161,C005713,P005,100000.0,2025-06-26
H008162,C006028,P019,15760.02,2024-07-24
H008163,C006028,P011,23594.06,2025-12-07
H008164,C006028,P021,100000.0,2025-05-12
H008165,C006028,P028,100000.0,2025-06-15
H008166,C000174,P001,124938.07,2026-01-09
H008167,C000174,P002,7956.37,2024-10-30
H008168,C003322,P001,73057.49,2026-01-16
H008169,C006148,P013,17600.01,2025-08-17
H008170,C006148,P029,135817.14,2025-04-09
H008171,C006148,P010,50000.0,2026-01-16
H008172,C003373,P022,18455.93,2025-09-13
H008173,C003373,P020,22455.53,2025-11-03
H008174,C003312,P020,27365.56,2025-05-09
H008175,C003312,P001,50284.99,2024-11-11
H008176,C003312,P020,78396.34,2025-07-31
H008177,C004802,P029,86649.13,2025-02-05
H008178,C004802,P025,12667.06,2025-10-17
H008179,C004802,P014,10700.06,2025-02-18
H008180,C007240,P017,17832.82,2025-03-12
H008181,C007846,P014,121642.99,2025-04-22
H008182,C005345,P030,8533.02,2024-07-11
H008183,C003404,P030,12844.27,2025-09-20
H008184,C000019,P014,26524.32,2025-10-13
H008185,C003692,P011,357849.51,2026-01-16
H008186,C006047,P019,78497.41,2024-12-12
H008187,C006047,P008,15335.86,2025-05-29
H008188,C004097,P004,18813.28,2025-03-20
H008189,C004097,P003,50000.0,2025-09-20
H008190,C003629,P015,50000.0,2025-05-10
H008191,C003629,P012,85094.14,2025-06-05
H008192,C006340,P021,100000.0,2025-06-29
H008193,C006340,P014,14162.66,2025-04-29
H008194,C006340,P014,13042.47,2025-08-27
H008195,C002175,P012,10191.0,2025-05-17
H008196,C001357,P013,10000.0,2025-06-15
H008197,C001357,P022,25964.45,2024-07-27
H008198,C001357,P006,50000.0,2025-06-30
H008199,C004857,P024,25332.09,2025-04-03
H008200,C007257,P014,19507.3,2025-10-04
H008201,C007257,P017,24631.94,2024-06-11
H008202,C003113,P025,17688.61,2025-05-30
H008203,C000183,P004,14372.2,2025-12-10
H008204,C000183,P016,100000.0,2025-03-07
H008205,C006256,P027,100000.0,2025-11-26
H008206,C006256,P022,11680.57,2025-03-23
H008207,C006256,P020,47917.33,2024-09-04
H008208,C006333,P029,18113.43,2025-07-07
H008209,C001813,P011,20646.03,2025-07-09
H008210,C001813,P009,50000.0,2025-12-06
H008211,C001813,P008,19567.19,2025-11-21
H008212,C001813,P013,39355.46,2025-09-11
H008213,C005172,P022,10992.1,2024-11-22
H008214,C001801,P002,14766.97,2025-04-12
H008215,C002430,P028,100000.0,2025-05-07
H008216,C006184,P010,50000.0,2025-12-13
H008217,C006184,P019,14906.22,2025-10-27
H008218,C007705,P026,18227.47,2025-01-29
H008219,C007705,P024,23794.53,2025-08-19
H008220,C007705,P019,38392.86,2025-11-26
H008221,C007821,P023,85935.3,2025-01-24
H008222,C007821,P007,50000.0,2024-07-09
H008223,C007821,P030,184341.86,2025-07-21
H008224,C005578,P019,20618.69,2024-06-30
H008225,C005578,P028,107706.92,2024-10-31
H008226,C005331,P002,12738.6,2025-11-27
H008227,C007627,P024,52347.45,2024-12-26
H008228,C007627,P012,51590.98,2025-05-18
H008229,C001160,P013,10000.0,2025-08-23
H008230,C001214,P011,38708.74,2025-05-30
H008231,C001326,P018,53998.73,2025-02-09
H008232,C001326,P018,10000.0,2024-09-10
H008233,C001326,P015,69068.68,2026-01-08
H008234,C001326,P018,40288.77,2025-03-25
H008235,C004933,P021,100000.0,2025-04-15
H008236,C001456,P023,18121.34,2025-07-29
H008237,C004695,P007,84922.35,2024-12-27
H008238,C006128,P020,106181.5,2024-07-18
H008239,C006128,P006,50000.0,2025-12-25
H008240,C001645,P011,47756.77,2025-10-19
H008241,C002141,P024,8584.21,2024-12-05
H008242,C004537,P014,15664.53,2025-07-09
H008243,C004458,P007,57689.25,2024-07-04
H008244,C006467,P024,26939.95,2024-11-01
H008245,C004379,P009,50000.0,2024-08-05
H008246,C004379,P029,18953.02,2025-01-05
H008247,C004379,P019,10342.76,2025-07-31
H008248,C000730,P016,100000.0,2025-09-05
H008249,C004358,P002,13826.87,2026-01-09
H008250,C001937,P020,18966.97,2025-06-19
H008251,C001937,P018,21012.74,2024-12-05
H008252,C003794,P022,25684.3,2025-06-07
H008253,C007465,P029,10000.0,2025-12-21
H008254,C007465,P023,8226.63,2025-11-08
H008255,C007075,P025,108772.41,2025-01-07
H008256,C001111,P005,100000.0,2026-01-15
H008257,C006504,P001,50000.0,2024-12-02
H008258,C006504,P003,50000.0,2025-10-04
H008259,C006504,P022,10000.0,2024-06-10
H008260,C006504,P010,50000.0,2025-07-03
H008261,C002999,P020,84499.58,2024-11-04
H008262,C002395,P024,36328.27,2025-08-04
H008263,C001186,P004,22301.13,2025-12-28
H008264,C001186,P029,19839.98,2025-02-24
H008265,C001186,P030,10886.92,2024-06-16
H008266,C001186,P018,239919.74,2024-10-15
H008267,C002008,P020,10000.0,2024-11-23
H008268,C002008,P004,62092.23,2024-06-16
H008269,C002008,P025,21491.54,2025-02-18
H008270,C000194,P029,53840.67,2025-08-12
H008271,C000194,P001,68424.79,2025-03-28
H008272,C007641,P030,14423.47,2025-06-01
H008273,C000579,P001,50000.0,2024-09-24
H008274,C000579,P029,35978.16,2024-11-23
H008275,C000772,P012,51337.7,2025-05-26
H008276,C000772,P030,45054.9,2025-01-21
H008277,C000772,P010,50000.0,2024-12-13
H008278,C002396,P004,108072.97,2025-08-31
H008279,C002396,P010,54259.37,2025-03-31
H008280,C007920,P007,50000.0,2025-12-24
H008281,C001847,P008,123251.16,2025-09-17
H008282,C001847,P019,121951.33,2024-10-02
H008283,C001847,P019,65358.17,2024-11-04
H008284,C006697,P018,10608.11,2025-10-07
H008285,C004275,P006,50000.0,2026-01-08
H008286,C003741,P014,120913.14,2025-07-17
H008287,C003741,P029,17924.7,2025-12-05
H008288,C004601,P015,50000.0,2025-06-10
H008289,C004601,P008,14258.8,2025-05-09
H008290,C004601,P027,100000.0,2025-10-08
H008291,C006683,P018,49308.71,2025-09-19
H008292,C006683,P029,122548.74,2025-04-11
H008293,C006683,P009,50000.0,2025-07-01
H008294,C006683,P020,24708.72,2024-09-20
H008295,C006260,P030,53890.7,2025-09-07
H008296,C002074,P022,107674.41,2024-11-05
H008297,C002074,P006,50000.0,2025-04-14
H008298,C002074,P007,50000.0,2024-08-26
H008299,C002074,P028,100000.0,2024-12-09
H008300,C001897,P001,70527.9,2025-04-20
H008301,C005895,P012,26462.78,2025-10-29
H008302,C003660,P009,50000.0,2025-10-31
H008303,C002380,P019,17747.53,2025-03-27
H008304,C001448,P016,100000.0,2024-08-14
H008305,C001448,P021,100000.0,2024-12-26
H008306,C001448,P030,13369.66,2026-01-06
H008307,C000343,P002,10762.54,2025-04-06
H008308,C000343,P014,24208.72,2025-03-28
H008309,C000343,P017,34002.34,2024-10-03
H008310,C007060,P011,22253.06,2024-11-07
H008311,C002528,P026,52256.98,2024-08-25
H008312,C002528,P013,14934.1,2026-01-09
H008313,C004578,P025,34053.15,2025-11-22
H008314,C004578,P011,69475.89,2025-07-10
H008315,C000977,P002,36727.8,2025-04-29
H008316,C005648,P023,16280.72,2025-04-27
H008317,C005648,P002,47167.94,2025-05-23
H008318,C005648,P009,50000.0,2025-12-07
H008319,C003517,P021,100000.0,2025-05-10
H008320,C006065,P016,100000.0,2025-08-29
H008321,C007675,P030,27507.37,2024-12-25
H008322,C003941,P022,19249.36,2025-12-28
H008323,C003941,P015,50000.0,2025-07-06
H008324,C003941,P025,30736.22,2025-11-23
H008325,C007348,P020,16350.38,2025-12-06
H008326,C007348,P009,50000.0,2024-12-08
H008327,C000661,P012,10054.54,2025-08-16
H008328,C000661,P002,7002.95,2024-11-20
H008329,C001493,P013,52336.81,2025-11-21
H008330,C005392,P011,15156.98,2025-08-19
H008331,C005392,P017,47262.54,2024-10-22
H008332,C005392,P017,24655.53,2024-08-04
H008333,C005572,P020,34374.13,2025-01-01
H008334,C005858,P010,50000.0,2025-01-09
H008335,C005858,P018,15683.43,2025-02-25
H008336,C002316,P003,50000.0,2025-07-06
H008337,C007427,P020,44821.88,2024-11-30
H008338,C007427,P009,93765.96,2025-01-18
H008339,C007368,P010,50033.59,2025-05-20
H008340,C007368,P010,50000.0,2025-04-30
H008341,C001086,P030,31052.84,2024-11-19
H008342,C007546,P023,34219.86,2025-04-29
H008343,C003199,P024,6231.41,2025-06-07
H008344,C005435,P007,50000.0,2024-09-27
H008345,C005435,P022,10000.0,2025-05-11
H008346,C005435,P003,192266.86,2025-11-17
H008347,C005435,P017,45547.06,2025-01-14
H008348,C000068,P019,33609.64,2025-01-19
H008349,C000068,P029,47202.47,2025-05-16
H008350,C006363,P004,11303.14,2025-11-30
H008351,C006363,P006,50000.0,2025-10-31
H008352,C006363,P013,13814.05,2025-11-25
H008353,C002270,P022,17180.97,2024-12-22
H008354,C005654,P030,8598.06,2025-04-27
H008355,C005654,P018,101130.88,2025-05-19
H008356,C006055,P003,50000.0,2025-08-21
H008357,C006055,P026,20881.8,2025-08-11
H008358,C006055,P015,77556.24,2025-12-16
H008359,C006055,P022,35905.75,2024-06-08
H008360,C006309,P003,50000.0,2025-09-15
H008361,C006309,P019,44699.03,2024-10-08
H008362,C006309,P007,115407.61,2025-03-03
H008363,C006309,P003,66162.8,2025-11-02
H008364,C003448,P017,21556.1,2024-06-02
H008365,C002368,P010,51113.5,2025-02-16
H008366,C002368,P001,50000.0,2025-07-21
H008367,C004762,P026,5166.95,2025-05-21
H008368,C004762,P008,58879.2,2025-07-09
H008369,C007128,P004,26002.04,2025-10-15
H008370,C002513,P023,19836.37,2025-03-07
H008371,C006818,P027,100000.0,2025-09-13
H008372,C006818,P013,13624.42,2025-07-19
H008373,C006818,P024,57250.44,2025-04-22
H008374,C006818,P011,114837.22,2025-12-12
H008375,C005925,P018,50099.17,2025-06-01
H008376,C001144,P003,69437.03,2025-09-02
H008377,C007592,P014,36573.18,2025-10-24
H008378,C006521,P019,32940.93,2025-07-25
H008379,C006521,P029,30508.3,2025-01-30
H008380,C006521,P022,38116.5,2025-11-11
H008381,C006865,P025,25242.94,2025-02-02
H008382,C006908,P004,16523.11,2024-08-30
H008383,C003790,P026,27198.18,2024-07-16
H008384,C002221,P007,50000.0,2024-09-04
H008385,C002221,P007,50000.0,2025-08-31
H008386,C002332,P019,25583.04,2025-06-21
H008387,C002332,P030,18253.13,2025-05-18
H008388,C005506,P008,136820.28,2025-10-18
H008389,C006041,P011,17763.59,2025-07-24
H008390,C007437,P006,50000.0,2025-11-18
H008391,C004089,P024,21523.7,2024-12-20
H008392,C001968,P029,23885.57,2025-05-25
H008393,C001968,P012,52946.65,2025-12-11
H008394,C001968,P025,33441.07,2025-03-11
H008395,C001968,P011,27689.02,2025-04-19
H008396,C006264,P030,31007.58,2025-05-27
H008397,C007389,P024,123851.85,2026-01-21
H008398,C007389,P026,18492.33,2024-12-30
H008399,C007389,P023,9264.76,2025-05-08
H008400,C004366,P022,17532.02,2025-05-29
H008401,C004366,P028,100000.0,2025-10-29
H008402,C004366,P008,10537.22,2025-09-03
H008403,C004366,P027,100000.0,2025-09-22
H008404,C000424,P013,73639.39,2025-07-06
H008405,C000424,P030,5419.18,2025-11-04
H008406,C000424,P019,286121.59,2024-08-27
H008407,C000424,P001,158798.67,2024-12-17
H008408,C006935,P023,15372.1,2025-03-30
H008409,C001905,P030,86854.68,2025-04-28
H008410,C007261,P002,31399.81,2025-10-29
H008411,C007261,P023,33717.22,2025-03-15
H008412,C003918,P023,127792.31,2025-07-24
H008413,C003619,P029,17260.72,2025-11-24
H008414,C003619,P014,13685.93,2025-05-10
H008415,C000840,P013,24196.14,2025-07-11
H008416,C000840,P019,18800.74,2024-09-19
H008417,C000840,P006,50000.0,2025-05-19
H008418,C004597,P009,56802.67,2024-10-14
H008419,C004923,P008,15987.76,2025-02-16
H008420,C004923,P014,26830.7,2025-11-10
H008421,C001378,P017,9149.87,2024-11-02
H008422,C003675,P022,34829.87,2024-07-12
H008423,C006226,P022,10000.0,2025-12-30
H008424,C007838,P026,39404.17,2025-03-25
H008425,C007838,P012,44750.95,2025-11-03
H008426,C007838,P010,99964.87,2025-05-19
H008427,C007838,P013,36451.12,2025-07-29
H008428,C003809,P025,38747.34,2025-03-21
H008429,C001139,P018,23632.37,2024-10-09
H008430,C001139,P022,11707.44,2025-02-06
H008431,C002258,P030,65066.77,2025-09-29
H008432,C001788,P013,10000.0,2025-06-16
H008433,C003939,P018,27338.18,2025-03-03
H008434,C005405,P018,15035.08,2024-10-15
H008435,C007366,P008,174395.04,2025-03-24
H008436,C007366,P014,23590.8,2025-08-02
H008437,C000460,P006,87131.4,2024-07-30
H008438,C000460,P019,88590.62,2024-10-18
H008439,C000460,P008,28451.1,2025-12-09
H008440,C000460,P024,8284.15,2024-12-22
H008441,C007316,P029,38048.48,2024-12-14
H008442,C007316,P006,85584.75,2025-06-16
H008443,C000949,P017,21853.15,2025-05-09
H008444,C000949,P023,45021.38,2025-11-29
H008445,C000949,P007,50000.0,2025-06-07
H008446,C000949,P001,50000.0,2025-11-29
H008447,C003701,P019,23441.18,2024-06-12
H008448,C001337,P029,41564.18,2025-11-01
H008449,C001337,P004,65143.55,2025-02-07
H008450,C004629,P022,32434.01,2025-08-24
H008451,C001603,P015,50000.0,2025-08-12
H008452,C002239,P015,93743.93,2025-09-10
H008453,C002239,P014,49566.34,2025-03-30
H008454,C002239,P001,50000.0,2025-11-25
H008455,C007719,P021,100000.0,2025-02-05
H008456,C003831,P018,13658.51,2026-01-04
H008457,C003831,P012,10000.0,2025-10-06
H008458,C005606,P012,46444.44,2025-12-20
H008459,C005606,P021,100000.0,2024-10-05
H008460,C007707,P005,100000.0,2024-12-14
H008461,C007707,P030,25801.29,2026-01-10
H008462,C007707,P020,27072.35,2025-01-11
H008463,C007156,P013,36382.21,2025-07-26
H008464,C001071,P008,39171.71,2025-05-31
H008465,C001071,P004,7219.11,2025-04-26
H008466,C000156,P015,50000.0,2025-10-23
H008467,C000156,P020,15288.3,2025-08-21
H008468,C000156,P008,13614.97,2025-12-05
H008469,C000156,P005,100000.0,2024-11-07
H008470,C005585,P025,29772.24,2025-03-27
H008471,C005585,P011,17736.97,2025-03-30
H008472,C005585,P025,12639.92,2025-06-26
H008473,C004579,P008,49754.85,2025-06-22
H008474,C001090,P002,37895.81,2025-01-12
H008475,C001090,P009,50000.0,2024-08-16
H008476,C002941,P029,38910.71,2024-12-04
H008477,C006769,P026,33889.45,2025-02-19
H008478,C004385,P001,61076.28,2024-06-27
H008479,C004385,P013,18876.19,2026-01-07
H008480,C000931,P021,100000.0,2024-11-03
H008481,C002910,P024,25431.26,2025-12-30
H008482,C002910,P020,44984.95,2024-10-02
H008483,C002910,P014,12750.04,2024-11-04
H008484,C002910,P003,50000.0,2025-09-20
H008485,C005154,P004,47383.42,2024-06-19
H008486,C005154,P025,16229.44,2025-06-02
H008487,C007549,P019,137483.96,2025-02-27
H008488,C007549,P009,86696.46,2024-10-02
H008489,C007549,P026,77755.64,2025-09-14
H008490,C003248,P030,115725.44,2025-11-22
H008491,C007269,P017,10646.05,2024-06-07
H008492,C006704,P002,17526.97,2024-08-19
H008493,C007376,P024,55064.24,2025-12-28
H008494,C007091,P003,50000.0,2025-10-17
H008495,C006912,P008,54720.03,2025-07-30
H008496,C007510,P021,100000.0,2025-04-27
H008497,C007510,P019,16611.79,2025-09-10
H008498,C001699,P002,25895.71,2025-08-26
H008499,C001699,P013,10000.0,2025-10-01
H008500,C007757,P008,32623.57,2025-10-16
H008501,C007952,P019,31187.68,2024-10-23
H008502,C007952,P025,41377.05,2025-06-04
H008503,C005415,P002,24199.7,2025-07-12
H008504,C003832,P004,57067.78,2024-07-02
H008505,C007292,P013,26255.53,2025-10-18
H008506,C007730,P011,43188.26,2025-07-07
H008507,C000986,P021,100000.0,2024-07-25
H008508,C001822,P024,16323.42,2025-01-15
H008509,C007038,P020,47277.69,2024-07-19
H008510,C000588,P005,100000.0,2025-10-12
H008511,C007628,P029,65048.4,2025-09-26
H008512,C005558,P013,45799.7,2025-06-24
H008513,C005558,P002,16522.53,2025-12-05
H008514,C005558,P014,20647.45,2025-11-16
H008515,C007286,P008,20638.22,2025-05-07
H008516,C007286,P014,16000.49,2024-12-14
H008517,C007947,P012,10000.0,2025-09-22
H008518,C006465,P028,100000.0,2024-07-20
H008519,C006465,P026,52854.77,2024-12-03
H008520,C003558,P005,100000.0,2025-09-23
H008521,C003558,P011,28556.34,2025-05-15
H008522,C001396,P017,27710.31,2025-01-29
H008523,C001396,P022,41551.42,2024-08-31
H008524,C000265,P029,11157.65,2026-01-16
H008525,C000265,P018,76497.09,2026-01-12
H008526,C003548,P029,124591.13,2026-01-09
H008527,C003548,P003,54207.6,2026-01-06
H008528,C005449,P010,50000.0,2025-08-07
H008529,C005449,P025,30610.4,2026-01-16
H008530,C005449,P001,50000.0,2025-10-15
H008531,C007304,P029,30392.13,2025-10-10
H008532,C007055,P025,96938.42,2025-09-18
H008533,C007055,P008,10000.0,2025-04-20
H008534,C007055,P028,100000.0,2026-01-16
H008535,C003865,P013,21355.73,2025-07-04
H008536,C003865,P009,50000.0,2026-01-11
H008537,C003865,P024,26568.22,2024-10-27
H008538,C002401,P020,45558.7,2024-11-16
H008539,C006659,P018,22851.9,2025-04-08
H008540,C006659,P008,21870.87,2025-08-19
H008541,C003712,P018,40159.69,2025-11-08
H008542,C000247,P014,54159.77,2025-12-11
H008543,C001595,P010,50000.0,2025-05-31
H008544,C001595,P004,66145.85,2025-07-20
H008545,C007773,P009,50000.0,2024-10-30
H008546,C005625,P020,26529.54,2025-08-11
H008547,C000924,P020,58657.32,2024-07-18
H008548,C005677,P014,27971.53,2024-12-31
H008549,C005677,P014,76908.48,2026-01-10
H008550,C007431,P023,30630.44,2025-10-01
H008551,C007431,P004,41269.27,2025-06-04
H008552,C000670,P001,71859.27,2025-04-17
H008553,C000670,P013,56154.85,2025-06-20
H008554,C003605,P029,28443.14,2024-12-01
H008555,C001911,P004,33337.13,2025-06-17
H008556,C006087,P008,10000.0,2025-05-04
H008557,C003959,P030,174342.44,2026-01-20
H008558,C003959,P006,50000.0,2025-05-06
H008559,C003959,P009,66165.9,2025-10-04
H008560,C003959,P013,57537.17,2025-06-26
H008561,C002592,P030,104319.43,2025-05-16
H008562,C002592,P001,84032.89,2025-01-02
H008563,C001782,P007,50000.0,2025-10-29
H008564,C003014,P030,36017.4,2025-05-13
H008565,C004792,P020,44733.54,2025-05-21
H008566,C000688,P023,27793.2,2026-01-05
H008567,C000613,P030,9093.06,2024-09-06
H008568,C003201,P014,59940.06,2024-11-10
H008569,C007667,P012,54092.93,2025-06-13
H008570,C006822,P002,71757.68,2024-07-09
H008571,C006822,P015,50000.0,2025-12-06
H008572,C006822,P012,17200.39,2025-08-05
H008573,C001899,P026,32270.55,2024-06-19
H008574,C001899,P030,35690.27,2024-09-24
H008575,C001899,P018,57238.13,2024-06-04
H008576,C005793,P025,21953.95,2025-03-02
H008577,C000259,P030,66910.21,2025-05-06
H008578,C002925,P026,62430.81,2025-02-10
